date,nav
29-09-2026,157.51100
28-09-2026,158.30800
25-09-2026,160.63080
24-09-2026,160.48740
23-09-2026,163.04520
22-09-2026,162.64370
21-09-2026,162.83790
18-09-2026,162.30580
17-09-2026,161.53170
16-09-2026,160.75820
15-09-2026,160.28660
11-09-2026,162.38340
10-09-2026,162.93330
09-09-2026,162.74850
08-09-2026,164.08560
07-09-2026,164.53770
04-09-2026,165.60760
03-09-2026,165.65700
02-09-2026,165.01470
01-09-2026,166.24130
31-08-2026,166.49190
28-08-2026,167.27930
27-08-2026,166.79530
26-08-2026,167.53080
25-08-2026,168.22300
24-08-2026,167.93890
21-08-2026,167.77490
20-08-2026,167.62540
19-08-2026,166.49210
18-08-2026,166.97360
17-08-2026,167.61970
14-08-2026,168.18060
13-08-2026,168.29730
12-08-2026,168.61400
11-08-2026,169.01540
10-08-2026,169.40960
07-08-2026,168.83800
06-08-2026,168.57620
05-08-2026,169.01030
04-08-2026,168.84760
03-08-2026,170.01760
31-07-2026,167.41020
30-07-2026,167.30310
29-07-2026,167.23290
28-07-2026,165.55240
27-07-2026,165.66610
24-07-2026,164.17440
23-07-2026,164.37480
22-07-2026,165.55380
21-07-2026,167.18440
20-07-2026,167.12360
17-07-2026,167.62420
16-07-2026,166.54370
15-07-2026,166.95610
14-07-2026,166.69360
13-07-2026,167.69020
10-07-2026,167.40900
09-07-2026,165.54930
08-07-2026,164.08160
07-07-2026,167.10850
06-07-2026,166.91100
03-07-2026,165.77350
02-07-2026,165.09650
01-07-2026,163.88190
30-06-2026,163.11350
29-06-2026,163.45000
25-06-2026,164.72370
24-06-2026,165.12170
23-06-2026,163.61130
22-06-2026,165.06150
19-06-2026,164.33790
18-06-2026,164.98510
17-06-2026,164.65550
16-06-2026,163.93370
15-06-2026,162.76940
12-06-2026,160.76550
11-06-2026,157.79060
10-06-2026,158.32900
09-06-2026,159.20690
08-06-2026,157.80150
05-06-2026,159.14390
04-06-2026,159.32610
03-06-2026,159.09730
02-06-2026,159.60370
01-06-2026,158.81620
29-05-2026,159.78190
27-05-2026,162.03120
26-05-2026,162.13500
25-05-2026,162.53490
22-05-2026,160.58810
21-05-2026,160.36560
20-05-2026,160.37420
19-05-2026,160.71620
18-05-2026,160.10440
15-05-2026,160.38090
14-05-2026,160.49520
13-05-2026,159.04730
12-05-2026,159.27400
11-05-2026,162.63250
08-05-2026,164.69740
07-05-2026,165.36270
06-05-2026,164.93060
05-05-2026,162.25490
04-05-2026,162.86010
30-04-2026,162.60370
29-04-2026,163.87670
28-04-2026,162.50900
27-04-2026,163.02220
24-04-2026,161.04390
23-04-2026,162.98220
22-04-2026,164.52900
21-04-2026,165.29070
20-04-2026,163.99930
17-04-2026,164.12570
16-04-2026,162.90530
15-04-2026,162.91430
13-04-2026,160.00000
10-04-2026,161.05270
09-04-2026,159.11580
08-04-2026,160.17460
07-04-2026,154.67780
06-04-2026,153.76870
02-04-2026,152.20620
01-04-2026,151.97370
31-03-2026,149.34760
30-03-2026,149.35480
27-03-2026,152.96070
25-03-2026,155.94490
24-03-2026,153.20430
23-03-2026,150.84170
20-03-2026,155.31310
19-03-2026,154.87810
18-03-2026,159.73230
17-03-2026,157.74480
16-03-2026,156.49150
13-03-2026,156.04660
12-03-2026,159.30980
11-03-2026,160.59210
10-03-2026,162.67630
09-03-2026,160.39560
06-03-2026,163.79140
05-03-2026,165.64350
04-03-2026,164.21920
02-03-2026,166.68270
27-02-2026,168.75780
26-02-2026,170.97960
25-02-2026,170.32550
24-02-2026,169.56680
23-02-2026,171.54210
20-02-2026,170.65870
19-02-2026,170.34410
18-02-2026,172.79160
17-02-2026,172.31690
16-02-2026,171.90950
13-02-2026,170.86390
12-02-2026,172.93630
11-02-2026,174.50010
10-02-2026,174.02490
09-02-2026,173.30900
06-02-2026,171.04880
05-02-2026,171.08440
04-02-2026,171.66170
03-02-2026,171.45580
02-02-2026,167.86390
30-01-2026,169.32340
29-01-2026,169.55160
28-01-2026,169.41400
27-01-2026,168.28700
23-01-2026,167.60280
22-01-2026,169.62140
21-01-2026,168.80250
20-01-2026,169.46300
19-01-2026,172.24730
16-01-2026,172.79040
14-01-2026,171.93060
13-01-2026,172.54990
12-01-2026,172.27430
09-01-2026,171.88020
08-01-2026,173.35940
07-01-2026,175.36660
06-01-2026,175.66320
05-01-2026,176.01200
02-01-2026,176.54360
01-01-2026,175.33050
31-12-2025,174.61570
30-12-2025,173.26190
29-12-2025,172.97900
26-12-2025,173.63660
24-12-2025,174.25660
23-12-2025,174.58100
22-12-2025,174.70730
19-12-2025,173.09100
18-12-2025,172.17530
17-12-2025,172.28160
16-12-2025,172.54240
15-12-2025,173.69370
12-12-2025,173.68500
11-12-2025,172.54640
10-12-2025,171.77810
09-12-2025,172.27930
08-12-2025,172.53700
05-12-2025,174.39110
04-12-2025,173.58570
03-12-2025,173.29240
02-12-2025,173.45580
01-12-2025,173.95700
28-11-2025,173.90140
27-11-2025,173.96320
26-11-2025,174.06570
25-11-2025,172.40010
24-11-2025,172.38940
21-11-2025,172.81050
20-11-2025,174.04830
19-11-2025,173.29000
18-11-2025,172.46340
17-11-2025,173.13800
14-11-2025,172.30510
13-11-2025,172.61810
12-11-2025,172.72740
11-11-2025,171.92770
10-11-2025,171.13640
07-11-2025,170.79300
06-11-2025,170.94360
04-11-2025,172.09100
03-11-2025,172.92370
31-10-2025,172.18150
30-10-2025,173.60110
29-10-2025,174.50600
28-10-2025,173.54850
27-10-2025,173.69680
24-10-2025,172.64250
23-10-2025,173.31160
20-10-2025,172.66980
17-10-2025,172.21740
16-10-2025,171.94570
15-10-2025,170.47760
14-10-2025,169.52660
13-10-2025,170.06220
10-10-2025,170.38700
09-10-2025,169.68220
08-10-2025,169.00260
07-10-2025,169.81500
06-10-2025,169.80780
03-10-2025,168.48440
01-10-2025,167.54830
30-09-2025,166.03760
26-09-2025,166.12380
25-09-2025,168.43710
24-09-2025,169.47860
23-09-2025,170.45850
22-09-2025,170.81500
19-09-2025,172.06460
18-09-2025,172.58480
17-09-2025,172.00210
16-09-2025,171.55700
15-09-2025,170.03410
12-09-2025,170.35300
11-09-2025,169.90840
10-09-2025,169.82490
09-09-2025,168.91500
08-09-2025,167.99050
05-09-2025,167.71050
04-09-2025,167.49580
03-09-2025,167.54100
02-09-2025,166.53720
01-09-2025,166.56790
29-08-2025,164.80710
28-08-2025,165.45480
26-08-2025,167.09130
25-08-2025,169.02950
22-08-2025,168.20390
21-08-2025,169.42000
20-08-2025,169.33520
19-08-2025,168.63610
18-08-2025,167.63440
14-08-2025,165.85640
13-08-2025,166.01960
12-08-2025,165.17920
11-08-2025,165.24370
08-08-2025,164.18820
07-08-2025,165.71980
06-08-2025,165.12420
05-08-2025,165.86400
04-08-2025,166.48100
01-08-2025,165.55170
31-07-2025,167.13480
30-07-2025,167.87060
29-07-2025,167.86120
28-07-2025,166.92600
25-07-2025,168.10900
24-07-2025,169.74480
23-07-2025,170.73060
22-07-2025,169.96900
21-07-2025,170.21770
18-07-2025,169.48720
17-07-2025,170.47390
16-07-2025,170.81760
15-07-2025,170.70950
14-07-2025,169.83100
11-07-2025,169.88910
10-07-2025,170.84500
09-07-2025,171.63280
08-07-2025,171.63400
07-07-2025,171.22710
04-07-2025,171.37010
03-07-2025,170.14860
02-07-2025,170.05180
01-07-2025,170.41300
30-06-2025,170.56030
27-06-2025,170.95620
26-06-2025,170.40180
25-06-2025,168.79250
24-06-2025,167.51930
23-06-2025,166.69640
20-06-2025,167.08280
19-06-2025,165.19740
18-06-2025,165.97670
17-06-2025,166.08200
16-06-2025,166.76550
13-06-2025,165.21640
12-06-2025,166.32040
11-06-2025,168.18100
10-06-2025,167.98400
09-06-2025,167.85450
06-06-2025,166.67600
05-06-2025,164.90600
04-06-2025,164.12110
03-06-2025,163.34400
02-06-2025,164.04010
30-05-2025,163.96620
29-05-2025,164.76580
28-05-2025,163.87460
27-05-2025,164.04600
26-05-2025,164.76170
23-05-2025,164.03730
22-05-2025,162.84310
21-05-2025,163.76160
20-05-2025,162.80470
19-05-2025,164.67940
16-05-2025,164.73670
15-05-2025,164.15080
14-05-2025,162.11130
13-05-2025,161.01040
12-05-2025,162.54730
09-05-2025,157.10260
08-05-2025,158.63570
07-05-2025,160.07420
06-05-2025,159.25270
05-05-2025,160.62830
02-05-2025,159.92990
30-04-2025,160.32420
29-04-2025,160.38130
28-04-2025,160.44260
25-04-2025,158.76490
24-04-2025,160.85980
23-04-2025,161.00760
22-04-2025,160.09170
21-04-2025,159.37320
17-04-2025,156.76360
16-04-2025,154.93600
15-04-2025,154.05360
11-04-2025,150.55350
09-04-2025,147.88560
08-04-2025,148.85300
07-04-2025,146.62750
04-04-2025,151.52070
03-04-2025,154.70440
02-04-2025,155.29640
01-04-2025,154.24520
31-03-2025,156.22840
28-03-2025,156.25110
27-03-2025,156.89070
26-03-2025,155.99110
25-03-2025,157.23640
24-03-2025,157.73760
21-03-2025,155.87440
20-03-2025,154.50350
19-03-2025,152.89440
18-03-2025,152.03670
17-03-2025,149.63930
13-03-2025,148.79630
12-03-2025,149.64530
11-03-2025,149.98130
10-03-2025,150.35680
07-03-2025,151.36620
06-03-2025,151.57340
05-03-2025,150.04930
04-03-2025,147.41180
03-03-2025,147.77200
28-02-2025,147.63000
27-02-2025,150.96630
25-02-2025,151.51570
24-02-2025,151.71650
21-02-2025,153.50940
20-02-2025,154.30660
19-02-2025,153.70920
18-02-2025,153.53140
17-02-2025,153.42970
14-02-2025,153.40020
13-02-2025,155.24880
12-02-2025,155.16290
11-02-2025,155.46540
10-02-2025,158.38940
07-02-2025,160.15340
06-02-2025,159.89480
05-02-2025,160.51610
04-02-2025,159.91460
03-02-2025,158.03830
31-01-2025,158.42240
30-01-2025,156.90360
29-01-2025,156.41370
28-01-2025,153.97260
27-01-2025,153.24850
24-01-2025,156.10120
23-01-2025,157.44140
22-01-2025,156.48010
21-01-2025,156.44820
20-01-2025,158.67790
17-01-2025,157.82430
16-01-2025,158.76910
15-01-2025,157.60590
14-01-2025,157.14840
13-01-2025,155.51660
10-01-2025,159.38770
09-01-2025,160.86840
08-01-2025,161.76060
07-01-2025,162.35940
06-01-2025,161.62680
03-01-2025,164.63590
02-01-2025,165.81550
01-01-2025,163.41690
31-12-2024,163.21670
30-12-2024,163.15810
27-12-2024,163.86480
26-12-2024,163.38340
24-12-2024,163.30840
23-12-2024,163.31160
20-12-2024,162.77380
19-12-2024,165.69280
18-12-2024,166.86300
17-12-2024,168.32650
16-12-2024,170.50260
13-12-2024,170.67360
12-12-2024,170.23800
11-12-2024,170.68330
10-12-2024,170.42790
09-12-2024,169.93000
06-12-2024,170.20360
05-12-2024,170.20850
04-12-2024,169.22770
03-12-2024,169.26410
02-12-2024,168.03880
29-11-2024,166.88110
28-11-2024,165.69780
27-11-2024,167.30520
26-11-2024,166.75900
25-11-2024,166.69620
22-11-2024,164.48010
21-11-2024,161.22290
19-11-2024,161.81220
18-11-2024,160.89920
14-11-2024,161.52190
13-11-2024,161.19670
12-11-2024,164.23190
11-11-2024,165.95810
08-11-2024,166.09810
07-11-2024,166.75520
06-11-2024,168.83040
05-11-2024,167.06640
04-11-2024,165.33270
31-10-2024,166.36520
30-10-2024,166.91810
29-10-2024,167.57860
28-10-2024,166.66780
25-10-2024,165.74010
24-10-2024,167.77660
23-10-2024,168.02960
22-10-2024,168.03000
21-10-2024,170.89170
18-10-2024,172.36490
17-10-2024,171.96070
16-10-2024,173.57880
15-10-2024,173.52290
14-10-2024,173.60030
11-10-2024,172.45750
10-10-2024,172.55330
09-10-2024,172.51300
08-10-2024,171.63760
07-10-2024,169.66770
04-10-2024,172.14000
03-10-2024,173.57610
01-10-2024,176.54480
30-09-2024,176.13370
27-09-2024,177.68630
26-09-2024,177.80410
25-09-2024,176.92580
24-09-2024,177.01450
23-09-2024,176.88770
20-09-2024,175.31540
19-09-2024,173.17670
18-09-2024,173.16850
17-09-2024,173.82610
16-09-2024,173.55800
13-09-2024,173.27960
12-09-2024,173.38150
11-09-2024,170.92890
10-09-2024,171.82160
09-09-2024,170.75250
06-09-2024,170.71440
05-09-2024,172.50540
04-09-2024,171.66690
03-09-2024,172.20740
02-09-2024,171.76490
30-08-2024,171.76780
29-08-2024,170.67240
28-08-2024,170.79340
27-08-2024,170.39340
26-08-2024,169.84180
23-08-2024,168.74890
22-08-2024,168.89540
21-08-2024,168.13660
20-08-2024,167.47840
19-08-2024,166.62640
16-08-2024,166.18030
14-08-2024,163.10080
13-08-2024,163.47560
12-08-2024,164.69740
09-08-2024,164.19500
08-08-2024,162.40160
07-08-2024,162.79090
06-08-2024,160.21140
05-08-2024,160.74950
02-08-2024,165.34110
01-08-2024,167.07700
31-07-2024,167.13570
30-07-2024,166.50230
29-07-2024,166.01940
26-07-2024,165.90650
25-07-2024,163.29520
24-07-2024,163.29490
23-07-2024,163.11390
22-07-2024,163.58310
19-07-2024,163.06780
18-07-2024,165.62210
16-07-2024,165.36200
15-07-2024,164.93750
12-07-2024,164.26400
11-07-2024,163.31360
10-07-2024,162.95680
09-07-2024,163.45960
08-07-2024,162.34140
05-07-2024,162.14070
04-07-2024,161.71700
03-07-2024,161.57690
02-07-2024,160.11940
01-07-2024,160.65080
28-06-2024,158.97760
27-06-2024,159.27560
26-06-2024,158.74500
25-06-2024,157.99170
24-06-2024,156.90430
21-06-2024,156.54260
20-06-2024,156.51110
19-06-2024,156.18770
18-06-2024,156.35100
14-06-2024,155.23670
13-06-2024,154.04380
12-06-2024,153.34990
11-06-2024,152.52780
10-06-2024,152.49820
07-06-2024,151.81650
06-06-2024,148.91300
05-06-2024,146.85260
04-06-2024,141.22210
03-06-2024,149.52250
31-05-2024,145.72280
30-05-2024,145.18950
29-05-2024,146.46540
28-05-2024,146.85000
27-05-2024,147.23710
24-05-2024,147.10790
23-05-2024,146.88290
22-05-2024,145.40960
21-05-2024,144.84570
17-05-2024,143.57990
16-05-2024,142.37560
15-05-2024,141.05330
14-05-2024,141.07120
13-05-2024,140.15090
10-05-2024,139.71320
09-05-2024,139.06030
08-05-2024,141.12850
07-05-2024,140.62010
06-05-2024,141.66070
03-05-2024,141.81270
02-05-2024,142.46630
30-04-2024,142.05260
29-04-2024,141.90310
26-04-2024,141.12470
25-04-2024,140.77240
24-04-2024,139.97600
23-04-2024,139.41520
22-04-2024,138.82590
19-04-2024,137.83170
18-04-2024,137.42480
16-04-2024,137.79260
15-04-2024,138.16360
12-04-2024,139.72270
10-04-2024,140.68580
09-04-2024,139.94600
08-04-2024,139.90500
05-04-2024,139.00970
04-04-2024,138.43030
03-04-2024,138.15600
02-04-2024,137.84800
01-04-2024,137.00540
31-03-2024,135.74240
28-03-2024,135.76140
27-03-2024,134.77220
26-03-2024,134.14770
22-03-2024,134.33630
21-03-2024,133.97870
20-03-2024,132.21560
19-03-2024,132.32630
18-03-2024,133.43080
15-03-2024,133.14870
14-03-2024,134.01610
13-03-2024,132.47920
12-03-2024,135.81480
11-03-2024,136.39010
07-03-2024,137.50930
06-03-2024,137.21880
05-03-2024,137.19600
04-03-2024,137.05990
01-03-2024,136.67000
29-02-2024,134.85070
28-02-2024,134.99070
27-02-2024,136.32650
26-02-2024,135.94810
23-02-2024,136.80960
22-02-2024,136.65340
21-02-2024,135.73440
20-02-2024,136.55630
19-02-2024,136.15240
16-02-2024,135.66570
15-02-2024,134.73020
14-02-2024,133.41840
13-02-2024,133.05240
12-02-2024,132.60200
09-02-2024,134.60310
08-02-2024,134.82720
07-02-2024,135.67460
06-02-2024,135.53870
05-02-2024,134.12220
02-02-2024,133.81370
01-02-2024,133.17350
31-01-2024,133.03960
30-01-2024,131.49310
29-01-2024,131.91920
25-01-2024,130.52220
24-01-2024,131.13360
23-01-2024,129.26490
19-01-2024,131.32320
18-01-2024,130.05610
17-01-2024,130.50860
16-01-2024,133.07440
15-01-2024,133.47620
12-01-2024,132.63350
11-01-2024,131.70110
10-01-2024,131.29260
09-01-2024,131.39120
08-01-2024,131.05640
05-01-2024,132.57820
04-01-2024,132.36540
03-01-2024,131.40420
02-01-2024,132.11960
01-01-2024,132.41750
29-12-2023,132.25270
28-12-2023,131.95850
27-12-2023,131.09770
26-12-2023,130.10160
22-12-2023,129.37520
21-12-2023,128.49050
20-12-2023,127.54220
19-12-2023,129.73790
18-12-2023,129.54170
15-12-2023,129.65910
14-12-2023,128.66520
13-12-2023,127.25180
12-12-2023,126.93400
11-12-2023,127.48780
08-12-2023,127.09860
07-12-2023,127.07850
06-12-2023,127.08740
05-12-2023,127.11780
04-12-2023,126.40840
01-12-2023,124.24190
30-11-2023,123.63670
29-11-2023,122.94540
28-11-2023,121.69440
24-11-2023,121.01290
23-11-2023,121.00350
22-11-2023,120.81920
21-11-2023,120.81570
20-11-2023,120.34740
17-11-2023,120.42320
16-11-2023,120.61360
15-11-2023,120.05570
13-11-2023,118.35490
10-11-2023,117.82440
09-11-2023,117.67070
08-11-2023,117.93870
07-11-2023,117.75770
06-11-2023,117.40500
03-11-2023,116.31790
02-11-2023,115.45380
01-11-2023,114.34140
31-10-2023,114.61340
30-10-2023,114.81820
27-10-2023,114.72640
26-10-2023,113.25020
25-10-2023,114.55010
23-10-2023,115.15650
20-10-2023,117.38180
19-10-2023,118.11220
18-10-2023,118.21190
17-10-2023,118.72220
16-10-2023,118.05870
13-10-2023,118.05020
12-10-2023,118.45730
11-10-2023,118.22190
10-10-2023,117.77010
09-10-2023,116.50110
06-10-2023,117.44040
05-10-2023,116.96040
04-10-2023,116.59730
03-10-2023,117.44660
29-09-2023,117.62750
27-09-2023,117.63450
26-09-2023,117.24750
25-09-2023,117.38470
22-09-2023,117.45790
21-09-2023,117.80000
20-09-2023,118.86490
18-09-2023,119.95310
15-09-2023,120.51320
14-09-2023,119.61050
13-09-2023,118.96180
12-09-2023,118.34350
11-09-2023,119.77120
08-09-2023,118.93840
07-09-2023,118.45650
06-09-2023,117.93500
05-09-2023,117.88460
04-09-2023,117.53440
01-09-2023,116.71430
31-08-2023,115.48910
30-08-2023,115.70680
29-08-2023,115.23550
28-08-2023,114.99600
25-08-2023,114.53320
24-08-2023,115.18730
23-08-2023,115.13750
22-08-2023,114.55660
21-08-2023,114.24850
18-08-2023,113.46750
17-08-2023,113.84370
16-08-2023,114.08340
14-08-2023,114.13820
11-08-2023,114.38330
10-08-2023,115.09230
09-08-2023,115.53970
08-08-2023,114.80850
07-08-2023,114.61770
04-08-2023,114.16520
03-08-2023,113.21340
02-08-2023,113.42110
01-08-2023,114.98860
31-07-2023,114.94480
28-07-2023,113.99700
27-07-2023,114.14460
26-07-2023,113.96460
25-07-2023,113.74880
24-07-2023,113.43560
21-07-2023,113.33710
20-07-2023,113.96490
19-07-2023,113.25160
18-07-2023,112.97520
17-07-2023,113.00250
14-07-2023,112.29380
13-07-2023,111.18290
12-07-2023,110.93160
11-07-2023,111.09720
10-07-2023,110.56850
07-07-2023,110.46650
06-07-2023,111.13050
05-07-2023,110.73950
04-07-2023,110.53720
03-07-2023,110.69320
30-06-2023,110.54350
28-06-2023,109.27850
27-06-2023,108.83740
26-06-2023,107.90880
23-06-2023,107.47580
22-06-2023,108.39200
21-06-2023,108.81660
20-06-2023,108.62220
19-06-2023,108.15900
16-06-2023,108.41080
15-06-2023,107.68940
14-06-2023,107.96390
13-06-2023,107.97520
12-06-2023,107.17290
09-06-2023,106.64130
08-06-2023,107.12390
07-06-2023,107.78420
06-06-2023,106.87780
05-06-2023,106.84280
02-06-2023,106.36130
01-06-2023,105.97240
31-05-2023,105.83000
30-05-2023,105.91040
29-05-2023,105.67950
26-05-2023,105.06700
25-05-2023,104.29670
24-05-2023,104.06710
23-05-2023,104.19180
22-05-2023,103.85160
19-05-2023,103.48410
18-05-2023,103.08110
17-05-2023,103.40920
16-05-2023,103.60310
15-05-2023,103.82070
12-05-2023,103.28270
11-05-2023,103.09270
10-05-2023,102.91990
09-05-2023,102.67720
08-05-2023,102.58630
05-05-2023,101.57960
04-05-2023,102.87690
03-05-2023,102.09420
02-05-2023,102.38080
28-04-2023,101.62340
27-04-2023,101.03570
26-04-2023,100.47230
25-04-2023,100.34720
24-04-2023,100.42870
21-04-2023,100.05390
20-04-2023,100.42790
19-04-2023,100.32870
18-04-2023,100.71230
17-04-2023,100.56430
13-04-2023,101.30860
12-04-2023,101.28440
11-04-2023,100.64590
10-04-2023,100.37560
06-04-2023,100.11440
05-04-2023,99.84270
03-04-2023,99.47430
31-03-2023,99.05180
29-03-2023,97.65150
28-03-2023,96.79860
27-03-2023,97.27040
24-03-2023,97.28240
23-03-2023,97.93380
22-03-2023,98.35220
21-03-2023,98.08560
20-03-2023,97.62340
17-03-2023,98.27740
16-03-2023,97.63600
15-03-2023,97.85840
14-03-2023,98.31670
13-03-2023,99.00870
10-03-2023,100.67030
09-03-2023,101.55770
08-03-2023,102.07140
06-03-2023,101.88740
03-03-2023,101.31320
02-03-2023,100.53010
01-03-2023,101.20750
28-02-2023,100.34260
27-02-2023,100.60540
24-02-2023,101.28230
23-02-2023,101.59710
22-02-2023,101.90680
21-02-2023,102.97550
20-02-2023,103.18590
17-02-2023,103.43760
16-02-2023,104.06860
15-02-2023,103.73920
14-02-2023,103.23480
13-02-2023,102.97680
10-02-2023,103.66410
09-02-2023,103.52210
08-02-2023,103.48470
07-02-2023,102.86170
06-02-2023,103.14480
03-02-2023,103.16320
02-02-2023,102.37590
01-02-2023,102.13090
31-01-2023,102.39190
30-01-2023,101.88330
27-01-2023,101.87210
25-01-2023,103.08210
24-01-2023,104.41970
23-01-2023,104.20870
20-01-2023,103.67780
19-01-2023,104.03310
18-01-2023,104.19240
17-01-2023,103.78800
16-01-2023,103.57970
13-01-2023,103.99860
12-01-2023,103.31830
11-01-2023,103.37380
10-01-2023,103.51080
09-01-2023,104.39980
06-01-2023,103.45250
05-01-2023,104.31700
04-01-2023,104.25190
03-01-2023,105.36470
02-01-2023,104.95700
30-12-2022,104.36680
29-12-2022,104.64080
28-12-2022,104.12950
27-12-2022,104.19020
26-12-2022,103.39610
23-12-2022,101.89280
22-12-2022,103.90660
21-12-2022,104.47190
20-12-2022,105.37690
19-12-2022,105.71040
16-12-2022,105.11560
15-12-2022,106.01950
14-12-2022,107.30500
13-12-2022,106.65840
12-12-2022,106.39960
09-12-2022,106.43680
08-12-2022,106.74550
07-12-2022,106.11600
06-12-2022,106.52280
05-12-2022,107.36080
02-12-2022,107.28060
01-12-2022,107.36590
30-11-2022,106.84190
29-11-2022,106.06070
28-11-2022,105.96050
25-11-2022,105.67250
24-11-2022,105.24010
23-11-2022,104.38930
22-11-2022,104.17940
21-11-2022,103.96790
18-11-2022,104.28450
17-11-2022,104.73230
16-11-2022,105.28930
15-11-2022,105.52620
14-11-2022,105.12640
11-11-2022,104.89310
10-11-2022,103.72310
09-11-2022,104.44910
07-11-2022,105.04980
04-11-2022,104.44510
03-11-2022,104.66110
02-11-2022,104.59120
01-11-2022,104.96540
31-10-2022,104.47970
28-10-2022,103.26240
27-10-2022,103.77180
25-10-2022,102.98080
21-10-2022,101.96150
20-10-2022,101.64220
19-10-2022,101.51650
18-10-2022,101.58960
17-10-2022,100.63380
14-10-2022,100.11200
13-10-2022,99.44020
12-10-2022,100.19380
11-10-2022,99.47710
10-10-2022,101.03560
07-10-2022,101.29370
06-10-2022,101.57460
04-10-2022,100.92340
03-10-2022,99.25490
30-09-2022,100.37580
29-09-2022,98.74570
28-09-2022,98.37600
27-09-2022,99.06720
26-09-2022,99.00570
23-09-2022,101.33660
22-09-2022,103.15730
21-09-2022,103.80330
20-09-2022,104.53370
19-09-2022,102.90650
16-09-2022,102.72220
15-09-2022,104.77080
14-09-2022,105.24390
13-09-2022,105.17540
12-09-2022,104.77080
09-09-2022,103.95560
08-09-2022,103.47860
07-09-2022,102.43710
06-09-2022,102.25870
05-09-2022,102.07190
02-09-2022,101.59990
01-09-2022,101.86800
30-08-2022,102.31170
29-08-2022,100.16220
26-08-2022,101.41030
25-08-2022,101.39910
24-08-2022,101.38980
23-08-2022,101.05740
22-08-2022,100.41800
19-08-2022,101.99010
18-08-2022,103.00530
17-08-2022,102.86120
16-08-2022,102.17840
12-08-2022,101.35480
11-08-2022,100.93700
10-08-2022,100.05000
08-08-2022,99.86270
05-08-2022,99.49220
04-08-2022,99.39630
03-08-2022,99.37310
02-08-2022,99.31160
01-08-2022,99.30270
29-07-2022,98.46700
28-07-2022,97.51660
27-07-2022,96.59150
26-07-2022,95.68360
25-07-2022,96.80700
22-07-2022,97.07360
21-07-2022,96.44670
20-07-2022,95.58280
19-07-2022,95.05810
18-07-2022,94.35160
15-07-2022,92.91140
14-07-2022,92.43070
13-07-2022,92.69770
12-07-2022,92.84220
11-07-2022,93.64620
08-07-2022,93.41080
07-07-2022,93.03900
06-07-2022,91.82470
05-07-2022,90.59710
04-07-2022,90.89460
01-07-2022,90.08900
30-06-2022,89.49210
29-06-2022,89.68610
28-06-2022,90.18220
27-06-2022,90.11990
24-06-2022,89.25390
23-06-2022,88.45300
22-06-2022,87.13010
21-06-2022,88.15640
20-06-2022,86.59330
17-06-2022,86.58400
16-06-2022,87.09020
15-06-2022,88.92570
14-06-2022,88.82900
13-06-2022,89.04000
10-06-2022,91.43650
09-06-2022,92.43000
08-06-2022,91.82200
07-06-2022,92.22960
06-06-2022,93.16400
03-06-2022,93.33580
02-06-2022,94.26750
01-06-2022,94.26970
31-05-2022,94.29870
30-05-2022,94.22280
27-05-2022,92.54690
26-05-2022,91.63050
25-05-2022,90.20940
24-05-2022,90.85770
23-05-2022,91.44030
20-05-2022,91.63130
19-05-2022,89.66210
18-05-2022,91.88630
17-05-2022,91.97440
16-05-2022,90.16720
13-05-2022,89.56740
12-05-2022,89.47850
11-05-2022,91.29870
10-05-2022,91.41630
09-05-2022,91.88640
06-05-2022,92.64300
05-05-2022,94.26850
04-05-2022,94.20810
02-05-2022,96.30660
29-04-2022,96.49810
28-04-2022,97.45750
27-04-2022,96.59230
26-04-2022,97.39460
25-04-2022,96.01350
22-04-2022,97.25720
21-04-2022,98.66900
20-04-2022,97.53930
19-04-2022,97.05360
18-04-2022,98.58490
13-04-2022,99.77160
12-04-2022,99.96350
11-04-2022,100.84690
08-04-2022,100.82480
07-04-2022,100.43180
06-04-2022,101.00830
05-04-2022,101.49870
04-04-2022,101.29920
01-04-2022,99.76850
31-03-2022,98.83020
30-03-2022,98.67630
29-03-2022,98.11080
28-03-2022,97.41470
25-03-2022,96.95140
24-03-2022,97.47130
23-03-2022,97.54490
22-03-2022,97.88490
21-03-2022,97.21210
17-03-2022,97.96670
16-03-2022,96.56390
15-03-2022,94.88520
14-03-2022,95.47110
11-03-2022,94.52130
10-03-2022,94.13780
09-03-2022,92.88310
08-03-2022,91.45780
07-03-2022,90.29640
04-03-2022,92.44440
03-03-2022,93.74460
02-03-2022,94.49140
28-02-2022,95.77330
25-02-2022,95.42910
24-02-2022,92.90510
23-02-2022,97.49730
22-02-2022,97.48810
21-02-2022,98.17560
18-02-2022,98.47650
17-02-2022,98.83010
16-02-2022,99.42980
15-02-2022,99.44840
14-02-2022,97.03810
11-02-2022,100.27570
10-02-2022,101.71420
09-02-2022,101.31790
08-02-2022,100.28110
07-02-2022,100.25620
04-02-2022,101.72320
03-02-2022,102.11410
02-02-2022,103.06620
01-02-2022,102.05120
31-01-2022,100.94500
28-01-2022,99.33440
27-01-2022,99.22220
25-01-2022,100.09940
24-01-2022,98.83520
21-01-2022,101.23070
20-01-2022,102.63820
19-01-2022,103.18540
18-01-2022,103.85270
17-01-2022,104.96860
14-01-2022,104.68210
13-01-2022,104.65930
12-01-2022,104.36500
11-01-2022,103.49140
10-01-2022,103.17850
07-01-2022,102.19790
06-01-2022,101.87170
05-01-2022,102.16330
04-01-2022,101.79030
03-01-2022,101.45340
31-12-2021,100.09120
30-12-2021,99.24000
29-12-2021,99.29560
28-12-2021,99.34970
27-12-2021,98.42210
24-12-2021,97.99910
23-12-2021,98.58080
22-12-2021,97.85000
21-12-2021,96.68010
20-12-2021,95.71830
17-12-2021,98.00380
16-12-2021,99.40580
15-12-2021,99.84790
14-12-2021,100.35320
13-12-2021,100.27630
10-12-2021,100.51720
09-12-2021,100.53900
08-12-2021,100.51400
07-12-2021,98.76120
06-12-2021,97.24860
03-12-2021,98.84690
02-12-2021,99.50710
01-12-2021,98.57560
30-11-2021,97.95960
29-11-2021,97.69520
26-11-2021,98.40840
25-11-2021,101.06930
24-11-2021,100.66820
23-11-2021,101.09570
22-11-2021,100.29160
18-11-2021,102.44010
17-11-2021,103.32360
16-11-2021,103.92750
15-11-2021,104.21450
12-11-2021,104.37210
11-11-2021,103.27180
10-11-2021,104.08340
09-11-2021,104.28690
08-11-2021,103.92980
03-11-2021,102.41340
02-11-2021,103.04620
01-11-2021,102.72130
29-10-2021,101.06650
28-10-2021,101.19390
27-10-2021,103.56930
26-10-2021,103.62300
25-10-2021,102.83850
22-10-2021,102.53580
21-10-2021,102.91890
20-10-2021,103.30330
19-10-2021,104.14980
18-10-2021,104.86530
14-10-2021,104.08430
13-10-2021,103.41500
12-10-2021,102.64540
11-10-2021,102.50000
08-10-2021,101.49840
07-10-2021,101.35560
06-10-2021,100.04090
05-10-2021,100.98400
04-10-2021,100.63650
01-10-2021,99.89590
30-09-2021,100.34440
29-09-2021,100.63400
28-09-2021,100.43330
27-09-2021,101.50430
24-09-2021,101.49810
23-09-2021,101.24730
22-09-2021,99.91040
21-09-2021,99.71060
20-09-2021,99.05300
17-09-2021,100.48420
16-09-2021,101.03970
15-09-2021,100.55190
14-09-2021,99.84060
13-09-2021,99.42600
09-09-2021,99.55360
08-09-2021,99.41400
07-09-2021,99.36760
06-09-2021,99.82850
03-09-2021,99.71500
02-09-2021,99.43620
01-09-2021,98.76050
31-08-2021,98.57730
30-08-2021,97.49160
27-08-2021,95.98140
26-08-2021,95.53990
25-08-2021,95.52070
24-08-2021,95.46030
23-08-2021,94.52570
20-08-2021,94.77980
18-08-2021,96.45590
17-08-2021,96.49860
16-08-2021,96.03560
13-08-2021,96.27070
12-08-2021,95.77470
11-08-2021,95.03510
10-08-2021,95.37160
09-08-2021,95.67570
06-08-2021,95.72030
05-08-2021,95.91750
04-08-2021,95.90680
03-08-2021,95.68550
02-08-2021,94.79180
30-07-2021,94.00170
29-07-2021,93.70740
28-07-2021,93.19200
27-07-2021,93.22550
26-07-2021,93.76030
23-07-2021,93.66140
22-07-2021,92.95260
20-07-2021,91.61910
19-07-2021,92.75530
16-07-2021,93.31970
15-07-2021,93.48120
14-07-2021,93.10770
13-07-2021,92.71580
12-07-2021,91.94930
09-07-2021,91.89110
08-07-2021,91.89550
07-07-2021,92.47130
06-07-2021,92.04010
05-07-2021,92.02010
02-07-2021,91.50160
01-07-2021,91.17740
30-06-2021,91.22420
29-06-2021,91.11650
28-06-2021,91.55390
25-06-2021,91.35100
24-06-2021,90.37490
23-06-2021,89.87560
22-06-2021,90.13780
21-06-2021,89.87110
18-06-2021,89.57830
17-06-2021,89.73820
16-06-2021,90.26330
15-06-2021,90.63620
14-06-2021,90.12250
11-06-2021,90.23840
10-06-2021,90.09130
09-06-2021,89.28330
08-06-2021,89.99480
07-06-2021,89.75670
04-06-2021,89.11110
03-06-2021,89.21340
02-06-2021,88.38400
01-06-2021,88.01470
31-05-2021,88.33200
28-05-2021,87.41610
27-05-2021,87.49990
26-05-2021,87.20280
25-05-2021,86.91720
24-05-2021,86.97080
21-05-2021,86.59380
20-05-2021,85.05570
19-05-2021,85.63670
18-05-2021,85.59730
17-05-2021,84.72650
14-05-2021,83.38980
12-05-2021,84.06880
11-05-2021,84.50750
10-05-2021,84.70830
07-05-2021,84.15960
06-05-2021,83.95550
05-05-2021,83.48830
04-05-2021,82.38490
03-05-2021,83.07150
30-04-2021,82.91040
29-04-2021,83.86850
28-04-2021,83.81120
27-04-2021,82.79390
26-04-2021,81.96590
23-04-2021,81.07710
22-04-2021,81.43460
20-04-2021,80.94130
19-04-2021,80.78370
16-04-2021,82.05760
15-04-2021,81.75070
13-04-2021,81.50430
12-04-2021,80.68650
09-04-2021,83.60370
08-04-2021,83.77210
07-04-2021,83.44560
06-04-2021,82.41450
05-04-2021,82.41480
01-04-2021,83.71840
31-03-2021,82.90070
30-03-2021,83.24960
26-03-2021,81.62270
25-03-2021,80.57220
24-03-2021,81.61660
23-03-2021,83.23010
22-03-2021,82.70890
19-03-2021,82.65250
18-03-2021,81.87720
17-03-2021,82.70910
16-03-2021,83.93880
15-03-2021,84.10960
12-03-2021,84.49740
10-03-2021,85.10790
09-03-2021,84.52110
08-03-2021,84.24420
05-03-2021,83.96130
04-03-2021,84.90330
03-03-2021,85.43990
02-03-2021,84.13920
01-03-2021,83.06160
26-02-2021,81.96670
25-02-2021,84.20160
24-02-2021,83.68530
23-02-2021,82.47690
22-02-2021,82.19340
19-02-2021,83.49020
18-02-2021,84.67530
17-02-2021,84.78530
16-02-2021,85.20430
15-02-2021,85.42680
12-02-2021,84.43060
11-02-2021,84.48390
10-02-2021,84.37670
09-02-2021,84.68020
08-02-2021,84.67520
05-02-2021,83.33670
04-02-2021,83.63340
03-02-2021,82.75450
02-02-2021,81.83740
01-02-2021,79.91620
29-01-2021,77.04010
28-01-2021,77.79180
27-01-2021,78.10830
25-01-2021,79.30270
22-01-2021,79.51940
21-01-2021,80.43080
20-01-2021,81.10780
19-01-2021,80.50730
18-01-2021,79.23140
15-01-2021,80.71420
14-01-2021,81.50490
13-01-2021,81.60190
12-01-2021,81.36030
11-01-2021,80.71230
08-01-2021,79.90300
07-01-2021,78.78550
06-01-2021,78.42260
05-01-2021,78.50870
04-01-2021,77.99610
01-01-2021,77.10090
31-12-2020,76.74640
30-12-2020,76.54820
29-12-2020,76.49010
28-12-2020,76.04180
24-12-2020,75.44270
23-12-2020,74.88310
22-12-2020,73.76490
21-12-2020,72.85550
18-12-2020,75.56560
17-12-2020,75.35560
16-12-2020,75.29040
15-12-2020,74.84870
14-12-2020,74.90000
11-12-2020,74.71930
10-12-2020,74.53560
09-12-2020,74.89740
08-12-2020,74.36640
07-12-2020,74.50850
04-12-2020,73.96120
03-12-2020,73.16450
02-12-2020,73.06020
01-12-2020,72.73150
27-11-2020,71.75990
26-11-2020,71.44030
25-11-2020,70.85820
24-11-2020,72.05540
23-11-2020,71.15840
20-11-2020,70.91490
19-11-2020,70.18820
18-11-2020,71.19030
17-11-2020,70.82470
13-11-2020,69.76500
12-11-2020,69.21260
11-11-2020,69.32700
10-11-2020,68.34140
09-11-2020,68.26660
06-11-2020,67.08030
05-11-2020,66.77570
04-11-2020,65.74090
03-11-2020,65.42240
02-11-2020,64.44030
30-10-2020,63.72760
29-10-2020,64.00410
28-10-2020,64.27850
27-10-2020,64.98380
26-10-2020,64.56100
23-10-2020,65.63400
22-10-2020,65.09730
21-10-2020,65.10250
20-10-2020,64.59430
19-10-2020,64.24390
16-10-2020,63.80000
15-10-2020,63.12450
14-10-2020,64.44260
13-10-2020,64.33280
12-10-2020,64.52510
09-10-2020,64.42010
08-10-2020,64.04060
07-10-2020,63.56070
06-10-2020,63.48970
05-10-2020,63.09310
01-10-2020,62.87780
30-09-2020,62.08880
29-09-2020,62.05520
28-09-2020,62.22960
25-09-2020,60.90130
24-09-2020,59.58660
23-09-2020,61.27820
22-09-2020,61.55490
21-09-2020,62.00390
18-09-2020,63.79110
17-09-2020,63.62350
16-09-2020,63.81230
15-09-2020,63.28980
14-09-2020,62.79020
11-09-2020,62.11040
10-09-2020,61.96650
09-09-2020,61.52510
08-09-2020,61.94040
07-09-2020,62.29230
04-09-2020,62.48860
03-09-2020,63.66970
02-09-2020,63.63760
01-09-2020,62.98030
31-08-2020,62.71670
28-08-2020,64.47040
27-08-2020,63.97320
26-08-2020,63.81510
25-08-2020,63.69100
24-08-2020,63.59190
21-08-2020,63.11240
20-08-2020,62.63550
19-08-2020,62.88050
18-08-2020,62.53760
17-08-2020,61.90270
14-08-2020,61.65110
13-08-2020,62.22560
12-08-2020,62.05450
11-08-2020,62.02330
10-08-2020,61.85950
07-08-2020,61.28290
06-08-2020,61.31910
05-08-2020,60.92260
04-08-2020,60.48330
03-08-2020,59.84450
31-07-2020,60.29420
30-07-2020,59.91830
29-07-2020,60.21650
28-07-2020,60.22340
27-07-2020,59.71000
24-07-2020,60.38920
23-07-2020,60.95940
22-07-2020,60.64510
21-07-2020,60.61410
20-07-2020,60.04340
17-07-2020,59.44310
16-07-2020,58.67590
15-07-2020,57.86990
14-07-2020,57.63780
13-07-2020,58.45630
10-07-2020,58.24870
09-07-2020,58.70080
08-07-2020,58.27050
07-07-2020,58.72180
06-07-2020,58.42700
03-07-2020,57.91210
02-07-2020,57.53140
01-07-2020,57.16460
30-06-2020,56.83740
29-06-2020,56.73540
26-06-2020,57.27860
25-06-2020,56.83880
24-06-2020,56.65310
23-06-2020,57.52040
22-06-2020,56.73300
19-06-2020,56.26510
18-06-2020,55.75330
17-06-2020,54.95560
16-06-2020,54.65840
15-06-2020,54.34050
12-06-2020,55.23470
11-06-2020,54.79490
10-06-2020,55.93630
09-06-2020,55.69260
08-06-2020,56.27180
05-06-2020,56.06080
04-06-2020,55.06320
03-06-2020,55.02360
02-06-2020,54.65750
01-06-2020,54.13300
29-05-2020,53.12720
28-05-2020,52.46000
27-05-2020,51.73050
26-05-2020,50.73000
22-05-2020,50.67080
21-05-2020,50.87540
20-05-2020,50.39470
19-05-2020,49.37830
18-05-2020,48.78260
15-05-2020,50.55540
14-05-2020,50.65180
13-05-2020,51.64120
12-05-2020,50.75450
11-05-2020,50.65580
08-05-2020,50.59630
07-05-2020,50.66400
06-05-2020,50.98270
05-05-2020,50.54100
04-05-2020,50.96600
30-04-2020,53.50720
29-04-2020,52.12770
28-04-2020,51.31330
27-04-2020,51.10450
24-04-2020,50.53130
23-04-2020,51.50530
22-04-2020,50.79410
21-04-2020,50.34010
20-04-2020,51.83830
17-04-2020,51.97380
16-04-2020,50.41020
15-04-2020,49.88130
13-04-2020,49.74640
09-04-2020,50.18100
08-04-2020,48.22710
07-04-2020,48.04650
03-04-2020,44.72180
01-04-2020,45.40370
31-03-2020,47.03410
30-03-2020,45.42650
27-03-2020,46.81970
26-03-2020,46.68850
25-03-2020,44.84470
24-03-2020,43.12230
23-03-2020,42.34040
20-03-2020,48.70730
19-03-2020,46.82170
18-03-2020,47.84540
17-03-2020,50.53310
16-03-2020,51.89280
13-03-2020,55.72590
12-03-2020,53.81550
11-03-2020,58.46050
09-03-2020,59.01990
06-03-2020,61.32830
05-03-2020,62.59020
04-03-2020,62.58070
03-03-2020,63.23580
02-03-2020,62.16990
28-02-2020,62.48540
27-02-2020,64.58070
26-02-2020,64.89530
25-02-2020,65.49670
24-02-2020,65.70540
20-02-2020,66.82580
19-02-2020,66.69110
18-02-2020,65.90390
17-02-2020,66.14920
14-02-2020,66.38460
13-02-2020,66.80280
12-02-2020,66.78340
11-02-2020,66.50430
10-02-2020,66.37950
07-02-2020,66.91960
06-02-2020,66.85970
05-02-2020,66.57050
04-02-2020,65.83450
03-02-2020,64.61770
31-01-2020,65.78850
30-01-2020,65.97590
29-01-2020,66.16270
28-01-2020,65.89220
27-01-2020,66.40200
24-01-2020,66.72620
23-01-2020,66.39510
22-01-2020,65.83290
21-01-2020,65.90570
20-01-2020,66.22010
17-01-2020,66.42240
16-01-2020,66.24590
15-01-2020,66.00760
14-01-2020,66.02360
13-01-2020,65.67790
10-01-2020,65.27820
09-01-2020,65.02710
08-01-2020,64.04750
07-01-2020,64.00300
06-01-2020,63.74530
03-01-2020,64.90030
02-01-2020,65.06210
01-01-2020,64.58650
31-12-2019,64.48240
30-12-2019,64.66500
27-12-2019,64.62190
26-12-2019,63.81550
24-12-2019,64.08030
23-12-2019,64.18700
20-12-2019,64.18620
19-12-2019,64.08600
18-12-2019,64.00140
17-12-2019,63.85210
16-12-2019,63.38350
13-12-2019,63.65870
12-12-2019,63.00090
11-12-2019,62.69540
10-12-2019,62.52840
09-12-2019,62.96840
06-12-2019,62.90670
05-12-2019,63.38870
04-12-2019,63.59040
03-12-2019,63.11120
02-12-2019,63.54950
29-11-2019,63.84010
28-11-2019,63.90930
27-11-2019,63.58750
26-11-2019,63.43890
25-11-2019,63.48690
22-11-2019,62.65950
21-11-2019,62.94350
20-11-2019,63.28180
19-11-2019,62.99470
18-11-2019,62.68150
15-11-2019,62.45540
14-11-2019,62.26430
13-11-2019,61.89910
11-11-2019,62.59190
08-11-2019,62.28290
07-11-2019,62.64100
06-11-2019,62.48010
05-11-2019,62.15560
04-11-2019,62.51360
01-11-2019,62.33240
31-10-2019,62.12470
30-10-2019,62.00190
29-10-2019,61.75110
25-10-2019,60.64380
24-10-2019,60.45260
23-10-2019,60.74010
22-10-2019,60.45540
18-10-2019,60.70390
17-10-2019,60.25590
16-10-2019,59.51930
15-10-2019,59.48760
14-10-2019,59.17200
11-10-2019,58.94840
10-10-2019,58.66900
09-10-2019,59.36060
07-10-2019,58.40350
04-10-2019,58.60150
03-10-2019,59.32140
01-10-2019,59.54120
30-09-2019,60.12230
27-09-2019,60.58580
26-09-2019,61.02170
25-09-2019,60.34810
24-09-2019,61.09430
23-09-2019,61.13270
20-09-2019,59.61450
19-09-2019,56.72720
18-09-2019,57.44630
17-09-2019,57.32670
16-09-2019,58.41370
13-09-2019,58.67140
12-09-2019,58.20970
11-09-2019,58.27010
09-09-2019,57.90840
06-09-2019,57.72520
05-09-2019,57.19980
04-09-2019,56.98290
03-09-2019,56.77330
30-08-2019,57.84940
29-08-2019,57.27350
28-08-2019,57.48450
27-08-2019,57.78790
26-08-2019,57.41260
23-08-2019,56.30810
22-08-2019,56.07520
21-08-2019,56.87970
20-08-2019,57.31150
19-08-2019,57.54900
16-08-2019,57.39330
14-08-2019,57.36970
13-08-2019,56.79860
09-08-2019,58.10550
08-08-2019,57.82360
07-08-2019,57.08850
06-08-2019,57.38120
05-08-2019,56.88700
02-08-2019,57.39450
01-08-2019,57.44080
31-07-2019,58.12890
30-07-2019,57.90880
29-07-2019,58.47870
26-07-2019,58.77180
25-07-2019,58.72680
24-07-2019,58.46210
23-07-2019,59.05040
22-07-2019,59.12200
19-07-2019,59.24490
18-07-2019,60.07980
17-07-2019,60.72260
16-07-2019,60.62990
15-07-2019,60.20240
12-07-2019,60.05540
11-07-2019,60.05290
10-07-2019,59.68020
09-07-2019,60.01310
08-07-2019,59.98540
05-07-2019,61.08280
04-07-2019,61.81620
03-07-2019,61.70270
02-07-2019,61.68490
01-07-2019,61.64650
28-06-2019,61.28620
27-06-2019,61.51110
26-06-2019,61.42080
25-06-2019,61.15040
24-06-2019,60.57920
21-06-2019,60.76700
20-06-2019,60.99080
19-06-2019,60.11760
18-06-2019,60.45880
17-06-2019,60.26510
14-06-2019,61.09120
13-06-2019,61.69000
12-06-2019,61.73040
11-06-2019,62.11430
10-06-2019,61.91200
07-06-2019,61.54920
06-06-2019,61.40340
04-06-2019,62.50180
03-06-2019,62.74410
31-05-2019,62.06120
30-05-2019,62.16000
29-05-2019,61.72090
28-05-2019,62.08870
27-05-2019,61.93860
24-05-2019,61.35230
23-05-2019,60.17110
22-05-2019,60.42010
21-05-2019,60.19550
20-05-2019,60.96500
17-05-2019,59.09020
16-05-2019,58.65560
15-05-2019,58.38320
14-05-2019,58.74490
13-05-2019,58.26390
10-05-2019,59.27760
09-05-2019,59.31550
08-05-2019,59.54280
07-05-2019,60.14940
06-05-2019,60.78140
03-05-2019,61.11200
02-05-2019,61.17520
30-04-2019,61.59400
26-04-2019,61.60000
25-04-2019,61.09850
24-04-2019,61.57590
23-04-2019,61.04460
22-04-2019,61.18930
18-04-2019,62.01690
16-04-2019,62.35180
15-04-2019,61.86640
12-04-2019,61.63200
11-04-2019,61.22440
10-04-2019,61.29430
09-04-2019,61.61820
08-04-2019,61.29240
05-04-2019,61.68250
04-04-2019,61.37890
03-04-2019,61.54090
02-04-2019,62.00240
01-04-2019,61.92470
29-03-2019,61.80750
28-03-2019,61.61280
27-03-2019,60.88040
26-03-2019,60.85510
25-03-2019,60.38740
22-03-2019,60.94870
20-03-2019,61.19480
19-03-2019,61.23950
18-03-2019,60.91430
15-03-2019,60.82730
14-03-2019,60.42770
13-03-2019,60.38250
12-03-2019,60.32430
11-03-2019,59.71880
08-03-2019,58.98760
07-03-2019,58.95580
06-03-2019,58.99400
05-03-2019,58.64420
01-03-2019,57.64550
28-02-2019,57.24980
27-02-2019,57.27030
26-02-2019,57.23160
25-02-2019,57.38950
22-02-2019,56.91980
21-02-2019,56.84500
20-02-2019,56.58160
19-02-2019,55.91140
18-02-2019,56.07370
15-02-2019,56.44710
14-02-2019,56.71490
13-02-2019,56.68270
12-02-2019,56.94700
11-02-2019,57.30950
08-02-2019,57.55540
07-02-2019,58.28560
06-02-2019,57.94320
05-02-2019,57.45070
04-02-2019,57.41310
01-02-2019,57.68120
31-01-2019,57.68390
30-01-2019,56.89380
29-01-2019,56.54070
28-01-2019,56.44490
25-01-2019,57.23950
24-01-2019,57.56410
23-01-2019,57.64960
22-01-2019,57.93350
21-01-2019,58.00420
18-01-2019,58.05040
17-01-2019,58.58480
16-01-2019,58.60030
15-01-2019,58.47260
14-01-2019,57.86990
11-01-2019,58.20030
10-01-2019,58.41640
09-01-2019,58.46470
08-01-2019,58.29600
07-01-2019,58.01370
04-01-2019,57.64070
03-01-2019,57.50770
02-01-2019,57.98620
01-01-2019,58.59500
31-12-2018,58.40980
28-12-2018,58.34260
27-12-2018,57.85490
26-12-2018,57.77780
24-12-2018,57.58230
21-12-2018,57.79460
20-12-2018,58.81040
19-12-2018,58.92780
18-12-2018,58.46780
17-12-2018,58.27290
14-12-2018,57.91660
13-12-2018,57.72160
12-12-2018,57.36960
11-12-2018,56.17270
10-12-2018,55.69240
07-12-2018,56.55100
06-12-2018,56.35160
05-12-2018,57.20910
04-12-2018,58.06580
03-12-2018,58.03230
30-11-2018,57.90930
29-11-2018,57.76940
28-11-2018,57.24680
27-11-2018,57.08100
26-11-2018,56.89700
22-11-2018,56.48360
21-11-2018,56.91690
20-11-2018,56.99080
19-11-2018,57.44820
16-11-2018,57.27050
15-11-2018,57.18560
14-11-2018,56.88060
13-11-2018,57.05300
12-11-2018,56.66990
09-11-2018,57.15080
06-11-2018,56.67190
05-11-2018,56.89740
02-11-2018,57.38090
01-11-2018,56.66700
31-10-2018,56.54890
30-10-2018,55.26920
29-10-2018,55.47210
26-10-2018,54.16510
25-10-2018,54.80100
24-10-2018,55.39390
23-10-2018,54.96780
22-10-2018,55.47070
19-10-2018,55.75970
17-10-2018,56.28510
16-10-2018,57.28960
15-10-2018,56.71000
12-10-2018,56.54000
11-10-2018,55.44240
10-10-2018,56.64650
09-10-2018,55.50820
08-10-2018,55.78480
05-10-2018,56.20600
04-10-2018,57.42060
03-10-2018,58.61300
01-10-2018,59.53530
28-09-2018,59.15930
27-09-2018,59.35220
26-09-2018,60.04380
25-09-2018,59.96260
24-09-2018,59.63680
21-09-2018,60.67850
19-09-2018,61.55880
18-09-2018,61.81490
17-09-2018,62.48210
14-09-2018,62.96390
12-09-2018,62.04340
11-09-2018,62.02390
10-09-2018,62.88780
07-09-2018,63.62460
06-09-2018,63.13820
05-09-2018,62.86680
04-09-2018,63.09410
03-09-2018,63.86480
31-08-2018,64.38510
30-08-2018,64.04420
29-08-2018,63.81950
28-08-2018,63.92610
27-08-2018,63.97100
24-08-2018,63.29040
23-08-2018,63.54950
21-08-2018,63.51520
20-08-2018,63.29120
17-08-2018,63.33740
16-08-2018,62.98310
14-08-2018,62.94180
13-08-2018,62.35760
10-08-2018,62.51140
09-08-2018,62.79090
08-08-2018,62.60560
07-08-2018,62.50140
06-08-2018,62.65960
03-08-2018,62.51830
02-08-2018,61.91080
01-08-2018,62.11910
31-07-2018,62.24700
30-07-2018,62.11750
27-07-2018,61.91040
26-07-2018,61.38930
25-07-2018,61.06860
24-07-2018,61.13520
23-07-2018,60.57820
20-07-2018,59.99270
19-07-2018,59.55380
18-07-2018,59.64160
17-07-2018,59.99560
16-07-2018,59.45480
13-07-2018,60.01710
12-07-2018,60.22940
11-07-2018,60.19850
10-07-2018,60.37330
09-07-2018,59.90320
06-07-2018,59.31530
05-07-2018,59.38480
04-07-2018,59.63830
03-07-2018,59.48090
02-07-2018,59.08790
29-06-2018,59.29520
28-06-2018,58.62310
27-06-2018,59.25210
26-06-2018,59.87900
25-06-2018,59.75490
22-06-2018,60.14260
21-06-2018,59.71140
20-06-2018,59.82690
19-06-2018,59.58020
18-06-2018,60.07420
15-06-2018,60.09130
14-06-2018,60.09230
13-06-2018,60.36650
12-06-2018,60.39100
11-06-2018,60.17910
08-06-2018,60.04670
07-06-2018,59.78530
06-06-2018,59.33700
05-06-2018,58.87910
04-06-2018,59.16300
01-06-2018,59.66370
31-05-2018,60.13420
30-05-2018,59.41490
29-05-2018,59.45210
28-05-2018,59.82760
25-05-2018,59.17980
24-05-2018,58.45060
23-05-2018,58.18040
22-05-2018,58.55750
21-05-2018,58.45480
18-05-2018,58.92500
17-05-2018,59.50960
16-05-2018,59.45870
15-05-2018,59.80980
14-05-2018,59.92520
11-05-2018,60.00340
10-05-2018,59.72900
09-05-2018,60.11400
08-05-2018,60.15140
07-05-2018,60.10720
04-05-2018,59.73320
02-05-2018,60.05810
30-04-2018,60.57600
27-04-2018,60.26720
26-04-2018,59.84040
25-04-2018,59.53230
24-04-2018,59.77300
23-04-2018,59.89600
20-04-2018,59.53610
19-04-2018,59.38850
18-04-2018,59.13290
17-04-2018,59.35120
16-04-2018,59.23900
13-04-2018,59.10410
12-04-2018,59.02570
11-04-2018,58.75570
10-04-2018,58.66750
09-04-2018,58.60930
06-04-2018,58.49200
05-04-2018,58.22800
04-04-2018,57.21760
03-04-2018,57.79240
02-04-2018,57.45400
28-03-2018,57.01370
27-03-2018,57.28360
26-03-2018,56.78330
23-03-2018,56.35610
22-03-2018,56.81650
21-03-2018,57.07850
20-03-2018,56.91100
19-03-2018,56.75160
16-03-2018,57.37240
15-03-2018,58.23580
14-03-2018,58.28300
13-03-2018,58.20220
12-03-2018,58.06260
09-03-2018,57.29410
08-03-2018,57.42430
07-03-2018,57.22340
06-03-2018,57.81690
05-03-2018,58.41080
01-03-2018,58.62460
28-02-2018,58.90540
27-02-2018,59.20000
26-02-2018,59.36700
23-02-2018,58.83910
22-02-2018,58.02650
21-02-2018,58.09890
20-02-2018,57.98350
19-02-2018,57.97210
16-02-2018,58.59550
15-02-2018,59.19150
14-02-2018,59.11800
12-02-2018,59.05590
09-02-2018,58.72250
08-02-2018,59.20910
07-02-2018,58.48370
06-02-2018,58.46590
05-02-2018,59.31770
02-02-2018,59.56900
01-02-2018,61.14680
31-01-2018,61.10730
30-01-2018,61.28270
29-01-2018,61.50860
25-01-2018,61.47210
24-01-2018,61.77710
23-01-2018,62.03480
22-01-2018,61.35700
19-01-2018,60.91700
18-01-2018,60.52220
17-01-2018,60.72150
16-01-2018,60.33240
15-01-2018,60.67530
12-01-2018,60.71130
11-01-2018,60.53440
10-01-2018,60.52780
09-01-2018,60.46620
08-01-2018,60.57140
05-01-2018,60.18620
04-01-2018,59.70380
03-01-2018,59.40820
02-01-2018,59.39380
01-01-2018,59.47660
29-12-2017,59.87250
28-12-2017,59.58810
27-12-2017,59.56010
26-12-2017,59.70180
22-12-2017,59.39950
21-12-2017,59.14900
20-12-2017,59.12940
19-12-2017,59.02460
18-12-2017,58.40750
15-12-2017,57.98730
14-12-2017,57.46950
13-12-2017,57.36350
12-12-2017,57.70560
11-12-2017,58.20250
08-12-2017,57.87690
07-12-2017,57.43800
06-12-2017,56.65650
05-12-2017,56.93760
04-12-2017,56.94410
01-12-2017,56.93940
30-11-2017,57.55750
29-11-2017,58.02110
28-11-2017,58.06470
27-11-2017,58.08670
24-11-2017,58.19380
23-11-2017,57.82790
22-11-2017,57.76310
21-11-2017,57.71620
20-11-2017,57.52180
17-11-2017,57.45340
16-11-2017,57.21130
15-11-2017,56.77780
14-11-2017,57.18410
13-11-2017,57.45580
10-11-2017,57.58540
09-11-2017,57.63260
08-11-2017,57.42120
07-11-2017,57.60440
06-11-2017,58.14920
03-11-2017,58.01540
02-11-2017,57.97280
01-11-2017,57.98260
31-10-2017,57.54550
30-10-2017,57.60210
27-10-2017,57.16380
26-10-2017,56.83630
25-10-2017,56.56350
24-10-2017,56.39130
23-10-2017,56.45720
18-10-2017,56.46690
17-10-2017,56.81260
16-10-2017,56.78230
13-10-2017,56.38730
12-10-2017,56.25090
11-10-2017,55.66780
10-10-2017,55.90290
09-10-2017,55.63770
06-10-2017,55.74510
05-10-2017,55.20430
04-10-2017,55.32400
03-10-2017,55.30260
29-09-2017,54.87600
28-09-2017,54.41250
27-09-2017,54.15090
26-09-2017,54.93000
25-09-2017,54.80210
22-09-2017,55.26610
21-09-2017,56.24890
20-09-2017,56.38730
19-09-2017,56.62860
18-09-2017,56.47110
15-09-2017,56.06210
14-09-2017,56.13620
13-09-2017,55.99350
12-09-2017,56.27740
11-09-2017,55.96630
08-09-2017,55.30670
07-09-2017,55.40550
06-09-2017,55.20190
05-09-2017,55.25860
04-09-2017,54.94580
01-09-2017,55.49110
31-08-2017,55.21330
30-08-2017,55.09980
29-08-2017,54.53860
28-08-2017,55.07900
24-08-2017,54.71350
23-08-2017,54.60360
22-08-2017,54.12730
21-08-2017,54.10470
18-08-2017,54.83000
17-08-2017,55.28870
16-08-2017,55.32960
14-08-2017,54.56600
11-08-2017,53.85000
10-08-2017,54.00620
09-08-2017,54.87540
08-08-2017,55.45910
07-08-2017,55.82420
04-08-2017,55.69570
03-08-2017,55.15550
02-08-2017,55.50820
01-08-2017,55.69700
31-07-2017,55.42620
28-07-2017,55.04730
27-07-2017,55.08410
26-07-2017,55.26320
25-07-2017,55.07960
24-07-2017,54.84570
21-07-2017,54.59510
20-07-2017,54.58660
19-07-2017,54.67380
18-07-2017,54.37950
17-07-2017,54.48650
14-07-2017,54.32870
13-07-2017,54.43580
12-07-2017,54.24670
11-07-2017,54.02710
10-07-2017,54.06870
07-07-2017,53.55310
06-07-2017,53.56350
05-07-2017,53.50530
04-07-2017,53.18490
03-07-2017,53.16410
30-06-2017,52.74810
29-06-2017,52.57870
28-06-2017,52.47210
27-06-2017,52.35530
23-06-2017,52.62750
22-06-2017,53.16530
21-06-2017,53.49460
20-06-2017,53.81880
19-06-2017,53.67500
16-06-2017,53.46100
15-06-2017,53.50360
14-06-2017,53.72870
13-06-2017,53.67300
12-06-2017,53.76480
09-06-2017,54.02300
08-06-2017,53.88810
07-06-2017,53.94590
06-06-2017,53.84880
05-06-2017,53.97760
02-06-2017,53.96060
01-06-2017,53.60140
31-05-2017,53.49550
30-05-2017,52.98750
29-05-2017,52.76560
26-05-2017,53.17730
25-05-2017,52.79560
24-05-2017,51.96280
23-05-2017,52.04050
22-05-2017,52.43410
19-05-2017,52.70860
18-05-2017,52.98850
17-05-2017,53.52250
16-05-2017,53.61170
15-05-2017,53.32060
12-05-2017,53.10580
11-05-2017,53.18570
10-05-2017,53.16110
09-05-2017,52.82620
08-05-2017,52.71680
05-05-2017,52.54640
04-05-2017,52.82470
03-05-2017,52.65880
02-05-2017,52.68960
28-04-2017,52.65960
27-04-2017,52.68390
26-04-2017,52.60640
25-04-2017,52.51730
24-04-2017,52.02580
21-04-2017,51.60480
20-04-2017,51.72160
19-04-2017,51.63120
18-04-2017,51.49130
17-04-2017,51.61420
13-04-2017,51.62040
12-04-2017,51.84730
11-04-2017,52.00460
10-04-2017,51.70350
07-04-2017,51.64680
06-04-2017,51.83480
05-04-2017,51.73290
03-04-2017,51.65590
31-03-2017,51.55100
30-03-2017,51.51830
29-03-2017,51.25520
28-03-2017,51.25790
27-03-2017,51.04470
24-03-2017,51.17940
23-03-2017,51.10140
22-03-2017,50.75540
21-03-2017,51.18150
20-03-2017,51.14380
17-03-2017,51.34940
16-03-2017,51.28800
15-03-2017,50.91060
14-03-2017,50.79070
10-03-2017,50.10480
09-03-2017,50.12140
08-03-2017,50.06750
07-03-2017,50.28520
06-03-2017,50.38950
03-03-2017,50.15330
02-03-2017,50.11770
01-03-2017,50.41720
28-02-2017,50.17390
27-02-2017,50.19120
23-02-2017,50.55550
22-02-2017,50.39380
21-02-2017,50.62530
20-02-2017,50.42310
17-02-2017,50.14130
16-02-2017,49.85960
15-02-2017,49.36060
14-02-2017,49.88650
13-02-2017,50.22960
10-02-2017,50.26220
09-02-2017,50.16810
08-02-2017,50.04150
07-02-2017,50.03440
06-02-2017,50.20450
03-02-2017,49.78170
02-02-2017,49.59870
01-02-2017,49.44510
31-01-2017,48.41440
30-01-2017,48.78480
27-01-2017,48.96550
25-01-2017,48.82920
24-01-2017,48.21290
23-01-2017,47.66240
20-01-2017,47.54690
19-01-2017,48.12530
18-01-2017,48.06470
17-01-2017,47.86360
16-01-2017,47.75300
13-01-2017,47.65820
12-01-2017,47.79540
11-01-2017,47.74800
10-01-2017,47.12360
09-01-2017,46.79800
06-01-2017,46.84120
05-01-2017,47.08490
04-01-2017,46.60000
03-01-2017,46.70710
02-01-2017,46.51460
30-12-2016,46.37980
29-12-2016,45.97930
28-12-2016,45.52070
27-12-2016,45.43940
26-12-2016,44.73500
23-12-2016,45.23910
22-12-2016,45.05890
21-12-2016,45.60430
20-12-2016,45.63230
19-12-2016,45.85310
16-12-2016,46.10680
15-12-2016,46.18260
14-12-2016,46.20630
13-12-2016,46.44660
12-12-2016,46.25980
09-12-2016,46.92630
08-12-2016,46.83540
07-12-2016,46.03070
06-12-2016,46.31940
05-12-2016,46.26350
02-12-2016,46.08950
01-12-2016,46.60990
30-11-2016,46.92250
29-11-2016,46.42550
28-11-2016,46.28480
25-11-2016,46.31130
24-11-2016,45.46020
23-11-2016,45.77690
22-11-2016,45.55760
21-11-2016,45.03250
18-11-2016,45.86740
17-11-2016,45.80020
16-11-2016,46.03000
15-11-2016,45.97360
11-11-2016,47.41290
10-11-2016,48.81960
09-11-2016,48.51480
08-11-2016,49.40990
07-11-2016,49.19630
04-11-2016,48.85570
03-11-2016,49.25910
02-11-2016,49.49190
01-11-2016,50.09000
28-10-2016,50.15310
27-10-2016,49.84000
26-10-2016,50.24480
25-10-2016,50.72430
24-10-2016,50.76560
21-10-2016,50.79720
20-10-2016,50.66180
19-10-2016,50.55230
18-10-2016,50.67200
17-10-2016,49.90510
14-10-2016,50.39380
13-10-2016,50.25450
10-10-2016,50.86780
07-10-2016,50.88680
06-10-2016,50.98290
05-10-2016,51.20810
04-10-2016,51.19990
03-10-2016,51.03450
30-09-2016,49.94850
29-09-2016,49.54660
28-09-2016,50.50670
27-09-2016,50.22380
26-09-2016,50.31120
23-09-2016,50.80990
22-09-2016,51.02680
21-09-2016,50.42970
20-09-2016,50.43020
19-09-2016,50.67720
16-09-2016,50.48610
15-09-2016,50.20560
14-09-2016,50.19130
12-09-2016,50.01940
09-09-2016,50.96710
08-09-2016,51.51180
07-09-2016,51.23340
06-09-2016,51.34110
02-09-2016,50.52920
01-09-2016,50.31000
31-08-2016,50.39940
30-08-2016,50.04400
29-08-2016,49.33020
26-08-2016,49.11540
25-08-2016,49.18760
24-08-2016,49.44690
23-08-2016,49.25660
22-08-2016,49.33260
19-08-2016,49.63880
18-08-2016,49.58580
17-08-2016,49.24080
16-08-2016,49.32690
12-08-2016,49.38980
11-08-2016,49.04510
10-08-2016,49.02930
09-08-2016,49.80270
08-08-2016,49.94410
05-08-2016,49.70060
04-08-2016,48.82880
03-08-2016,48.82650
02-08-2016,49.33460
01-08-2016,49.34210
29-07-2016,49.23210
28-07-2016,49.23560
27-07-2016,48.95320
26-07-2016,48.75470
25-07-2016,48.98570
22-07-2016,48.46580
21-07-2016,48.32810
20-07-2016,48.49640
19-07-2016,48.17780
18-07-2016,48.10870
15-07-2016,48.12140
14-07-2016,48.35320
13-07-2016,48.16190
12-07-2016,48.37730
11-07-2016,48.12230
08-07-2016,47.44910
07-07-2016,47.46380
05-07-2016,47.45570
04-07-2016,47.62520
01-07-2016,47.42830
30-06-2016,46.96150
29-06-2016,46.51570
28-06-2016,45.98470
27-06-2016,45.91600
24-06-2016,45.83330
23-06-2016,46.72930
22-06-2016,46.34230
21-06-2016,46.41600
20-06-2016,46.53110
17-06-2016,46.12650
16-06-2016,46.03840
15-06-2016,46.42600
14-06-2016,45.99230
13-06-2016,45.97520
10-06-2016,46.26290
09-06-2016,46.42780
08-06-2016,46.79870
07-06-2016,46.73950
06-06-2016,46.43740
03-06-2016,46.49830
02-06-2016,46.47720
01-06-2016,46.20120
31-05-2016,46.18810
30-05-2016,46.19680
27-05-2016,45.88910
26-05-2016,45.45680
25-05-2016,44.85680
24-05-2016,43.90640
23-05-2016,43.85850
20-05-2016,44.04450
19-05-2016,44.30980
18-05-2016,44.67930
17-05-2016,44.72670
16-05-2016,44.68980
13-05-2016,44.52210
12-05-2016,44.71270
11-05-2016,44.37580
10-05-2016,44.44770
09-05-2016,44.37710
06-05-2016,43.75530
05-05-2016,43.75990
04-05-2016,43.67940
03-05-2016,43.96390
02-05-2016,44.27960
29-04-2016,44.42200
28-04-2016,44.39980
27-04-2016,44.96390
26-04-2016,44.90430
25-04-2016,44.39980
22-04-2016,44.58680
21-04-2016,44.52060
20-04-2016,44.63000
18-04-2016,44.57470
13-04-2016,44.17300
12-04-2016,43.53640
11-04-2016,43.21440
08-04-2016,42.71000
07-04-2016,42.73490
06-04-2016,43.04040
05-04-2016,42.95000
04-04-2016,43.82330
01-04-2016,43.68120
31-03-2016,43.86980
30-03-2016,43.68680
29-03-2016,42.90900
28-03-2016,42.92550
23-03-2016,43.53530
22-03-2016,43.55650
21-03-2016,43.44650
18-03-2016,42.89360
17-03-2016,42.40930
16-03-2016,42.23230
15-03-2016,42.06650
14-03-2016,42.38260
11-03-2016,42.16340
10-03-2016,42.04250
09-03-2016,42.35350
08-03-2016,42.05340
04-03-2016,42.07230
03-03-2016,42.04420
02-03-2016,41.49760
01-03-2016,40.55580
29-02-2016,39.21600
26-02-2016,39.58170
25-02-2016,39.33320
24-02-2016,39.73210
23-02-2016,40.18420
22-02-2016,40.84260
19-02-2016,40.60630
18-02-2016,40.50480
17-02-2016,40.01310
16-02-2016,39.75740
15-02-2016,40.39920
12-02-2016,39.31880
11-02-2016,39.38370
10-02-2016,40.61710
09-02-2016,40.91710
08-02-2016,41.44300
05-02-2016,41.73910
04-02-2016,41.34320
03-02-2016,41.15130
02-02-2016,41.81380
01-02-2016,42.34040
29-01-2016,42.48170
28-01-2016,41.75720
27-01-2016,41.93830
25-01-2016,41.92330
22-01-2016,41.89740
21-01-2016,41.16310
20-01-2016,41.28980
19-01-2016,41.98100
18-01-2016,41.44100
15-01-2016,42.06870
14-01-2016,42.70900
13-01-2016,42.97980
12-01-2016,42.82950
11-01-2016,43.24130
08-01-2016,43.49580
07-01-2016,43.21910
06-01-2016,44.28510
05-01-2016,44.47660
04-01-2016,44.51520
01-01-2016,45.38900
31-12-2015,45.20300
30-12-2015,45.05330
29-12-2015,45.27500
28-12-2015,45.21870
24-12-2015,44.82990
23-12-2015,44.82150
22-12-2015,44.51600
21-12-2015,44.69020
18-12-2015,44.44110
17-12-2015,44.87430
16-12-2015,44.34410
15-12-2015,44.09420
14-12-2015,43.87000
11-12-2015,43.71360
10-12-2015,44.11120
09-12-2015,43.77480
08-12-2015,44.40690
07-12-2015,44.83470
04-12-2015,44.89360
03-12-2015,45.17390
02-12-2015,45.40780
01-12-2015,45.49840
30-11-2015,45.51330
27-11-2015,45.63760
26-11-2015,45.32010
24-11-2015,45.10280
23-11-2015,45.29160
20-11-2015,45.31290
19-11-2015,45.16250
18-11-2015,44.58360
17-11-2015,45.17190
16-11-2015,45.09080
13-11-2015,44.96680
10-11-2015,45.01370
09-11-2015,45.58460
06-11-2015,45.68890
05-11-2015,45.60550
04-11-2015,46.15690
03-11-2015,46.29330
02-11-2015,46.22820
30-10-2015,46.24970
29-10-2015,46.63920
28-10-2015,47.00360
27-10-2015,47.40270
26-10-2015,47.50220
23-10-2015,47.69250
21-10-2015,47.64740
20-10-2015,47.79230
19-10-2015,47.62440
16-10-2015,47.39080
15-10-2015,47.04860
14-10-2015,46.58830
13-10-2015,46.73310
12-10-2015,46.83140
09-10-2015,47.13070
08-10-2015,46.92270
07-10-2015,47.14780
06-10-2015,47.07760
05-10-2015,46.96790
01-10-2015,46.03130
30-09-2015,45.80000
29-09-2015,45.35750
28-09-2015,45.24450
24-09-2015,45.68270
23-09-2015,45.63540
22-09-2015,45.55880
21-09-2015,46.36490
18-09-2015,46.30560
16-09-2015,45.66450
15-09-2015,45.43570
14-09-2015,45.78740
11-09-2015,45.35650
10-09-2015,45.36540
09-09-2015,45.35690
08-09-2015,44.61940
07-09-2015,43.96900
04-09-2015,44.65190
03-09-2015,45.55430
02-09-2015,45.06680
01-09-2015,45.32000
31-08-2015,46.33360
28-08-2015,46.64040
27-08-2015,46.40700
26-08-2015,45.42320
25-08-2015,45.87330
24-08-2015,45.27390
21-08-2015,48.43030
20-08-2015,48.82660
19-08-2015,49.54450
18-08-2015,49.38050
17-08-2015,49.18460
14-08-2015,49.36760
13-08-2015,48.41360
12-08-2015,48.29770
11-08-2015,49.00820
10-08-2015,49.46390
07-08-2015,49.70730
06-08-2015,49.79380
05-08-2015,49.71940
04-08-2015,49.26280
03-08-2015,49.15120
31-07-2015,48.86530
30-07-2015,48.22730
29-07-2015,48.03440
28-07-2015,47.66370
27-07-2015,47.66980
24-07-2015,48.57240
23-07-2015,48.92900
22-07-2015,49.02270
21-07-2015,48.74300
20-07-2015,49.29990
17-07-2015,49.35160
16-07-2015,49.16900
15-07-2015,48.71560
14-07-2015,48.32480
13-07-2015,48.41980
10-07-2015,47.90520
09-07-2015,47.72360
08-07-2015,47.76800
07-07-2015,48.50770
06-07-2015,48.49180
03-07-2015,48.30980
02-07-2015,48.23440
01-07-2015,48.26640
30-06-2015,47.75880
29-06-2015,47.40510
26-06-2015,47.88030
25-06-2015,47.90200
24-06-2015,47.74940
23-06-2015,48.01370
22-06-2015,47.91440
19-06-2015,47.19450
18-06-2015,46.98180
17-06-2015,46.57460
16-06-2015,46.21980
15-06-2015,46.06680
12-06-2015,46.02130
11-06-2015,45.97680
10-06-2015,46.86080
09-06-2015,46.30270
08-06-2015,46.48140
05-06-2015,46.97630
04-06-2015,47.12700
03-06-2015,47.14430
02-06-2015,47.82970
01-06-2015,48.81400
29-05-2015,48.98080
28-05-2015,48.38320
27-05-2015,48.49170
26-05-2015,48.63460
25-05-2015,48.74140
22-05-2015,49.06120
21-05-2015,49.00920
20-05-2015,49.04160
19-05-2015,48.83560
18-05-2015,48.82680
15-05-2015,48.24070
14-05-2015,48.00060
13-05-2015,47.93530
12-05-2015,47.18440
11-05-2015,48.26090
08-05-2015,47.40810
07-05-2015,46.64810
06-05-2015,47.21000
05-05-2015,48.58830
04-05-2015,48.59300
30-04-2015,47.77260
29-04-2015,47.91920
28-04-2015,47.97400
27-04-2015,47.32930
24-04-2015,47.74240
23-04-2015,48.37510
22-04-2015,48.48120
21-04-2015,48.26080
20-04-2015,48.69990
17-04-2015,49.50940
16-04-2015,50.36200
15-04-2015,50.71040
13-04-2015,51.07750
10-04-2015,50.80140
09-04-2015,50.79880
08-04-2015,50.55540
07-04-2015,50.15960
06-04-2015,50.15100
01-04-2015,49.72950
31-03-2015,49.22230
30-03-2015,49.29070
27-03-2015,48.51030
26-03-2015,48.32880
25-03-2015,49.24350
24-03-2015,49.24580
23-03-2015,49.35750
20-03-2015,49.65240
19-03-2015,50.10910
18-03-2015,50.38870
17-03-2015,50.44560
16-03-2015,50.01190
13-03-2015,50.06040
12-03-2015,50.82250
11-03-2015,50.34150
10-03-2015,50.59830
09-03-2015,50.71120
05-03-2015,51.72080
04-03-2015,51.70610
03-03-2015,52.16740
02-03-2015,51.88230
27-02-2015,50.81120
26-02-2015,49.81470
25-02-2015,50.31380
24-02-2015,50.33620
23-02-2015,50.33180
20-02-2015,50.84900
19-02-2015,51.13330
18-02-2015,51.06990
16-02-2015,50.87250
13-02-2015,51.08660
12-02-2015,50.61890
11-02-2015,49.92820
10-02-2015,49.37010
09-02-2015,49.14810
06-02-2015,50.01700
05-02-2015,50.50060
04-02-2015,50.70780
03-02-2015,51.10150
02-02-2015,51.32000
30-01-2015,51.28220
29-01-2015,51.86810
28-01-2015,51.65620
27-01-2015,51.61630
23-01-2015,51.01860
22-01-2015,50.73490
21-01-2015,50.40610
20-01-2015,50.24060
19-01-2015,49.68120
16-01-2015,49.28460
15-01-2015,49.10580
14-01-2015,48.09450
13-01-2015,48.13390
12-01-2015,48.31380
09-01-2015,48.04070
08-01-2015,47.76200
07-01-2015,47.09910
06-01-2015,47.18450
05-01-2015,48.64770
02-01-2015,48.64780
01-01-2015,48.12510
31-12-2014,48.05820
30-12-2014,47.85340
29-12-2014,47.77320
26-12-2014,47.41120
24-12-2014,47.28530
23-12-2014,47.65970
22-12-2014,47.89170
19-12-2014,47.49780
18-12-2014,47.12780
17-12-2014,46.16210
16-12-2014,46.51750
15-12-2014,47.24880
12-12-2014,47.46180
11-12-2014,47.76310
10-12-2014,48.11860
09-12-2014,47.88230
08-12-2014,48.51620
05-12-2014,49.12900
04-12-2014,49.30480
03-12-2014,49.20230
02-12-2014,48.89400
01-12-2014,48.89290
28-11-2014,48.88130
27-11-2014,48.30210
26-11-2014,48.26440
25-11-2014,48.18980
24-11-2014,48.61120
21-11-2014,48.33620
20-11-2014,48.04150
19-11-2014,47.96350
18-11-2014,48.34840
17-11-2014,48.21430
14-11-2014,48.00100
13-11-2014,47.79760
12-11-2014,47.95710
11-11-2014,47.80950
10-11-2014,47.68620
07-11-2014,47.66890
05-11-2014,47.59070
03-11-2014,47.42410
31-10-2014,47.27210
30-10-2014,46.52480
29-10-2014,46.18140
28-10-2014,45.85370
27-10-2014,45.70310
22-10-2014,45.73420
21-10-2014,45.35190
20-10-2014,45.01290
17-10-2014,44.38690
16-10-2014,44.23540
14-10-2014,44.99650
13-10-2014,45.06360
10-10-2014,44.90050
09-10-2014,45.39500
08-10-2014,44.78710
07-10-2014,44.91420
01-10-2014,45.49450
30-09-2014,45.73680
29-09-2014,45.65550
26-09-2014,45.48240
25-09-2014,45.19620
24-09-2014,45.70790
23-09-2014,45.89890
22-09-2014,46.61830
19-09-2014,46.51070
18-09-2014,46.48360
17-09-2014,45.62390
16-09-2014,45.37400
15-09-2014,46.17800
12-09-2014,46.39480
11-09-2014,46.26040
10-09-2014,46.24640
09-09-2014,46.42330
08-09-2014,46.55660
05-09-2014,45.80800
04-09-2014,45.83370
03-09-2014,45.78550
02-09-2014,45.41520
01-09-2014,45.00290
28-08-2014,44.33760
27-08-2014,44.34760
26-08-2014,44.20930
25-08-2014,44.21340
22-08-2014,44.25760
21-08-2014,44.10660
20-08-2014,43.87070
19-08-2014,43.86150
18-08-2014,43.57280
14-08-2014,43.08180
13-08-2014,42.72910
12-08-2014,42.82380
11-08-2014,42.43220
08-08-2014,42.19480
07-08-2014,42.61420
06-08-2014,42.75850
05-08-2014,43.11540
04-08-2014,42.79420
01-08-2014,42.28630
31-07-2014,42.73220
30-07-2014,42.94600
28-07-2014,42.76280
25-07-2014,42.97950
24-07-2014,43.21010
23-07-2014,43.19120
22-07-2014,43.04740
21-07-2014,42.81090
18-07-2014,42.86750
17-07-2014,42.74580
16-07-2014,42.40910
15-07-2014,41.71270
14-07-2014,41.32300
11-07-2014,41.42740
10-07-2014,41.87560
09-07-2014,42.09600
08-07-2014,42.40340
07-07-2014,43.42390
04-07-2014,43.19220
03-07-2014,42.94270
02-07-2014,42.84830
01-07-2014,42.28280
30-06-2014,42.15350
27-06-2014,41.64690
26-06-2014,41.58130
25-06-2014,41.79770
24-06-2014,41.83030
23-06-2014,41.40340
20-06-2014,41.36260
19-06-2014,41.45300
18-06-2014,41.65720
17-06-2014,41.85940
16-06-2014,41.25500
13-06-2014,41.26850
12-06-2014,41.93510
11-06-2014,41.78750
10-06-2014,41.96050
09-06-2014,42.00830
06-06-2014,41.64010
05-06-2014,41.08610
04-06-2014,40.60990
03-06-2014,40.59720
02-06-2014,40.17860
30-05-2014,39.56790
29-05-2014,39.47860
28-05-2014,39.81310
27-05-2014,39.55070
26-05-2014,39.72340
23-05-2014,39.72300
22-05-2014,39.24530
21-05-2014,38.86780
20-05-2014,39.03650
19-05-2014,38.89440
16-05-2014,38.57310
15-05-2014,38.04730
14-05-2014,37.97120
13-05-2014,37.97190
12-05-2014,37.39750
09-05-2014,36.66640
08-05-2014,35.78220
07-05-2014,35.72580
06-05-2014,35.96910
05-05-2014,35.84570
02-05-2014,35.80230
30-04-2014,35.86260
29-04-2014,36.03180
28-04-2014,36.24130
25-04-2014,36.33150
23-04-2014,36.74900
22-04-2014,36.69240
21-04-2014,36.78030
17-04-2014,36.52960
16-04-2014,36.01710
15-04-2014,36.27010
11-04-2014,36.38710
10-04-2014,36.37780
09-04-2014,36.38630
07-04-2014,35.98250
04-04-2014,36.06190
03-04-2014,36.25290
02-04-2014,36.32660
01-04-2014,36.15960
31-03-2014,36.12370
28-03-2014,35.96900
27-03-2014,35.66680
26-03-2014,35.50310
25-03-2014,35.46850
24-03-2014,35.36180
21-03-2014,35.03210
20-03-2014,34.93290
19-03-2014,35.02380
18-03-2014,35.02080
14-03-2014,34.88080
13-03-2014,34.82650
12-03-2014,35.12490
11-03-2014,35.06770
10-03-2014,35.18380
07-03-2014,35.23790
06-03-2014,34.70190
05-03-2014,34.26480
04-03-2014,34.12010
03-03-2014,33.74960
28-02-2014,33.94020
26-02-2014,33.73370
25-02-2014,33.59950
24-02-2014,33.52770
21-02-2014,33.41960
20-02-2014,33.09360
19-02-2014,33.33540
18-02-2014,33.12970
17-02-2014,32.86070
14-02-2014,32.75950
13-02-2014,32.59550
12-02-2014,32.93910
11-02-2014,32.86810
10-02-2014,32.82380
07-02-2014,32.79850
06-02-2014,32.65300
05-02-2014,32.61920
04-02-2014,32.53770
03-02-2014,32.53930
31-01-2014,32.93620
30-01-2014,32.71870
29-01-2014,33.00610
28-01-2014,32.89400
27-01-2014,33.07130
24-01-2014,33.68450
23-01-2014,34.04740
22-01-2014,34.03140
21-01-2014,33.91470
20-01-2014,33.91150
17-01-2014,33.61580
16-01-2014,33.98970
15-01-2014,34.05910
14-01-2014,33.74910
13-01-2014,33.86500
10-01-2014,33.50740
09-01-2014,33.48920
08-01-2014,33.53070
07-01-2014,33.46770
06-01-2014,33.63630
03-01-2014,33.66920
02-01-2014,33.58840
01-01-2014,33.98760
31-12-2013,34.03150
30-12-2013,33.91670
27-12-2013,34.07020
26-12-2013,33.86990
24-12-2013,33.83950
23-12-2013,33.92800
20-12-2013,33.90370
19-12-2013,33.45670
18-12-2013,33.45230
17-12-2013,33.12580
16-12-2013,33.08360
13-12-2013,32.95180
12-12-2013,33.31650
11-12-2013,33.63620
10-12-2013,33.72350
09-12-2013,33.77380
06-12-2013,33.28190
05-12-2013,33.15290
04-12-2013,32.80490
03-12-2013,32.98960
02-12-2013,33.10330
29-11-2013,32.88780
28-11-2013,32.52310
27-11-2013,32.41270
26-11-2013,32.43360
25-11-2013,32.72690
22-11-2013,32.21150
21-11-2013,32.17690
20-11-2013,32.78250
19-11-2013,33.20170
18-11-2013,33.13010
14-11-2013,32.57320
13-11-2013,32.29680
12-11-2013,32.51750
11-11-2013,32.76520
08-11-2013,33.02710
07-11-2013,33.21590
06-11-2013,33.34170
05-11-2013,33.46620
01-11-2013,33.70020
31-10-2013,33.71150
30-10-2013,33.52860
29-10-2013,33.41220
28-10-2013,32.85910
25-10-2013,33.05690
24-10-2013,33.16260
23-10-2013,33.30620
22-10-2013,33.39030
21-10-2013,33.36390
18-10-2013,33.24640
17-10-2013,32.59380
15-10-2013,32.81340
14-10-2013,32.89220
11-10-2013,32.73120
10-10-2013,32.33590
09-10-2013,32.28730
08-10-2013,31.94460
07-10-2013,31.84780
04-10-2013,31.84280
03-10-2013,31.83510
01-10-2013,31.15110
30-09-2013,31.03310
27-09-2013,31.34350
26-09-2013,31.42980
25-09-2013,31.43850
24-09-2013,31.47330
23-09-2013,31.48900
20-09-2013,31.89890
19-09-2013,32.17380
18-09-2013,31.28430
17-09-2013,31.07640
16-09-2013,30.98280
13-09-2013,31.02130
12-09-2013,31.06960
11-09-2013,31.38580
10-09-2013,31.28940
06-09-2013,30.28850
05-09-2013,29.90120
04-09-2013,29.40310
03-09-2013,28.90650
02-09-2013,29.89420
30-08-2013,29.49370
29-08-2013,29.20100
28-08-2013,28.67510
27-08-2013,28.71500
26-08-2013,29.57950
23-08-2013,29.46890
22-08-2013,29.19330
21-08-2013,28.82790
20-08-2013,29.32690
19-08-2013,29.47550
16-08-2013,30.01930
14-08-2013,31.09220
13-08-2013,30.96330
12-08-2013,30.47370
08-08-2013,30.19070
07-08-2013,29.93100
06-08-2013,30.12130
05-08-2013,30.77050
02-08-2013,30.80240
01-08-2013,30.99590
31-07-2013,30.95860
30-07-2013,31.13060
29-07-2013,31.40920
26-07-2013,31.60330
25-07-2013,31.63730
24-07-2013,32.02180
23-07-2013,32.39350
22-07-2013,32.23970
19-07-2013,32.26550
18-07-2013,32.32550
17-07-2013,31.93630
16-07-2013,31.87920
15-07-2013,32.20370
12-07-2013,32.05970
11-07-2013,31.66330
10-07-2013,31.20170
09-07-2013,31.25890
08-07-2013,31.01140
05-07-2013,31.17360
04-07-2013,31.01810
03-07-2013,30.70240
02-07-2013,31.07430
01-07-2013,31.26760
28-06-2013,30.91740
27-06-2013,30.24930
26-06-2013,29.81460
25-06-2013,29.88710
24-06-2013,29.87400
21-06-2013,30.29280
20-06-2013,30.29180
19-06-2013,31.00600
18-06-2013,30.93670
17-06-2013,31.09470
14-06-2013,30.88520
13-06-2013,30.39820
12-06-2013,30.63600
11-06-2013,30.94510
10-06-2013,31.37790
07-06-2013,31.48160
06-06-2013,31.68170
05-06-2013,31.66260
04-06-2013,31.66330
03-06-2013,31.77690
31-05-2013,31.84230
30-05-2013,32.35460
29-05-2013,32.33700
28-05-2013,32.37630
27-05-2013,32.25070
24-05-2013,31.77690
23-05-2013,31.67210
22-05-2013,32.35940
21-05-2013,32.41640
20-05-2013,32.59000
17-05-2013,32.71570
16-05-2013,32.60620
15-05-2013,32.49390
14-05-2013,31.90550
13-05-2013,31.81990
10-05-2013,32.28180
09-05-2013,32.10470
08-05-2013,32.20290
07-05-2013,32.12300
06-05-2013,31.71090
03-05-2013,31.52130
02-05-2013,31.71250
30-04-2013,31.36930
29-04-2013,31.31640
26-04-2013,31.19980
25-04-2013,31.39700
23-04-2013,30.99900
22-04-2013,31.02130
18-04-2013,30.75390
17-04-2013,30.35280
16-04-2013,30.21860
15-04-2013,29.66910
12-04-2013,29.48560
11-04-2013,29.72920
10-04-2013,29.57230
09-04-2013,29.29400
08-04-2013,29.48120
05-04-2013,29.48720
04-04-2013,29.60470
03-04-2013,30.16020
02-04-2013,30.44710
01-04-2013,30.17630
28-03-2013,29.98500
26-03-2013,29.81540
25-03-2013,29.80060
22-03-2013,29.93080
21-03-2013,30.00530
20-03-2013,30.09020
19-03-2013,30.40580
18-03-2013,30.79220
15-03-2013,30.90590
14-03-2013,31.03400
13-03-2013,30.81050
12-03-2013,31.15310
11-03-2013,31.31090
08-03-2013,31.33620
07-03-2013,30.99630
06-03-2013,30.80120
05-03-2013,30.68140
04-03-2013,30.30830
01-03-2013,30.47880
28-02-2013,30.33600
27-02-2013,30.82850
26-02-2013,30.66490
25-02-2013,30.99730
22-02-2013,31.00640
21-02-2013,31.04010
20-02-2013,31.46390
19-02-2013,31.44550
18-02-2013,31.25270
15-02-2013,31.18240
14-02-2013,31.24700
13-02-2013,31.48010
12-02-2013,31.43530
11-02-2013,31.36200
08-02-2013,31.44410
07-02-2013,31.62990
06-02-2013,31.82720
05-02-2013,31.80190
04-02-2013,31.91400
01-02-2013,31.95700
31-01-2013,32.08430
30-01-2013,32.12130
29-01-2013,32.05940
28-01-2013,32.17240
25-01-2013,32.20790
24-01-2013,31.99870
23-01-2013,32.13870
22-01-2013,32.12210
21-01-2013,32.25000
18-01-2013,32.18000
17-01-2013,32.19000
16-01-2013,32.15000
15-01-2013,32.47000
14-01-2013,32.24000
11-01-2013,31.93000
10-01-2013,32.12000
09-01-2013,32.26000
08-01-2013,32.46000
07-01-2013,32.44000
04-01-2013,32.54000
03-01-2013,32.51000
02-01-2013,32.50000
01-01-2013,32.35000
31-12-2012,32.15000
28-12-2012,32.09000
27-12-2012,31.92000
26-12-2012,32.06000
24-12-2012,31.81000
21-12-2012,31.85000
20-12-2012,32.22000
19-12-2012,32.29000
18-12-2012,32.14000
17-12-2012,31.89000
14-12-2012,31.99000
13-12-2012,31.85000
12-12-2012,32.10000
11-12-2012,32.10000
10-12-2012,32.14000
07-12-2012,32.20000
06-12-2012,32.30000
05-12-2012,32.17000
04-12-2012,32.10000
03-12-2012,32.14000
30-11-2012,32.03000
29-11-2012,31.76000
27-11-2012,31.31000
26-11-2012,30.87000
23-11-2012,30.77000
22-11-2012,30.77000
21-11-2012,30.66000
20-11-2012,30.46000
19-11-2012,30.53000
16-11-2012,30.57000
15-11-2012,30.82000
12-11-2012,31.06000
09-11-2012,31.08000
08-11-2012,31.29000
07-11-2012,31.44000
06-11-2012,31.27000
05-11-2012,31.15000
02-11-2012,31.07000
01-11-2012,30.82000
31-10-2012,30.64000
30-10-2012,30.49000
29-10-2012,30.81000
26-10-2012,30.85000
25-10-2012,31.06000
23-10-2012,30.97000
22-10-2012,31.11000
19-10-2012,31.02000
18-10-2012,31.17000
17-10-2012,30.91000
16-10-2012,30.82000
15-10-2012,30.87000
12-10-2012,30.85000
11-10-2012,30.91000
10-10-2012,30.71000
09-10-2012,30.92000
08-10-2012,30.70000
05-10-2012,30.94000
04-10-2012,31.17000
03-10-2012,30.87000
01-10-2012,30.87000
28-09-2012,30.73000
27-09-2012,30.43000
26-09-2012,30.40000
25-09-2012,30.30000
24-09-2012,30.29000
21-09-2012,30.37000
20-09-2012,29.76000
18-09-2012,29.98000
17-09-2012,30.00000
14-09-2012,29.89000
13-09-2012,29.27000
12-09-2012,29.25000
11-09-2012,29.06000
10-09-2012,28.92000
07-09-2012,28.87000
06-09-2012,28.43000
05-09-2012,28.33000
04-09-2012,28.56000
03-09-2012,28.42000
31-08-2012,28.40000
30-08-2012,28.61000
29-08-2012,28.52000
28-08-2012,28.68000
27-08-2012,28.75000
24-08-2012,28.94000
23-08-2012,29.08000
22-08-2012,29.02000
21-08-2012,29.05000
17-08-2012,28.82000
16-08-2012,28.81000
14-08-2012,28.95000
13-08-2012,28.78000
10-08-2012,28.64000
09-08-2012,28.63000
08-08-2012,28.74000
07-08-2012,28.80000
06-08-2012,28.57000
03-08-2012,28.32000
02-08-2012,28.38000
01-08-2012,28.34000
31-07-2012,28.23000
30-07-2012,28.23000
27-07-2012,27.75000
26-07-2012,27.61000
25-07-2012,27.83000
24-07-2012,27.89000
23-07-2012,27.85000
20-07-2012,28.27000
19-07-2012,28.40000
18-07-2012,28.33000
17-07-2012,28.22000
16-07-2012,28.24000
13-07-2012,28.35000
12-07-2012,28.39000
11-07-2012,28.62000
10-07-2012,28.73000
09-07-2012,28.45000
06-07-2012,28.66000
05-07-2012,28.72000
04-07-2012,28.62000
03-07-2012,28.51000
02-07-2012,28.47000
29-06-2012,28.45000
28-06-2012,27.93000
27-06-2012,27.83000
26-06-2012,27.80000
25-06-2012,27.76000
22-06-2012,27.88000
21-06-2012,27.95000
20-06-2012,27.70000
19-06-2012,27.58000
18-06-2012,27.44000
15-06-2012,27.76000
14-06-2012,27.34000
13-06-2012,27.65000
12-06-2012,27.57000
11-06-2012,27.28000
08-06-2012,27.28000
07-06-2012,27.22000
06-06-2012,27.01000
05-06-2012,26.41000
04-06-2012,26.34000
01-06-2012,26.52000
31-05-2012,26.70000
30-05-2012,26.83000
29-05-2012,27.06000
28-05-2012,27.08000
25-05-2012,26.76000
24-05-2012,26.73000
23-05-2012,26.40000
22-05-2012,26.56000
21-05-2012,26.73000
18-05-2012,26.65000
17-05-2012,26.60000
16-05-2012,26.49000
15-05-2012,26.90000
14-05-2012,26.76000
11-05-2012,26.89000
10-05-2012,27.06000
09-05-2012,27.03000
08-05-2012,27.12000
07-05-2012,27.61000
04-05-2012,27.40000
03-05-2012,27.90000
02-05-2012,28.16000
30-04-2012,28.19000
27-04-2012,27.92000
26-04-2012,27.95000
25-04-2012,28.00000
24-04-2012,28.11000
23-04-2012,28.11000
20-04-2012,28.60000
19-04-2012,28.83000
18-04-2012,28.79000
17-04-2012,28.64000
16-04-2012,28.40000
13-04-2012,28.35000
12-04-2012,28.51000
11-04-2012,28.32000
10-04-2012,28.42000
09-04-2012,28.46000
04-04-2012,28.98000
03-04-2012,29.11000
02-04-2012,28.84000
30-03-2012,28.61000
29-03-2012,28.15000
28-03-2012,28.17000
27-03-2012,28.44000
26-03-2012,28.16000
23-03-2012,28.58000
22-03-2012,28.26000
21-03-2012,28.80000
20-03-2012,28.43000
19-03-2012,28.27000
16-03-2012,28.45000
15-03-2012,28.74000
14-03-2012,29.12000
13-03-2012,29.00000
12-03-2012,28.74000
09-03-2012,28.59000
07-03-2012,27.99000
06-03-2012,28.00000
05-03-2012,28.14000
02-03-2012,28.53000
01-03-2012,28.42000
29-02-2012,28.53000
28-02-2012,28.55000
27-02-2012,28.19000
24-02-2012,28.64000
23-02-2012,28.82000
22-02-2012,28.95000
21-02-2012,29.56000
17-02-2012,29.44000
16-02-2012,29.24000
15-02-2012,29.18000
14-02-2012,28.63000
13-02-2012,28.44000
10-02-2012,28.41000
09-02-2012,28.58000
08-02-2012,28.34000
07-02-2012,28.14000
06-02-2012,28.25000
03-02-2012,27.94000
02-02-2012,27.65000
01-02-2012,27.51000
31-01-2012,27.33000
30-01-2012,26.87000
27-01-2012,27.29000
25-01-2012,27.14000
24-01-2012,27.01000
23-01-2012,26.73000
20-01-2012,26.65000
19-01-2012,26.53000
18-01-2012,26.30000
17-01-2012,26.43000
16-01-2012,26.15000
13-01-2012,26.04000
12-01-2012,26.00000
11-01-2012,26.05000
10-01-2012,26.12000
09-01-2012,25.71000
06-01-2012,25.70000
05-01-2012,25.78000
04-01-2012,25.68000
03-01-2012,25.77000
02-01-2012,25.23000
30-12-2011,25.26000
29-12-2011,25.28000
28-12-2011,25.52000
27-12-2011,25.73000
26-12-2011,25.78000
23-12-2011,25.50000
22-12-2011,25.54000
21-12-2011,25.29000
20-12-2011,24.75000
19-12-2011,25.05000
16-12-2011,25.22000
15-12-2011,25.56000
14-12-2011,25.69000
13-12-2011,25.70000
12-12-2011,25.58000
09-12-2011,26.05000
08-12-2011,26.31000
07-12-2011,26.77000
05-12-2011,26.80000
02-12-2011,26.78000
01-12-2011,26.26000
30-11-2011,25.84000
29-11-2011,25.78000
28-11-2011,25.90000
25-11-2011,25.26000
24-11-2011,25.38000
23-11-2011,25.14000
22-11-2011,25.55000
21-11-2011,25.48000
18-11-2011,26.05000
17-11-2011,26.27000
16-11-2011,26.64000
15-11-2011,26.82000
14-11-2011,27.18000
11-11-2011,27.24000
09-11-2011,27.39000
08-11-2011,27.66000
04-11-2011,27.56000
03-11-2011,27.34000
02-11-2011,27.27000
01-11-2011,27.21000
31-10-2011,27.30000
28-10-2011,27.47000
25-10-2011,26.75000
24-10-2011,26.54000
21-10-2011,26.42000
20-10-2011,26.60000
19-10-2011,26.84000
18-10-2011,26.43000
17-10-2011,26.82000
14-10-2011,26.71000
13-10-2011,26.40000
12-10-2011,26.50000
11-10-2011,25.98000
10-10-2011,25.91000
07-10-2011,25.68000
05-10-2011,25.29000
04-10-2011,25.47000
03-10-2011,25.76000
30-09-2011,26.11000
29-09-2011,26.29000
28-09-2011,26.10000
27-09-2011,26.19000
26-09-2011,25.68000
23-09-2011,25.98000
22-09-2011,26.18000
21-09-2011,27.04000
20-09-2011,26.88000
19-09-2011,26.50000
16-09-2011,26.63000
15-09-2011,26.70000
14-09-2011,26.30000
13-09-2011,26.12000
12-09-2011,26.09000
09-09-2011,26.47000
08-09-2011,26.90000
07-09-2011,26.85000
06-09-2011,26.53000
05-09-2011,26.42000
02-09-2011,26.51000
30-08-2011,26.31000
29-08-2011,26.03000
26-08-2011,25.43000
25-08-2011,25.83000
24-08-2011,25.96000
23-08-2011,26.19000
22-08-2011,25.87000
19-08-2011,25.65000
18-08-2011,25.96000
17-08-2011,26.37000
16-08-2011,26.28000
12-08-2011,26.38000
11-08-2011,26.59000
10-08-2011,26.59000
09-08-2011,26.33000
08-08-2011,26.35000
05-08-2011,26.72000
04-08-2011,27.24000
03-08-2011,27.53000
02-08-2011,27.63000
01-08-2011,27.82000
29-07-2011,27.77000
28-07-2011,27.88000
27-07-2011,27.92000
26-07-2011,27.82000
25-07-2011,28.16000
22-07-2011,28.04000
21-07-2011,27.70000
20-07-2011,27.68000
19-07-2011,27.86000
18-07-2011,27.68000
15-07-2011,27.67000
14-07-2011,27.73000
13-07-2011,27.61000
12-07-2011,27.38000
11-07-2011,27.73000
08-07-2011,27.81000
07-07-2011,28.06000
06-07-2011,27.61000
05-07-2011,27.51000
04-07-2011,27.66000
01-07-2011,27.51000
30-06-2011,27.37000
29-06-2011,27.26000
28-06-2011,27.06000
27-06-2011,26.97000
24-06-2011,26.88000
23-06-2011,26.47000
22-06-2011,26.29000
21-06-2011,26.39000
20-06-2011,26.25000
17-06-2011,26.74000
16-06-2011,26.92000
15-06-2011,27.11000
14-06-2011,27.26000
13-06-2011,27.21000
10-06-2011,27.14000
09-06-2011,27.17000
08-06-2011,27.22000
07-06-2011,27.21000
06-06-2011,27.15000
03-06-2011,27.11000
02-06-2011,27.25000
01-06-2011,27.34000
31-05-2011,27.19000
30-05-2011,26.80000
27-05-2011,26.75000
26-05-2011,26.68000
25-05-2011,26.54000
24-05-2011,26.50000
23-05-2011,26.47000
20-05-2011,26.77000
19-05-2011,26.62000
18-05-2011,26.67000
17-05-2011,26.76000
16-05-2011,26.94000
13-05-2011,26.94000
12-05-2011,26.67000
11-05-2011,27.00000
10-05-2011,26.89000
09-05-2011,26.92000
06-05-2011,26.86000
05-05-2011,26.57000
04-05-2011,26.84000
03-05-2011,27.07000
02-05-2011,27.50000
29-04-2011,27.71000
28-04-2011,27.65000
27-04-2011,27.91000
26-04-2011,28.09000
25-04-2011,28.03000
21-04-2011,27.86000
20-04-2011,27.80000
19-04-2011,27.40000
18-04-2011,27.47000
15-04-2011,27.75000
13-04-2011,27.96000
11-04-2011,27.53000
08-04-2011,27.69000
07-04-2011,27.83000
06-04-2011,27.84000
05-04-2011,27.88000
04-04-2011,27.75000
01-04-2011,27.43000
31-03-2011,27.29000
30-03-2011,27.09000
29-03-2011,26.86000
28-03-2011,26.76000
25-03-2011,26.67000
24-03-2011,26.33000
23-03-2011,26.18000
22-03-2011,25.91000
21-03-2011,25.71000
18-03-2011,25.69000
17-03-2011,25.90000
16-03-2011,26.08000
15-03-2011,25.84000
14-03-2011,26.15000
11-03-2011,25.89000
10-03-2011,26.08000
09-03-2011,26.14000
08-03-2011,26.11000
07-03-2011,25.93000
04-03-2011,26.24000
03-03-2011,26.17000
01-03-2011,26.01000
28-02-2011,25.28000
25-02-2011,25.21000
24-02-2011,24.96000
23-02-2011,25.59000
22-02-2011,25.80000
21-02-2011,26.01000
18-02-2011,25.76000
17-02-2011,26.13000
16-02-2011,25.94000
15-02-2011,25.94000
14-02-2011,25.94000
11-02-2011,25.29000
10-02-2011,24.98000
09-02-2011,24.96000
08-02-2011,25.32000
07-02-2011,25.85000
04-02-2011,25.84000
03-02-2011,26.24000
02-02-2011,25.88000
01-02-2011,25.89000
31-01-2011,26.42000
28-01-2011,26.49000
27-01-2011,26.97000
25-01-2011,27.24000
24-01-2011,27.37000
21-01-2011,27.16000
20-01-2011,27.24000
19-01-2011,27.20000
18-01-2011,27.34000
17-01-2011,27.18000
14-01-2011,27.21000
13-01-2011,27.62000
12-01-2011,27.82000
11-01-2011,27.22000
10-01-2011,27.26000
07-01-2011,27.92000
06-01-2011,28.57000
05-01-2011,28.76000
04-01-2011,28.98000
03-01-2011,28.89000
31-12-2010,28.74000
30-12-2010,28.58000
29-12-2010,28.42000
28-12-2010,28.24000
27-12-2010,28.26000
24-12-2010,28.25000
23-12-2010,28.27000
22-12-2010,28.32000
21-12-2010,28.31000
20-12-2010,28.19000
16-12-2010,28.19000
15-12-2010,28.04000
14-12-2010,28.38000
13-12-2010,28.15000
10-12-2010,27.88000
09-12-2010,27.58000
08-12-2010,28.34000
07-12-2010,28.55000
06-12-2010,28.57000
03-12-2010,28.52000
02-12-2010,28.68000
01-12-2010,28.46000
30-11-2010,28.03000
29-11-2010,27.81000
26-11-2010,27.52000
25-11-2010,27.74000
24-11-2010,28.07000
23-11-2010,28.32000
22-11-2010,28.56000
19-11-2010,28.02000
18-11-2010,28.50000
16-11-2010,28.56000
15-11-2010,29.03000
12-11-2010,28.83000
11-11-2010,29.34000
10-11-2010,29.75000
09-11-2010,29.78000
08-11-2010,29.52000
04-11-2010,29.41000
03-11-2010,29.05000
02-11-2010,28.81000
01-11-2010,28.73000
29-10-2010,28.25000
28-10-2010,28.20000
27-10-2010,28.32000
26-10-2010,28.57000
25-10-2010,28.63000
22-10-2010,28.50000
21-10-2010,28.61000
20-10-2010,28.14000
19-10-2010,28.30000
18-10-2010,28.34000
15-10-2010,28.24000
14-10-2010,28.68000
13-10-2010,28.91000
12-10-2010,28.49000
11-10-2010,28.68000
08-10-2010,28.44000
07-10-2010,28.59000
06-10-2010,28.83000
05-10-2010,28.71000
04-10-2010,28.74000
01-10-2010,28.61000
30-09-2010,28.22000
29-09-2010,28.18000
28-09-2010,28.31000
27-09-2010,28.32000
24-09-2010,28.22000
23-09-2010,27.98000
22-09-2010,28.04000
21-09-2010,28.06000
20-09-2010,28.00000
17-09-2010,27.70000
16-09-2010,27.36000
15-09-2010,27.55000
14-09-2010,27.51000
13-09-2010,27.25000
09-09-2010,26.87000
08-09-2010,26.88000
07-09-2010,26.88000
06-09-2010,26.85000
03-09-2010,26.53000
02-09-2010,26.49000
01-09-2010,26.42000
31-08-2010,26.22000
30-08-2010,26.26000
27-08-2010,26.15000
26-08-2010,26.34000
25-08-2010,26.22000
24-08-2010,26.46000
23-08-2010,26.54000
20-08-2010,26.25000
19-08-2010,26.36000
18-08-2010,26.05000
17-08-2010,25.72000
16-08-2010,25.69000
13-08-2010,25.81000
12-08-2010,25.61000
11-08-2010,25.59000
10-08-2010,25.54000
09-08-2010,25.59000
06-08-2010,25.35000
05-08-2010,25.31000
04-08-2010,25.31000
03-08-2010,25.25000
02-08-2010,25.14000
30-07-2010,24.97000
29-07-2010,25.12000
28-07-2010,24.97000
27-07-2010,24.97000
26-07-2010,24.86000
23-07-2010,25.01000
22-07-2010,25.01000
21-07-2010,24.83000
20-07-2010,24.73000
19-07-2010,24.81000
16-07-2010,24.83000
15-07-2010,24.72000
14-07-2010,24.79000
13-07-2010,24.89000
12-07-2010,24.78000
09-07-2010,24.73000
08-07-2010,24.59000
07-07-2010,24.31000
06-07-2010,24.44000
05-07-2010,24.29000
02-07-2010,24.27000
01-07-2010,24.28000
30-06-2010,24.47000
29-06-2010,24.25000
28-06-2010,24.49000
25-06-2010,24.24000
24-06-2010,24.31000
23-06-2010,24.33000
22-06-2010,24.27000
21-06-2010,24.37000
18-06-2010,24.10000
17-06-2010,24.11000
16-06-2010,24.03000
15-06-2010,23.91000
14-06-2010,23.86000
11-06-2010,23.64000
10-06-2010,23.51000
09-06-2010,23.21000
08-06-2010,23.18000
07-06-2010,23.30000
04-06-2010,23.67000
03-06-2010,23.59000
02-06-2010,23.35000
01-06-2010,23.17000
31-05-2010,23.48000
28-05-2010,23.40000
27-05-2010,23.15000
26-05-2010,22.77000
25-05-2010,22.28000
24-05-2010,22.94000
21-05-2010,22.98000
20-05-2010,23.08000
19-05-2010,23.04000
18-05-2010,23.67000
17-05-2010,23.71000
14-05-2010,23.86000
13-05-2010,24.19000
12-05-2010,24.03000
11-05-2010,23.88000
10-05-2010,24.14000
07-05-2010,23.36000
06-05-2010,23.81000
05-05-2010,23.89000
04-05-2010,23.97000
03-05-2010,24.32000
30-04-2010,24.48000
29-04-2010,24.22000
28-04-2010,24.12000
27-04-2010,24.43000
26-04-2010,24.50000
23-04-2010,24.35000
22-04-2010,24.32000
21-04-2010,24.17000
20-04-2010,24.08000
19-04-2010,23.89000
16-04-2010,24.11000
15-04-2010,24.14000
13-04-2010,24.31000
12-04-2010,24.42000
09-04-2010,24.54000
08-04-2010,24.23000
07-04-2010,24.47000
06-04-2010,24.38000
05-04-2010,24.37000
01-04-2010,24.09000
31-03-2010,23.89000
30-03-2010,23.94000
29-03-2010,24.07000
26-03-2010,23.96000
25-03-2010,23.81000
23-03-2010,23.70000
22-03-2010,23.68000
19-03-2010,24.03000
18-03-2010,24.00000
17-03-2010,23.97000
16-03-2010,23.87000
15-03-2010,23.64000
12-03-2010,23.70000
11-03-2010,23.69000
10-03-2010,23.70000
09-03-2010,23.73000
08-03-2010,23.86000
05-03-2010,23.67000
04-03-2010,23.58000
03-03-2010,23.59000
02-03-2010,23.26000
26-02-2010,22.80000
25-02-2010,22.47000
24-02-2010,22.58000
23-02-2010,22.67000
22-02-2010,22.69000
19-02-2010,22.60000
18-02-2010,22.84000
17-02-2010,22.96000
16-02-2010,22.67000
15-02-2010,22.42000
11-02-2010,22.49000
10-02-2010,22.21000
09-02-2010,22.31000
08-02-2010,22.16000
05-02-2010,22.02000
04-02-2010,22.56000
03-02-2010,23.01000
02-02-2010,22.60000
01-02-2010,22.88000
29-01-2010,22.60000
28-01-2010,22.58000
27-01-2010,22.55000
25-01-2010,23.32000
22-01-2010,23.48000
21-01-2010,23.69000
20-01-2010,24.25000
19-01-2010,24.29000
18-01-2010,24.55000
15-01-2010,24.46000
14-01-2010,24.50000
13-01-2010,24.39000
12-01-2010,24.32000
11-01-2010,24.54000
08-01-2010,24.51000
07-01-2010,24.59000
06-01-2010,24.72000
05-01-2010,24.74000
04-01-2010,24.38000
31-12-2009,24.07000
30-12-2009,23.96000
29-12-2009,24.04000
24-12-2009,23.99000
23-12-2009,23.79000
22-12-2009,23.15000
21-12-2009,22.93000
18-12-2009,23.07000
17-12-2009,23.22000
16-12-2009,23.11000
15-12-2009,23.10000
14-12-2009,23.48000
11-12-2009,23.56000
10-12-2009,23.66000
09-12-2009,23.61000
08-12-2009,23.79000
07-12-2009,23.43000
04-12-2009,23.65000
03-12-2009,23.67000
02-12-2009,23.63000
01-12-2009,23.53000
30-11-2009,23.13000
27-11-2009,22.72000
26-11-2009,23.01000
25-11-2009,23.46000
24-11-2009,23.36000
23-11-2009,23.37000
20-11-2009,23.29000
19-11-2009,23.04000
18-11-2009,23.41000
17-11-2009,23.34000
16-11-2009,23.26000
13-11-2009,23.00000
12-11-2009,22.80000
11-11-2009,23.00000
10-11-2009,22.50000
09-11-2009,22.53000
06-11-2009,22.14000
05-11-2009,21.96000
04-11-2009,21.62000
03-11-2009,20.95000
30-10-2009,21.70000
29-10-2009,21.75000
28-10-2009,22.19000
27-10-2009,22.17000
26-10-2009,22.82000
23-10-2009,23.09000
22-10-2009,22.97000
21-10-2009,23.35000
20-10-2009,23.73000
16-10-2009,23.67000
15-10-2009,23.50000
14-10-2009,23.49000
12-10-2009,22.84000
09-10-2009,22.42000
08-10-2009,22.80000
07-10-2009,22.57000
06-10-2009,22.56000
05-10-2009,22.31000
01-10-2009,22.72000
30-09-2009,22.79000
29-09-2009,22.38000
25-09-2009,22.23000
24-09-2009,22.36000
23-09-2009,22.41000
22-09-2009,22.69000
18-09-2009,22.48000
17-09-2009,22.41000
16-09-2009,22.37000
15-09-2009,21.90000
14-09-2009,21.49000
11-09-2009,21.48000
10-09-2009,21.49000
09-09-2009,21.51000
08-09-2009,21.53000
07-09-2009,21.39000
04-09-2009,20.76000
03-09-2009,20.51000
02-09-2009,20.51000
01-09-2009,20.48000
31-08-2009,20.53000
28-08-2009,20.71000
27-08-2009,20.54000
26-08-2009,20.56000
25-08-2009,20.42000
24-08-2009,20.41000
21-08-2009,20.00000
20-08-2009,19.72000
19-08-2009,19.42000
18-08-2009,19.77000
17-08-2009,19.47000
14-08-2009,20.27000
13-08-2009,20.42000
12-08-2009,19.83000
11-08-2009,19.95000
10-08-2009,19.79000
07-08-2009,19.93000
06-08-2009,20.29000
05-08-2009,20.76000
04-08-2009,20.65000
03-08-2009,20.80000
31-07-2009,20.47000
30-07-2009,20.34000
29-07-2009,20.14000
28-07-2009,20.39000
27-07-2009,20.34000
24-07-2009,20.32000
23-07-2009,20.01000
22-07-2009,19.55000
21-07-2009,19.82000
20-07-2009,19.96000
17-07-2009,19.57000
16-07-2009,19.14000
15-07-2009,19.10000
14-07-2009,18.56000
13-07-2009,18.11000
10-07-2009,18.28000
09-07-2009,18.58000
08-07-2009,18.56000
07-07-2009,18.80000
06-07-2009,18.67000
03-07-2009,19.37000
02-07-2009,19.17000
01-07-2009,19.08000
30-06-2009,18.94000
29-06-2009,19.27000
26-06-2009,19.21000
25-06-2009,18.78000
24-06-2009,18.90000
23-06-2009,18.70000
22-06-2009,18.74000
19-06-2009,18.93000
18-06-2009,18.56000
17-06-2009,18.91000
16-06-2009,19.54000
15-06-2009,19.31000
12-06-2009,19.71000
11-06-2009,19.96000
10-06-2009,20.00000
09-06-2009,19.63000
08-06-2009,19.09000
05-06-2009,19.79000
04-06-2009,19.57000
03-06-2009,19.42000
02-06-2009,19.36000
01-06-2009,19.26000
29-05-2009,18.87000
28-05-2009,18.50000
27-05-2009,18.39000
26-05-2009,17.78000
25-05-2009,18.20000
22-05-2009,18.06000
21-05-2009,17.80000
20-05-2009,18.22000
19-05-2009,18.19000
15-05-2009,15.74000
14-05-2009,15.43000
13-05-2009,15.52000
12-05-2009,15.67000
11-05-2009,15.26000
08-05-2009,15.42000
07-05-2009,15.59000
06-05-2009,15.27000
05-05-2009,15.53000
04-05-2009,15.39000
29-04-2009,14.58000
28-04-2009,14.05000
27-04-2009,14.53000
24-04-2009,14.55000
23-04-2009,14.31000
22-04-2009,13.96000
21-04-2009,14.10000
20-04-2009,14.20000
17-04-2009,14.21000
16-04-2009,14.05000
15-04-2009,14.52000
13-04-2009,14.11000
09-04-2009,13.92000
08-04-2009,13.85000
06-04-2009,13.52000
02-04-2009,13.37000
01-04-2009,12.92000
31-03-2009,12.79000
30-03-2009,12.60000
27-03-2009,13.11000
26-03-2009,12.92000
25-03-2009,12.57000
24-03-2009,12.34000
23-03-2009,12.36000
20-03-2009,11.94000
19-03-2009,11.98000
18-03-2009,11.93000
17-03-2009,11.80000
16-03-2009,11.84000
13-03-2009,11.63000
12-03-2009,11.31000
09-03-2009,11.03000
06-03-2009,11.16000
05-03-2009,11.11000
04-03-2009,11.33000
03-03-2009,11.28000
02-03-2009,11.47000
27-02-2009,11.74000
26-02-2009,11.72000
25-02-2009,11.68000
24-02-2009,11.66000
20-02-2009,11.74000
19-02-2009,11.90000
18-02-2009,11.93000
17-02-2009,11.97000
16-02-2009,12.21000
13-02-2009,12.47000
12-02-2009,12.31000
11-02-2009,12.36000
10-02-2009,12.32000
09-02-2009,12.26000
06-02-2009,12.08000
05-02-2009,11.94000
04-02-2009,11.98000
03-02-2009,11.98000
02-02-2009,11.94000
30-01-2009,12.16000
29-01-2009,12.04000
28-01-2009,12.07000
27-01-2009,11.81000
23-01-2009,11.62000
22-01-2009,11.75000
21-01-2009,11.71000
20-01-2009,11.93000
19-01-2009,12.08000
16-01-2009,12.07000
15-01-2009,11.83000
14-01-2009,12.04000
13-01-2009,11.81000
12-01-2009,11.86000
09-01-2009,12.12000
07-01-2009,12.24000
06-01-2009,12.59000
05-01-2009,12.58000
02-01-2009,12.40000
01-01-2009,12.37000
31-12-2008,12.18000
30-12-2008,12.20000
29-12-2008,12.06000
26-12-2008,11.89000
24-12-2008,12.03000
23-12-2008,12.10000
22-12-2008,12.34000
19-12-2008,12.44000
18-12-2008,12.38000
17-12-2008,12.12000
16-12-2008,12.37000
15-12-2008,12.21000
12-12-2008,12.01000
11-12-2008,11.96000
10-12-2008,11.95000
08-12-2008,11.63000
05-12-2008,11.46000
04-12-2008,11.60000
03-12-2008,11.28000
02-12-2008,11.26000
01-12-2008,11.31000
28-11-2008,11.55000
26-11-2008,11.47000
25-11-2008,11.20000
24-11-2008,11.30000
21-11-2008,11.29000
20-11-2008,11.01000
19-11-2008,11.33000
18-11-2008,11.41000
17-11-2008,11.63000
14-11-2008,11.76000
12-11-2008,11.91000
11-11-2008,12.11000
10-11-2008,12.65000
07-11-2008,12.22000
06-11-2008,11.99000
05-11-2008,12.20000
04-11-2008,12.45000
03-11-2008,12.23000
31-10-2008,11.93000
29-10-2008,11.45000
27-10-2008,10.97000
24-10-2008,11.24000
23-10-2008,12.06000
22-10-2008,12.38000
21-10-2008,12.74000
20-10-2008,12.29000
17-10-2008,12.21000
16-10-2008,12.61000
15-10-2008,12.70000
14-10-2008,13.17000
13-10-2008,13.04000
10-10-2008,12.40000
08-10-2008,13.09000
07-10-2008,13.44000
06-10-2008,13.52000
03-10-2008,14.29000
01-10-2008,14.74000
30-09-2008,14.62000
29-09-2008,14.35000
26-09-2008,14.82000
25-09-2008,15.18000
24-09-2008,15.31000
23-09-2008,15.22000
22-09-2008,15.47000
19-09-2008,15.49000
18-09-2008,14.90000
17-09-2008,14.89000
16-09-2008,15.19000
15-09-2008,15.21000
12-09-2008,15.60000
11-09-2008,15.74000
10-09-2008,15.94000
09-09-2008,16.08000
08-09-2008,16.19000
05-09-2008,15.99000
04-09-2008,16.23000
02-09-2008,16.25000
01-09-2008,16.07000
29-08-2008,16.04000
28-08-2008,15.74000
27-08-2008,15.81000
26-08-2008,15.87000
25-08-2008,15.86000
22-08-2008,15.87000
21-08-2008,15.80000
20-08-2008,16.00000
19-08-2008,15.90000
18-08-2008,16.00000
14-08-2008,16.14000
13-08-2008,16.29000
12-08-2008,16.31000
11-08-2008,16.56000
08-08-2008,16.37000
07-08-2008,16.34000
06-08-2008,16.29000
05-08-2008,16.31000
04-08-2008,16.11000
01-08-2008,15.98000
31-07-2008,15.77000
30-07-2008,15.64000
29-07-2008,15.27000
28-07-2008,15.63000
25-07-2008,15.58000
24-07-2008,15.84000
23-07-2008,15.98000
22-07-2008,15.38000
21-07-2008,15.13000
18-07-2008,15.02000
17-07-2008,14.77000
16-07-2008,14.55000
15-07-2008,14.58000
14-07-2008,15.13000
11-07-2008,15.33000
10-07-2008,15.73000
09-07-2008,15.72000
08-07-2008,15.16000
07-07-2008,15.31000
04-07-2008,15.25000
03-07-2008,14.91000
02-07-2008,15.50000
01-07-2008,15.00000
30-06-2008,15.38000
27-06-2008,15.58000
26-06-2008,16.03000
25-06-2008,15.97000
24-06-2008,15.82000
23-06-2008,16.07000
20-06-2008,16.44000
19-06-2008,16.92000
18-06-2008,17.12000
17-06-2008,17.37000
16-06-2008,17.13000
13-06-2008,17.01000
12-06-2008,17.12000
11-06-2008,16.99000
10-06-2008,16.76000
09-06-2008,16.88000
06-06-2008,17.10000
05-06-2008,17.18000
04-06-2008,17.01000
03-06-2008,17.49000
02-06-2008,17.62000
30-05-2008,18.02000
29-05-2008,17.84000
28-05-2008,17.93000
27-05-2008,17.68000
26-05-2008,17.78000
23-05-2008,18.23000
22-05-2008,18.55000
21-05-2008,18.85000
20-05-2008,18.76000
16-05-2008,18.84000
15-05-2008,18.64000
14-05-2008,18.31000
13-05-2008,18.04000
12-05-2008,18.14000
09-05-2008,18.00000
08-05-2008,18.37000
07-05-2008,18.57000
06-05-2008,18.62000
05-05-2008,18.75000
02-05-2008,18.79000
30-04-2008,18.63000
29-04-2008,18.71000
28-04-2008,18.34000
25-04-2008,18.35000
24-04-2008,18.11000
23-04-2008,18.24000
22-04-2008,18.30000
21-04-2008,18.13000
17-04-2008,17.79000
16-04-2008,17.55000
15-04-2008,17.45000
11-04-2008,17.28000
10-04-2008,17.15000
09-04-2008,17.20000
08-04-2008,17.05000
07-04-2008,17.14000
04-04-2008,16.89000
03-04-2008,17.21000
02-04-2008,17.32000
01-04-2008,17.33000
31-03-2008,17.67000
28-03-2008,18.00000
27-03-2008,17.48000
26-03-2008,17.49000
25-03-2008,17.40000
24-03-2008,16.56000
19-03-2008,16.70000
18-03-2008,16.66000
17-03-2008,16.73000
14-03-2008,17.81000
13-03-2008,17.42000
12-03-2008,18.37000
11-03-2008,18.42000
10-03-2008,18.06000
07-03-2008,18.17000
05-03-2008,18.65000
04-03-2008,18.81000
03-03-2008,19.10000
29-02-2008,20.18000
28-02-2008,20.41000
27-02-2008,20.39000
26-02-2008,20.27000
25-02-2008,20.05000
22-02-2008,19.88000
21-02-2008,20.14000
20-02-2008,20.08000
19-02-2008,20.56000
18-02-2008,20.56000
15-02-2008,20.52000
14-02-2008,20.10000
13-02-2008,19.06000
12-02-2008,18.83000
11-02-2008,18.87000
08-02-2008,19.94000
07-02-2008,20.26000
06-02-2008,20.81000
05-02-2008,21.20000
04-02-2008,21.14000
01-02-2008,20.61000
31-01-2008,20.41000
30-01-2008,20.76000
29-01-2008,21.23000
28-01-2008,21.38000
25-01-2008,21.44000
24-01-2008,20.18000
23-01-2008,20.66000
22-01-2008,19.44000
21-01-2008,20.53000
18-01-2008,22.50000
17-01-2008,23.37000
16-01-2008,23.38000
15-01-2008,23.91000
14-01-2008,24.32000
11-01-2008,24.06000
10-01-2008,23.74000
09-01-2008,24.25000
08-01-2008,24.36000
07-01-2008,24.70000
04-01-2008,24.62000
03-01-2008,24.29000
02-01-2008,24.36000
01-01-2008,24.12000
31-12-2007,23.90000
28-12-2007,23.71000
27-12-2007,23.53000
26-12-2007,23.41000
24-12-2007,22.99000
20-12-2007,22.50000
19-12-2007,22.45000
18-12-2007,22.43000
17-12-2007,22.56000
10-12-2007,23.31000
07-12-2007,23.38000
06-12-2007,23.35000
05-12-2007,23.39000
04-12-2007,23.21000
03-12-2007,23.10000
30-11-2007,22.65000
29-11-2007,22.04000
28-11-2007,21.97000
27-11-2007,22.22000
26-11-2007,22.21000
23-11-2007,21.78000
22-11-2007,21.48000
21-11-2007,21.61000
20-11-2007,22.55000
19-11-2007,22.99000
16-11-2007,22.82000
15-11-2007,22.94000
14-11-2007,22.95000
13-11-2007,22.18000
12-11-2007,21.77000
08-11-2007,21.92000
07-11-2007,22.22000
06-11-2007,22.14000
05-11-2007,22.32000
02-11-2007,22.52000
01-11-2007,22.24000
31-10-2007,22.37000
30-10-2007,22.24000
29-10-2007,22.30000
26-10-2007,21.49000
25-10-2007,20.85000
24-10-2007,20.49000
23-10-2007,20.26000
22-10-2007,19.14000
19-10-2007,19.03000
18-10-2007,19.64000
17-10-2007,20.60000
16-10-2007,21.17000
15-10-2007,21.02000
12-10-2007,20.12000
11-10-2007,20.43000
10-10-2007,20.07000
09-10-2007,19.62000
08-10-2007,18.83000
05-10-2007,19.34000
04-10-2007,19.47000
03-10-2007,19.45000
01-10-2007,18.93000
28-09-2007,18.78000
27-09-2007,18.48000
26-09-2007,18.33000
25-09-2007,18.40000
24-09-2007,18.40000
21-09-2007,17.98000
20-09-2007,17.78000
19-09-2007,17.71000
18-09-2007,17.20000
17-09-2007,17.04000
14-09-2007,17.02000
13-09-2007,17.09000
12-09-2007,16.98000
11-09-2007,17.01000
10-09-2007,17.04000
07-09-2007,17.05000
06-09-2007,17.00000
05-09-2007,16.83000
04-09-2007,16.87000
03-09-2007,16.78000
31-08-2007,16.62000
30-08-2007,16.40000
29-08-2007,16.29000
28-08-2007,16.14000
27-08-2007,16.08000
24-08-2007,15.62000
23-08-2007,15.33000
22-08-2007,15.41000
21-08-2007,15.12000
20-08-2007,15.63000
17-08-2007,15.34000
16-08-2007,15.51000
14-08-2007,16.10000
13-08-2007,16.15000
10-08-2007,15.98000
09-08-2007,16.28000
08-08-2007,16.47000
07-08-2007,16.29000
06-08-2007,16.34000
03-08-2007,16.51000
02-08-2007,16.30000
01-08-2007,16.17000
31-07-2007,16.69000
30-07-2007,16.27000
27-07-2007,16.16000
26-07-2007,16.59000
25-07-2007,16.54000
24-07-2007,16.59000
23-07-2007,16.52000
20-07-2007,16.33000
19-07-2007,16.32000
18-07-2007,16.18000
17-07-2007,16.22000
16-07-2007,16.36000
13-07-2007,16.36000
12-07-2007,16.25000
11-07-2007,16.05000
10-07-2007,16.02000
09-07-2007,16.09000
06-07-2007,15.95000
05-07-2007,15.94000
04-07-2007,15.99000
03-07-2007,15.95000
02-07-2007,15.74000
29-06-2007,15.64000
28-06-2007,15.44000
27-06-2007,15.32000
26-06-2007,15.41000
25-06-2007,15.36000
22-06-2007,15.31000
21-06-2007,15.40000
20-06-2007,15.27000
19-06-2007,15.00000
18-06-2007,14.82000
15-06-2007,14.83000
14-06-2007,14.74000
13-06-2007,14.54000
12-06-2007,14.64000
11-06-2007,14.65000
08-06-2007,14.63000
07-06-2007,14.75000
06-06-2007,14.86000
05-06-2007,15.15000
04-06-2007,15.05000
01-06-2007,15.17000
31-05-2007,15.07000
30-05-2007,14.90000
29-05-2007,15.03000
28-05-2007,14.87000
25-05-2007,14.74000
24-05-2007,14.64000
23-05-2007,14.73000
22-05-2007,14.83000
21-05-2007,14.75000
18-05-2007,14.64000
17-05-2007,14.62000
16-05-2007,14.45000
15-05-2007,14.24000
14-05-2007,14.18000
11-05-2007,14.01000
10-05-2007,14.01000
09-05-2007,14.06000
08-05-2007,14.01000
07-05-2007,14.10000
04-05-2007,14.13000
03-05-2007,14.23000
30-04-2007,14.08000
27-04-2007,14.02000
26-04-2007,14.25000
25-04-2007,14.25000
24-04-2007,14.10000
23-04-2007,13.93000
20-04-2007,13.96000
19-04-2007,13.81000
18-04-2007,13.86000
17-04-2007,13.82000
16-04-2007,13.86000
13-04-2007,13.52000
12-04-2007,13.26000
11-04-2007,13.34000
10-04-2007,13.34000
09-04-2007,13.30000
05-04-2007,12.92000
04-04-2007,12.85000
03-04-2007,12.74000
02-04-2007,12.57000
30-03-2007,13.21000
29-03-2007,13.09000
28-03-2007,13.05000
26-03-2007,13.23000
23-03-2007,13.37000
22-03-2007,13.28000
21-03-2007,12.93000
20-03-2007,12.71000
19-03-2007,12.68000
16-03-2007,12.44000
15-03-2007,12.59000
14-03-2007,12.60000
13-03-2007,12.95000
12-03-2007,12.84000
09-03-2007,12.79000
08-03-2007,12.92000
07-03-2007,12.48000
06-03-2007,12.67000
05-03-2007,12.44000
02-03-2007,13.04000
01-03-2007,13.28000
28-02-2007,13.19000
27-02-2007,13.63000
26-02-2007,13.79000
23-02-2007,13.74000
22-02-2007,14.05000
21-02-2007,14.21000
20-02-2007,14.25000
19-02-2007,14.42000
15-02-2007,14.41000
14-02-2007,14.04000
13-02-2007,14.08000
12-02-2007,14.20000
09-02-2007,14.57000
08-02-2007,14.68000
07-02-2007,14.69000
06-02-2007,14.62000
05-02-2007,14.65000
02-02-2007,14.59000
01-02-2007,14.48000
31-01-2007,14.43000
29-01-2007,14.49000
25-01-2007,14.49000
24-01-2007,14.34000
23-01-2007,14.31000
22-01-2007,14.48000
19-01-2007,14.45000
18-01-2007,14.52000
17-01-2007,14.51000
16-01-2007,14.36000
15-01-2007,14.32000
12-01-2007,14.20000
11-01-2007,13.95000
10-01-2007,13.67000
09-01-2007,13.83000
08-01-2007,13.85000
05-01-2007,14.00000
04-01-2007,14.03000
03-01-2007,14.07000
02-01-2007,14.05000
29-12-2006,13.95000
28-12-2006,13.97000
27-12-2006,13.96000
26-12-2006,13.89000
22-12-2006,13.77000
21-12-2006,13.76000
20-12-2006,13.65000
19-12-2006,13.63000
18-12-2006,13.79000
15-12-2006,13.81000
14-12-2006,13.75000
13-12-2006,13.53000
12-12-2006,13.41000
11-12-2006,13.85000
08-12-2006,14.20000
07-12-2006,14.28000
06-12-2006,14.25000
05-12-2006,14.29000
04-12-2006,14.32000
01-12-2006,14.22000
30-11-2006,14.08000
29-11-2006,14.08000
28-11-2006,14.03000
27-11-2006,14.13000
24-11-2006,14.13000
23-11-2006,14.14000
22-11-2006,14.08000
21-11-2006,14.01000
20-11-2006,13.81000
17-11-2006,13.90000
16-11-2006,14.06000
15-11-2006,14.08000
14-11-2006,14.11000
13-11-2006,14.18000
10-11-2006,14.12000
09-11-2006,14.07000
08-11-2006,14.02000
07-11-2006,14.14000
06-11-2006,14.16000
03-11-2006,14.14000
02-11-2006,14.08000
01-11-2006,14.07000
31-10-2006,14.07000
30-10-2006,14.04000
27-10-2006,13.99000
26-10-2006,13.84000
23-10-2006,13.89000
20-10-2006,13.92000
19-10-2006,13.90000
18-10-2006,14.04000
17-10-2006,14.10000
16-10-2006,14.12000
13-10-2006,14.04000
12-10-2006,13.99000
11-10-2006,13.88000
10-10-2006,13.95000
09-10-2006,13.95000
06-10-2006,13.99000
05-10-2006,14.02000
04-10-2006,13.91000
03-10-2006,14.04000
29-09-2006,14.06000
28-09-2006,13.93000
27-09-2006,13.87000
26-09-2006,13.81000
25-09-2006,13.74000
22-09-2006,13.78000
21-09-2006,13.85000
20-09-2006,13.72000
19-09-2006,13.60000
18-09-2006,13.80000
15-09-2006,13.68000
14-09-2006,13.65000
13-09-2006,13.56000
12-09-2006,13.39000
11-09-2006,13.32000
08-09-2006,13.64000
07-09-2006,13.56000
06-09-2006,13.53000
05-09-2006,13.53000
04-09-2006,13.49000
01-09-2006,13.32000
31-08-2006,13.20000
30-08-2006,13.31000
29-08-2006,13.31000
28-08-2006,13.31000
25-08-2006,13.22000
24-08-2006,13.15000
23-08-2006,13.08000
22-08-2006,13.16000
21-08-2006,13.19000
18-08-2006,13.13000
17-08-2006,13.15000
16-08-2006,13.13000
14-08-2006,13.04000
11-08-2006,12.81000
10-08-2006,12.69000
09-08-2006,12.71000
08-08-2006,12.54000
07-08-2006,12.42000
04-08-2006,12.44000
03-08-2006,12.49000
02-08-2006,12.51000
01-08-2006,12.25000
31-07-2006,12.25000
28-07-2006,12.07000
27-07-2006,12.03000
26-07-2006,11.92000
25-07-2006,11.69000
24-07-2006,11.52000
21-07-2006,11.53000
20-07-2006,11.75000
19-07-2006,11.50000
18-07-2006,11.78000
17-07-2006,11.93000
14-07-2006,12.24000
13-07-2006,12.35000
12-07-2006,12.42000
11-07-2006,12.33000
10-07-2006,12.34000
07-07-2006,12.26000
06-07-2006,12.46000
05-07-2006,12.56000
04-07-2006,12.46000
03-07-2006,12.45000
30-06-2006,12.39000
29-06-2006,11.98000
28-06-2006,12.02000
27-06-2006,12.02000
26-06-2006,12.03000
23-06-2006,12.36000
22-06-2006,12.34000
21-06-2006,12.10000
20-06-2006,11.90000
19-06-2006,11.99000
16-06-2006,11.68000
15-06-2006,11.34000
14-06-2006,10.67000
13-06-2006,11.00000
12-06-2006,11.49000
09-06-2006,11.81000
08-06-2006,11.22000
07-06-2006,12.10000
06-06-2006,12.43000
05-06-2006,12.80000
02-06-2006,13.04000
01-06-2006,12.82000
31-05-2006,13.21000
30-05-2006,13.53000
29-05-2006,13.66000
26-05-2006,13.58000
25-05-2006,13.40000
24-05-2006,13.32000
23-05-2006,13.53000
22-05-2006,13.11000
19-05-2006,13.85000
18-05-2006,14.41000
17-05-2006,15.32000
16-05-2006,14.93000
15-05-2006,14.90000
12-05-2006,15.48000
11-05-2006,15.65000
10-05-2006,15.89000
09-05-2006,15.85000
08-05-2006,15.71000
05-05-2006,15.63000
04-05-2006,15.57000
03-05-2006,15.57000
02-05-2006,15.61000
28-04-2006,15.23000
27-04-2006,15.23000
26-04-2006,15.19000
25-04-2006,15.02000
24-04-2006,15.21000
21-04-2006,15.24000
20-04-2006,15.26000
19-04-2006,15.23000
18-04-2006,15.28000
17-04-2006,15.13000
13-04-2006,14.93000
12-04-2006,15.21000
10-04-2006,15.57000
07-04-2006,15.62000
05-04-2006,15.84000
04-04-2006,15.50000
03-04-2006,15.32000
