date,nav
29-09-2026,1879.91000
28-09-2026,1886.39000
25-09-2026,1915.87000
24-09-2026,1912.16000
23-09-2026,1939.06000
22-09-2026,1928.49000
21-09-2026,1932.30000
18-09-2026,1931.20000
17-09-2026,1914.21000
16-09-2026,1903.33000
15-09-2026,1898.65000
11-09-2026,1933.21000
10-09-2026,1942.97000
09-09-2026,1938.71000
08-09-2026,1950.06000
07-09-2026,1953.84000
04-09-2026,1963.56000
03-09-2026,1968.10000
02-09-2026,1968.48000
01-09-2026,1979.86000
31-08-2026,1985.19000
28-08-2026,1986.14000
27-08-2026,1982.76000
26-08-2026,1982.55000
25-08-2026,1984.55000
24-08-2026,1979.79000
21-08-2026,1982.09000
20-08-2026,1979.39000
19-08-2026,1968.34000
18-08-2026,1971.61000
17-08-2026,1975.51000
14-08-2026,1978.22000
13-08-2026,1981.83000
12-08-2026,1981.06000
11-08-2026,1984.52000
10-08-2026,1990.44000
07-08-2026,1986.09000
06-08-2026,1986.19000
05-08-2026,1988.05000
04-08-2026,1981.43000
03-08-2026,1982.49000
31-07-2026,1952.00000
30-07-2026,1946.41000
29-07-2026,1943.12000
28-07-2026,1927.48000
27-07-2026,1928.08000
24-07-2026,1905.14000
23-07-2026,1907.06000
22-07-2026,1917.22000
21-07-2026,1930.84000
20-07-2026,1926.14000
17-07-2026,1922.23000
16-07-2026,1911.97000
15-07-2026,1914.11000
14-07-2026,1908.03000
13-07-2026,1920.82000
10-07-2026,1918.97000
09-07-2026,1900.58000
08-07-2026,1887.22000
07-07-2026,1918.16000
06-07-2026,1920.89000
03-07-2026,1907.94000
02-07-2026,1904.58000
01-07-2026,1886.59000
30-06-2026,1880.72000
29-06-2026,1880.75000
25-06-2026,1889.92000
24-06-2026,1891.32000
23-06-2026,1878.01000
22-06-2026,1889.98000
19-06-2026,1880.23000
18-06-2026,1884.69000
17-06-2026,1879.04000
16-06-2026,1869.76000
15-06-2026,1862.32000
12-06-2026,1841.23000
11-06-2026,1811.64000
10-06-2026,1819.53000
09-06-2026,1828.21000
08-06-2026,1809.76000
05-06-2026,1831.40000
04-06-2026,1833.40000
03-06-2026,1834.18000
02-06-2026,1836.75000
01-06-2026,1828.95000
29-05-2026,1846.99000
27-05-2026,1862.34000
26-05-2026,1857.41000
25-05-2026,1857.73000
22-05-2026,1838.24000
21-05-2026,1832.67000
20-05-2026,1830.73000
19-05-2026,1825.97000
18-05-2026,1820.25000
15-05-2026,1824.87000
14-05-2026,1829.87000
13-05-2026,1818.29000
12-05-2026,1812.79000
11-05-2026,1853.20000
08-05-2026,1868.36000
07-05-2026,1868.06000
06-05-2026,1858.52000
05-05-2026,1837.23000
04-05-2026,1837.17000
30-04-2026,1823.99000
29-04-2026,1834.90000
28-04-2026,1829.99000
27-04-2026,1833.04000
24-04-2026,1814.89000
23-04-2026,1837.60000
22-04-2026,1852.91000
21-04-2026,1858.38000
20-04-2026,1844.01000
17-04-2026,1840.81000
16-04-2026,1824.31000
15-04-2026,1821.06000
13-04-2026,1789.31000
10-04-2026,1799.83000
09-04-2026,1773.15000
08-04-2026,1778.43000
07-04-2026,1715.72000
06-04-2026,1706.80000
02-04-2026,1686.05000
01-04-2026,1689.69000
31-03-2026,1659.16000
30-03-2026,1659.24000
27-03-2026,1696.08000
25-03-2026,1725.27000
24-03-2026,1696.27000
23-03-2026,1663.45000
20-03-2026,1711.33000
19-03-2026,1700.65000
18-03-2026,1754.37000
17-03-2026,1729.84000
16-03-2026,1718.29000
13-03-2026,1709.95000
12-03-2026,1752.25000
11-03-2026,1764.81000
10-03-2026,1787.61000
09-03-2026,1765.31000
06-03-2026,1799.17000
05-03-2026,1811.10000
04-03-2026,1791.80000
02-03-2026,1823.82000
27-02-2026,1849.36000
26-02-2026,1868.52000
25-02-2026,1864.35000
24-02-2026,1854.16000
23-02-2026,1872.21000
20-02-2026,1862.57000
19-02-2026,1857.55000
18-02-2026,1883.43000
17-02-2026,1878.19000
16-02-2026,1873.95000
13-02-2026,1866.24000
12-02-2026,1887.10000
11-02-2026,1897.17000
10-02-2026,1892.83000
09-02-2026,1889.40000
06-02-2026,1865.82000
05-02-2026,1864.30000
04-02-2026,1870.89000
03-02-2026,1868.60000
02-02-2026,1820.29000
30-01-2026,1835.92000
29-01-2026,1833.81000
28-01-2026,1833.45000
27-01-2026,1820.18000
23-01-2026,1817.45000
22-01-2026,1840.43000
21-01-2026,1822.75000
20-01-2026,1830.55000
19-01-2026,1859.88000
16-01-2026,1865.36000
14-01-2026,1857.58000
13-01-2026,1862.59000
12-01-2026,1862.38000
09-01-2026,1861.21000
08-01-2026,1879.11000
07-01-2026,1905.28000
06-01-2026,1904.42000
05-01-2026,1903.23000
02-01-2026,1906.05000
01-01-2026,1895.79000
31-12-2025,1893.33000
30-12-2025,1878.86000
29-12-2025,1878.58000
26-12-2025,1884.54000
24-12-2025,1891.84000
23-12-2025,1897.52000
22-12-2025,1898.50000
19-12-2025,1886.01000
18-12-2025,1869.44000
17-12-2025,1867.83000
16-12-2025,1869.12000
15-12-2025,1877.92000
12-12-2025,1876.72000
11-12-2025,1864.64000
10-12-2025,1856.44000
09-12-2025,1862.07000
08-12-2025,1864.97000
05-12-2025,1883.91000
04-12-2025,1872.54000
03-12-2025,1869.75000
02-12-2025,1877.31000
01-12-2025,1886.11000
28-11-2025,1883.99000
27-11-2025,1883.95000
26-11-2025,1887.17000
25-11-2025,1867.85000
24-11-2025,1866.47000
21-11-2025,1872.95000
20-11-2025,1887.27000
19-11-2025,1882.16000
18-11-2025,1872.02000
17-11-2025,1881.65000
14-11-2025,1869.79000
13-11-2025,1870.14000
12-11-2025,1871.98000
11-11-2025,1861.07000
10-11-2025,1851.53000
07-11-2025,1849.18000
06-11-2025,1846.12000
04-11-2025,1862.79000
03-11-2025,1872.95000
31-10-2025,1860.45000
30-10-2025,1872.20000
29-10-2025,1880.42000
28-10-2025,1871.54000
27-10-2025,1870.77000
24-10-2025,1855.58000
23-10-2025,1861.11000
20-10-2025,1857.63000
17-10-2025,1846.89000
16-10-2025,1842.56000
15-10-2025,1821.96000
14-10-2025,1805.58000
13-10-2025,1810.23000
10-10-2025,1811.33000
09-10-2025,1807.06000
08-10-2025,1797.26000
07-10-2025,1805.92000
06-10-2025,1803.94000
03-10-2025,1789.88000
01-10-2025,1784.26000
30-09-2025,1769.64000
26-09-2025,1767.48000
25-09-2025,1791.71000
24-09-2025,1804.21000
23-09-2025,1811.87000
22-09-2025,1815.03000
19-09-2025,1827.38000
18-09-2025,1830.25000
17-09-2025,1823.83000
16-09-2025,1817.48000
15-09-2025,1806.24000
12-09-2025,1803.60000
11-09-2025,1798.16000
10-09-2025,1797.62000
09-09-2025,1788.15000
08-09-2025,1777.73000
05-09-2025,1771.74000
04-09-2025,1774.12000
03-09-2025,1780.01000
02-09-2025,1769.71000
01-09-2025,1772.82000
29-08-2025,1753.11000
28-08-2025,1757.63000
26-08-2025,1773.52000
25-08-2025,1795.62000
22-08-2025,1790.95000
21-08-2025,1801.41000
20-08-2025,1799.13000
19-08-2025,1794.69000
18-08-2025,1784.44000
14-08-2025,1765.44000
13-08-2025,1763.95000
12-08-2025,1751.13000
11-08-2025,1755.46000
08-08-2025,1741.53000
07-08-2025,1757.46000
06-08-2025,1754.94000
05-08-2025,1764.71000
04-08-2025,1766.67000
01-08-2025,1752.14000
31-07-2025,1771.82000
30-07-2025,1778.78000
29-07-2025,1770.78000
28-07-2025,1761.15000
25-07-2025,1775.48000
24-07-2025,1793.24000
23-07-2025,1803.95000
22-07-2025,1793.78000
21-07-2025,1795.97000
18-07-2025,1788.28000
17-07-2025,1799.91000
16-07-2025,1800.73000
15-07-2025,1800.02000
14-07-2025,1791.87000
11-07-2025,1793.01000
10-07-2025,1805.15000
09-07-2025,1813.45000
08-07-2025,1815.97000
07-07-2025,1813.22000
04-07-2025,1813.23000
03-07-2025,1806.73000
02-07-2025,1810.76000
01-07-2025,1816.96000
30-06-2025,1817.52000
27-06-2025,1822.13000
26-06-2025,1815.44000
25-06-2025,1800.94000
24-06-2025,1788.65000
23-06-2025,1776.85000
20-06-2025,1781.98000
19-06-2025,1763.07000
18-06-2025,1771.75000
17-06-2025,1771.58000
16-06-2025,1779.86000
13-06-2025,1763.52000
12-06-2025,1775.81000
11-06-2025,1795.44000
10-06-2025,1795.98000
09-06-2025,1798.39000
06-06-2025,1787.34000
05-06-2025,1771.32000
04-06-2025,1761.92000
03-06-2025,1757.42000
02-06-2025,1762.22000
30-05-2025,1760.47000
29-05-2025,1763.14000
28-05-2025,1754.99000
27-05-2025,1758.46000
26-05-2025,1765.13000
23-05-2025,1757.14000
22-05-2025,1744.22000
21-05-2025,1752.87000
20-05-2025,1744.57000
19-05-2025,1764.10000
16-05-2025,1766.28000
15-05-2025,1762.02000
14-05-2025,1739.25000
13-05-2025,1729.76000
12-05-2025,1743.21000
09-05-2025,1683.79000
08-05-2025,1697.75000
07-05-2025,1713.91000
06-05-2025,1705.23000
05-05-2025,1721.21000
02-05-2025,1709.39000
30-04-2025,1710.02000
29-04-2025,1712.12000
28-04-2025,1709.66000
25-04-2025,1690.55000
24-04-2025,1710.23000
23-04-2025,1714.16000
22-04-2025,1699.36000
21-04-2025,1696.42000
17-04-2025,1671.56000
16-04-2025,1648.06000
15-04-2025,1639.48000
11-04-2025,1601.42000
09-04-2025,1572.59000
08-04-2025,1579.55000
07-04-2025,1550.47000
04-04-2025,1606.18000
03-04-2025,1636.33000
02-04-2025,1642.85000
01-04-2025,1625.80000
31-03-2025,1652.01000
28-03-2025,1652.23000
27-03-2025,1652.65000
26-03-2025,1642.95000
25-03-2025,1653.38000
24-03-2025,1658.63000
21-03-2025,1640.00000
20-03-2025,1625.32000
19-03-2025,1609.05000
18-03-2025,1598.40000
17-03-2025,1572.28000
13-03-2025,1559.48000
12-03-2025,1565.92000
11-03-2025,1570.76000
10-03-2025,1564.37000
07-03-2025,1574.98000
06-03-2025,1575.23000
05-03-2025,1557.81000
04-03-2025,1533.12000
03-03-2025,1533.03000
28-02-2025,1533.47000
27-02-2025,1566.34000
25-02-2025,1568.26000
24-02-2025,1572.34000
21-02-2025,1588.68000
20-02-2025,1601.59000
19-02-2025,1592.03000
18-02-2025,1583.92000
17-02-2025,1587.45000
14-02-2025,1588.91000
13-02-2025,1607.73000
12-02-2025,1607.47000
11-02-2025,1610.22000
10-02-2025,1636.58000
07-02-2025,1652.28000
06-02-2025,1650.54000
05-02-2025,1655.37000
04-02-2025,1654.69000
03-02-2025,1632.63000
31-01-2025,1639.95000
30-01-2025,1628.68000
29-01-2025,1628.90000
28-01-2025,1604.28000
27-01-2025,1602.60000
24-01-2025,1631.19000
23-01-2025,1646.03000
22-01-2025,1638.57000
21-01-2025,1638.68000
20-01-2025,1661.86000
17-01-2025,1650.84000
16-01-2025,1656.10000
15-01-2025,1643.04000
14-01-2025,1640.66000
13-01-2025,1631.74000
10-01-2025,1670.40000
09-01-2025,1686.80000
08-01-2025,1693.67000
07-01-2025,1703.99000
06-01-2025,1697.22000
03-01-2025,1726.33000
02-01-2025,1734.39000
01-01-2025,1707.93000
31-12-2024,1702.56000
30-12-2024,1703.33000
27-12-2024,1708.06000
26-12-2024,1706.07000
24-12-2024,1702.20000
23-12-2024,1701.08000
20-12-2024,1697.47000
19-12-2024,1724.91000
18-12-2024,1737.21000
17-12-2024,1745.07000
16-12-2024,1763.80000
13-12-2024,1766.04000
12-12-2024,1760.29000
11-12-2024,1768.04000
10-12-2024,1766.77000
09-12-2024,1760.72000
06-12-2024,1760.79000
05-12-2024,1761.89000
04-12-2024,1749.64000
03-12-2024,1745.70000
02-12-2024,1731.10000
29-11-2024,1721.56000
28-11-2024,1708.47000
27-11-2024,1726.65000
26-11-2024,1720.87000
25-11-2024,1719.37000
22-11-2024,1697.15000
21-11-2024,1669.37000
19-11-2024,1679.60000
18-11-2024,1673.48000
14-11-2024,1678.13000
13-11-2024,1674.94000
12-11-2024,1704.39000
11-11-2024,1722.37000
08-11-2024,1727.72000
07-11-2024,1737.57000
06-11-2024,1754.37000
05-11-2024,1731.16000
04-11-2024,1718.03000
31-10-2024,1728.46000
30-10-2024,1736.07000
29-10-2024,1742.31000
28-10-2024,1735.97000
25-10-2024,1728.65000
24-10-2024,1749.42000
23-10-2024,1752.21000
22-10-2024,1748.04000
21-10-2024,1775.89000
18-10-2024,1794.77000
17-10-2024,1790.23000
16-10-2024,1810.49000
15-10-2024,1812.40000
14-10-2024,1808.60000
11-10-2024,1797.93000
10-10-2024,1794.69000
09-10-2024,1798.62000
08-10-2024,1784.80000
07-10-2024,1766.60000
04-10-2024,1785.77000
03-10-2024,1800.66000
01-10-2024,1839.41000
30-09-2024,1836.66000
27-09-2024,1853.62000
26-09-2024,1853.23000
25-09-2024,1842.03000
24-09-2024,1842.21000
23-09-2024,1840.75000
20-09-2024,1826.74000
19-09-2024,1804.64000
18-09-2024,1804.54000
17-09-2024,1811.33000
16-09-2024,1807.03000
13-09-2024,1804.24000
12-09-2024,1804.82000
11-09-2024,1776.27000
10-09-2024,1778.14000
09-09-2024,1766.24000
06-09-2024,1765.75000
05-09-2024,1787.18000
04-09-2024,1785.58000
03-09-2024,1786.12000
02-09-2024,1785.51000
30-08-2024,1779.95000
29-08-2024,1768.00000
28-08-2024,1766.12000
27-08-2024,1763.70000
26-08-2024,1757.99000
23-08-2024,1744.84000
22-08-2024,1744.19000
21-08-2024,1736.65000
20-08-2024,1728.04000
19-08-2024,1716.13000
16-08-2024,1715.63000
14-08-2024,1686.75000
13-08-2024,1684.68000
12-08-2024,1696.32000
09-08-2024,1696.62000
08-08-2024,1682.92000
07-08-2024,1693.58000
06-08-2024,1666.32000
05-08-2024,1673.18000
02-08-2024,1718.31000
01-08-2024,1737.20000
31-07-2024,1741.93000
30-07-2024,1735.43000
29-07-2024,1738.12000
26-07-2024,1732.82000
25-07-2024,1698.67000
24-07-2024,1698.36000
23-07-2024,1698.15000
22-07-2024,1701.92000
19-07-2024,1693.89000
18-07-2024,1715.81000
16-07-2024,1708.44000
15-07-2024,1705.51000
12-07-2024,1697.54000
11-07-2024,1693.53000
10-07-2024,1695.04000
09-07-2024,1700.87000
08-07-2024,1692.09000
05-07-2024,1696.59000
04-07-2024,1689.10000
03-07-2024,1682.27000
02-07-2024,1669.15000
01-07-2024,1675.21000
28-06-2024,1665.43000
27-06-2024,1668.96000
26-06-2024,1662.79000
25-06-2024,1658.38000
24-06-2024,1651.26000
21-06-2024,1643.26000
20-06-2024,1646.79000
19-06-2024,1642.58000
18-06-2024,1649.17000
14-06-2024,1637.75000
13-06-2024,1628.51000
12-06-2024,1618.34000
11-06-2024,1609.16000
10-06-2024,1608.70000
07-06-2024,1607.97000
06-06-2024,1580.60000
05-06-2024,1557.07000
04-06-2024,1499.07000
03-06-2024,1589.08000
31-05-2024,1547.75000
30-05-2024,1545.06000
29-05-2024,1562.33000
28-05-2024,1571.62000
27-05-2024,1575.09000
24-05-2024,1573.72000
23-05-2024,1572.86000
22-05-2024,1557.60000
21-05-2024,1556.72000
17-05-2024,1552.03000
16-05-2024,1544.82000
15-05-2024,1526.36000
14-05-2024,1522.84000
13-05-2024,1515.04000
10-05-2024,1512.01000
09-05-2024,1504.43000
08-05-2024,1527.17000
07-05-2024,1521.44000
06-05-2024,1538.19000
03-05-2024,1540.88000
02-05-2024,1549.83000
30-04-2024,1546.38000
29-04-2024,1547.84000
26-04-2024,1541.87000
25-04-2024,1547.69000
24-04-2024,1537.33000
23-04-2024,1533.98000
22-04-2024,1530.06000
19-04-2024,1511.81000
18-04-2024,1504.48000
16-04-2024,1510.57000
15-04-2024,1514.57000
12-04-2024,1533.69000
10-04-2024,1546.92000
09-04-2024,1535.68000
08-04-2024,1532.31000
05-04-2024,1519.59000
04-04-2024,1516.03000
03-04-2024,1512.30000
02-04-2024,1512.36000
01-04-2024,1511.73000
31-03-2024,1494.75000
28-03-2024,1494.94000
27-03-2024,1480.69000
26-03-2024,1474.37000
22-03-2024,1475.92000
21-03-2024,1468.12000
20-03-2024,1455.10000
19-03-2024,1453.83000
18-03-2024,1467.32000
15-03-2024,1464.24000
14-03-2024,1471.97000
13-03-2024,1454.43000
12-03-2024,1485.98000
11-03-2024,1492.21000
07-03-2024,1502.25000
06-03-2024,1494.11000
05-03-2024,1490.56000
04-03-2024,1495.38000
01-03-2024,1495.15000
29-02-2024,1479.67000
28-02-2024,1477.15000
27-02-2024,1495.04000
26-02-2024,1491.74000
23-02-2024,1496.10000
22-02-2024,1493.92000
21-02-2024,1484.22000
20-02-2024,1493.25000
19-02-2024,1489.01000
16-02-2024,1481.93000
15-02-2024,1471.83000
14-02-2024,1465.23000
13-02-2024,1459.75000
12-02-2024,1452.28000
09-02-2024,1468.47000
08-02-2024,1464.00000
07-02-2024,1473.42000
06-02-2024,1471.20000
05-02-2024,1456.61000
02-02-2024,1462.74000
01-02-2024,1454.85000
31-01-2024,1460.26000
30-01-2024,1443.78000
29-01-2024,1455.59000
25-01-2024,1436.02000
24-01-2024,1443.78000
23-01-2024,1425.06000
19-01-2024,1450.92000
18-01-2024,1437.58000
17-01-2024,1440.67000
16-01-2024,1464.55000
15-01-2024,1471.27000
12-01-2024,1461.21000
11-01-2024,1450.09000
10-01-2024,1447.81000
09-01-2024,1443.29000
08-01-2024,1437.05000
05-01-2024,1448.83000
04-01-2024,1447.76000
03-01-2024,1430.54000
02-01-2024,1436.82000
01-01-2024,1439.35000
29-12-2023,1436.51000
28-12-2023,1435.02000
27-12-2023,1428.62000
26-12-2023,1415.84000
22-12-2023,1408.15000
21-12-2023,1396.34000
20-12-2023,1385.25000
19-12-2023,1413.00000
18-12-2023,1413.18000
15-12-2023,1412.42000
14-12-2023,1400.54000
13-12-2023,1381.65000
12-12-2023,1375.67000
11-12-2023,1384.11000
08-12-2023,1376.49000
07-12-2023,1372.96000
06-12-2023,1376.40000
05-12-2023,1374.53000
04-12-2023,1368.08000
01-12-2023,1346.50000
30-11-2023,1337.73000
29-11-2023,1331.12000
28-11-2023,1317.97000
24-11-2023,1312.94000
23-11-2023,1314.33000
22-11-2023,1314.00000
21-11-2023,1313.94000
20-11-2023,1308.98000
17-11-2023,1310.11000
16-11-2023,1311.92000
15-11-2023,1303.23000
13-11-2023,1288.81000
10-11-2023,1289.00000
09-11-2023,1290.00000
08-11-2023,1290.68000
07-11-2023,1288.46000
06-11-2023,1286.14000
03-11-2023,1272.46000
02-11-2023,1265.02000
01-11-2023,1250.45000
31-10-2023,1253.27000
30-10-2023,1258.98000
27-10-2023,1255.02000
26-10-2023,1239.32000
25-10-2023,1253.72000
23-10-2023,1263.29000
20-10-2023,1284.51000
19-10-2023,1294.95000
18-10-2023,1300.32000
17-10-2023,1311.08000
16-10-2023,1307.00000
13-10-2023,1306.63000
12-10-2023,1307.58000
11-10-2023,1307.60000
10-10-2023,1301.62000
09-10-2023,1286.14000
06-10-2023,1297.10000
05-10-2023,1288.10000
04-10-2023,1283.10000
03-10-2023,1296.81000
29-09-2023,1301.19000
27-09-2023,1298.68000
26-09-2023,1295.62000
25-09-2023,1298.96000
22-09-2023,1297.05000
21-09-2023,1301.80000
20-09-2023,1314.92000
18-09-2023,1327.58000
15-09-2023,1335.39000
14-09-2023,1327.71000
13-09-2023,1319.33000
12-09-2023,1310.80000
11-09-2023,1323.82000
08-09-2023,1313.65000
07-09-2023,1308.97000
06-09-2023,1304.62000
05-09-2023,1300.04000
04-09-2023,1290.11000
01-09-2023,1281.74000
31-08-2023,1270.19000
30-08-2023,1271.00000
29-08-2023,1266.43000
28-08-2023,1263.28000
25-08-2023,1258.45000
24-08-2023,1264.94000
23-08-2023,1264.34000
22-08-2023,1258.75000
21-08-2023,1254.15000
18-08-2023,1246.21000
17-08-2023,1251.97000
16-08-2023,1255.11000
14-08-2023,1256.41000
11-08-2023,1259.70000
10-08-2023,1264.55000
09-08-2023,1270.23000
08-08-2023,1265.85000
07-08-2023,1264.78000
04-08-2023,1260.40000
03-08-2023,1251.26000
02-08-2023,1258.20000
01-08-2023,1276.36000
31-07-2023,1273.83000
28-07-2023,1265.89000
27-07-2023,1263.65000
26-07-2023,1264.36000
25-07-2023,1260.54000
24-07-2023,1257.98000
21-07-2023,1260.91000
20-07-2023,1267.84000
19-07-2023,1261.62000
18-07-2023,1257.46000
17-07-2023,1257.26000
14-07-2023,1249.72000
13-07-2023,1235.65000
12-07-2023,1235.00000
11-07-2023,1233.19000
10-07-2023,1229.93000
07-07-2023,1233.32000
06-07-2023,1242.99000
05-07-2023,1238.43000
04-07-2023,1236.14000
03-07-2023,1231.70000
30-06-2023,1224.74000
28-06-2023,1212.44000
27-06-2023,1205.47000
26-06-2023,1195.50000
23-06-2023,1191.55000
22-06-2023,1199.42000
21-06-2023,1206.19000
20-06-2023,1202.93000
19-06-2023,1199.17000
16-06-2023,1202.40000
15-06-2023,1192.69000
14-06-2023,1193.59000
13-06-2023,1192.06000
12-06-2023,1182.43000
09-06-2023,1178.31000
08-06-2023,1182.77000
07-06-2023,1191.68000
06-06-2023,1182.02000
05-06-2023,1182.69000
02-06-2023,1177.15000
01-06-2023,1171.83000
31-05-2023,1172.12000
30-05-2023,1170.60000
29-05-2023,1169.77000
26-05-2023,1163.48000
25-05-2023,1151.83000
24-05-2023,1149.28000
23-05-2023,1151.91000
22-05-2023,1151.50000
19-05-2023,1145.88000
18-05-2023,1140.92000
17-05-2023,1141.35000
16-05-2023,1146.89000
15-05-2023,1149.07000
12-05-2023,1144.34000
11-05-2023,1142.21000
10-05-2023,1140.67000
09-05-2023,1140.32000
08-05-2023,1141.44000
05-05-2023,1128.48000
04-05-2023,1136.52000
03-05-2023,1125.71000
02-05-2023,1128.30000
28-04-2023,1126.98000
27-04-2023,1118.14000
26-04-2023,1110.40000
25-04-2023,1107.09000
24-04-2023,1105.93000
21-04-2023,1099.49000
20-04-2023,1101.81000
19-04-2023,1101.25000
18-04-2023,1106.26000
17-04-2023,1104.21000
13-04-2023,1110.34000
12-04-2023,1110.17000
11-04-2023,1103.94000
10-04-2023,1099.97000
06-04-2023,1101.56000
05-04-2023,1098.12000
03-04-2023,1092.62000
31-03-2023,1088.64000
29-03-2023,1073.57000
28-03-2023,1063.65000
27-03-2023,1065.91000
24-03-2023,1066.95000
23-03-2023,1076.12000
22-03-2023,1081.43000
21-03-2023,1078.05000
20-03-2023,1072.56000
17-03-2023,1081.70000
16-03-2023,1070.86000
15-03-2023,1071.33000
14-03-2023,1072.63000
13-03-2023,1076.73000
10-03-2023,1094.87000
09-03-2023,1105.40000
08-03-2023,1112.29000
06-03-2023,1112.33000
03-03-2023,1106.91000
02-03-2023,1094.09000
01-03-2023,1100.76000
28-02-2023,1090.78000
27-02-2023,1096.14000
24-02-2023,1102.45000
23-02-2023,1103.21000
22-02-2023,1104.72000
21-02-2023,1118.30000
20-02-2023,1121.36000
17-02-2023,1125.65000
16-02-2023,1134.28000
15-02-2023,1129.70000
14-02-2023,1123.47000
13-02-2023,1119.12000
10-02-2023,1125.39000
09-02-2023,1127.80000
08-02-2023,1126.73000
07-02-2023,1116.17000
06-02-2023,1122.98000
03-02-2023,1122.72000
02-02-2023,1112.25000
01-02-2023,1107.57000
31-01-2023,1109.78000
30-01-2023,1104.75000
27-01-2023,1100.37000
25-01-2023,1115.76000
24-01-2023,1130.46000
23-01-2023,1133.66000
20-01-2023,1129.09000
19-01-2023,1135.94000
18-01-2023,1138.56000
17-01-2023,1133.09000
16-01-2023,1128.76000
13-01-2023,1132.84000
12-01-2023,1127.45000
11-01-2023,1128.17000
10-01-2023,1129.71000
09-01-2023,1137.92000
06-01-2023,1125.93000
05-01-2023,1134.94000
04-01-2023,1140.29000
03-01-2023,1152.07000
02-01-2023,1147.52000
30-12-2022,1140.50000
29-12-2022,1142.92000
28-12-2022,1138.37000
27-12-2022,1139.60000
26-12-2022,1132.16000
23-12-2022,1117.91000
22-12-2022,1142.25000
21-12-2022,1147.39000
20-12-2022,1155.79000
19-12-2022,1158.41000
16-12-2022,1151.63000
15-12-2022,1165.50000
14-12-2022,1178.31000
13-12-2022,1174.22000
12-12-2022,1168.97000
09-12-2022,1169.68000
08-12-2022,1178.01000
07-12-2022,1173.47000
06-12-2022,1180.86000
05-12-2022,1190.36000
02-12-2022,1190.70000
01-12-2022,1188.11000
30-11-2022,1182.24000
29-11-2022,1174.23000
28-11-2022,1171.95000
25-11-2022,1170.51000
24-11-2022,1168.04000
23-11-2022,1155.48000
22-11-2022,1151.29000
21-11-2022,1147.03000
18-11-2022,1150.90000
17-11-2022,1153.09000
16-11-2022,1158.64000
15-11-2022,1163.02000
14-11-2022,1157.83000
11-11-2022,1156.95000
10-11-2022,1141.69000
09-11-2022,1149.90000
07-11-2022,1155.86000
04-11-2022,1151.68000
03-11-2022,1150.48000
02-11-2022,1149.60000
01-11-2022,1152.94000
31-10-2022,1144.87000
28-10-2022,1134.10000
27-10-2022,1139.36000
25-10-2022,1129.64000
21-10-2022,1121.73000
20-10-2022,1121.17000
19-10-2022,1118.84000
18-10-2022,1120.06000
17-10-2022,1110.45000
14-10-2022,1104.29000
13-10-2022,1094.97000
12-10-2022,1100.29000
11-10-2022,1093.29000
10-10-2022,1111.16000
07-10-2022,1114.78000
06-10-2022,1116.97000
04-10-2022,1108.85000
03-10-2022,1086.12000
30-09-2022,1096.95000
29-09-2022,1078.59000
28-09-2022,1077.63000
27-09-2022,1082.65000
26-09-2022,1083.82000
23-09-2022,1106.85000
22-09-2022,1127.26000
21-09-2022,1129.93000
20-09-2022,1135.76000
19-09-2022,1117.75000
16-09-2022,1115.49000
15-09-2022,1139.23000
14-09-2022,1148.59000
13-09-2022,1151.69000
12-09-2022,1146.11000
09-09-2022,1133.17000
08-09-2022,1129.20000
07-09-2022,1120.95000
06-09-2022,1121.53000
05-09-2022,1119.59000
02-09-2022,1110.32000
01-09-2022,1111.42000
30-08-2022,1119.13000
29-08-2022,1096.82000
26-08-2022,1111.87000
25-08-2022,1109.53000
24-08-2022,1110.93000
23-08-2022,1107.71000
22-08-2022,1099.82000
19-08-2022,1118.96000
18-08-2022,1133.40000
17-08-2022,1133.54000
16-08-2022,1123.91000
12-08-2022,1118.51000
11-08-2022,1117.21000
10-08-2022,1108.63000
08-08-2022,1106.48000
05-08-2022,1100.59000
04-08-2022,1097.56000
03-08-2022,1094.65000
02-08-2022,1093.66000
01-08-2022,1095.24000
29-07-2022,1084.75000
28-07-2022,1071.15000
27-07-2022,1056.25000
26-07-2022,1047.03000
25-07-2022,1059.42000
22-07-2022,1059.58000
21-07-2022,1054.23000
20-07-2022,1046.24000
19-07-2022,1041.08000
18-07-2022,1036.81000
15-07-2022,1020.27000
14-07-2022,1017.96000
13-07-2022,1018.96000
12-07-2022,1021.88000
11-07-2022,1033.11000
08-07-2022,1032.60000
07-07-2022,1028.08000
06-07-2022,1017.63000
05-07-2022,1005.52000
04-07-2022,1006.28000
01-07-2022,999.86000
30-06-2022,995.96000
29-06-2022,998.21000
28-06-2022,1004.15000
27-06-2022,1003.27000
24-06-2022,993.45000
23-06-2022,983.34000
22-06-2022,971.87000
21-06-2022,986.19000
20-06-2022,966.11000
17-06-2022,968.79000
16-06-2022,973.72000
15-06-2022,996.79000
14-06-2022,993.84000
13-06-2022,992.29000
10-06-2022,1020.54000
09-06-2022,1034.02000
08-06-2022,1026.95000
07-06-2022,1027.67000
06-06-2022,1040.18000
03-06-2022,1043.34000
02-06-2022,1050.17000
01-06-2022,1043.72000
31-05-2022,1049.82000
30-05-2022,1054.08000
27-05-2022,1035.29000
26-05-2022,1020.77000
25-05-2022,1008.49000
24-05-2022,1017.08000
23-05-2022,1024.24000
20-05-2022,1029.98000
19-05-2022,1004.88000
18-05-2022,1035.12000
17-05-2022,1037.57000
16-05-2022,1014.62000
13-05-2022,1007.87000
12-05-2022,1008.64000
11-05-2022,1029.67000
10-05-2022,1034.34000
09-05-2022,1042.04000
06-05-2022,1048.28000
05-05-2022,1068.97000
04-05-2022,1067.05000
02-05-2022,1093.29000
29-04-2022,1100.25000
28-04-2022,1107.46000
27-04-2022,1098.71000
26-04-2022,1111.85000
25-04-2022,1098.49000
22-04-2022,1113.85000
21-04-2022,1128.21000
20-04-2022,1117.20000
19-04-2022,1112.25000
18-04-2022,1126.49000
13-04-2022,1144.36000
12-04-2022,1147.46000
11-04-2022,1157.42000
08-04-2022,1163.15000
07-04-2022,1154.31000
06-04-2022,1157.01000
05-04-2022,1163.66000
04-04-2022,1162.81000
01-04-2022,1144.27000
31-03-2022,1135.82000
30-03-2022,1137.80000
29-03-2022,1127.66000
28-03-2022,1120.07000
25-03-2022,1118.39000
24-03-2022,1122.84000
23-03-2022,1117.50000
22-03-2022,1119.27000
21-03-2022,1110.93000
17-03-2022,1119.70000
16-03-2022,1103.60000
15-03-2022,1084.29000
14-03-2022,1096.57000
11-03-2022,1085.57000
10-03-2022,1081.90000
09-03-2022,1067.85000
08-03-2022,1049.77000
07-03-2022,1036.53000
04-03-2022,1053.16000
03-03-2022,1068.12000
02-03-2022,1076.78000
28-02-2022,1089.56000
25-02-2022,1083.25000
24-02-2022,1050.69000
23-02-2022,1100.51000
22-02-2022,1098.42000
21-02-2022,1106.09000
18-02-2022,1111.48000
17-02-2022,1115.85000
16-02-2022,1121.79000
15-02-2022,1124.03000
14-02-2022,1096.06000
11-02-2022,1134.48000
10-02-2022,1152.76000
09-02-2022,1144.85000
08-02-2022,1129.31000
07-02-2022,1129.42000
04-02-2022,1148.19000
03-02-2022,1149.77000
02-02-2022,1161.35000
01-02-2022,1148.82000
31-01-2022,1130.18000
28-01-2022,1117.69000
27-01-2022,1112.25000
25-01-2022,1127.13000
24-01-2022,1116.67000
21-01-2022,1150.57000
20-01-2022,1167.56000
19-01-2022,1174.05000
18-01-2022,1186.13000
17-01-2022,1202.61000
14-01-2022,1203.91000
13-01-2022,1202.31000
12-01-2022,1197.44000
11-01-2022,1185.42000
10-01-2022,1183.77000
07-01-2022,1173.13000
06-01-2022,1170.39000
05-01-2022,1176.88000
04-01-2022,1172.19000
03-01-2022,1167.32000
31-12-2021,1153.29000
30-12-2021,1141.59000
29-12-2021,1141.04000
28-12-2021,1140.24000
27-12-2021,1129.10000
24-12-2021,1124.05000
23-12-2021,1128.64000
22-12-2021,1120.00000
21-12-2021,1103.48000
20-12-2021,1088.20000
17-12-2021,1115.06000
16-12-2021,1132.56000
15-12-2021,1134.11000
14-12-2021,1142.05000
13-12-2021,1145.01000
10-12-2021,1149.89000
09-12-2021,1151.04000
08-12-2021,1148.09000
07-12-2021,1128.62000
06-12-2021,1113.28000
03-12-2021,1132.59000
02-12-2021,1140.38000
01-12-2021,1126.50000
30-11-2021,1123.25000
29-11-2021,1121.82000
26-11-2021,1124.51000
25-11-2021,1157.62000
24-11-2021,1153.62000
23-11-2021,1154.30000
22-11-2021,1142.19000
18-11-2021,1166.60000
17-11-2021,1182.32000
16-11-2021,1188.12000
15-11-2021,1196.75000
12-11-2021,1196.44000
11-11-2021,1186.19000
10-11-2021,1198.17000
09-11-2021,1200.96000
08-11-2021,1198.64000
03-11-2021,1179.29000
02-11-2021,1188.35000
01-11-2021,1190.35000
29-10-2021,1171.44000
28-10-2021,1175.17000
27-10-2021,1197.52000
26-10-2021,1196.40000
25-10-2021,1183.38000
22-10-2021,1182.43000
21-10-2021,1189.64000
20-10-2021,1196.22000
19-10-2021,1207.24000
18-10-2021,1215.20000
14-10-2021,1207.82000
13-10-2021,1202.20000
12-10-2021,1195.76000
11-10-2021,1193.34000
08-10-2021,1187.80000
07-10-2021,1183.72000
06-10-2021,1170.75000
05-10-2021,1180.93000
04-10-2021,1176.29000
01-10-2021,1162.21000
30-09-2021,1165.08000
29-09-2021,1167.39000
28-09-2021,1165.77000
27-09-2021,1177.12000
24-09-2021,1181.76000
23-09-2021,1181.77000
22-09-2021,1168.16000
21-09-2021,1163.33000
20-09-2021,1156.18000
17-09-2021,1172.69000
16-09-2021,1176.71000
15-09-2021,1174.46000
14-09-2021,1163.64000
13-09-2021,1157.81000
09-09-2021,1153.32000
08-09-2021,1149.71000
07-09-2021,1147.93000
06-09-2021,1149.48000
03-09-2021,1146.20000
02-09-2021,1141.44000
01-09-2021,1131.81000
31-08-2021,1129.50000
30-08-2021,1115.91000
27-08-2021,1097.93000
26-08-2021,1090.57000
25-08-2021,1093.10000
24-08-2021,1095.02000
23-08-2021,1084.20000
20-08-2021,1085.46000
18-08-2021,1104.55000
17-08-2021,1104.42000
16-08-2021,1100.27000
13-08-2021,1101.26000
12-08-2021,1095.03000
11-08-2021,1086.30000
10-08-2021,1088.19000
09-08-2021,1091.33000
06-08-2021,1093.94000
05-08-2021,1095.90000
04-08-2021,1094.65000
03-08-2021,1093.84000
02-08-2021,1084.87000
30-07-2021,1078.84000
29-07-2021,1077.61000
28-07-2021,1067.11000
27-07-2021,1066.18000
26-07-2021,1075.56000
23-07-2021,1075.28000
22-07-2021,1069.97000
20-07-2021,1053.65000
19-07-2021,1067.75000
16-07-2021,1076.16000
15-07-2021,1075.45000
14-07-2021,1071.27000
13-07-2021,1068.49000
12-07-2021,1063.88000
09-07-2021,1063.12000
08-07-2021,1059.34000
07-07-2021,1067.10000
06-07-2021,1062.03000
05-07-2021,1060.44000
02-07-2021,1053.64000
01-07-2021,1048.88000
30-06-2021,1048.65000
29-06-2021,1049.78000
28-06-2021,1054.31000
25-06-2021,1052.63000
24-06-2021,1043.55000
23-06-2021,1038.65000
22-06-2021,1042.02000
21-06-2021,1040.49000
18-06-2021,1036.95000
17-06-2021,1038.18000
16-06-2021,1044.97000
15-06-2021,1050.30000
14-06-2021,1043.86000
11-06-2021,1044.30000
10-06-2021,1039.70000
09-06-2021,1027.95000
08-06-2021,1036.82000
07-06-2021,1032.41000
04-06-2021,1022.95000
03-06-2021,1021.31000
02-06-2021,1015.10000
01-06-2021,1012.73000
31-05-2021,1016.19000
28-05-2021,1007.56000
27-05-2021,1007.46000
26-05-2021,1005.42000
25-05-2021,1001.29000
24-05-2021,999.97000
21-05-2021,996.54000
20-05-2021,984.10000
19-05-2021,988.61000
18-05-2021,991.73000
17-05-2021,980.79000
14-05-2021,968.77000
12-05-2021,977.98000
11-05-2021,986.42000
10-05-2021,987.80000
07-05-2021,977.89000
06-05-2021,975.63000
05-05-2021,966.68000
04-05-2021,954.12000
03-05-2021,963.12000
30-04-2021,959.65000
29-04-2021,969.49000
28-04-2021,964.83000
27-04-2021,952.77000
26-04-2021,940.55000
23-04-2021,931.31000
22-04-2021,934.99000
20-04-2021,927.98000
19-04-2021,925.35000
16-04-2021,938.90000
15-04-2021,932.99000
13-04-2021,929.92000
12-04-2021,920.94000
09-04-2021,955.56000
08-04-2021,956.58000
07-04-2021,951.20000
06-04-2021,938.94000
05-04-2021,938.11000
01-04-2021,949.30000
31-03-2021,936.53000
30-03-2021,943.00000
26-03-2021,924.66000
25-03-2021,910.16000
24-03-2021,923.06000
23-03-2021,938.80000
22-03-2021,931.55000
19-03-2021,928.50000
18-03-2021,919.26000
17-03-2021,934.38000
16-03-2021,949.10000
15-03-2021,947.82000
12-03-2021,955.17000
10-03-2021,963.31000
09-03-2021,956.78000
08-03-2021,953.65000
05-03-2021,951.20000
04-03-2021,965.11000
03-03-2021,970.78000
02-03-2021,954.12000
01-03-2021,940.43000
26-02-2021,927.12000
25-02-2021,954.15000
24-02-2021,944.53000
23-02-2021,932.53000
22-02-2021,928.92000
19-02-2021,943.28000
18-02-2021,955.94000
17-02-2021,960.53000
16-02-2021,964.21000
15-02-2021,966.65000
12-02-2021,954.68000
11-02-2021,952.06000
10-02-2021,948.29000
09-02-2021,948.63000
08-02-2021,949.04000
05-02-2021,935.25000
04-02-2021,939.72000
03-02-2021,934.84000
02-02-2021,924.24000
01-02-2021,902.53000
29-01-2021,869.48000
28-01-2021,879.62000
27-01-2021,886.29000
25-01-2021,903.35000
22-01-2021,908.94000
21-01-2021,921.28000
20-01-2021,928.91000
19-01-2021,923.02000
18-01-2021,908.97000
15-01-2021,924.16000
14-01-2021,932.92000
13-01-2021,934.25000
12-01-2021,934.33000
11-01-2021,930.75000
08-01-2021,923.29000
07-01-2021,914.02000
06-01-2021,909.94000
05-01-2021,908.09000
04-01-2021,901.19000
01-01-2021,888.65000
31-12-2020,885.27000
30-12-2020,882.81000
29-12-2020,879.96000
28-12-2020,878.36000
24-12-2020,870.30000
23-12-2020,863.07000
22-12-2020,848.62000
21-12-2020,838.60000
18-12-2020,869.72000
17-12-2020,867.10000
16-12-2020,866.50000
15-12-2020,861.73000
14-12-2020,862.07000
11-12-2020,857.48000
10-12-2020,856.23000
09-12-2020,862.33000
08-12-2020,856.26000
07-12-2020,856.15000
04-12-2020,849.97000
03-12-2020,841.42000
02-12-2020,839.38000
01-12-2020,837.83000
27-11-2020,828.49000
26-11-2020,824.68000
25-11-2020,814.84000
24-11-2020,829.35000
23-11-2020,819.28000
20-11-2020,813.59000
19-11-2020,805.40000
18-11-2020,813.53000
17-11-2020,810.91000
13-11-2020,799.36000
12-11-2020,793.37000
11-11-2020,795.78000
10-11-2020,786.58000
09-11-2020,784.61000
06-11-2020,771.44000
05-11-2020,766.55000
04-11-2020,753.02000
03-11-2020,748.27000
02-11-2020,739.89000
30-10-2020,733.60000
29-10-2020,736.30000
28-10-2020,739.50000
27-10-2020,748.07000
26-10-2020,739.09000
23-10-2020,749.13000
22-10-2020,745.91000
21-10-2020,746.21000
20-10-2020,742.66000
19-10-2020,737.74000
16-10-2020,731.92000
15-10-2020,724.79000
14-10-2020,740.47000
13-10-2020,737.43000
12-10-2020,739.52000
09-10-2020,740.25000
08-10-2020,736.31000
07-10-2020,731.77000
06-10-2020,730.46000
05-10-2020,724.42000
01-10-2020,721.03000
30-09-2020,711.84000
29-09-2020,710.67000
28-09-2020,713.33000
25-09-2020,698.50000
24-09-2020,680.79000
23-09-2020,698.56000
22-09-2020,703.28000
21-09-2020,707.44000
18-09-2020,730.83000
17-09-2020,728.76000
16-09-2020,730.47000
15-09-2020,724.00000
14-09-2020,714.78000
11-09-2020,709.55000
10-09-2020,707.35000
09-09-2020,703.59000
08-09-2020,707.17000
07-09-2020,713.83000
04-09-2020,715.82000
03-09-2020,727.21000
02-09-2020,727.59000
01-09-2020,722.27000
31-08-2020,714.77000
28-08-2020,737.89000
27-08-2020,730.66000
26-08-2020,728.09000
25-08-2020,725.39000
24-08-2020,724.34000
21-08-2020,718.24000
20-08-2020,714.79000
19-08-2020,717.52000
18-08-2020,713.90000
17-08-2020,704.21000
14-08-2020,702.76000
13-08-2020,710.43000
12-08-2020,707.71000
11-08-2020,706.58000
10-08-2020,708.34000
07-08-2020,700.63000
06-08-2020,698.30000
05-08-2020,692.14000
04-08-2020,687.27000
03-08-2020,676.83000
31-07-2020,683.61000
30-07-2020,683.72000
29-07-2020,685.34000
28-07-2020,685.01000
27-07-2020,676.68000
24-07-2020,683.53000
23-07-2020,686.03000
22-07-2020,680.97000
21-07-2020,682.79000
20-07-2020,680.15000
17-07-2020,673.78000
16-07-2020,665.61000
15-07-2020,658.81000
14-07-2020,658.33000
13-07-2020,666.94000
10-07-2020,664.66000
09-07-2020,668.17000
08-07-2020,662.49000
07-07-2020,665.50000
06-07-2020,661.27000
03-07-2020,653.68000
02-07-2020,650.40000
01-07-2020,645.42000
30-06-2020,641.34000
29-06-2020,640.36000
26-06-2020,645.89000
25-06-2020,644.60000
24-06-2020,643.14000
23-06-2020,656.50000
22-06-2020,647.89000
19-06-2020,640.38000
18-06-2020,632.69000
17-06-2020,624.87000
16-06-2020,624.24000
15-06-2020,619.15000
12-06-2020,627.24000
11-06-2020,622.43000
10-06-2020,634.72000
09-06-2020,632.51000
08-06-2020,637.65000
05-06-2020,636.69000
04-06-2020,626.90000
03-06-2020,626.31000
02-06-2020,622.56000
01-06-2020,615.38000
29-05-2020,602.83000
28-05-2020,595.70000
27-05-2020,586.49000
26-05-2020,573.70000
22-05-2020,573.75000
21-05-2020,578.66000
20-05-2020,576.22000
19-05-2020,565.72000
18-05-2020,558.66000
15-05-2020,581.53000
14-05-2020,582.33000
13-05-2020,593.44000
12-05-2020,583.80000
11-05-2020,583.06000
08-05-2020,585.45000
07-05-2020,582.94000
06-05-2020,587.48000
05-05-2020,580.65000
04-05-2020,589.11000
30-04-2020,618.74000
29-04-2020,605.04000
28-04-2020,592.45000
27-04-2020,586.99000
24-04-2020,577.21000
23-04-2020,589.18000
22-04-2020,580.47000
21-04-2020,573.91000
20-04-2020,593.59000
17-04-2020,594.50000
16-04-2020,577.63000
15-04-2020,570.68000
13-04-2020,571.67000
09-04-2020,575.75000
08-04-2020,554.92000
07-04-2020,552.30000
03-04-2020,510.90000
01-04-2020,520.37000
31-03-2020,538.34000
30-03-2020,522.87000
27-03-2020,542.73000
26-03-2020,547.29000
25-03-2020,526.98000
24-03-2020,498.35000
23-03-2020,486.82000
20-03-2020,566.62000
19-03-2020,543.62000
18-03-2020,558.50000
17-03-2020,589.38000
16-03-2020,607.02000
13-03-2020,652.59000
12-03-2020,629.55000
11-03-2020,684.60000
09-03-2020,688.43000
06-03-2020,719.16000
05-03-2020,736.36000
04-03-2020,735.20000
03-03-2020,742.34000
02-03-2020,729.92000
28-02-2020,736.88000
27-02-2020,764.12000
26-02-2020,767.49000
25-02-2020,774.09000
24-02-2020,775.99000
20-02-2020,791.92000
19-02-2020,791.31000
18-02-2020,784.48000
17-02-2020,786.27000
14-02-2020,791.00000
13-02-2020,793.35000
12-02-2020,793.21000
11-02-2020,788.57000
10-02-2020,785.56000
07-02-2020,792.02000
06-02-2020,791.47000
05-02-2020,786.90000
04-02-2020,779.55000
03-02-2020,762.66000
31-01-2020,777.17000
30-01-2020,779.95000
29-01-2020,785.25000
28-01-2020,781.43000
27-01-2020,783.90000
24-01-2020,787.53000
23-01-2020,781.18000
22-01-2020,774.82000
21-01-2020,776.73000
20-01-2020,779.01000
17-01-2020,783.86000
16-01-2020,781.11000
15-01-2020,779.22000
14-01-2020,779.06000
13-01-2020,776.11000
10-01-2020,770.51000
09-01-2020,767.59000
08-01-2020,755.44000
07-01-2020,755.37000
06-01-2020,751.51000
03-01-2020,766.12000
02-01-2020,769.41000
01-01-2020,762.47000
31-12-2019,762.69000
30-12-2019,765.92000
27-12-2019,765.39000
26-12-2019,758.17000
24-12-2019,761.84000
23-12-2019,763.28000
20-12-2019,763.20000
19-12-2019,760.74000
18-12-2019,760.48000
17-12-2019,757.46000
16-12-2019,751.17000
13-12-2019,753.48000
12-12-2019,747.95000
11-12-2019,743.54000
10-12-2019,742.52000
09-12-2019,747.11000
06-12-2019,747.53000
05-12-2019,753.72000
04-12-2019,755.85000
03-12-2019,749.65000
02-12-2019,754.35000
29-11-2019,757.78000
28-11-2019,762.30000
27-11-2019,757.61000
26-11-2019,754.29000
25-11-2019,756.86000
22-11-2019,747.21000
21-11-2019,750.43000
20-11-2019,752.26000
19-11-2019,746.47000
18-11-2019,743.10000
15-11-2019,741.23000
14-11-2019,737.96000
13-11-2019,734.70000
11-11-2019,744.33000
08-11-2019,741.34000
07-11-2019,746.40000
06-11-2019,742.71000
05-11-2019,740.88000
04-11-2019,743.03000
01-11-2019,739.80000
31-10-2019,734.87000
30-10-2019,732.70000
29-10-2019,731.46000
25-10-2019,720.53000
24-10-2019,717.70000
23-10-2019,719.06000
22-10-2019,717.96000
18-10-2019,719.50000
17-10-2019,714.95000
16-10-2019,706.92000
15-10-2019,705.81000
14-10-2019,701.27000
11-10-2019,698.20000
10-10-2019,693.26000
09-10-2019,701.95000
07-10-2019,687.15000
04-10-2019,689.96000
03-10-2019,701.27000
01-10-2019,705.33000
30-09-2019,714.27000
27-09-2019,720.40000
26-09-2019,726.33000
25-09-2019,713.94000
24-09-2019,726.40000
23-09-2019,728.18000
20-09-2019,707.41000
19-09-2019,669.96000
18-09-2019,679.79000
17-09-2019,677.86000
16-09-2019,690.35000
13-09-2019,693.17000
12-09-2019,688.46000
11-09-2019,686.98000
09-09-2019,682.84000
06-09-2019,678.27000
05-09-2019,671.93000
04-09-2019,670.23000
03-09-2019,666.58000
30-08-2019,678.71000
29-08-2019,672.17000
28-08-2019,676.00000
27-08-2019,681.26000
26-08-2019,677.64000
23-08-2019,664.68000
22-08-2019,659.70000
21-08-2019,670.46000
20-08-2019,678.00000
19-08-2019,682.46000
16-08-2019,681.23000
14-08-2019,680.01000
13-08-2019,672.25000
09-08-2019,687.63000
08-08-2019,683.65000
07-08-2019,675.40000
06-08-2019,679.60000
05-08-2019,669.62000
02-08-2019,677.39000
01-08-2019,678.55000
31-07-2019,688.23000
30-07-2019,682.74000
29-07-2019,692.60000
26-07-2019,698.41000
25-07-2019,694.08000
24-07-2019,692.63000
23-07-2019,699.34000
22-07-2019,701.76000
19-07-2019,703.12000
18-07-2019,715.81000
17-07-2019,723.18000
16-07-2019,720.22000
15-07-2019,715.03000
12-07-2019,715.46000
11-07-2019,714.19000
10-07-2019,707.23000
09-07-2019,711.02000
08-07-2019,708.38000
05-07-2019,725.45000
04-07-2019,734.13000
03-07-2019,733.48000
02-07-2019,732.57000
01-07-2019,731.39000
28-06-2019,727.47000
27-06-2019,731.02000
26-06-2019,729.90000
25-06-2019,723.20000
24-06-2019,717.89000
21-06-2019,719.74000
20-06-2019,722.83000
19-06-2019,712.22000
18-06-2019,715.21000
17-06-2019,713.43000
14-06-2019,724.95000
13-06-2019,731.60000
12-06-2019,732.92000
11-06-2019,737.00000
10-06-2019,732.54000
07-06-2019,729.46000
06-06-2019,727.45000
04-06-2019,741.57000
03-06-2019,746.14000
31-05-2019,738.17000
30-05-2019,739.93000
29-05-2019,737.70000
28-05-2019,744.22000
27-05-2019,744.10000
24-05-2019,737.64000
23-05-2019,720.84000
22-05-2019,723.90000
21-05-2019,720.99000
20-05-2019,728.37000
17-05-2019,707.48000
16-05-2019,700.07000
15-05-2019,693.18000
14-05-2019,697.86000
13-05-2019,693.22000
10-05-2019,707.12000
09-05-2019,708.49000
08-05-2019,708.67000
07-05-2019,715.15000
06-05-2019,720.14000
03-05-2019,724.77000
02-05-2019,724.98000
30-04-2019,729.60000
26-04-2019,729.22000
25-04-2019,723.08000
24-04-2019,727.55000
23-04-2019,721.03000
22-04-2019,722.65000
18-04-2019,733.74000
16-04-2019,741.02000
15-04-2019,735.07000
12-04-2019,731.82000
11-04-2019,729.74000
10-04-2019,729.73000
09-04-2019,734.17000
08-04-2019,731.30000
05-04-2019,735.39000
04-04-2019,730.63000
03-04-2019,730.57000
02-04-2019,735.35000
29-03-2019,730.68000
28-03-2019,724.30000
27-03-2019,719.02000
26-03-2019,717.37000
25-03-2019,710.25000
22-03-2019,716.95000
20-03-2019,720.66000
19-03-2019,723.03000
18-03-2019,718.76000
15-03-2019,718.63000
14-03-2019,714.61000
13-03-2019,714.70000
12-03-2019,713.49000
11-03-2019,705.62000
08-03-2019,696.21000
07-03-2019,698.55000
06-03-2019,700.23000
05-03-2019,696.07000
01-03-2019,686.50000
28-02-2019,677.60000
27-02-2019,677.17000
26-02-2019,677.81000
25-02-2019,681.57000
22-02-2019,676.88000
21-02-2019,673.36000
20-02-2019,666.88000
19-02-2019,658.52000
18-02-2019,657.66000
15-02-2019,662.64000
14-02-2019,669.28000
13-02-2019,669.96000
12-02-2019,672.81000
11-02-2019,675.70000
08-02-2019,682.82000
07-02-2019,691.14000
06-02-2019,688.31000
05-02-2019,681.31000
04-02-2019,681.34000
01-02-2019,685.12000
31-01-2019,685.24000
30-01-2019,680.09000
29-01-2019,674.66000
28-01-2019,672.56000
25-01-2019,682.21000
24-01-2019,689.97000
23-01-2019,690.31000
22-01-2019,693.94000
21-01-2019,695.60000
18-01-2019,695.93000
17-01-2019,699.47000
16-01-2019,701.09000
15-01-2019,700.95000
14-01-2019,693.55000
11-01-2019,695.54000
10-01-2019,695.82000
09-01-2019,696.63000
08-01-2019,694.98000
07-01-2019,692.25000
04-01-2019,691.29000
03-01-2019,688.57000
02-01-2019,695.22000
01-01-2019,703.42000
31-12-2018,702.72000
28-12-2018,700.91000
27-12-2018,694.16000
26-12-2018,692.81000
24-12-2018,689.92000
21-12-2018,696.00000
20-12-2018,707.41000
19-12-2018,708.34000
18-12-2018,703.96000
17-12-2018,702.04000
14-12-2018,695.94000
13-12-2018,695.01000
12-12-2018,691.58000
11-12-2018,679.01000
10-12-2018,674.98000
07-12-2018,684.70000
06-12-2018,682.49000
05-12-2018,693.65000
04-12-2018,703.06000
03-12-2018,703.57000
30-11-2018,700.42000
29-11-2018,698.43000
28-11-2018,691.48000
27-11-2018,692.97000
26-11-2018,688.71000
22-11-2018,684.30000
21-11-2018,689.75000
20-11-2018,687.82000
19-11-2018,697.08000
16-11-2018,692.88000
15-11-2018,690.71000
14-11-2018,685.88000
13-11-2018,683.06000
12-11-2018,678.56000
09-11-2018,684.32000
06-11-2018,678.22000
05-11-2018,679.94000
02-11-2018,680.43000
01-11-2018,672.89000
31-10-2018,671.11000
30-10-2018,660.91000
29-10-2018,658.86000
26-10-2018,643.78000
25-10-2018,646.87000
24-10-2018,653.08000
23-10-2018,644.28000
22-10-2018,650.76000
19-10-2018,655.15000
17-10-2018,663.64000
16-10-2018,673.76000
15-10-2018,668.43000
12-10-2018,665.34000
11-10-2018,647.53000
10-10-2018,661.48000
09-10-2018,645.66000
08-10-2018,645.40000
05-10-2018,652.67000
04-10-2018,666.58000
03-10-2018,678.91000
01-10-2018,685.69000
28-09-2018,678.15000
27-09-2018,687.24000
26-09-2018,698.25000
25-09-2018,696.61000
24-09-2018,692.03000
21-09-2018,708.50000
19-09-2018,721.08000
18-09-2018,724.38000
17-09-2018,732.63000
14-09-2018,738.85000
12-09-2018,728.75000
11-09-2018,724.99000
10-09-2018,736.25000
07-09-2018,746.47000
06-09-2018,738.71000
05-09-2018,737.10000
04-09-2018,737.46000
03-09-2018,748.22000
31-08-2018,752.64000
30-08-2018,750.23000
29-08-2018,749.13000
28-08-2018,749.40000
27-08-2018,749.26000
24-08-2018,740.55000
23-08-2018,743.37000
21-08-2018,742.29000
20-08-2018,740.78000
17-08-2018,737.99000
16-08-2018,728.49000
14-08-2018,729.69000
13-08-2018,721.96000
10-08-2018,727.20000
09-08-2018,729.31000
08-08-2018,726.98000
07-08-2018,724.87000
06-08-2018,724.44000
03-08-2018,722.84000
02-08-2018,716.20000
01-08-2018,719.28000
31-07-2018,720.27000
30-07-2018,716.05000
27-07-2018,714.36000
26-07-2018,705.54000
25-07-2018,702.63000
24-07-2018,703.64000
23-07-2018,696.57000
20-07-2018,688.24000
19-07-2018,683.31000
18-07-2018,685.07000
17-07-2018,691.40000
16-07-2018,685.66000
13-07-2018,698.98000
12-07-2018,704.26000
11-07-2018,703.32000
10-07-2018,708.22000
09-07-2018,703.17000
06-07-2018,696.94000
05-07-2018,695.68000
04-07-2018,697.41000
03-07-2018,694.50000
02-07-2018,691.81000
29-06-2018,696.71000
28-06-2018,690.63000
27-06-2018,697.55000
26-06-2018,702.36000
25-06-2018,701.31000
22-06-2018,703.54000
21-06-2018,700.10000
20-06-2018,703.71000
19-06-2018,701.89000
18-06-2018,707.63000
15-06-2018,709.97000
14-06-2018,711.35000
13-06-2018,712.33000
12-06-2018,713.33000
11-06-2018,710.71000
08-06-2018,709.25000
07-06-2018,709.29000
06-06-2018,702.79000
05-06-2018,696.70000
04-06-2018,701.13000
01-06-2018,706.30000
31-05-2018,710.99000
30-05-2018,708.43000
29-05-2018,709.32000
28-05-2018,712.75000
25-05-2018,708.33000
24-05-2018,698.21000
23-05-2018,696.47000
22-05-2018,704.31000
21-05-2018,700.44000
18-05-2018,709.24000
17-05-2018,715.61000
16-05-2018,716.97000
15-05-2018,720.41000
14-05-2018,722.38000
11-05-2018,724.43000
10-05-2018,719.77000
09-05-2018,722.58000
08-05-2018,724.19000
07-05-2018,723.15000
04-05-2018,718.62000
03-05-2018,722.44000
02-05-2018,727.68000
30-04-2018,734.33000
27-04-2018,728.20000
26-04-2018,723.71000
25-04-2018,720.42000
24-04-2018,724.57000
23-04-2018,726.63000
20-04-2018,724.25000
19-04-2018,723.72000
18-04-2018,716.68000
17-04-2018,717.81000
16-04-2018,716.78000
13-04-2018,713.82000
12-04-2018,712.63000
11-04-2018,713.11000
10-04-2018,711.82000
09-04-2018,709.13000
06-04-2018,707.96000
05-04-2018,705.90000
04-04-2018,692.25000
03-04-2018,700.21000
02-04-2018,696.27000
28-03-2018,688.39000
27-03-2018,693.62000
26-03-2018,686.82000
23-03-2018,676.35000
22-03-2018,684.40000
21-03-2018,687.67000
20-03-2018,686.94000
19-03-2018,684.19000
16-03-2018,694.04000
15-03-2018,702.64000
14-03-2018,704.28000
13-03-2018,703.17000
12-03-2018,700.51000
09-03-2018,688.41000
08-03-2018,690.57000
07-03-2018,687.92000
06-03-2018,693.07000
05-03-2018,699.80000
01-03-2018,708.26000
28-02-2018,709.76000
27-02-2018,712.83000
26-02-2018,715.29000
23-02-2018,708.60000
22-02-2018,699.00000
21-02-2018,702.27000
20-02-2018,701.94000
19-02-2018,702.41000
16-02-2018,709.17000
15-02-2018,716.85000
14-02-2018,717.16000
12-02-2018,719.58000
09-02-2018,712.35000
08-02-2018,715.70000
07-02-2018,707.20000
06-02-2018,708.41000
05-02-2018,717.28000
02-02-2018,721.42000
01-02-2018,739.46000
31-01-2018,738.02000
30-01-2018,739.31000
29-01-2018,744.09000
25-01-2018,743.87000
24-01-2018,747.73000
23-01-2018,751.06000
22-01-2018,744.05000
19-01-2018,742.90000
18-01-2018,737.50000
17-01-2018,740.78000
16-01-2018,736.09000
15-01-2018,742.77000
12-01-2018,741.41000
11-01-2018,740.50000
10-01-2018,739.65000
09-01-2018,742.23000
08-01-2018,743.22000
05-01-2018,740.33000
04-01-2018,733.72000
03-01-2018,728.26000
02-01-2018,726.03000
01-01-2018,727.63000
29-12-2017,732.70000
28-12-2017,729.90000
27-12-2017,729.40000
26-12-2017,730.83000
22-12-2017,728.79000
21-12-2017,727.20000
20-12-2017,724.99000
19-12-2017,724.65000
18-12-2017,717.05000
15-12-2017,712.61000
14-12-2017,706.18000
13-12-2017,703.61000
12-12-2017,708.84000
11-12-2017,714.40000
08-12-2017,710.91000
07-12-2017,702.79000
06-12-2017,693.49000
05-12-2017,699.17000
04-12-2017,698.71000
01-12-2017,699.02000
30-11-2017,706.49000
29-11-2017,711.67000
28-11-2017,713.35000
27-11-2017,714.11000
24-11-2017,712.56000
23-11-2017,710.70000
22-11-2017,710.86000
21-11-2017,711.92000
20-11-2017,709.81000
17-11-2017,707.47000
16-11-2017,702.57000
15-11-2017,694.76000
14-11-2017,701.02000
13-11-2017,702.93000
10-11-2017,708.41000
09-11-2017,708.14000
08-11-2017,706.24000
07-11-2017,710.09000
06-11-2017,716.27000
03-11-2017,717.78000
02-11-2017,716.37000
01-11-2017,717.91000
31-10-2017,711.84000
30-10-2017,711.51000
27-10-2017,708.80000
26-10-2017,708.71000
25-10-2017,706.49000
24-10-2017,706.01000
23-10-2017,703.62000
18-10-2017,705.09000
17-10-2017,708.03000
16-10-2017,707.12000
13-10-2017,703.19000
12-10-2017,700.75000
11-10-2017,693.88000
10-10-2017,699.32000
09-10-2017,698.21000
06-10-2017,697.94000
05-10-2017,691.64000
04-10-2017,690.71000
03-10-2017,689.75000
29-09-2017,685.02000
28-09-2017,681.63000
27-09-2017,677.57000
26-09-2017,687.44000
25-09-2017,686.38000
22-09-2017,692.33000
21-09-2017,707.10000
20-09-2017,708.08000
19-09-2017,710.70000
18-09-2017,710.05000
15-09-2017,705.05000
14-09-2017,705.89000
13-09-2017,704.69000
12-09-2017,707.17000
11-09-2017,702.13000
08-09-2017,695.94000
07-09-2017,695.97000
06-09-2017,692.05000
05-09-2017,692.41000
04-09-2017,688.95000
01-09-2017,693.92000
31-08-2017,688.01000
30-08-2017,686.63000
29-08-2017,680.63000
28-08-2017,687.03000
24-08-2017,680.96000
23-08-2017,679.07000
22-08-2017,672.64000
21-08-2017,674.24000
18-08-2017,680.27000
17-08-2017,684.27000
16-08-2017,683.28000
14-08-2017,675.32000
11-08-2017,664.50000
10-08-2017,669.52000
09-08-2017,679.42000
08-08-2017,686.21000
07-08-2017,690.43000
04-08-2017,687.74000
03-08-2017,682.61000
02-08-2017,687.24000
01-08-2017,688.47000
31-07-2017,686.55000
28-07-2017,684.00000
27-07-2017,684.31000
26-07-2017,684.42000
25-07-2017,680.20000
24-07-2017,677.35000
21-07-2017,677.87000
20-07-2017,677.42000
19-07-2017,681.26000
18-07-2017,674.68000
17-07-2017,677.52000
14-07-2017,675.44000
13-07-2017,674.58000
12-07-2017,669.97000
11-07-2017,666.05000
10-07-2017,667.48000
07-07-2017,663.75000
06-07-2017,664.98000
05-07-2017,664.25000
04-07-2017,659.42000
03-07-2017,660.44000
30-06-2017,654.70000
29-06-2017,651.64000
28-06-2017,649.25000
27-06-2017,646.99000
23-06-2017,651.26000
22-06-2017,656.34000
21-06-2017,658.76000
20-06-2017,659.33000
19-06-2017,657.65000
16-06-2017,654.57000
15-06-2017,653.74000
14-06-2017,654.22000
13-06-2017,655.15000
12-06-2017,654.19000
09-06-2017,656.83000
08-06-2017,653.31000
07-06-2017,653.14000
06-06-2017,651.06000
05-06-2017,654.34000
02-06-2017,652.04000
01-06-2017,649.70000
31-05-2017,649.26000
30-05-2017,646.55000
29-05-2017,642.60000
26-05-2017,644.78000
25-05-2017,636.51000
24-05-2017,628.01000
23-05-2017,633.77000
22-05-2017,637.16000
19-05-2017,640.15000
18-05-2017,641.84000
17-05-2017,653.17000
16-05-2017,652.72000
15-05-2017,649.57000
12-05-2017,644.55000
11-05-2017,647.73000
10-05-2017,644.80000
09-05-2017,640.00000
08-05-2017,639.15000
05-05-2017,636.39000
04-05-2017,642.35000
03-05-2017,639.44000
02-05-2017,640.08000
28-04-2017,640.94000
27-04-2017,639.46000
26-04-2017,639.33000
25-04-2017,638.18000
24-04-2017,633.80000
21-04-2017,629.59000
20-04-2017,630.27000
19-04-2017,628.18000
18-04-2017,625.60000
17-04-2017,628.68000
13-04-2017,628.96000
12-04-2017,632.95000
11-04-2017,633.52000
10-04-2017,629.91000
07-04-2017,627.12000
06-04-2017,629.88000
05-04-2017,630.15000
03-04-2017,627.80000
31-03-2017,626.32000
30-03-2017,624.10000
29-03-2017,621.83000
28-03-2017,618.32000
27-03-2017,613.96000
24-03-2017,616.64000
23-03-2017,616.55000
22-03-2017,611.41000
21-03-2017,616.33000
20-03-2017,617.76000
17-03-2017,618.82000
16-03-2017,619.75000
15-03-2017,613.12000
14-03-2017,609.13000
10-03-2017,600.66000
09-03-2017,602.17000
08-03-2017,602.32000
07-03-2017,605.35000
06-03-2017,606.72000
03-03-2017,604.23000
02-03-2017,603.98000
01-03-2017,608.98000
28-02-2017,605.84000
27-02-2017,604.52000
23-02-2017,609.02000
22-02-2017,610.27000
21-02-2017,613.18000
20-02-2017,611.13000
17-02-2017,606.86000
16-02-2017,603.34000
15-02-2017,595.41000
14-02-2017,602.59000
13-02-2017,605.92000
10-02-2017,605.91000
09-02-2017,606.30000
08-02-2017,606.46000
07-02-2017,604.48000
06-02-2017,606.17000
03-02-2017,602.88000
02-02-2017,601.24000
01-02-2017,596.61000
31-01-2017,586.74000
30-01-2017,593.65000
27-01-2017,594.49000
25-01-2017,592.08000
24-01-2017,583.76000
23-01-2017,577.87000
20-01-2017,573.95000
19-01-2017,580.13000
18-01-2017,578.89000
17-01-2017,574.90000
16-01-2017,575.63000
13-01-2017,573.16000
12-01-2017,574.12000
11-01-2017,572.78000
10-01-2017,564.72000
09-01-2017,562.11000
06-01-2017,560.76000
05-01-2017,561.41000
04-01-2017,554.99000
03-01-2017,555.04000
02-01-2017,551.98000
30-12-2016,548.79000
29-12-2016,544.98000
28-12-2016,539.10000
27-12-2016,537.59000
26-12-2016,529.03000
23-12-2016,536.82000
22-12-2016,537.11000
21-12-2016,542.79000
20-12-2016,543.34000
19-12-2016,546.41000
16-12-2016,548.73000
15-12-2016,550.03000
14-12-2016,550.13000
13-12-2016,553.63000
12-12-2016,554.08000
09-12-2016,562.10000
08-12-2016,560.57000
07-12-2016,551.41000
06-12-2016,554.56000
05-12-2016,553.85000
02-12-2016,549.83000
01-12-2016,558.86000
30-11-2016,561.67000
29-11-2016,555.99000
28-11-2016,554.50000
25-11-2016,551.99000
24-11-2016,541.69000
23-11-2016,545.52000
22-11-2016,540.25000
21-11-2016,532.48000
18-11-2016,545.26000
17-11-2016,546.50000
16-11-2016,546.98000
15-11-2016,545.28000
11-11-2016,567.40000
10-11-2016,583.79000
09-11-2016,575.90000
08-11-2016,584.87000
07-11-2016,583.17000
04-11-2016,577.73000
03-11-2016,585.58000
02-11-2016,590.33000
01-11-2016,599.89000
28-10-2016,594.92000
27-10-2016,589.76000
26-10-2016,594.09000
25-10-2016,599.17000
24-10-2016,600.50000
21-10-2016,602.16000
20-10-2016,599.69000
19-10-2016,598.57000
18-10-2016,597.16000
17-10-2016,589.01000
14-10-2016,594.96000
13-10-2016,593.48000
10-10-2016,601.99000
07-10-2016,598.97000
06-10-2016,599.75000
05-10-2016,602.05000
04-10-2016,599.02000
03-10-2016,595.25000
30-09-2016,583.01000
29-09-2016,572.51000
28-09-2016,587.51000
27-09-2016,580.78000
26-09-2016,579.93000
23-09-2016,583.65000
22-09-2016,583.92000
21-09-2016,576.28000
20-09-2016,575.49000
19-09-2016,576.40000
16-09-2016,573.68000
15-09-2016,573.14000
14-09-2016,572.33000
12-09-2016,566.69000
09-09-2016,580.20000
08-09-2016,583.54000
07-09-2016,580.46000
06-09-2016,580.92000
02-09-2016,573.41000
01-09-2016,570.16000
31-08-2016,571.56000
30-08-2016,568.57000
29-08-2016,562.28000
26-08-2016,561.67000
25-08-2016,559.72000
24-08-2016,561.70000
23-08-2016,559.60000
22-08-2016,558.36000
19-08-2016,561.59000
18-08-2016,558.69000
17-08-2016,553.48000
16-08-2016,552.00000
12-08-2016,550.00000
11-08-2016,546.84000
10-08-2016,547.42000
09-08-2016,550.85000
08-08-2016,553.05000
05-08-2016,551.80000
04-08-2016,543.37000
03-08-2016,541.21000
02-08-2016,545.51000
01-08-2016,545.99000
29-07-2016,542.84000
28-07-2016,541.91000
27-07-2016,537.17000
26-07-2016,536.26000
25-07-2016,537.56000
22-07-2016,531.84000
21-07-2016,526.70000
20-07-2016,527.99000
19-07-2016,523.34000
18-07-2016,522.75000
15-07-2016,524.16000
14-07-2016,523.90000
13-07-2016,520.04000
12-07-2016,521.86000
11-07-2016,519.11000
08-07-2016,511.50000
07-07-2016,511.62000
05-07-2016,513.13000
04-07-2016,514.06000
01-07-2016,511.37000
30-06-2016,506.16000
29-06-2016,500.71000
28-06-2016,495.38000
27-06-2016,492.98000
24-06-2016,490.60000
23-06-2016,500.27000
22-06-2016,496.67000
21-06-2016,496.96000
20-06-2016,497.11000
17-06-2016,493.93000
16-06-2016,493.04000
15-06-2016,496.83000
14-06-2016,492.67000
13-06-2016,492.39000
10-06-2016,495.14000
09-06-2016,497.30000
08-06-2016,498.57000
07-06-2016,497.47000
06-06-2016,494.08000
03-06-2016,494.93000
02-06-2016,495.06000
01-06-2016,492.71000
31-05-2016,493.22000
30-05-2016,492.91000
27-05-2016,491.77000
26-05-2016,487.79000
25-05-2016,483.85000
24-05-2016,476.17000
23-05-2016,476.43000
20-05-2016,478.48000
19-05-2016,480.36000
18-05-2016,484.21000
17-05-2016,484.38000
16-05-2016,483.82000
13-05-2016,481.50000
12-05-2016,483.96000
11-05-2016,480.88000
10-05-2016,481.66000
09-05-2016,480.06000
06-05-2016,473.93000
05-05-2016,475.24000
04-05-2016,474.09000
03-05-2016,477.63000
02-05-2016,481.02000
29-04-2016,480.60000
28-04-2016,478.98000
27-04-2016,484.61000
26-04-2016,484.15000
25-04-2016,478.22000
22-04-2016,480.06000
21-04-2016,478.91000
20-04-2016,479.23000
18-04-2016,479.10000
13-04-2016,476.63000
12-04-2016,469.32000
11-04-2016,465.08000
08-04-2016,460.66000
07-04-2016,458.25000
06-04-2016,460.28000
05-04-2016,458.87000
04-04-2016,466.53000
01-04-2016,463.81000
31-03-2016,463.93000
30-03-2016,462.73000
29-03-2016,455.46000
28-03-2016,455.48000
23-03-2016,460.77000
22-03-2016,459.74000
21-03-2016,458.83000
18-03-2016,453.34000
17-03-2016,448.68000
16-03-2016,446.90000
15-03-2016,446.41000
14-03-2016,449.82000
11-03-2016,447.81000
10-03-2016,446.16000
09-03-2016,447.80000
08-03-2016,443.29000
04-03-2016,444.79000
03-03-2016,443.10000
02-03-2016,436.26000
01-03-2016,427.05000
29-02-2016,412.95000
26-02-2016,414.36000
25-02-2016,411.84000
24-02-2016,416.51000
23-02-2016,421.41000
22-02-2016,427.99000
19-02-2016,426.66000
18-02-2016,427.09000
17-02-2016,424.06000
16-02-2016,420.75000
15-02-2016,429.44000
12-02-2016,417.25000
11-02-2016,417.07000
10-02-2016,430.72000
09-02-2016,436.78000
08-02-2016,444.16000
05-02-2016,447.81000
04-02-2016,439.59000
03-02-2016,438.32000
02-02-2016,443.55000
01-02-2016,450.57000
29-01-2016,449.31000
28-01-2016,442.52000
27-01-2016,443.49000
25-01-2016,442.72000
22-01-2016,441.51000
21-01-2016,431.59000
20-01-2016,432.14000
19-01-2016,439.83000
18-01-2016,435.22000
15-01-2016,443.68000
14-01-2016,451.39000
13-01-2016,454.76000
12-01-2016,455.28000
11-01-2016,459.45000
08-01-2016,462.15000
07-01-2016,457.82000
06-01-2016,469.83000
05-01-2016,471.15000
04-01-2016,469.90000
01-01-2016,477.46000
31-12-2015,476.32000
30-12-2015,473.80000
29-12-2015,474.00000
28-12-2015,473.76000
24-12-2015,470.93000
23-12-2015,470.60000
22-12-2015,466.72000
21-12-2015,468.65000
18-12-2015,465.25000
17-12-2015,468.74000
16-12-2015,463.95000
15-12-2015,461.68000
14-12-2015,459.05000
11-12-2015,456.64000
10-12-2015,460.50000
09-12-2015,457.53000
08-12-2015,464.74000
07-12-2015,468.95000
04-12-2015,468.33000
03-12-2015,472.15000
02-12-2015,474.69000
01-12-2015,475.68000
30-11-2015,474.03000
27-11-2015,474.96000
26-11-2015,473.04000
24-11-2015,472.95000
23-11-2015,474.80000
20-11-2015,475.06000
19-11-2015,472.96000
18-11-2015,467.45000
17-11-2015,471.95000
16-11-2015,472.23000
13-11-2015,470.62000
10-11-2015,470.18000
09-11-2015,477.07000
06-11-2015,476.85000
05-11-2015,479.32000
04-11-2015,484.76000
03-11-2015,486.01000
02-11-2015,484.44000
30-10-2015,483.26000
29-10-2015,483.37000
28-10-2015,486.13000
27-10-2015,488.73000
26-10-2015,488.39000
23-10-2015,490.10000
21-10-2015,489.99000
20-10-2015,491.87000
19-10-2015,490.24000
16-10-2015,489.45000
15-10-2015,486.44000
14-10-2015,482.85000
13-10-2015,483.34000
12-10-2015,484.27000
09-10-2015,485.29000
08-10-2015,483.83000
07-10-2015,486.27000
06-10-2015,486.78000
05-10-2015,486.72000
01-10-2015,478.63000
30-09-2015,479.34000
29-09-2015,473.70000
28-09-2015,471.78000
24-09-2015,475.78000
23-09-2015,473.88000
22-09-2015,471.20000
21-09-2015,478.35000
18-09-2015,476.41000
16-09-2015,470.99000
15-09-2015,469.32000
14-09-2015,472.50000
11-09-2015,467.41000
10-09-2015,467.46000
09-09-2015,468.66000
08-09-2015,460.98000
07-09-2015,454.44000
04-09-2015,463.03000
03-09-2015,473.17000
02-09-2015,466.22000
01-09-2015,468.20000
31-08-2015,478.16000
28-08-2015,477.96000
27-08-2015,475.95000
26-08-2015,467.07000
25-08-2015,471.89000
24-08-2015,465.21000
21-08-2015,498.18000
20-08-2015,501.71000
19-08-2015,509.51000
18-08-2015,507.13000
17-08-2015,506.32000
14-08-2015,506.58000
13-08-2015,497.11000
12-08-2015,496.85000
11-08-2015,503.90000
10-08-2015,506.55000
07-08-2015,508.43000
06-08-2015,510.16000
05-08-2015,509.31000
04-08-2015,505.65000
03-08-2015,504.59000
31-07-2015,503.86000
30-07-2015,498.04000
29-07-2015,493.65000
28-07-2015,489.50000
27-07-2015,490.44000
24-07-2015,498.31000
23-07-2015,500.22000
22-07-2015,501.63000
21-07-2015,495.51000
20-07-2015,503.51000
17-07-2015,502.42000
16-07-2015,501.08000
15-07-2015,494.03000
14-07-2015,490.57000
13-07-2015,490.72000
10-07-2015,484.55000
09-07-2015,481.37000
08-07-2015,480.70000
07-07-2015,487.71000
06-07-2015,486.01000
03-07-2015,482.72000
02-07-2015,481.38000
01-07-2015,480.89000
30-06-2015,474.13000
29-06-2015,470.41000
26-06-2015,476.58000
25-06-2015,476.63000
24-06-2015,475.82000
23-06-2015,477.17000
22-06-2015,475.75000
19-06-2015,469.28000
18-06-2015,467.60000
17-06-2015,463.85000
16-06-2015,461.07000
15-06-2015,458.86000
12-06-2015,457.65000
11-06-2015,456.50000
10-06-2015,464.53000
09-06-2015,458.94000
08-06-2015,460.75000
05-06-2015,465.34000
04-06-2015,466.33000
03-06-2015,465.88000
02-06-2015,471.37000
01-06-2015,480.89000
29-05-2015,482.98000
28-05-2015,476.04000
27-05-2015,477.91000
26-05-2015,481.28000
25-05-2015,481.77000
22-05-2015,483.99000
21-05-2015,483.49000
20-05-2015,482.51000
19-05-2015,481.47000
18-05-2015,480.54000
15-05-2015,475.66000
14-05-2015,474.02000
13-05-2015,472.96000
12-05-2015,465.00000
11-05-2015,474.27000
08-05-2015,466.44000
07-05-2015,458.48000
06-05-2015,464.85000
05-05-2015,478.93000
04-05-2015,477.56000
30-04-2015,471.67000
29-04-2015,471.36000
28-04-2015,471.13000
27-04-2015,463.34000
24-04-2015,470.07000
23-04-2015,476.47000
22-04-2015,477.71000
21-04-2015,477.87000
20-04-2015,480.45000
17-04-2015,488.28000
16-04-2015,495.86000
15-04-2015,498.68000
13-04-2015,501.45000
10-04-2015,500.16000
09-04-2015,499.29000
08-04-2015,498.03000
07-04-2015,495.22000
06-04-2015,494.02000
01-04-2015,491.30000
31-03-2015,487.03000
30-03-2015,485.44000
27-03-2015,477.31000
26-03-2015,475.22000
25-03-2015,482.87000
24-03-2015,483.97000
23-03-2015,484.24000
20-03-2015,487.40000
19-03-2015,492.99000
18-03-2015,495.63000
17-03-2015,495.47000
16-03-2015,490.72000
13-03-2015,491.19000
12-03-2015,498.20000
11-03-2015,494.71000
10-03-2015,494.67000
09-03-2015,495.69000
05-03-2015,504.35000
04-03-2015,500.39000
03-03-2015,505.13000
02-03-2015,501.72000
27-02-2015,494.43000
26-02-2015,485.13000
25-02-2015,489.74000
24-02-2015,490.43000
23-02-2015,490.79000
20-02-2015,495.18000
19-02-2015,495.38000
18-02-2015,496.07000
16-02-2015,491.83000
13-02-2015,494.09000
12-02-2015,490.58000
11-02-2015,483.88000
10-02-2015,478.52000
09-02-2015,474.55000
06-02-2015,480.07000
05-02-2015,485.99000
04-02-2015,487.56000
03-02-2015,490.66000
02-02-2015,492.68000
30-01-2015,491.67000
29-01-2015,494.18000
28-01-2015,493.08000
27-01-2015,493.71000
23-01-2015,489.94000
22-01-2015,488.17000
21-01-2015,485.58000
20-01-2015,486.49000
19-01-2015,481.96000
16-01-2015,477.84000
15-01-2015,475.87000
14-01-2015,467.20000
13-01-2015,469.41000
12-01-2015,467.90000
09-01-2015,464.11000
08-01-2015,462.72000
07-01-2015,454.24000
06-01-2015,455.50000
05-01-2015,468.86000
02-01-2015,468.77000
01-01-2015,463.55000
31-12-2014,462.75000
30-12-2014,459.90000
29-12-2014,458.56000
26-12-2014,454.71000
24-12-2014,453.05000
23-12-2014,456.00000
22-12-2014,459.19000
19-12-2014,453.89000
18-12-2014,452.29000
17-12-2014,441.79000
16-12-2014,444.65000
15-12-2014,454.03000
12-12-2014,455.72000
11-12-2014,459.81000
10-12-2014,462.20000
09-12-2014,458.97000
08-12-2014,466.14000
05-12-2014,471.22000
04-12-2014,473.60000
03-12-2014,470.84000
02-12-2014,465.03000
01-12-2014,462.98000
28-11-2014,462.83000
27-11-2014,455.71000
26-11-2014,453.01000
25-11-2014,452.64000
24-11-2014,459.60000
21-11-2014,457.30000
20-11-2014,455.70000
19-11-2014,454.97000
18-11-2014,457.30000
17-11-2014,453.97000
14-11-2014,452.63000
13-11-2014,450.06000
12-11-2014,450.92000
11-11-2014,448.78000
10-11-2014,446.52000
07-11-2014,446.40000
05-11-2014,446.35000
03-11-2014,446.66000
31-10-2014,445.25000
30-10-2014,438.18000
29-10-2014,433.84000
28-10-2014,431.88000
27-10-2014,430.56000
22-10-2014,430.66000
21-10-2014,426.38000
20-10-2014,421.36000
17-10-2014,416.90000
16-10-2014,414.85000
14-10-2014,423.67000
13-10-2014,423.45000
10-10-2014,420.16000
09-10-2014,425.21000
08-10-2014,419.66000
07-10-2014,420.32000
01-10-2014,424.28000
30-09-2014,426.19000
29-09-2014,425.10000
26-09-2014,423.59000
25-09-2014,418.57000
24-09-2014,426.51000
23-09-2014,428.54000
22-09-2014,434.87000
19-09-2014,435.01000
18-09-2014,434.23000
17-09-2014,427.77000
16-09-2014,425.71000
15-09-2014,436.28000
12-09-2014,435.63000
11-09-2014,434.36000
10-09-2014,432.54000
09-09-2014,433.92000
08-09-2014,434.70000
05-09-2014,430.89000
04-09-2014,430.88000
03-09-2014,430.87000
02-09-2014,428.90000
01-09-2014,426.67000
28-08-2014,418.89000
27-08-2014,419.32000
26-08-2014,417.13000
25-08-2014,418.20000
22-08-2014,421.62000
21-08-2014,420.53000
20-08-2014,419.53000
19-08-2014,417.87000
18-08-2014,414.10000
14-08-2014,409.86000
13-08-2014,406.89000
12-08-2014,409.79000
11-08-2014,406.91000
08-08-2014,405.50000
07-08-2014,411.75000
06-08-2014,412.58000
05-08-2014,415.55000
04-08-2014,412.85000
01-08-2014,407.72000
31-07-2014,413.01000
30-07-2014,415.36000
28-07-2014,412.89000
25-07-2014,415.39000
24-07-2014,420.31000
23-07-2014,420.47000
22-07-2014,420.78000
21-07-2014,419.28000
18-07-2014,418.24000
17-07-2014,417.75000
16-07-2014,414.47000
15-07-2014,408.93000
14-07-2014,402.79000
11-07-2014,403.20000
10-07-2014,411.26000
09-07-2014,409.97000
08-07-2014,413.15000
07-07-2014,425.82000
04-07-2014,425.44000
03-07-2014,423.56000
02-07-2014,423.45000
01-07-2014,417.27000
30-06-2014,413.73000
27-06-2014,407.77000
26-06-2014,406.41000
25-06-2014,407.25000
24-06-2014,406.68000
23-06-2014,403.13000
20-06-2014,400.69000
19-06-2014,403.59000
18-06-2014,406.02000
17-06-2014,408.30000
16-06-2014,402.54000
13-06-2014,402.82000
12-06-2014,410.03000
11-06-2014,407.80000
10-06-2014,411.31000
09-06-2014,411.58000
06-06-2014,405.91000
05-06-2014,399.73000
04-06-2014,394.45000
03-06-2014,391.92000
02-06-2014,388.12000
30-05-2014,381.09000
29-05-2014,380.39000
28-05-2014,384.72000
27-05-2014,381.91000
26-05-2014,382.52000
23-05-2014,385.89000
22-05-2014,379.32000
21-05-2014,374.06000
20-05-2014,372.54000
19-05-2014,369.62000
16-05-2014,357.84000
15-05-2014,348.78000
14-05-2014,350.30000
13-05-2014,347.94000
12-05-2014,342.96000
09-05-2014,336.35000
08-05-2014,327.44000
07-05-2014,326.99000
06-05-2014,329.43000
05-05-2014,328.23000
02-05-2014,329.21000
30-04-2014,328.92000
29-04-2014,332.16000
28-04-2014,334.02000
25-04-2014,334.13000
23-04-2014,333.67000
22-04-2014,332.73000
21-04-2014,332.22000
17-04-2014,328.23000
16-04-2014,324.09000
15-04-2014,326.78000
11-04-2014,327.52000
10-04-2014,328.00000
09-04-2014,327.97000
07-04-2014,323.04000
04-04-2014,322.25000
03-04-2014,322.96000
02-04-2014,324.78000
01-04-2014,320.62000
31-03-2014,319.89000
28-03-2014,319.59000
27-03-2014,315.94000
26-03-2014,313.61000
25-03-2014,312.09000
24-03-2014,311.73000
21-03-2014,307.57000
20-03-2014,306.61000
19-03-2014,308.01000
18-03-2014,307.29000
14-03-2014,305.36000
13-03-2014,305.65000
12-03-2014,306.79000
11-03-2014,307.52000
10-03-2014,308.34000
07-03-2014,307.28000
06-03-2014,302.11000
05-03-2014,297.97000
04-03-2014,295.05000
03-03-2014,291.79000
28-02-2014,293.09000
26-02-2014,290.42000
25-02-2014,290.77000
24-02-2014,290.54000
21-02-2014,289.70000
20-02-2014,287.52000
19-02-2014,288.95000
18-02-2014,287.44000
17-02-2014,285.45000
14-02-2014,284.47000
13-02-2014,283.11000
12-02-2014,287.16000
11-02-2014,287.12000
10-02-2014,286.21000
07-02-2014,286.37000
06-02-2014,285.02000
05-02-2014,284.18000
04-02-2014,282.86000
03-02-2014,282.33000
31-01-2014,285.28000
30-01-2014,281.06000
29-01-2014,284.23000
28-01-2014,284.64000
27-01-2014,285.81000
24-01-2014,292.59000
23-01-2014,296.65000
22-01-2014,296.64000
21-01-2014,295.54000
20-01-2014,294.62000
17-01-2014,291.70000
16-01-2014,294.62000
15-01-2014,294.92000
14-01-2014,292.95000
13-01-2014,293.09000
10-01-2014,291.19000
09-01-2014,292.39000
08-01-2014,292.72000
07-01-2014,291.84000
06-01-2014,292.50000
03-01-2014,292.99000
02-01-2014,292.07000
01-01-2014,296.84000
31-12-2013,295.48000
30-12-2013,294.28000
27-12-2013,294.70000
26-12-2013,293.50000
24-12-2013,292.42000
23-12-2013,292.86000
20-12-2013,292.55000
19-12-2013,288.29000
18-12-2013,289.01000
17-12-2013,285.22000
16-12-2013,284.25000
13-12-2013,283.42000
12-12-2013,286.80000
11-12-2013,288.61000
10-12-2013,289.10000
09-12-2013,290.28000
06-12-2013,286.69000
05-12-2013,285.88000
04-12-2013,282.94000
03-12-2013,284.11000
02-12-2013,285.37000
29-11-2013,283.00000
28-11-2013,279.46000
27-11-2013,277.83000
26-11-2013,277.54000
25-11-2013,278.30000
22-11-2013,275.07000
21-11-2013,274.58000
20-11-2013,279.47000
19-11-2013,282.54000
18-11-2013,280.94000
14-11-2013,276.28000
13-11-2013,272.82000
12-11-2013,275.26000
11-11-2013,276.79000
08-11-2013,278.49000
07-11-2013,278.62000
06-11-2013,280.17000
05-11-2013,281.28000
01-11-2013,281.36000
31-10-2013,278.91000
30-10-2013,277.18000
29-10-2013,274.83000
28-10-2013,270.11000
25-10-2013,272.51000
24-10-2013,273.95000
23-10-2013,274.69000
22-10-2013,275.74000
21-10-2013,274.98000
18-10-2013,271.95000
17-10-2013,267.10000
15-10-2013,268.61000
14-10-2013,270.20000
11-10-2013,269.05000
10-10-2013,266.89000
09-10-2013,265.56000
08-10-2013,262.50000
07-10-2013,261.74000
04-10-2013,261.09000
03-10-2013,260.58000
01-10-2013,255.68000
30-09-2013,253.95000
27-09-2013,255.93000
26-09-2013,256.90000
25-09-2013,256.41000
24-09-2013,257.07000
23-09-2013,256.70000
20-09-2013,260.96000
19-09-2013,263.78000
18-09-2013,255.70000
17-09-2013,253.99000
16-09-2013,253.09000
13-09-2013,253.38000
12-09-2013,253.13000
11-09-2013,255.28000
10-09-2013,253.93000
06-09-2013,247.05000
05-09-2013,244.44000
04-09-2013,238.73000
03-09-2013,234.79000
02-09-2013,241.81000
30-08-2013,238.72000
29-08-2013,236.64000
28-08-2013,231.63000
27-08-2013,231.80000
26-08-2013,239.10000
23-08-2013,237.86000
22-08-2013,234.69000
21-08-2013,230.76000
20-08-2013,235.15000
19-08-2013,235.08000
16-08-2013,238.45000
14-08-2013,246.34000
13-08-2013,245.03000
12-08-2013,241.01000
08-08-2013,237.65000
07-08-2013,235.05000
06-08-2013,233.60000
05-08-2013,238.76000
02-08-2013,239.00000
01-08-2013,242.15000
31-07-2013,244.65000
30-07-2013,244.83000
29-07-2013,249.40000
26-07-2013,251.65000
25-07-2013,252.49000
24-07-2013,256.61000
23-07-2013,261.41000
22-07-2013,259.37000
19-07-2013,258.69000
18-07-2013,260.13000
17-07-2013,257.81000
16-07-2013,259.86000
15-07-2013,264.49000
12-07-2013,262.45000
11-07-2013,260.38000
10-07-2013,256.92000
09-07-2013,257.12000
08-07-2013,255.01000
05-07-2013,255.66000
04-07-2013,255.01000
03-07-2013,251.83000
02-07-2013,255.92000
01-07-2013,256.46000
28-06-2013,253.25000
27-06-2013,247.01000
26-06-2013,243.83000
25-06-2013,244.50000
24-06-2013,245.03000
21-06-2013,249.20000
20-06-2013,250.09000
19-06-2013,257.04000
18-06-2013,255.72000
17-06-2013,255.90000
14-06-2013,253.77000
13-06-2013,249.73000
12-06-2013,253.00000
11-06-2013,253.71000
10-06-2013,258.00000
07-06-2013,260.45000
06-06-2013,262.06000
05-06-2013,261.70000
04-06-2013,261.56000
03-06-2013,260.51000
31-05-2013,261.79000
30-05-2013,266.73000
29-05-2013,267.21000
28-05-2013,268.91000
27-05-2013,267.65000
24-05-2013,264.14000
23-05-2013,262.41000
22-05-2013,268.52000
21-05-2013,269.90000
20-05-2013,272.19000
17-05-2013,273.34000
16-05-2013,271.59000
15-05-2013,269.94000
14-05-2013,264.58000
13-05-2013,264.10000
10-05-2013,268.65000
09-05-2013,267.00000
08-05-2013,268.25000
07-05-2013,268.44000
06-05-2013,266.11000
03-05-2013,264.40000
02-05-2013,266.68000
30-04-2013,264.73000
29-04-2013,263.85000
26-04-2013,261.61000
25-04-2013,263.03000
23-04-2013,260.31000
22-04-2013,260.84000
18-04-2013,258.07000
17-04-2013,255.11000
16-04-2013,254.47000
15-04-2013,250.60000
12-04-2013,250.15000
11-04-2013,251.44000
10-04-2013,250.15000
09-04-2013,248.38000
08-04-2013,250.17000
05-04-2013,250.06000
04-04-2013,250.70000
03-04-2013,254.55000
02-04-2013,257.45000
01-04-2013,254.71000
28-03-2013,252.69000
26-03-2013,248.90000
25-03-2013,248.69000
22-03-2013,249.85000
21-03-2013,250.54000
20-03-2013,253.15000
19-03-2013,257.73000
18-03-2013,262.19000
15-03-2013,264.31000
14-03-2013,266.77000
13-03-2013,264.03000
12-03-2013,266.90000
11-03-2013,268.47000
08-03-2013,268.22000
07-03-2013,265.17000
06-03-2013,263.11000
05-03-2013,260.33000
04-03-2013,255.46000
01-03-2013,258.27000
28-02-2013,256.93000
27-02-2013,262.87000
26-02-2013,260.34000
25-02-2013,264.71000
22-02-2013,265.87000
21-02-2013,265.66000
20-02-2013,270.48000
19-02-2013,270.75000
18-02-2013,267.79000
15-02-2013,267.12000
14-02-2013,267.67000
13-02-2013,270.39000
12-02-2013,270.37000
11-02-2013,269.55000
08-02-2013,269.54000
07-02-2013,271.84000
06-02-2013,273.01000
05-02-2013,272.58000
04-02-2013,274.98000
01-02-2013,276.57000
31-01-2013,277.13000
30-01-2013,277.01000
29-01-2013,277.23000
28-01-2013,278.00000
25-01-2013,276.39000
24-01-2013,273.32000
23-01-2013,277.15000
22-01-2013,278.35000
21-01-2013,280.51000
18-01-2013,279.91000
17-01-2013,280.19000
16-01-2013,279.52000
15-01-2013,283.34000
14-01-2013,281.99000
11-01-2013,278.21000
10-01-2013,280.50000
09-01-2013,281.01000
08-01-2013,281.78000
07-01-2013,282.07000
04-01-2013,282.73000
03-01-2013,282.24000
02-01-2013,280.57000
01-01-2013,278.57000
31-12-2012,275.86000
28-12-2012,274.94000
27-12-2012,273.03000
26-12-2012,274.29000
24-12-2012,272.57000
21-12-2012,272.46000
20-12-2012,275.78000
19-12-2012,276.19000
18-12-2012,275.10000
17-12-2012,273.79000
14-12-2012,272.92000
13-12-2012,270.14000
12-12-2012,271.68000
11-12-2012,271.85000
10-12-2012,272.74000
07-12-2012,273.47000
06-12-2012,274.02000
05-12-2012,272.77000
04-12-2012,271.50000
03-12-2012,270.59000
30-11-2012,269.01000
29-11-2012,266.28000
27-11-2012,262.96000
26-11-2012,260.15000
23-11-2012,257.26000
22-11-2012,257.52000
21-11-2012,256.72000
20-11-2012,254.48000
19-11-2012,255.47000
16-11-2012,257.14000
15-11-2012,259.71000
12-11-2012,261.46000
09-11-2012,260.66000
08-11-2012,262.17000
07-11-2012,263.62000
06-11-2012,262.25000
05-11-2012,260.91000
02-11-2012,260.92000
01-11-2012,258.91000
31-10-2012,257.60000
30-10-2012,255.58000
29-10-2012,258.45000
26-10-2012,258.99000
25-10-2012,261.17000
23-10-2012,261.38000
22-10-2012,262.21000
19-10-2012,260.70000
18-10-2012,262.43000
17-10-2012,259.33000
16-10-2012,258.04000
15-10-2012,259.89000
12-10-2012,259.60000
11-10-2012,260.32000
10-10-2012,257.49000
09-10-2012,259.95000
08-10-2012,258.94000
05-10-2012,261.86000
04-10-2012,263.92000
03-10-2012,261.97000
01-10-2012,259.93000
28-09-2012,258.96000
27-09-2012,255.42000
26-09-2012,255.49000
25-09-2012,255.33000
24-09-2012,254.23000
21-09-2012,254.15000
20-09-2012,247.94000
18-09-2012,249.69000
17-09-2012,249.00000
14-09-2012,246.76000
13-09-2012,242.89000
12-09-2012,242.92000
11-09-2012,240.32000
10-09-2012,239.76000
07-09-2012,238.81000
06-09-2012,235.24000
05-09-2012,234.66000
04-09-2012,237.03000
03-09-2012,236.23000
31-08-2012,236.01000
30-08-2012,237.63000
29-08-2012,235.83000
28-08-2012,237.94000
27-08-2012,239.64000
24-08-2012,241.75000
23-08-2012,242.68000
22-08-2012,242.89000
21-08-2012,243.29000
17-08-2012,241.69000
16-08-2012,241.81000
14-08-2012,241.64000
13-08-2012,239.87000
10-08-2012,238.51000
09-08-2012,238.71000
08-08-2012,239.23000
07-08-2012,239.65000
06-08-2012,237.31000
03-08-2012,235.05000
02-08-2012,235.66000
01-08-2012,235.60000
31-07-2012,234.36000
30-07-2012,232.99000
27-07-2012,228.76000
26-07-2012,228.02000
25-07-2012,230.86000
24-07-2012,231.52000
23-07-2012,230.96000
20-07-2012,234.33000
19-07-2012,235.41000
18-07-2012,234.26000
17-07-2012,233.09000
16-07-2012,233.63000
13-07-2012,234.72000
12-07-2012,235.41000
11-07-2012,237.28000
10-07-2012,238.85000
09-07-2012,236.26000
06-07-2012,237.78000
05-07-2012,238.26000
04-07-2012,236.18000
03-07-2012,235.60000
02-07-2012,234.58000
29-06-2012,233.96000
28-06-2012,228.85000
27-06-2012,228.93000
26-06-2012,227.74000
25-06-2012,227.51000
22-06-2012,228.61000
21-06-2012,228.96000
20-06-2012,226.84000
19-06-2012,225.26000
18-06-2012,223.99000
15-06-2012,226.82000
14-06-2012,224.01000
13-06-2012,227.30000
12-06-2012,226.41000
11-06-2012,224.71000
08-06-2012,225.46000
07-06-2012,225.10000
06-06-2012,222.79000
05-06-2012,217.88000
04-06-2012,217.32000
01-06-2012,216.94000
31-05-2012,220.23000
30-05-2012,221.15000
29-05-2012,223.64000
28-05-2012,223.94000
25-05-2012,221.45000
24-05-2012,221.23000
23-05-2012,218.05000
22-05-2012,218.79000
21-05-2012,220.57000
18-05-2012,219.85000
17-05-2012,218.83000
16-05-2012,218.65000
15-05-2012,221.76000
14-05-2012,220.45000
11-05-2012,221.42000
10-05-2012,222.79000
09-05-2012,222.97000
08-05-2012,224.63000
07-05-2012,228.66000
04-05-2012,227.19000
03-05-2012,231.05000
02-05-2012,233.65000
30-04-2012,234.51000
27-04-2012,232.36000
26-04-2012,232.37000
25-04-2012,232.82000
24-04-2012,233.70000
23-04-2012,233.31000
20-04-2012,237.91000
19-04-2012,239.62000
18-04-2012,238.56000
17-04-2012,237.70000
16-04-2012,234.94000
13-04-2012,233.58000
12-04-2012,235.55000
11-04-2012,233.89000
10-04-2012,235.41000
09-04-2012,235.42000
04-04-2012,238.82000
03-04-2012,239.22000
02-04-2012,237.51000
30-03-2012,236.56000
29-03-2012,231.21000
28-03-2012,231.43000
27-03-2012,232.54000
26-03-2012,231.26000
23-03-2012,235.00000
22-03-2012,232.87000
21-03-2012,238.23000
20-03-2012,234.43000
19-03-2012,234.00000
16-03-2012,236.64000
15-03-2012,238.58000
14-03-2012,241.43000
13-03-2012,240.64000
12-03-2012,237.58000
09-03-2012,235.75000
07-03-2012,230.94000
06-03-2012,231.04000
05-03-2012,232.94000
02-03-2012,236.10000
01-03-2012,235.43000
29-02-2012,237.35000
28-02-2012,235.73000
27-02-2012,230.70000
24-02-2012,236.49000
23-02-2012,238.75000
22-02-2012,239.60000
21-02-2012,245.57000
17-02-2012,244.86000
16-02-2012,243.30000
15-02-2012,243.52000
14-02-2012,237.98000
13-02-2012,236.92000
10-02-2012,236.99000
09-02-2012,237.61000
08-02-2012,236.43000
07-02-2012,235.31000
06-02-2012,235.86000
03-02-2012,233.62000
02-02-2012,231.09000
01-02-2012,229.64000
31-01-2012,227.89000
30-01-2012,223.14000
27-01-2012,227.21000
25-01-2012,225.11000
24-01-2012,223.07000
23-01-2012,220.08000
20-01-2012,220.18000
19-01-2012,218.71000
18-01-2012,215.98000
17-01-2012,216.49000
16-01-2012,213.40000
13-01-2012,213.03000
12-01-2012,211.55000
11-01-2012,212.00000
10-01-2012,211.33000
09-01-2012,207.47000
06-01-2012,206.86000
05-01-2012,207.53000
04-01-2012,207.59000
03-01-2012,207.72000
02-01-2012,203.16000
30-12-2011,203.23000
29-12-2011,203.00000
28-12-2011,204.44000
27-12-2011,206.42000
26-12-2011,207.56000
23-12-2011,205.47000
22-12-2011,205.96000
21-12-2011,205.03000
20-12-2011,200.85000
19-12-2011,203.45000
16-12-2011,205.70000
15-12-2011,209.12000
14-12-2011,210.35000
13-12-2011,212.01000
12-12-2011,211.05000
09-12-2011,214.97000
08-12-2011,217.61000
07-12-2011,222.16000
05-12-2011,221.58000
02-12-2011,222.26000
01-12-2011,218.41000
30-11-2011,215.39000
29-11-2011,214.67000
28-11-2011,216.49000
25-11-2011,212.10000
24-11-2011,213.14000
23-11-2011,210.91000
22-11-2011,214.89000
21-11-2011,214.31000
18-11-2011,218.73000
17-11-2011,220.44000
16-11-2011,223.64000
15-11-2011,225.09000
14-11-2011,229.29000
11-11-2011,230.25000
09-11-2011,232.86000
08-11-2011,236.01000
04-11-2011,235.46000
03-11-2011,234.32000
02-11-2011,233.40000
01-11-2011,233.94000
31-10-2011,236.52000
28-10-2011,237.68000
25-10-2011,231.35000
24-10-2011,229.24000
21-10-2011,228.28000
20-10-2011,229.53000
19-10-2011,230.93000
18-10-2011,227.23000
17-10-2011,230.45000
14-10-2011,230.82000
13-10-2011,228.68000
12-10-2011,229.19000
11-10-2011,224.75000
10-10-2011,224.58000
07-10-2011,221.17000
05-10-2011,217.38000
04-10-2011,218.51000
03-10-2011,222.18000
30-09-2011,225.85000
29-09-2011,227.46000
28-09-2011,226.02000
27-09-2011,226.86000
26-09-2011,222.34000
23-09-2011,224.23000
22-09-2011,226.07000
21-09-2011,233.37000
20-09-2011,232.72000
19-09-2011,229.45000
16-09-2011,231.17000
15-09-2011,230.66000
14-09-2011,227.80000
13-09-2011,226.21000
12-09-2011,225.97000
09-09-2011,231.02000
08-09-2011,234.44000
07-09-2011,232.96000
06-09-2011,230.51000
05-09-2011,229.03000
02-09-2011,229.95000
30-08-2011,228.51000
29-08-2011,225.32000
26-08-2011,219.04000
25-08-2011,223.04000
24-08-2011,225.36000
23-08-2011,227.10000
22-08-2011,224.77000
19-08-2011,223.67000
18-08-2011,228.39000
17-08-2011,232.82000
16-08-2011,233.73000
12-08-2011,235.52000
11-08-2011,237.50000
10-08-2011,239.21000
09-08-2011,235.67000
08-08-2011,238.10000
05-08-2011,241.47000
04-08-2011,245.96000
03-08-2011,247.80000
02-08-2011,249.82000
01-08-2011,253.27000
29-07-2011,252.56000
28-07-2011,252.62000
27-07-2011,254.55000
26-07-2011,255.07000
25-07-2011,258.84000
22-07-2011,256.65000
21-07-2011,252.41000
20-07-2011,253.51000
19-07-2011,254.85000
18-07-2011,253.48000
15-07-2011,254.20000
14-07-2011,254.67000
13-07-2011,253.69000
12-07-2011,250.96000
11-07-2011,254.24000
08-07-2011,255.70000
07-07-2011,258.35000
06-07-2011,254.66000
05-07-2011,254.35000
04-07-2011,255.05000
01-07-2011,253.45000
30-06-2011,253.60000
29-06-2011,252.99000
28-06-2011,250.91000
27-06-2011,249.94000
24-06-2011,246.81000
23-06-2011,240.75000
22-06-2011,239.86000
21-06-2011,240.90000
20-06-2011,240.88000
17-06-2011,246.16000
16-06-2011,247.26000
15-06-2011,249.88000
14-06-2011,251.59000
13-06-2011,250.39000
10-06-2011,250.51000
09-06-2011,251.69000
08-06-2011,251.96000
07-06-2011,252.32000
06-06-2011,251.19000
03-06-2011,250.94000
02-06-2011,251.93000
01-06-2011,253.62000
31-05-2011,252.14000
30-05-2011,248.44000
27-05-2011,248.52000
26-05-2011,244.99000
25-05-2011,242.96000
24-05-2011,244.85000
23-05-2011,244.41000
20-05-2011,248.68000
19-05-2011,246.78000
18-05-2011,246.51000
17-05-2011,247.99000
16-05-2011,250.76000
13-05-2011,252.54000
12-05-2011,250.33000
11-05-2011,253.41000
10-05-2011,252.38000
09-05-2011,252.15000
06-05-2011,252.00000
05-05-2011,248.90000
04-05-2011,251.80000
03-05-2011,253.30000
02-05-2011,258.90000
29-04-2011,261.18000
28-04-2011,264.08000
27-04-2011,265.94000
26-04-2011,266.84000
25-04-2011,266.88000
21-04-2011,267.31000
20-04-2011,267.65000
19-04-2011,263.06000
18-04-2011,262.67000
15-04-2011,265.92000
13-04-2011,267.19000
11-04-2011,263.00000
08-04-2011,264.94000
07-04-2011,267.71000
06-04-2011,266.65000
05-04-2011,266.40000
04-04-2011,265.21000
01-04-2011,260.69000
31-03-2011,260.06000
30-03-2011,259.74000
29-03-2011,256.33000
28-03-2011,254.24000
25-03-2011,252.60000
24-03-2011,247.80000
23-03-2011,245.82000
22-03-2011,243.16000
21-03-2011,240.73000
18-03-2011,241.12000
17-03-2011,243.83000
16-03-2011,245.29000
15-03-2011,242.28000
14-03-2011,246.28000
11-03-2011,244.11000
10-03-2011,247.27000
09-03-2011,248.20000
08-03-2011,247.54000
07-03-2011,245.30000
04-03-2011,248.42000
03-03-2011,248.20000
01-03-2011,248.60000
28-02-2011,240.93000
25-02-2011,239.89000
24-02-2011,238.44000
23-02-2011,247.19000
22-02-2011,249.28000
21-02-2011,251.86000
18-02-2011,250.42000
17-02-2011,254.85000
16-02-2011,252.26000
15-02-2011,252.10000
14-02-2011,251.11000
11-02-2011,243.45000
10-02-2011,239.48000
09-02-2011,240.45000
08-02-2011,247.00000
07-02-2011,252.06000
04-02-2011,253.98000
03-02-2011,258.77000
02-02-2011,254.52000
01-02-2011,253.45000
31-01-2011,257.35000
28-01-2011,256.77000
27-01-2011,262.08000
25-01-2011,266.69000
24-01-2011,269.01000
21-01-2011,266.61000
20-01-2011,266.56000
19-01-2011,267.35000
18-01-2011,268.08000
17-01-2011,266.00000
14-01-2011,267.45000
13-01-2011,271.41000
12-01-2011,275.00000
11-01-2011,270.69000
10-01-2011,271.46000
07-01-2011,277.01000
06-01-2011,283.02000
05-01-2011,285.91000
04-01-2011,288.23000
03-01-2011,289.47000
31-12-2010,287.77000
30-12-2010,284.83000
29-12-2010,283.46000
28-12-2010,281.30000
27-12-2010,281.24000
24-12-2010,281.95000
23-12-2010,282.33000
22-12-2010,282.96000
21-12-2010,283.56000
20-12-2010,281.78000
16-12-2010,281.68000
15-12-2010,279.39000
14-12-2010,282.03000
13-12-2010,279.07000
10-12-2010,275.84000
09-12-2010,273.59000
08-12-2010,281.17000
07-12-2010,284.42000
06-12-2010,286.42000
03-12-2010,287.04000
02-12-2010,290.75000
01-12-2010,287.12000
30-11-2010,283.13000
29-11-2010,279.76000
26-11-2010,277.75000
25-11-2010,281.52000
24-11-2010,286.25000
23-11-2010,288.50000
22-11-2010,292.32000
19-11-2010,287.57000
18-11-2010,291.70000
16-11-2010,291.82000
15-11-2010,297.26000
12-11-2010,296.15000
11-11-2010,301.34000
10-11-2010,305.28000
09-11-2010,306.42000
08-11-2010,304.65000
04-11-2010,303.54000
03-11-2010,299.32000
02-11-2010,297.78000
01-11-2010,297.35000
29-10-2010,293.58000
28-10-2010,293.26000
27-10-2010,293.55000
26-10-2010,295.53000
25-10-2010,296.38000
22-10-2010,295.10000
21-10-2010,294.89000
20-10-2010,290.51000
19-10-2010,292.01000
18-10-2010,293.50000
15-10-2010,292.90000
14-10-2010,298.44000
13-10-2010,300.18000
12-10-2010,296.92000
11-10-2010,298.77000
08-10-2010,297.05000
07-10-2010,299.26000
06-10-2010,300.11000
05-10-2010,297.81000
04-10-2010,297.04000
01-10-2010,296.86000
30-09-2010,291.80000
29-09-2010,291.83000
28-09-2010,293.52000
27-09-2010,293.99000
24-09-2010,293.87000
23-09-2010,290.72000
22-09-2010,291.02000
21-09-2010,292.03000
20-09-2010,293.45000
17-09-2010,290.51000
16-09-2010,287.80000
15-09-2010,290.78000
14-09-2010,290.14000
13-09-2010,289.95000
09-09-2010,285.74000
08-09-2010,284.35000
07-09-2010,284.44000
06-09-2010,283.93000
03-09-2010,279.54000
02-09-2010,277.66000
01-09-2010,276.11000
31-08-2010,271.93000
30-08-2010,273.00000
27-08-2010,272.71000
26-08-2010,274.77000
25-08-2010,273.99000
24-08-2010,277.30000
23-08-2010,278.68000
20-08-2010,276.97000
19-08-2010,277.43000
18-08-2010,274.87000
17-08-2010,271.74000
16-08-2010,270.42000
13-08-2010,271.19000
12-08-2010,269.85000
11-08-2010,268.74000
10-08-2010,270.20000
09-08-2010,271.53000
06-08-2010,269.10000
05-08-2010,268.33000
04-08-2010,269.68000
03-08-2010,268.83000
02-08-2010,267.93000
30-07-2010,265.37000
29-07-2010,265.77000
28-07-2010,265.22000
27-07-2010,265.38000
26-07-2010,264.92000
23-07-2010,267.80000
22-07-2010,268.21000
21-07-2010,265.97000
20-07-2010,263.96000
19-07-2010,265.04000
16-07-2010,265.13000
15-07-2010,263.51000
14-07-2010,264.27000
13-07-2010,264.99000
12-07-2010,263.81000
09-07-2010,261.95000
08-07-2010,259.18000
07-07-2010,256.93000
06-07-2010,257.61000
05-07-2010,255.30000
02-07-2010,255.64000
01-07-2010,256.39000
30-06-2010,257.77000
29-06-2010,256.02000
28-06-2010,258.27000
25-06-2010,254.90000
24-06-2010,256.51000
23-06-2010,256.68000
22-06-2010,255.66000
21-06-2010,256.88000
18-06-2010,253.80000
17-06-2010,254.79000
16-06-2010,253.68000
15-06-2010,252.51000
14-06-2010,251.83000
11-06-2010,249.48000
10-06-2010,248.43000
09-06-2010,244.56000
08-06-2010,243.89000
07-06-2010,244.92000
04-06-2010,249.26000
03-06-2010,249.15000
02-06-2010,245.79000
01-06-2010,243.58000
31-05-2010,247.12000
28-05-2010,245.41000
27-05-2010,241.92000
26-05-2010,238.31000
25-05-2010,234.86000
24-05-2010,240.85000
21-05-2010,240.53000
20-05-2010,242.68000
19-05-2010,241.25000
18-05-2010,247.26000
17-05-2010,247.59000
14-05-2010,249.77000
13-05-2010,251.51000
12-05-2010,248.98000
11-05-2010,248.51000
10-05-2010,251.09000
07-05-2010,245.09000
06-05-2010,250.86000
05-05-2010,252.39000
04-05-2010,253.73000
03-05-2010,257.60000
30-04-2010,259.90000
29-04-2010,258.11000
28-04-2010,256.83000
27-04-2010,260.89000
26-04-2010,260.94000
23-04-2010,259.93000
22-04-2010,259.11000
21-04-2010,258.43000
20-04-2010,256.43000
19-04-2010,254.44000
16-04-2010,257.30000
15-04-2010,257.98000
13-04-2010,259.47000
12-04-2010,259.70000
09-04-2010,260.19000
08-04-2010,257.87000
07-04-2010,259.72000
06-04-2010,259.10000
05-04-2010,258.41000
01-04-2010,255.14000
31-03-2010,252.91000
30-03-2010,252.95000
29-03-2010,252.89000
26-03-2010,252.93000
25-03-2010,251.06000
23-03-2010,250.11000
22-03-2010,249.38000
19-03-2010,251.24000
18-03-2010,250.95000
17-03-2010,250.90000
16-03-2010,249.88000
15-03-2010,247.28000
12-03-2010,247.81000
11-03-2010,247.80000
10-03-2010,247.14000
09-03-2010,247.24000
08-03-2010,249.01000
05-03-2010,247.16000
04-03-2010,246.67000
03-03-2010,245.60000
02-03-2010,242.75000
26-02-2010,237.14000
25-02-2010,234.68000
24-02-2010,234.33000
23-02-2010,235.23000
22-02-2010,235.91000
19-02-2010,236.73000
18-02-2010,239.66000
17-02-2010,240.95000
16-02-2010,238.62000
15-02-2010,237.27000
11-02-2010,238.99000
10-02-2010,237.21000
09-02-2010,238.23000
08-02-2010,237.04000
05-02-2010,234.48000
04-02-2010,240.01000
03-02-2010,244.14000
02-02-2010,240.35000
01-02-2010,243.36000
29-01-2010,241.77000
28-01-2010,240.28000
27-01-2010,238.56000
25-01-2010,246.72000
22-01-2010,249.18000
21-01-2010,251.83000
20-01-2010,257.80000
19-01-2010,257.83000
18-01-2010,259.98000
15-01-2010,259.27000
14-01-2010,259.55000
13-01-2010,257.71000
12-01-2010,255.82000
11-01-2010,256.54000
08-01-2010,255.46000
07-01-2010,256.78000
06-01-2010,257.62000
05-01-2010,256.56000
04-01-2010,253.81000
31-12-2009,252.08000
30-12-2009,250.44000
29-12-2009,250.31000
24-12-2009,250.27000
23-12-2009,248.45000
22-12-2009,244.23000
21-12-2009,242.51000
18-12-2009,243.22000
17-12-2009,245.19000
16-12-2009,242.90000
15-12-2009,242.00000
14-12-2009,245.03000
11-12-2009,245.35000
10-12-2009,245.61000
09-12-2009,244.72000
08-12-2009,246.45000
07-12-2009,243.77000
04-12-2009,245.83000
03-12-2009,246.55000
02-12-2009,245.69000
01-12-2009,244.76000
30-11-2009,239.77000
27-11-2009,235.56000
26-11-2009,238.86000
25-11-2009,242.23000
24-11-2009,241.37000
23-11-2009,241.20000
20-11-2009,240.48000
19-11-2009,238.04000
18-11-2009,241.03000
17-11-2009,240.60000
16-11-2009,239.71000
13-11-2009,237.02000
12-11-2009,235.86000
11-11-2009,237.70000
10-11-2009,232.18000
09-11-2009,232.86000
06-11-2009,228.33000
05-11-2009,225.78000
04-11-2009,222.91000
03-11-2009,217.23000
30-10-2009,223.08000
29-10-2009,224.62000
28-10-2009,227.03000
27-10-2009,226.70000
26-10-2009,232.10000
23-10-2009,233.96000
22-10-2009,233.02000
21-10-2009,236.94000
20-10-2009,239.24000
16-10-2009,239.29000
15-10-2009,237.65000
14-10-2009,237.25000
12-10-2009,232.75000
09-10-2009,228.83000
08-10-2009,230.18000
07-10-2009,228.40000
06-10-2009,227.91000
05-10-2009,228.12000
01-10-2009,232.51000
30-09-2009,231.95000
29-09-2009,229.56000
25-09-2009,228.07000
24-09-2009,228.05000
23-09-2009,227.33000
22-09-2009,229.61000
18-09-2009,227.88000
17-09-2009,226.91000
16-09-2009,225.92000
15-09-2009,222.37000
14-09-2009,219.01000
11-09-2009,219.79000
10-09-2009,219.91000
09-09-2009,218.98000
08-09-2009,218.36000
07-09-2009,217.88000
04-09-2009,213.75000
03-09-2009,211.62000
02-09-2009,212.29000
01-09-2009,213.77000
31-08-2009,216.34000
28-08-2009,218.09000
27-08-2009,215.69000
26-08-2009,215.41000
25-08-2009,213.33000
24-08-2009,212.41000
21-08-2009,207.72000
20-08-2009,204.41000
19-08-2009,202.74000
18-08-2009,204.65000
17-08-2009,202.50000
14-08-2009,209.34000
13-08-2009,210.09000
12-08-2009,204.23000
11-08-2009,203.45000
10-08-2009,201.55000
07-08-2009,203.47000
06-08-2009,207.82000
05-08-2009,212.04000
04-08-2009,211.53000
03-08-2009,213.15000
31-07-2009,210.22000
30-07-2009,207.70000
29-07-2009,206.26000
28-07-2009,208.21000
27-07-2009,206.06000
24-07-2009,204.95000
23-07-2009,202.10000
22-07-2009,197.85000
21-07-2009,200.39000
20-07-2009,202.38000
17-07-2009,197.70000
16-07-2009,191.60000
15-07-2009,190.97000
14-07-2009,186.34000
13-07-2009,180.96000
10-07-2009,182.68000
09-07-2009,185.66000
08-07-2009,185.28000
07-07-2009,190.60000
06-07-2009,189.21000
03-07-2009,199.43000
02-07-2009,197.11000
01-07-2009,196.98000
30-06-2009,194.66000
29-06-2009,199.79000
26-06-2009,198.00000
25-06-2009,193.62000
24-06-2009,193.76000
23-06-2009,190.58000
22-06-2009,190.23000
19-06-2009,192.63000
18-06-2009,189.61000
17-06-2009,192.61000
16-06-2009,198.24000
15-06-2009,195.79000
12-06-2009,199.49000
11-06-2009,202.34000
10-06-2009,203.45000
09-06-2009,200.10000
08-06-2009,195.66000
05-06-2009,203.24000
04-06-2009,203.23000
03-06-2009,200.71000
02-06-2009,198.95000
01-06-2009,199.35000
29-05-2009,195.43000
28-05-2009,190.95000
27-05-2009,189.81000
26-05-2009,182.71000
25-05-2009,187.12000
22-05-2009,186.25000
21-05-2009,183.55000
20-05-2009,185.93000
19-05-2009,183.39000
15-05-2009,155.99000
14-05-2009,153.15000
13-05-2009,154.12000
12-05-2009,154.82000
11-05-2009,149.80000
08-05-2009,152.09000
07-05-2009,154.55000
06-05-2009,151.81000
05-05-2009,153.83000
04-05-2009,152.87000
29-04-2009,145.45000
28-04-2009,141.63000
27-04-2009,146.02000
24-04-2009,146.12000
23-04-2009,143.60000
22-04-2009,140.90000
21-04-2009,141.31000
20-04-2009,142.17000
17-04-2009,141.62000
16-04-2009,139.75000
15-04-2009,144.97000
13-04-2009,140.32000
09-04-2009,137.60000
08-04-2009,136.34000
06-04-2009,133.56000
02-04-2009,131.35000
01-04-2009,127.07000
31-03-2009,125.15000
30-03-2009,123.64000
27-03-2009,127.97000
26-03-2009,126.65000
25-03-2009,123.56000
24-03-2009,121.34000
23-03-2009,121.53000
20-03-2009,117.16000
19-03-2009,117.82000
18-03-2009,117.56000
17-03-2009,116.66000
16-03-2009,116.95000
13-03-2009,114.35000
12-03-2009,110.39000
09-03-2009,108.99000
06-03-2009,111.14000
05-03-2009,110.08000
04-03-2009,112.20000
03-03-2009,112.18000
02-03-2009,114.01000
27-02-2009,116.92000
26-02-2009,117.58000
25-02-2009,117.12000
24-02-2009,116.46000
20-02-2009,117.17000
19-02-2009,119.33000
18-02-2009,119.15000
17-02-2009,119.46000
16-02-2009,122.46000
13-02-2009,126.32000
12-02-2009,124.75000
11-02-2009,125.85000
10-02-2009,125.90000
09-02-2009,125.35000
06-02-2009,122.30000
05-02-2009,120.14000
04-02-2009,121.16000
03-02-2009,121.03000
02-02-2009,120.51000
30-01-2009,124.15000
29-01-2009,122.38000
28-01-2009,123.04000
27-01-2009,120.66000
23-01-2009,118.02000
22-01-2009,119.92000
21-01-2009,120.19000
20-01-2009,123.53000
19-01-2009,125.64000
16-01-2009,125.03000
15-01-2009,122.95000
14-01-2009,126.23000
13-01-2009,123.54000
12-01-2009,124.53000
09-01-2009,127.13000
07-01-2009,129.90000
06-01-2009,141.23000
05-01-2009,140.87000
02-01-2009,137.91000
01-01-2009,136.66000
31-12-2008,133.20000
30-12-2008,133.37000
29-12-2008,131.05000
26-12-2008,128.50000
24-12-2008,130.75000
23-12-2008,131.72000
22-12-2008,134.52000
19-12-2008,136.34000
18-12-2008,135.94000
17-12-2008,132.05000
16-12-2008,136.03000
15-12-2008,134.02000
12-12-2008,132.10000
11-12-2008,130.96000
10-12-2008,130.29000
08-12-2008,125.06000
05-12-2008,123.31000
04-12-2008,125.87000
03-12-2008,120.51000
02-12-2008,119.90000
01-12-2008,120.52000
28-11-2008,122.83000
26-11-2008,122.39000
25-11-2008,119.50000
24-11-2008,121.16000
21-11-2008,120.83000
20-11-2008,116.81000
19-11-2008,120.32000
18-11-2008,122.45000
17-11-2008,126.32000
14-11-2008,128.76000
12-11-2008,130.47000
11-11-2008,134.18000
10-11-2008,142.06000
07-11-2008,135.77000
06-11-2008,133.53000
05-11-2008,137.37000
04-11-2008,141.91000
03-11-2008,137.68000
31-10-2008,131.78000
29-10-2008,124.62000
27-10-2008,119.69000
24-10-2008,121.32000
23-10-2008,132.55000
22-10-2008,136.38000
21-10-2008,141.50000
20-10-2008,137.43000
17-10-2008,135.37000
16-10-2008,141.01000
15-10-2008,142.11000
14-10-2008,149.56000
13-10-2008,148.10000
10-10-2008,140.58000
08-10-2008,150.44000
07-10-2008,154.45000
06-10-2008,156.12000
03-10-2008,165.30000
01-10-2008,170.79000
30-09-2008,168.56000
29-09-2008,165.21000
26-09-2008,171.33000
25-09-2008,175.53000
24-09-2008,176.93000
23-09-2008,175.11000
22-09-2008,178.16000
19-09-2008,178.84000
18-09-2008,171.70000
17-09-2008,172.06000
16-09-2008,175.18000
15-09-2008,176.05000
12-09-2008,182.12000
11-09-2008,185.42000
10-09-2008,189.17000
09-09-2008,192.06000
08-09-2008,192.79000
05-09-2008,188.39000
04-09-2008,192.87000
02-09-2008,194.65000
01-09-2008,189.22000
29-08-2008,190.07000
28-08-2008,184.50000
27-08-2008,187.11000
26-08-2008,189.01000
25-08-2008,188.69000
22-08-2008,187.88000
21-08-2008,186.22000
20-08-2008,190.22000
19-08-2008,188.97000
18-08-2008,190.28000
14-08-2008,191.21000
13-08-2008,195.30000
12-08-2008,196.11000
11-08-2008,198.23000
08-08-2008,194.89000
07-08-2008,193.96000
06-08-2008,193.91000
05-08-2008,192.55000
04-08-2008,188.31000
01-08-2008,188.61000
31-07-2008,185.85000
30-07-2008,186.26000
29-07-2008,182.14000
28-07-2008,187.46000
25-07-2008,186.54000
24-07-2008,191.23000
23-07-2008,192.07000
22-07-2008,182.35000
21-07-2008,178.39000
18-07-2008,176.74000
17-07-2008,171.08000
16-07-2008,165.93000
15-07-2008,167.14000
14-07-2008,174.42000
11-07-2008,177.14000
10-07-2008,181.78000
09-07-2008,182.02000
08-07-2008,174.92000
07-07-2008,177.06000
04-07-2008,175.83000
03-07-2008,171.82000
02-07-2008,179.18000
01-07-2008,172.22000
30-06-2008,178.57000
27-06-2008,183.77000
26-06-2008,190.78000
25-06-2008,189.85000
24-06-2008,187.73000
23-06-2008,190.75000
20-06-2008,195.86000
19-06-2008,202.18000
18-06-2008,206.20000
17-06-2008,209.15000
16-06-2008,205.95000
13-06-2008,203.10000
12-06-2008,203.55000
11-06-2008,202.25000
10-06-2008,198.65000
09-06-2008,201.15000
06-06-2008,207.37000
05-06-2008,209.92000
04-06-2008,207.39000
03-06-2008,213.36000
02-06-2008,215.16000
30-05-2008,220.88000
29-05-2008,219.72000
28-05-2008,221.65000
27-05-2008,219.53000
26-05-2008,221.11000
23-05-2008,225.51000
22-05-2008,227.77000
21-05-2008,230.65000
20-05-2008,229.43000
16-05-2008,230.86000
15-05-2008,229.47000
14-05-2008,226.02000
13-05-2008,225.00000
12-05-2008,225.96000
09-05-2008,225.68000
08-05-2008,229.35000
07-05-2008,231.80000
06-05-2008,231.66000
05-05-2008,233.97000
02-05-2008,232.89000
30-04-2008,230.01000
29-04-2008,230.28000
28-04-2008,226.76000
25-04-2008,226.65000
24-04-2008,222.95000
23-04-2008,223.97000
22-04-2008,225.05000
21-04-2008,223.49000
17-04-2008,219.65000
16-04-2008,216.92000
15-04-2008,215.21000
11-04-2008,212.59000
10-04-2008,210.84000
09-04-2008,211.07000
08-04-2008,209.02000
07-04-2008,209.26000
04-04-2008,206.35000
03-04-2008,211.54000
02-04-2008,211.74000
01-04-2008,211.51000
31-03-2008,213.51000
28-03-2008,219.47000
27-03-2008,211.95000
26-03-2008,211.73000
25-03-2008,211.07000
24-03-2008,199.54000
19-03-2008,200.53000
18-03-2008,200.95000
17-03-2008,202.19000
14-03-2008,214.57000
13-03-2008,211.43000
12-03-2008,223.36000
11-03-2008,224.64000
10-03-2008,219.06000
07-03-2008,218.72000
05-03-2008,226.55000
04-03-2008,227.97000
03-03-2008,234.00000
29-02-2008,246.07000
28-02-2008,248.66000
27-02-2008,249.62000
26-02-2008,248.24000
25-02-2008,244.75000
22-02-2008,243.37000
21-02-2008,247.78000
20-02-2008,247.66000
19-02-2008,253.47000
18-02-2008,253.53000
15-02-2008,253.77000
14-02-2008,249.54000
13-02-2008,235.30000
12-02-2008,231.82000
11-02-2008,233.58000
08-02-2008,246.81000
07-02-2008,249.62000
06-02-2008,257.44000
05-02-2008,263.53000
04-02-2008,261.79000
01-02-2008,254.44000
31-01-2008,253.93000
30-01-2008,256.01000
29-01-2008,261.82000
28-01-2008,262.55000
25-01-2008,264.96000
24-01-2008,249.73000
23-01-2008,259.15000
22-01-2008,242.12000
21-01-2008,253.57000
18-01-2008,283.41000
17-01-2008,296.97000
16-01-2008,295.77000
15-01-2008,301.36000
14-01-2008,305.30000
11-01-2008,304.00000
10-01-2008,302.29000
09-01-2008,309.07000
08-01-2008,307.83000
07-01-2008,314.37000
04-01-2008,315.96000
03-01-2008,312.04000
02-01-2008,313.20000
01-01-2008,308.33000
31-12-2007,307.06000
28-12-2007,302.00000
27-12-2007,298.62000
26-12-2007,298.34000
24-12-2007,291.16000
20-12-2007,283.08000
19-12-2007,282.45000
18-12-2007,283.55000
17-12-2007,284.20000
14-12-2007,297.37000
13-12-2007,299.29000
12-12-2007,301.24000
11-12-2007,296.61000
10-12-2007,291.05000
07-12-2007,289.91000
06-12-2007,290.34000
05-12-2007,289.85000
04-12-2007,286.13000
03-12-2007,283.85000
30-11-2007,278.43000
29-11-2007,270.43000
28-11-2007,270.55000
27-11-2007,272.56000
26-11-2007,272.66000
23-11-2007,267.10000
22-11-2007,264.08000
21-11-2007,266.46000
20-11-2007,278.67000
19-11-2007,283.76000
16-11-2007,277.89000
15-11-2007,277.35000
14-11-2007,274.52000
13-11-2007,267.04000
12-11-2007,262.30000
08-11-2007,264.69000
07-11-2007,267.71000
06-11-2007,269.50000
05-11-2007,271.46000
02-11-2007,271.70000
01-11-2007,269.86000
31-10-2007,273.90000
30-10-2007,272.65000
29-10-2007,274.62000
26-10-2007,268.03000
25-10-2007,262.00000
24-10-2007,258.68000
23-10-2007,257.20000
22-10-2007,243.03000
19-10-2007,241.57000
18-10-2007,249.87000
17-10-2007,256.89000
16-10-2007,263.66000
15-10-2007,261.57000
12-10-2007,254.07000
11-10-2007,257.65000
10-10-2007,254.26000
09-10-2007,247.68000
08-10-2007,238.87000
05-10-2007,245.41000
04-10-2007,246.74000
03-10-2007,247.01000
01-10-2007,242.73000
28-09-2007,240.27000
27-09-2007,237.17000
26-09-2007,235.67000
25-09-2007,235.23000
24-09-2007,236.84000
21-09-2007,234.25000
20-09-2007,233.22000
19-09-2007,232.25000
18-09-2007,226.89000
17-09-2007,224.45000
14-09-2007,223.59000
13-09-2007,224.56000
12-09-2007,222.96000
11-09-2007,223.08000
10-09-2007,223.08000
07-09-2007,222.54000
06-09-2007,222.45000
05-09-2007,220.17000
04-09-2007,220.36000
03-09-2007,219.63000
31-08-2007,217.45000
30-08-2007,214.10000
29-08-2007,212.26000
28-08-2007,211.42000
27-08-2007,209.96000
24-08-2007,203.72000
23-08-2007,200.04000
22-08-2007,201.33000
21-08-2007,198.84000
20-08-2007,205.92000
17-08-2007,203.20000
16-08-2007,205.97000
14-08-2007,214.37000
13-08-2007,214.87000
10-08-2007,213.38000
09-08-2007,215.52000
08-08-2007,219.29000
07-08-2007,215.67000
06-08-2007,215.87000
03-08-2007,217.99000
02-08-2007,215.06000
01-08-2007,212.68000
31-07-2007,220.83000
30-07-2007,216.99000
27-07-2007,215.64000
26-07-2007,222.34000
25-07-2007,221.53000
24-07-2007,223.65000
23-07-2007,224.63000
20-07-2007,221.47000
19-07-2007,221.32000
18-07-2007,218.83000
17-07-2007,218.29000
16-07-2007,220.16000
13-07-2007,219.30000
12-07-2007,217.58000
11-07-2007,213.91000
10-07-2007,212.17000
09-07-2007,213.05000
06-07-2007,211.49000
05-07-2007,209.70000
04-07-2007,211.16000
03-07-2007,212.10000
02-07-2007,209.45000
29-06-2007,207.64000
28-06-2007,205.13000
27-06-2007,203.82000
26-06-2007,204.17000
25-06-2007,201.95000
22-06-2007,201.88000
21-06-2007,202.42000
20-06-2007,200.95000
19-06-2007,199.52000
18-06-2007,197.59000
15-06-2007,198.94000
14-06-2007,197.79000
13-06-2007,193.95000
12-06-2007,195.33000
11-06-2007,197.01000
08-06-2007,197.43000
07-06-2007,199.27000
06-06-2007,199.81000
05-06-2007,201.99000
04-06-2007,201.51000
01-06-2007,203.87000
31-05-2007,202.36000
30-05-2007,198.53000
29-05-2007,201.17000
28-05-2007,200.97000
25-05-2007,197.69000
24-05-2007,195.62000
23-05-2007,196.33000
22-05-2007,197.38000
21-05-2007,195.86000
18-05-2007,193.60000
17-05-2007,193.20000
16-05-2007,190.43000
15-05-2007,187.55000
14-05-2007,186.74000
11-05-2007,184.23000
10-05-2007,183.04000
09-05-2007,183.55000
08-05-2007,183.49000
07-05-2007,184.97000
04-05-2007,186.35000
03-05-2007,187.76000
30-04-2007,186.23000
27-04-2007,184.98000
26-04-2007,186.64000
25-04-2007,186.36000
24-04-2007,185.67000
23-04-2007,183.33000
20-04-2007,183.01000
19-04-2007,180.51000
18-04-2007,181.22000
17-04-2007,181.13000
16-04-2007,183.03000
13-04-2007,180.33000
12-04-2007,177.01000
11-04-2007,178.03000
10-04-2007,176.99000
09-04-2007,175.91000
05-04-2007,172.11000
04-04-2007,170.58000
03-04-2007,168.38000
02-04-2007,167.37000
30-03-2007,174.25000
29-03-2007,172.95000
28-03-2007,171.13000
26-03-2007,173.92000
23-03-2007,175.05000
22-03-2007,174.48000
21-03-2007,170.76000
20-03-2007,168.90000
19-03-2007,167.62000
16-03-2007,165.99000
15-03-2007,167.43000
14-03-2007,166.55000
13-03-2007,170.87000
12-03-2007,169.13000
09-03-2007,167.93000
08-03-2007,169.16000
07-03-2007,163.78000
06-03-2007,165.88000
05-03-2007,163.24000
02-03-2007,169.72000
01-03-2007,172.01000
28-02-2007,170.55000
27-02-2007,176.86000
26-02-2007,177.74000
23-02-2007,176.65000
22-02-2007,181.84000
21-02-2007,184.14000
20-02-2007,184.65000
19-02-2007,186.51000
15-02-2007,186.39000
14-02-2007,181.58000
13-02-2007,182.40000
12-02-2007,183.97000
09-02-2007,190.17000
08-02-2007,192.41000
07-02-2007,192.24000
06-02-2007,192.23000
05-02-2007,191.93000
02-02-2007,190.83000
01-02-2007,188.79000
31-01-2007,186.87000
29-01-2007,188.45000
25-01-2007,189.91000
24-01-2007,188.10000
23-01-2007,187.49000
22-01-2007,189.52000
19-01-2007,188.87000
18-01-2007,189.68000
17-01-2007,189.89000
16-01-2007,188.43000
15-01-2007,187.98000
12-01-2007,185.36000
11-01-2007,181.50000
10-01-2007,179.63000
09-01-2007,182.01000
08-01-2007,184.08000
05-01-2007,186.14000
04-01-2007,185.46000
03-01-2007,185.23000
02-01-2007,183.53000
29-12-2006,180.72000
28-12-2006,179.94000
27-12-2006,180.20000
26-12-2006,178.34000
22-12-2006,176.15000
21-12-2006,174.40000
20-12-2006,173.99000
19-12-2006,175.08000
18-12-2006,179.15000
15-12-2006,179.35000
14-12-2006,176.78000
13-12-2006,173.33000
12-12-2006,169.97000
11-12-2006,175.94000
08-12-2006,180.92000
07-12-2006,182.60000
06-12-2006,181.98000
05-12-2006,182.41000
04-12-2006,182.09000
01-12-2006,180.37000
30-11-2006,178.68000
29-11-2006,177.60000
28-11-2006,176.25000
27-11-2006,178.50000
24-11-2006,177.04000
23-11-2006,176.61000
22-11-2006,176.33000
21-11-2006,173.97000
20-11-2006,171.11000
17-11-2006,172.55000
16-11-2006,174.72000
15-11-2006,174.80000
14-11-2006,173.79000
13-11-2006,173.98000
12-11-2006,175.94000
10-11-2006,172.96000
09-11-2006,172.15000
08-11-2006,170.81000
07-11-2006,172.26000
06-11-2006,170.94000
03-11-2006,170.43000
02-11-2006,170.15000
01-11-2006,169.19000
31-10-2006,166.34000
30-10-2006,166.17000
27-10-2006,165.54000
26-10-2006,162.49000
23-10-2006,160.81000
20-10-2006,160.98000
19-10-2006,160.32000
18-10-2006,161.58000
17-10-2006,161.95000
16-10-2006,162.29000
13-10-2006,162.37000
12-10-2006,161.20000
11-10-2006,159.10000
10-10-2006,160.38000
09-10-2006,160.35000
06-10-2006,159.99000
05-10-2006,159.23000
04-10-2006,156.95000
03-10-2006,157.69000
29-09-2006,158.44000
28-09-2006,156.62000
27-09-2006,156.84000
26-09-2006,156.36000
25-09-2006,154.88000
22-09-2006,155.61000
21-09-2006,155.02000
20-09-2006,153.21000
19-09-2006,152.43000
18-09-2006,153.47000
15-09-2006,152.81000
14-09-2006,152.04000
13-09-2006,150.94000
12-09-2006,148.23000
11-09-2006,146.58000
08-09-2006,151.08000
07-09-2006,149.47000
06-09-2006,150.54000
05-09-2006,150.03000
04-09-2006,149.44000
01-09-2006,147.46000
31-08-2006,146.67000
30-08-2006,147.60000
29-08-2006,147.36000
28-08-2006,146.65000
25-08-2006,146.16000
24-08-2006,144.66000
23-08-2006,143.68000
22-08-2006,145.43000
21-08-2006,146.39000
18-08-2006,145.47000
17-08-2006,145.50000
16-08-2006,145.26000
14-08-2006,143.16000
11-08-2006,140.47000
10-08-2006,138.91000
09-08-2006,137.69000
08-08-2006,135.83000
07-08-2006,133.20000
04-08-2006,133.80000
03-08-2006,133.97000
02-08-2006,133.13000
01-08-2006,131.54000
31-07-2006,132.24000
28-07-2006,131.30000
27-07-2006,131.04000
26-07-2006,128.45000
25-07-2006,125.92000
24-07-2006,123.48000
21-07-2006,123.32000
20-07-2006,125.92000
19-07-2006,122.72000
18-07-2006,126.50000
17-07-2006,127.88000
14-07-2006,131.09000
13-07-2006,132.48000
12-07-2006,132.74000
11-07-2006,130.23000
10-07-2006,130.69000
07-07-2006,128.75000
06-07-2006,131.36000
05-07-2006,132.72000
04-07-2006,130.78000
03-07-2006,131.01000
30-06-2006,130.63000
29-06-2006,125.71000
28-06-2006,124.74000
27-06-2006,124.50000
26-06-2006,124.32000
23-06-2006,128.97000
22-06-2006,128.59000
21-06-2006,125.90000
20-06-2006,123.11000
19-06-2006,124.54000
16-06-2006,121.94000
15-06-2006,117.10000
14-06-2006,110.36000
13-06-2006,113.34000
12-06-2006,119.73000
09-06-2006,123.61000
08-06-2006,116.98000
07-06-2006,124.26000
06-06-2006,130.16000
05-06-2006,134.16000
02-06-2006,137.19000
01-06-2006,133.81000
31-05-2006,138.10000
30-05-2006,141.51000
29-05-2006,142.48000
26-05-2006,141.23000
25-05-2006,139.28000
24-05-2006,138.32000
23-05-2006,141.20000
22-05-2006,135.93000
19-05-2006,144.47000
18-05-2006,149.79000
17-05-2006,161.16000
16-05-2006,156.17000
15-05-2006,156.45000
12-05-2006,162.98000
11-05-2006,164.43000
10-05-2006,165.94000
09-05-2006,165.45000
08-05-2006,165.23000
05-05-2006,164.94000
04-05-2006,164.56000
03-05-2006,165.20000
02-05-2006,164.07000
28-04-2006,158.59000
27-04-2006,157.90000
26-04-2006,158.60000
25-04-2006,155.76000
24-04-2006,158.95000
21-04-2006,159.82000
20-04-2006,160.15000
19-04-2006,158.92000
18-04-2006,159.07000
17-04-2006,156.42000
13-04-2006,154.15000
12-04-2006,157.34000
10-04-2006,161.16000
07-04-2006,160.49000
05-04-2006,162.55000
04-04-2006,161.19000
03-04-2006,160.64000
