date,nav
29-09-2026,125.52210
28-09-2026,126.12300
25-09-2026,128.10980
24-09-2026,127.59250
23-09-2026,129.40950
22-09-2026,128.65160
21-09-2026,128.79300
18-09-2026,128.48600
17-09-2026,127.58630
16-09-2026,126.86040
15-09-2026,126.38580
11-09-2026,128.41110
10-09-2026,128.56540
09-09-2026,128.68290
08-09-2026,129.46500
07-09-2026,129.55090
04-09-2026,129.97540
03-09-2026,129.73050
02-09-2026,129.40790
01-09-2026,129.94400
31-08-2026,130.64220
28-08-2026,130.74150
27-08-2026,130.65130
26-08-2026,131.24290
25-08-2026,131.63910
24-08-2026,131.11010
21-08-2026,131.47960
20-08-2026,131.59700
19-08-2026,131.32370
18-08-2026,131.76020
17-08-2026,132.13440
14-08-2026,132.55670
13-08-2026,132.70990
12-08-2026,132.79790
11-08-2026,133.17600
10-08-2026,132.93660
07-08-2026,133.15960
06-08-2026,133.18170
05-08-2026,133.03160
04-08-2026,133.05370
03-08-2026,133.91260
31-07-2026,131.67200
30-07-2026,131.37210
29-07-2026,131.31760
28-07-2026,130.04680
27-07-2026,130.58460
24-07-2026,129.26420
23-07-2026,129.39850
22-07-2026,130.06250
21-07-2026,131.09160
20-07-2026,131.16810
17-07-2026,131.10330
16-07-2026,130.89730
15-07-2026,131.32680
14-07-2026,131.17920
13-07-2026,131.68610
10-07-2026,131.82010
09-07-2026,130.48310
08-07-2026,129.68790
07-07-2026,132.02420
06-07-2026,132.30790
03-07-2026,131.58250
02-07-2026,131.92430
01-07-2026,131.27500
30-06-2026,130.78970
29-06-2026,130.79160
25-06-2026,131.24070
24-06-2026,131.25780
23-06-2026,130.71070
22-06-2026,132.11790
19-06-2026,131.22530
18-06-2026,131.25390
17-06-2026,130.51280
16-06-2026,129.92890
15-06-2026,129.20910
12-06-2026,128.03190
11-06-2026,125.60000
10-06-2026,126.41200
09-06-2026,127.23040
08-06-2026,126.01930
05-06-2026,127.53620
04-06-2026,127.67330
03-06-2026,127.34250
02-06-2026,127.48820
01-06-2026,127.29990
29-05-2026,128.73590
27-05-2026,130.34810
26-05-2026,130.03850
25-05-2026,130.38400
22-05-2026,129.25490
21-05-2026,128.75030
20-05-2026,128.52400
19-05-2026,128.40390
18-05-2026,127.65780
15-05-2026,127.93420
14-05-2026,127.84460
13-05-2026,126.27630
12-05-2026,126.08360
11-05-2026,128.85040
08-05-2026,130.21350
07-05-2026,130.85260
06-05-2026,130.23840
05-05-2026,128.48800
04-05-2026,129.00600
30-04-2026,128.62980
29-04-2026,129.90350
28-04-2026,129.80860
27-04-2026,130.25640
24-04-2026,128.80350
23-04-2026,130.01540
22-04-2026,131.35970
21-04-2026,131.19100
20-04-2026,130.49320
17-04-2026,130.20020
16-04-2026,128.63550
15-04-2026,128.12760
13-04-2026,125.85860
10-04-2026,126.28480
09-04-2026,124.47870
08-04-2026,125.02480
07-04-2026,120.62330
06-04-2026,120.39220
02-04-2026,119.14940
01-04-2026,119.12890
31-03-2026,116.78520
30-03-2026,116.79050
27-03-2026,119.63990
25-03-2026,122.07610
24-03-2026,119.81440
23-03-2026,117.64660
20-03-2026,121.27380
19-03-2026,120.89600
18-03-2026,124.57870
17-03-2026,123.20730
16-03-2026,122.36150
13-03-2026,121.72250
12-03-2026,124.39850
11-03-2026,124.77360
10-03-2026,125.89360
09-03-2026,123.94000
06-03-2026,126.06040
05-03-2026,127.14190
04-03-2026,125.59120
02-03-2026,127.65540
27-02-2026,129.74500
26-02-2026,131.29370
25-02-2026,131.00210
24-02-2026,130.33260
23-02-2026,131.26400
20-02-2026,130.58460
19-02-2026,130.33450
18-02-2026,132.40660
17-02-2026,131.79550
16-02-2026,131.37490
13-02-2026,130.50840
12-02-2026,132.10680
11-02-2026,132.68210
10-02-2026,132.18100
09-02-2026,131.53920
06-02-2026,129.82620
05-02-2026,130.06010
04-02-2026,130.94080
03-02-2026,130.05520
02-02-2026,126.66720
30-01-2026,127.84830
29-01-2026,127.70500
28-01-2026,126.89570
27-01-2026,125.47490
23-01-2026,124.77180
22-01-2026,126.68850
21-01-2026,125.76810
20-01-2026,126.35360
19-01-2026,128.69770
16-01-2026,129.68950
14-01-2026,129.67130
13-01-2026,129.44460
12-01-2026,129.30600
09-01-2026,129.12040
08-01-2026,130.80380
07-01-2026,132.53150
06-01-2026,132.23530
05-01-2026,132.09300
02-01-2026,132.12000
01-01-2026,130.85560
31-12-2025,130.56160
30-12-2025,129.64870
29-12-2025,129.95700
26-12-2025,130.49120
24-12-2025,130.94200
23-12-2025,131.31290
22-12-2025,131.11120
19-12-2025,130.33330
18-12-2025,129.14500
17-12-2025,129.20320
16-12-2025,129.80720
15-12-2025,131.00280
12-12-2025,131.19250
11-12-2025,130.36690
10-12-2025,129.59360
09-12-2025,130.26610
08-12-2025,129.95890
05-12-2025,131.59840
04-12-2025,131.20660
03-12-2025,131.19270
02-12-2025,131.80170
01-12-2025,132.22550
28-11-2025,132.22340
27-11-2025,132.27480
26-11-2025,132.38290
25-11-2025,130.79350
24-11-2025,130.85390
21-11-2025,131.46340
20-11-2025,132.67930
19-11-2025,132.17450
18-11-2025,131.90730
17-11-2025,132.72470
14-11-2025,132.15520
13-11-2025,131.98130
12-11-2025,132.00420
11-11-2025,131.31650
10-11-2025,130.81250
07-11-2025,130.67970
06-11-2025,130.69930
04-11-2025,131.85740
03-11-2025,132.30220
31-10-2025,131.51010
30-10-2025,132.34140
29-10-2025,133.01970
28-10-2025,131.89160
27-10-2025,132.14300
24-10-2025,131.56390
23-10-2025,131.73820
20-10-2025,131.58790
17-10-2025,131.04420
16-10-2025,130.60830
15-10-2025,129.77080
14-10-2025,128.52510
13-10-2025,129.02330
10-10-2025,129.21550
09-10-2025,128.61140
08-10-2025,127.95550
07-10-2025,128.62620
06-10-2025,128.60360
03-10-2025,128.31120
01-10-2025,127.91890
30-09-2025,127.07120
26-09-2025,126.85800
25-09-2025,128.46400
24-09-2025,129.36710
23-09-2025,130.16540
22-09-2025,130.28230
19-09-2025,130.68700
18-09-2025,130.71380
17-09-2025,130.41000
16-09-2025,130.10790
15-09-2025,129.34650
12-09-2025,128.79730
11-09-2025,128.21360
10-09-2025,127.88860
09-09-2025,127.15780
08-09-2025,126.82480
05-09-2025,126.60480
04-09-2025,126.72900
03-09-2025,127.36270
02-09-2025,126.86090
01-09-2025,126.79590
29-08-2025,125.50710
28-08-2025,125.79180
26-08-2025,127.30140
25-08-2025,128.77150
22-08-2025,128.75040
21-08-2025,129.64050
20-08-2025,129.85480
19-08-2025,129.33680
18-08-2025,128.72080
14-08-2025,127.62630
13-08-2025,127.57250
12-08-2025,126.82050
11-08-2025,126.84150
08-08-2025,125.87620
07-08-2025,126.97550
06-08-2025,126.82880
05-08-2025,127.57730
04-08-2025,127.95710
01-08-2025,127.25580
31-07-2025,128.45360
30-07-2025,128.94950
29-07-2025,128.37580
28-07-2025,127.69840
25-07-2025,128.40080
24-07-2025,129.75450
23-07-2025,130.14350
22-07-2025,129.46250
21-07-2025,129.42330
18-07-2025,128.73690
17-07-2025,129.43650
16-07-2025,129.73410
15-07-2025,129.46480
14-07-2025,128.67320
11-07-2025,128.57770
10-07-2025,129.09430
09-07-2025,129.33330
08-07-2025,129.29250
07-07-2025,129.04600
04-07-2025,129.36090
03-07-2025,129.09150
02-07-2025,129.39750
01-07-2025,129.87780
30-06-2025,130.11280
27-06-2025,129.99890
26-06-2025,129.56250
25-06-2025,128.44860
24-06-2025,127.64780
23-06-2025,126.79120
20-06-2025,127.23350
19-06-2025,125.47670
18-06-2025,126.42530
17-06-2025,126.65000
16-06-2025,127.19990
13-06-2025,126.30740
12-06-2025,127.17800
11-06-2025,128.99630
10-06-2025,129.22530
09-06-2025,129.52480
06-06-2025,128.61330
05-06-2025,127.45150
04-06-2025,126.85000
03-06-2025,126.36750
02-06-2025,126.95650
30-05-2025,126.75540
29-05-2025,126.76850
28-05-2025,126.44670
27-05-2025,126.36200
26-05-2025,126.78360
23-05-2025,126.27270
22-05-2025,125.22790
21-05-2025,125.98950
20-05-2025,125.19150
19-05-2025,126.45990
16-05-2025,126.15520
15-05-2025,125.52070
14-05-2025,124.20770
13-05-2025,123.25690
12-05-2025,124.13540
09-05-2025,119.46910
08-05-2025,120.64960
07-05-2025,121.69420
06-05-2025,120.92120
05-05-2025,122.44710
02-05-2025,121.57680
30-04-2025,121.84820
29-04-2025,122.66390
28-04-2025,122.75230
25-04-2025,121.66780
24-04-2025,123.45000
23-04-2025,123.83110
22-04-2025,123.29530
21-04-2025,122.85550
17-04-2025,121.27200
16-04-2025,119.53360
15-04-2025,118.72130
11-04-2025,115.38130
09-04-2025,113.13500
08-04-2025,113.92070
07-04-2025,111.82800
04-04-2025,115.64030
03-04-2025,117.94170
02-04-2025,117.98120
01-04-2025,116.75020
31-03-2025,118.22390
28-03-2025,118.24000
27-03-2025,118.11790
26-03-2025,117.26040
25-03-2025,118.56940
24-03-2025,119.03790
21-03-2025,117.39300
20-03-2025,115.85580
19-03-2025,114.97550
18-03-2025,113.71650
17-03-2025,111.43910
13-03-2025,110.92930
12-03-2025,111.38830
11-03-2025,111.49930
10-03-2025,111.23010
07-03-2025,112.00500
06-03-2025,112.26070
05-03-2025,111.06660
04-03-2025,109.12810
03-03-2025,108.59060
28-02-2025,108.73220
27-02-2025,110.85620
25-02-2025,111.65250
24-02-2025,111.80960
21-02-2025,113.21160
20-02-2025,113.97310
19-02-2025,113.06500
18-02-2025,112.11620
17-02-2025,112.10880
14-02-2025,112.18140
13-02-2025,113.63630
12-02-2025,113.83560
11-02-2025,113.81870
10-02-2025,115.93490
07-02-2025,117.40970
06-02-2025,117.59550
05-02-2025,118.35170
04-02-2025,118.11860
03-02-2025,116.34770
31-01-2025,117.38570
30-01-2025,116.08120
29-01-2025,115.97910
28-01-2025,114.02190
27-01-2025,113.87320
24-01-2025,116.16260
23-01-2025,117.33900
22-01-2025,116.57560
21-01-2025,116.95770
20-01-2025,119.29400
17-01-2025,118.77710
16-01-2025,119.00960
15-01-2025,118.21620
14-01-2025,117.31130
13-01-2025,115.88040
10-01-2025,118.73780
09-01-2025,120.58220
08-01-2025,121.57930
07-01-2025,122.59210
06-01-2025,122.01020
03-01-2025,124.57960
02-01-2025,124.88650
01-01-2025,123.23340
31-12-2024,123.17020
30-12-2024,122.93070
27-12-2024,123.56850
26-12-2024,123.69650
24-12-2024,123.68140
23-12-2024,123.39950
20-12-2024,123.47950
19-12-2024,125.66260
18-12-2024,126.71630
17-12-2024,127.94040
16-12-2024,129.28180
13-12-2024,129.21900
12-12-2024,128.73410
11-12-2024,129.55170
10-12-2024,129.61530
09-12-2024,129.66300
06-12-2024,129.64560
05-12-2024,129.41400
04-12-2024,128.29300
03-12-2024,128.00580
02-12-2024,126.82140
29-11-2024,126.46870
28-11-2024,125.57500
27-11-2024,126.50120
26-11-2024,125.69770
25-11-2024,125.51420
22-11-2024,123.90620
21-11-2024,121.71190
19-11-2024,122.84660
18-11-2024,122.18710
14-11-2024,122.61620
13-11-2024,122.10810
12-11-2024,124.30580
11-11-2024,125.70970
08-11-2024,125.63500
07-11-2024,126.74150
06-11-2024,127.89160
05-11-2024,126.34930
04-11-2024,125.26240
31-10-2024,126.22670
30-10-2024,126.38930
29-10-2024,126.66820
28-10-2024,125.54260
25-10-2024,125.18720
24-10-2024,126.78850
23-10-2024,126.99740
22-10-2024,126.80170
21-10-2024,129.42930
18-10-2024,130.18480
17-10-2024,129.63430
16-10-2024,131.22150
15-10-2024,131.66730
14-10-2024,131.12010
11-10-2024,130.47010
10-10-2024,130.59200
09-10-2024,130.40120
08-10-2024,129.79190
07-10-2024,127.88530
04-10-2024,130.20840
03-10-2024,131.51470
01-10-2024,134.06070
30-09-2024,133.98760
27-09-2024,135.56070
26-09-2024,136.22600
25-09-2024,135.93070
24-09-2024,136.00050
23-09-2024,135.80080
20-09-2024,134.58370
19-09-2024,132.91690
18-09-2024,133.10080
17-09-2024,132.90190
16-09-2024,132.76450
13-09-2024,132.00580
12-09-2024,131.93460
11-09-2024,130.10220
10-09-2024,131.05000
09-09-2024,129.94340
06-09-2024,130.00850
05-09-2024,131.82780
04-09-2024,131.19620
03-09-2024,131.57460
02-09-2024,131.22980
30-08-2024,131.17870
29-08-2024,130.68110
28-08-2024,130.71970
27-08-2024,130.78840
26-08-2024,130.16660
23-08-2024,129.22540
22-08-2024,129.09960
21-08-2024,128.64660
20-08-2024,128.10890
19-08-2024,127.05060
16-08-2024,126.84630
14-08-2024,124.98510
13-08-2024,125.12190
12-08-2024,126.76420
09-08-2024,127.03280
08-08-2024,125.90790
07-08-2024,126.56740
06-08-2024,124.43920
05-08-2024,125.32700
02-08-2024,129.52640
01-08-2024,130.85320
31-07-2024,130.92660
30-07-2024,130.44050
29-07-2024,130.24080
26-07-2024,129.99050
25-07-2024,128.06940
24-07-2024,128.04470
23-07-2024,127.20290
22-07-2024,127.68650
19-07-2024,126.89650
18-07-2024,129.01500
16-07-2024,128.94250
15-07-2024,129.02790
12-07-2024,128.17240
11-07-2024,128.27010
10-07-2024,128.01540
09-07-2024,128.49700
08-07-2024,127.82480
05-07-2024,127.84740
04-07-2024,127.65960
03-07-2024,127.16690
02-07-2024,126.21750
01-07-2024,126.29800
28-06-2024,124.81760
27-06-2024,125.09170
26-06-2024,124.38870
25-06-2024,123.99780
24-06-2024,123.37740
21-06-2024,122.96870
20-06-2024,123.16300
19-06-2024,123.17350
18-06-2024,123.53070
14-06-2024,122.70140
13-06-2024,121.92360
12-06-2024,121.39460
11-06-2024,120.69670
10-06-2024,120.50130
07-06-2024,119.62870
06-06-2024,117.86190
05-06-2024,115.86860
04-06-2024,111.84810
03-06-2024,120.87360
31-05-2024,116.88150
30-05-2024,116.46090
29-05-2024,116.95180
28-05-2024,117.92530
27-05-2024,118.28760
24-05-2024,118.38740
23-05-2024,118.16170
22-05-2024,117.01770
21-05-2024,116.81980
17-05-2024,116.53230
16-05-2024,115.61560
15-05-2024,114.34850
14-05-2024,113.46640
13-05-2024,112.56880
10-05-2024,112.63440
09-05-2024,111.83020
08-05-2024,114.01540
07-05-2024,113.17400
06-05-2024,114.65860
03-05-2024,115.62120
02-05-2024,116.17720
30-04-2024,115.26380
29-04-2024,115.03540
26-04-2024,113.99920
25-04-2024,114.19780
24-04-2024,113.34950
23-04-2024,112.77050
22-04-2024,112.21540
19-04-2024,111.08940
18-04-2024,110.66160
16-04-2024,110.72570
15-04-2024,110.95710
12-04-2024,112.51930
10-04-2024,113.45010
09-04-2024,112.45570
08-04-2024,112.66840
05-04-2024,112.08310
04-04-2024,111.93200
03-04-2024,111.67800
02-04-2024,111.23510
01-04-2024,110.99380
31-03-2024,109.80350
28-03-2024,109.81790
27-03-2024,108.85810
26-03-2024,108.54800
22-03-2024,108.44790
21-03-2024,107.69400
20-03-2024,106.13220
19-03-2024,106.35940
18-03-2024,107.41390
15-03-2024,106.94970
14-03-2024,107.54500
13-03-2024,106.32250
12-03-2024,109.39670
11-03-2024,109.92780
07-03-2024,110.55510
06-03-2024,110.14930
05-03-2024,110.32680
04-03-2024,110.30720
01-03-2024,109.85770
29-02-2024,108.27930
28-02-2024,107.85520
27-02-2024,109.09430
26-02-2024,108.98010
23-02-2024,109.15750
22-02-2024,108.98550
21-02-2024,108.33280
20-02-2024,108.92040
19-02-2024,108.59560
16-02-2024,108.28920
15-02-2024,107.52610
14-02-2024,107.18050
13-02-2024,106.35100
12-02-2024,105.62840
09-02-2024,107.79870
08-02-2024,108.06150
07-02-2024,108.69290
06-02-2024,108.29180
05-02-2024,107.44480
02-02-2024,107.20010
01-02-2024,106.53640
31-01-2024,106.53460
30-01-2024,105.53770
29-01-2024,106.18800
25-01-2024,104.46100
24-01-2024,104.60410
23-01-2024,103.22830
19-01-2024,105.10480
18-01-2024,103.77410
17-01-2024,104.26860
16-01-2024,106.08540
15-01-2024,106.66240
12-01-2024,105.96480
11-01-2024,105.14240
10-01-2024,104.75360
09-01-2024,104.58620
08-01-2024,104.39940
05-01-2024,105.35360
04-01-2024,105.29370
03-01-2024,104.13820
02-01-2024,104.56940
01-01-2024,105.04320
29-12-2023,104.70300
28-12-2023,104.06270
27-12-2023,103.61200
26-12-2023,102.65630
22-12-2023,102.20480
21-12-2023,101.79290
20-12-2023,101.03660
19-12-2023,103.36410
18-12-2023,103.23090
15-12-2023,103.13510
14-12-2023,102.67030
13-12-2023,101.78040
12-12-2023,100.98080
11-12-2023,101.47070
08-12-2023,100.88830
07-12-2023,100.69570
06-12-2023,100.51610
05-12-2023,100.31930
04-12-2023,99.61250
01-12-2023,97.81730
30-11-2023,96.61780
29-11-2023,95.98190
28-11-2023,95.14670
24-11-2023,94.54220
23-11-2023,94.56200
22-11-2023,94.57930
21-11-2023,94.53900
20-11-2023,94.18320
17-11-2023,94.33140
16-11-2023,94.35160
15-11-2023,94.09240
13-11-2023,93.20650
10-11-2023,92.90740
09-11-2023,92.75470
08-11-2023,92.95730
07-11-2023,92.73600
06-11-2023,92.34820
03-11-2023,91.47900
02-11-2023,90.96860
01-11-2023,89.94550
31-10-2023,90.54690
30-10-2023,90.61400
27-10-2023,90.09870
26-10-2023,89.02170
25-10-2023,89.84770
23-10-2023,90.60660
20-10-2023,92.33300
19-10-2023,93.14820
18-10-2023,93.23360
17-10-2023,94.00580
16-10-2023,93.68360
13-10-2023,93.64250
12-10-2023,93.95160
11-10-2023,93.48100
10-10-2023,92.83060
09-10-2023,91.80810
06-10-2023,92.80560
05-10-2023,92.30150
04-10-2023,91.74570
03-10-2023,92.73320
29-09-2023,93.06380
27-09-2023,92.72120
26-09-2023,92.38230
25-09-2023,92.52530
22-09-2023,92.65460
21-09-2023,92.95330
20-09-2023,93.49650
18-09-2023,94.39850
15-09-2023,94.54000
14-09-2023,94.38240
13-09-2023,93.98520
12-09-2023,93.81020
11-09-2023,94.86040
08-09-2023,94.09210
07-09-2023,93.33970
06-09-2023,92.75210
05-09-2023,92.66770
04-09-2023,92.59010
01-09-2023,91.85290
31-08-2023,90.94430
30-08-2023,91.08450
29-08-2023,90.81580
28-08-2023,90.52480
25-08-2023,90.13790
24-08-2023,90.69960
23-08-2023,90.87960
22-08-2023,90.33300
21-08-2023,89.94670
18-08-2023,89.47410
17-08-2023,89.73310
16-08-2023,89.79880
14-08-2023,89.66760
11-08-2023,89.96670
10-08-2023,90.22570
09-08-2023,90.68330
08-08-2023,90.54340
07-08-2023,90.14810
04-08-2023,89.85750
03-08-2023,89.56780
02-08-2023,89.74240
01-08-2023,91.01250
31-07-2023,90.82440
28-07-2023,90.07730
27-07-2023,89.86690
26-07-2023,89.90510
25-07-2023,89.44390
24-07-2023,89.09560
21-07-2023,89.09240
20-07-2023,89.61620
19-07-2023,89.14620
18-07-2023,88.62760
17-07-2023,88.63840
14-07-2023,88.14640
13-07-2023,87.58870
12-07-2023,87.51250
11-07-2023,87.53210
10-07-2023,87.20720
07-07-2023,87.07520
06-07-2023,87.78350
05-07-2023,87.27580
04-07-2023,87.12750
03-07-2023,87.14550
30-06-2023,86.65390
28-06-2023,86.11840
27-06-2023,85.33120
26-06-2023,84.54520
23-06-2023,84.33840
22-06-2023,84.90450
21-06-2023,85.41010
20-06-2023,85.00670
19-06-2023,84.56840
16-06-2023,84.89310
15-06-2023,84.24690
14-06-2023,84.59770
13-06-2023,84.44960
12-06-2023,83.68750
09-06-2023,83.36510
08-06-2023,83.46570
07-06-2023,83.85620
06-06-2023,83.11610
05-06-2023,82.96480
02-06-2023,82.55860
01-06-2023,82.23600
31-05-2023,82.17280
30-05-2023,82.42310
29-05-2023,82.34660
26-05-2023,81.82990
25-05-2023,81.03270
24-05-2023,80.98520
23-05-2023,81.20640
22-05-2023,81.01740
19-05-2023,80.82290
18-05-2023,80.67270
17-05-2023,80.93420
16-05-2023,81.43440
15-05-2023,81.59320
12-05-2023,81.04570
11-05-2023,81.16150
10-05-2023,81.05040
09-05-2023,80.93580
08-05-2023,80.87100
05-05-2023,79.97990
04-05-2023,80.77750
03-05-2023,80.04980
02-05-2023,80.17010
28-04-2023,79.72210
27-04-2023,79.14580
26-04-2023,78.77670
25-04-2023,78.55160
24-04-2023,78.51350
21-04-2023,77.92240
20-04-2023,78.30880
19-04-2023,78.16330
18-04-2023,78.35230
17-04-2023,78.47540
13-04-2023,78.86630
12-04-2023,78.78650
11-04-2023,78.59350
10-04-2023,78.34150
06-04-2023,78.30800
05-04-2023,77.92710
03-04-2023,77.43580
31-03-2023,77.20850
29-03-2023,75.94400
28-03-2023,75.16690
27-03-2023,75.49140
24-03-2023,75.75860
23-03-2023,76.38120
22-03-2023,76.71510
21-03-2023,76.51090
20-03-2023,75.82320
17-03-2023,76.64110
16-03-2023,76.09010
15-03-2023,76.29860
14-03-2023,76.50770
13-03-2023,76.94370
10-03-2023,78.21430
09-03-2023,78.92340
08-03-2023,79.36050
06-03-2023,79.16840
03-03-2023,78.70760
02-03-2023,77.61610
01-03-2023,77.82380
28-02-2023,77.18140
27-02-2023,77.29080
24-02-2023,77.58750
23-02-2023,77.84050
22-02-2023,77.86780
21-02-2023,78.97960
20-02-2023,79.12460
17-02-2023,79.36910
16-02-2023,79.76630
15-02-2023,79.70840
14-02-2023,79.54110
13-02-2023,79.27930
10-02-2023,79.76920
09-02-2023,79.67400
08-02-2023,79.76530
07-02-2023,79.19750
06-02-2023,79.34490
03-02-2023,79.49870
02-02-2023,78.54740
01-02-2023,78.63510
31-01-2023,79.15370
30-01-2023,78.53130
27-01-2023,78.39330
25-01-2023,79.91440
24-01-2023,81.22550
23-01-2023,81.40300
20-01-2023,81.17340
19-01-2023,81.59580
18-01-2023,81.68570
17-01-2023,81.22020
16-01-2023,80.75300
13-01-2023,81.35900
12-01-2023,81.04820
11-01-2023,81.15160
10-01-2023,81.00690
09-01-2023,81.59380
06-01-2023,80.62420
05-01-2023,81.17250
04-01-2023,81.36100
03-01-2023,82.21850
02-01-2023,82.00270
30-12-2022,81.40180
29-12-2022,81.62190
28-12-2022,81.33030
27-12-2022,81.42490
26-12-2022,80.70700
23-12-2022,79.33230
22-12-2022,81.13330
21-12-2022,81.63200
20-12-2022,82.65690
19-12-2022,83.00770
16-12-2022,82.44720
15-12-2022,83.10430
14-12-2022,83.96490
13-12-2022,83.63200
12-12-2022,83.30650
09-12-2022,83.24800
08-12-2022,83.69430
07-12-2022,83.13070
06-12-2022,83.43800
05-12-2022,83.83090
02-12-2022,83.68270
01-12-2022,83.83730
30-11-2022,83.57070
29-11-2022,82.83840
28-11-2022,82.63110
25-11-2022,82.43740
24-11-2022,82.20090
23-11-2022,81.48140
22-11-2022,81.23550
21-11-2022,80.97310
18-11-2022,81.54070
17-11-2022,81.70590
16-11-2022,81.91220
15-11-2022,82.08210
14-11-2022,81.48010
11-11-2022,81.40990
10-11-2022,80.42560
09-11-2022,81.07540
07-11-2022,81.33270
04-11-2022,80.80300
03-11-2022,80.76370
02-11-2022,80.94390
01-11-2022,81.07230
31-10-2022,80.53950
28-10-2022,79.58350
27-10-2022,79.94320
25-10-2022,79.41700
21-10-2022,78.69210
20-10-2022,78.54340
19-10-2022,78.52280
18-10-2022,78.47470
17-10-2022,77.78390
14-10-2022,77.26220
13-10-2022,76.79120
12-10-2022,77.43240
11-10-2022,76.84060
10-10-2022,77.93730
07-10-2022,78.37200
06-10-2022,78.53300
04-10-2022,78.04460
03-10-2022,76.51600
30-09-2022,77.34240
29-09-2022,75.94810
28-09-2022,75.85530
27-09-2022,76.43220
26-09-2022,76.63170
23-09-2022,78.50450
22-09-2022,80.07720
21-09-2022,80.38060
20-09-2022,81.00570
19-09-2022,79.93050
16-09-2022,79.66390
15-09-2022,81.42440
14-09-2022,81.78020
13-09-2022,81.74630
12-09-2022,81.17090
09-09-2022,80.42820
08-09-2022,80.33020
07-09-2022,79.68170
06-09-2022,79.59120
05-09-2022,79.56300
02-09-2022,79.04550
01-09-2022,78.87260
30-08-2022,79.47350
29-08-2022,77.56120
26-08-2022,78.63550
25-08-2022,78.44980
24-08-2022,78.67780
23-08-2022,78.27930
22-08-2022,77.82430
19-08-2022,79.17290
18-08-2022,80.10030
17-08-2022,80.03990
16-08-2022,79.60620
12-08-2022,78.97430
11-08-2022,78.69590
10-08-2022,77.95370
08-08-2022,77.99460
05-08-2022,77.58580
04-08-2022,77.42940
03-08-2022,77.60750
02-08-2022,77.60640
01-08-2022,77.67720
29-07-2022,76.83550
28-07-2022,75.81380
27-07-2022,74.78330
26-07-2022,74.19000
25-07-2022,74.91710
22-07-2022,74.94830
21-07-2022,74.47650
20-07-2022,73.98260
19-07-2022,73.52010
18-07-2022,73.19690
15-07-2022,71.99370
14-07-2022,71.66550
13-07-2022,71.74020
12-07-2022,72.04130
11-07-2022,72.63700
08-07-2022,72.50710
07-07-2022,72.12970
06-07-2022,71.35860
05-07-2022,70.48890
04-07-2022,70.54700
01-07-2022,69.88510
30-06-2022,69.80510
29-06-2022,69.84170
28-06-2022,69.99920
27-06-2022,69.75810
24-06-2022,69.03290
23-06-2022,68.20000
22-06-2022,67.51270
21-06-2022,68.42110
20-06-2022,66.94640
17-06-2022,67.17650
16-06-2022,67.51260
15-06-2022,69.15870
14-06-2022,69.13460
13-06-2022,69.12800
10-06-2022,71.13730
09-06-2022,72.10280
08-06-2022,71.76230
07-06-2022,72.04300
06-06-2022,72.71810
03-06-2022,72.90970
02-06-2022,73.40470
01-06-2022,72.94880
31-05-2022,73.04160
30-05-2022,73.26150
27-05-2022,71.96300
26-05-2022,71.25190
25-05-2022,70.44180
24-05-2022,70.97890
23-05-2022,71.32200
20-05-2022,71.78840
19-05-2022,69.80570
18-05-2022,71.75560
17-05-2022,71.85780
16-05-2022,70.10370
13-05-2022,69.52130
12-05-2022,69.71330
11-05-2022,71.20730
10-05-2022,71.55560
09-05-2022,72.12690
06-05-2022,72.61700
05-05-2022,73.81700
04-05-2022,73.80540
02-05-2022,75.49390
29-04-2022,75.77270
28-04-2022,76.43860
27-04-2022,75.60060
26-04-2022,76.25950
25-04-2022,75.31450
22-04-2022,76.22710
21-04-2022,77.22140
20-04-2022,76.32140
19-04-2022,75.85000
18-04-2022,76.83530
13-04-2022,78.10980
12-04-2022,78.35150
11-04-2022,78.97310
08-04-2022,79.30640
07-04-2022,78.67310
06-04-2022,79.21970
05-04-2022,79.49320
04-04-2022,79.82740
01-04-2022,78.27830
31-03-2022,77.37000
30-03-2022,77.25900
29-03-2022,76.41450
28-03-2022,75.71380
25-03-2022,75.44930
24-03-2022,75.66460
23-03-2022,75.79000
22-03-2022,75.91300
21-03-2022,75.25190
17-03-2022,75.78300
16-03-2022,74.54470
15-03-2022,73.21760
14-03-2022,73.80110
11-03-2022,72.90180
10-03-2022,72.79480
09-03-2022,71.66580
08-03-2022,70.28530
07-03-2022,69.50740
04-03-2022,71.22700
03-03-2022,72.43070
02-03-2022,73.12420
28-02-2022,73.92460
25-02-2022,73.34750
24-02-2022,71.21290
23-02-2022,74.94130
22-02-2022,75.03110
21-02-2022,75.82530
18-02-2022,76.10070
17-02-2022,76.29740
16-02-2022,76.56910
15-02-2022,76.76890
14-02-2022,74.58370
11-02-2022,77.21010
10-02-2022,78.30090
09-02-2022,77.69760
08-02-2022,76.81500
07-02-2022,76.94770
04-02-2022,78.07560
03-02-2022,78.37210
02-02-2022,79.22460
01-02-2022,78.37670
31-01-2022,77.32530
28-01-2022,76.30690
27-01-2022,76.04770
25-01-2022,76.66020
24-01-2022,75.89880
21-01-2022,78.12540
20-01-2022,78.92110
19-01-2022,79.41490
18-01-2022,79.91350
17-01-2022,80.85610
14-01-2022,80.60230
13-01-2022,80.49390
12-01-2022,80.12610
11-01-2022,79.29610
10-01-2022,79.09440
07-01-2022,78.12510
06-01-2022,77.94650
05-01-2022,78.48700
04-01-2022,77.96640
03-01-2022,77.36490
31-12-2021,76.14150
30-12-2021,75.40880
29-12-2021,75.53290
28-12-2021,75.60240
27-12-2021,75.01210
24-12-2021,74.67670
23-12-2021,75.12400
22-12-2021,74.49760
21-12-2021,73.47370
20-12-2021,72.65190
17-12-2021,74.71740
16-12-2021,76.06750
15-12-2021,76.20910
14-12-2021,76.51840
13-12-2021,76.75990
10-12-2021,77.13820
09-12-2021,77.19210
08-12-2021,77.13290
07-12-2021,75.70000
06-12-2021,74.48160
03-12-2021,75.72790
02-12-2021,76.35690
01-12-2021,75.57850
30-11-2021,74.74770
29-11-2021,74.93840
26-11-2021,75.16690
25-11-2021,77.75700
24-11-2021,77.39410
23-11-2021,77.61310
22-11-2021,77.05040
18-11-2021,78.58510
17-11-2021,79.22390
16-11-2021,79.69040
15-11-2021,80.20320
12-11-2021,80.50620
11-11-2021,79.62160
10-11-2021,80.41490
09-11-2021,80.45240
08-11-2021,80.24420
03-11-2021,79.07680
02-11-2021,79.33720
01-11-2021,79.09240
29-10-2021,77.76160
28-10-2021,78.35950
27-10-2021,79.88470
26-10-2021,80.06730
25-10-2021,79.21000
22-10-2021,79.26090
21-10-2021,79.60080
20-10-2021,79.91730
19-10-2021,80.66780
18-10-2021,81.16660
14-10-2021,80.61680
13-10-2021,79.81670
12-10-2021,78.96890
11-10-2021,78.66880
08-10-2021,78.18380
07-10-2021,77.74870
06-10-2021,76.94950
05-10-2021,77.90500
04-10-2021,77.43720
01-10-2021,76.57800
30-09-2021,76.76080
29-09-2021,76.93900
28-09-2021,76.80450
27-09-2021,77.37630
24-09-2021,77.47270
23-09-2021,77.65160
22-09-2021,76.48390
21-09-2021,76.16850
20-09-2021,75.58070
17-09-2021,76.74160
16-09-2021,77.10960
15-09-2021,76.82930
14-09-2021,76.09230
13-09-2021,75.96980
09-09-2021,75.97080
08-09-2021,75.87820
07-09-2021,75.85480
06-09-2021,75.95170
03-09-2021,75.75640
02-09-2021,75.36240
01-09-2021,74.72650
31-08-2021,74.92770
30-08-2021,74.21570
27-08-2021,73.10690
26-08-2021,72.75010
25-08-2021,72.89040
24-08-2021,72.54250
23-08-2021,71.50420
20-08-2021,71.55240
18-08-2021,72.41340
17-08-2021,72.52020
16-08-2021,72.55100
13-08-2021,72.47840
12-08-2021,71.89170
11-08-2021,71.42330
10-08-2021,71.32040
09-08-2021,71.46920
06-08-2021,71.55310
05-08-2021,71.73160
04-08-2021,71.68410
03-08-2021,71.45340
02-08-2021,70.62540
30-07-2021,70.14340
29-07-2021,70.00520
28-07-2021,69.52580
27-07-2021,69.54660
26-07-2021,69.60670
23-07-2021,69.46880
22-07-2021,69.30190
20-07-2021,68.25810
19-07-2021,69.04140
16-07-2021,69.71550
15-07-2021,69.62310
14-07-2021,69.22290
13-07-2021,69.03250
12-07-2021,68.40110
09-07-2021,68.26730
08-07-2021,68.16620
07-07-2021,68.79980
06-07-2021,68.44060
05-07-2021,68.48120
02-07-2021,68.00150
01-07-2021,67.89850
30-06-2021,67.92900
29-06-2021,68.04460
28-06-2021,68.24640
25-06-2021,68.12050
24-06-2021,67.54460
23-06-2021,67.18050
22-06-2021,67.55860
21-06-2021,67.30120
18-06-2021,66.92080
17-06-2021,67.09090
16-06-2021,67.71430
15-06-2021,68.23000
14-06-2021,67.88230
11-06-2021,67.98200
10-06-2021,67.74270
09-06-2021,67.18840
08-06-2021,67.73130
07-06-2021,67.75480
04-06-2021,67.15600
03-06-2021,67.14460
02-06-2021,66.62810
01-06-2021,66.40180
31-05-2021,66.55410
28-05-2021,66.07110
27-05-2021,65.93150
26-05-2021,65.73170
25-05-2021,65.55100
24-05-2021,65.50220
21-05-2021,65.21890
20-05-2021,64.15760
19-05-2021,64.56730
18-05-2021,64.79140
17-05-2021,64.14490
14-05-2021,63.06740
12-05-2021,63.66150
11-05-2021,64.36460
10-05-2021,64.54960
07-05-2021,63.94000
06-05-2021,63.39630
05-05-2021,62.96320
04-05-2021,62.27160
03-05-2021,62.88650
30-04-2021,62.66970
29-04-2021,63.48700
28-04-2021,63.36600
27-04-2021,62.73530
26-04-2021,62.02560
23-04-2021,61.32470
22-04-2021,61.65060
20-04-2021,61.07740
19-04-2021,61.19730
16-04-2021,62.28130
15-04-2021,62.21330
13-04-2021,61.91060
12-04-2021,60.89000
09-04-2021,63.49490
08-04-2021,63.64570
07-04-2021,63.29640
06-04-2021,62.73100
05-04-2021,62.46930
01-04-2021,63.32490
31-03-2021,62.48020
30-03-2021,62.73160
26-03-2021,61.53790
25-03-2021,60.73780
24-03-2021,61.62760
23-03-2021,62.73440
22-03-2021,62.43930
19-03-2021,62.21100
18-03-2021,61.56340
17-03-2021,62.34080
16-03-2021,63.41560
15-03-2021,63.53120
12-03-2021,63.70820
10-03-2021,63.93800
09-03-2021,63.55620
08-03-2021,63.45020
05-03-2021,63.27090
04-03-2021,64.11680
03-03-2021,64.70820
02-03-2021,63.46300
01-03-2021,62.60260
26-02-2021,61.56210
25-02-2021,63.34760
24-02-2021,62.55420
23-02-2021,61.40750
22-02-2021,61.03030
19-02-2021,61.97750
18-02-2021,62.78400
17-02-2021,62.84950
16-02-2021,62.73280
15-02-2021,62.65510
12-02-2021,61.81740
11-02-2021,61.79700
10-02-2021,61.44440
09-02-2021,61.52860
08-02-2021,61.51280
05-02-2021,60.61720
04-02-2021,60.50910
03-02-2021,59.87870
02-02-2021,59.20770
01-02-2021,57.61330
29-01-2021,54.91850
28-01-2021,55.40530
27-01-2021,55.82440
25-01-2021,56.90070
22-01-2021,57.33780
21-01-2021,58.19800
20-01-2021,58.58960
19-01-2021,58.07590
18-01-2021,57.15500
15-01-2021,58.06180
14-01-2021,58.68670
13-01-2021,58.65910
12-01-2021,58.46090
11-01-2021,57.85310
08-01-2021,57.37670
07-01-2021,56.63190
06-01-2021,56.36600
05-01-2021,56.49790
04-01-2021,56.29890
01-01-2021,55.64220
31-12-2020,55.33800
30-12-2020,55.28580
29-12-2020,55.15880
28-12-2020,55.02560
24-12-2020,54.51670
23-12-2020,53.96210
22-12-2020,53.18110
21-12-2020,52.51110
18-12-2020,54.61750
17-12-2020,54.60410
16-12-2020,54.58310
15-12-2020,54.07240
14-12-2020,54.08500
11-12-2020,53.60620
10-12-2020,53.29280
09-12-2020,53.50070
08-12-2020,53.09820
07-12-2020,53.16980
04-12-2020,52.65740
03-12-2020,52.24820
02-12-2020,52.00510
01-12-2020,51.92690
27-11-2020,51.34250
26-11-2020,51.18390
25-11-2020,50.76480
24-11-2020,51.47140
23-11-2020,50.94790
20-11-2020,50.77870
19-11-2020,50.58420
18-11-2020,51.13520
17-11-2020,50.88640
13-11-2020,49.97760
12-11-2020,49.82220
11-11-2020,50.11850
10-11-2020,49.63800
09-11-2020,49.06760
06-11-2020,48.35180
05-11-2020,47.87080
04-11-2020,46.96900
03-11-2020,46.68880
02-11-2020,46.14130
30-10-2020,45.79180
29-10-2020,45.79690
28-10-2020,46.02030
27-10-2020,46.63560
26-10-2020,46.29620
23-10-2020,47.04110
22-10-2020,46.73130
21-10-2020,46.74930
20-10-2020,46.38730
19-10-2020,46.23700
16-10-2020,45.68400
15-10-2020,45.22920
14-10-2020,46.32060
13-10-2020,46.27100
12-10-2020,46.32690
09-10-2020,46.43020
08-10-2020,46.00570
07-10-2020,45.75310
06-10-2020,45.68350
05-10-2020,45.20600
01-10-2020,45.02480
30-09-2020,44.46280
29-09-2020,44.50770
28-09-2020,44.66280
25-09-2020,43.86640
24-09-2020,42.76240
23-09-2020,44.02420
22-09-2020,44.15800
21-09-2020,44.67490
18-09-2020,45.95370
17-09-2020,46.04230
16-09-2020,46.28950
15-09-2020,45.84360
14-09-2020,45.42300
11-09-2020,45.35600
10-09-2020,45.36840
09-09-2020,44.62140
08-09-2020,44.97040
07-09-2020,45.19700
04-09-2020,45.19660
03-09-2020,46.01990
02-09-2020,46.17160
01-09-2020,45.92660
31-08-2020,45.61850
28-08-2020,46.94400
27-08-2020,46.66840
26-08-2020,46.62080
25-08-2020,46.35790
24-08-2020,46.35940
21-08-2020,45.98990
20-08-2020,45.67430
19-08-2020,45.71900
18-08-2020,45.49790
17-08-2020,44.88330
14-08-2020,44.71460
13-08-2020,45.11190
12-08-2020,44.76490
11-08-2020,44.69790
10-08-2020,44.38660
07-08-2020,44.01780
06-08-2020,43.97050
05-08-2020,43.57640
04-08-2020,43.59110
03-08-2020,42.94300
31-07-2020,43.40280
30-07-2020,43.53790
29-07-2020,44.05560
28-07-2020,44.39200
27-07-2020,44.00970
24-07-2020,44.44230
23-07-2020,44.63500
22-07-2020,44.34220
21-07-2020,44.51050
20-07-2020,43.93330
17-07-2020,43.45600
16-07-2020,42.66900
15-07-2020,42.14360
14-07-2020,42.28060
13-07-2020,42.98340
10-07-2020,42.89850
09-07-2020,43.03180
08-07-2020,42.74070
07-07-2020,43.09550
06-07-2020,42.92920
03-07-2020,42.39710
02-07-2020,42.13660
01-07-2020,41.74650
30-06-2020,41.30950
29-06-2020,41.51520
26-06-2020,41.98880
25-06-2020,41.61460
24-06-2020,41.65600
23-06-2020,42.38200
22-06-2020,41.78160
19-06-2020,41.33270
18-06-2020,40.70810
17-06-2020,39.87860
16-06-2020,39.94340
15-06-2020,39.67750
12-06-2020,40.34920
11-06-2020,40.06050
10-06-2020,40.86150
09-06-2020,40.81690
08-06-2020,41.48270
05-06-2020,41.22070
04-06-2020,40.10610
03-06-2020,40.01050
02-06-2020,39.75590
01-06-2020,39.36450
29-05-2020,38.28650
28-05-2020,37.91880
27-05-2020,37.14270
26-05-2020,36.31440
22-05-2020,36.25630
21-05-2020,36.64540
20-05-2020,36.43020
19-05-2020,36.01670
18-05-2020,36.15260
15-05-2020,37.85160
14-05-2020,37.86350
13-05-2020,38.51420
12-05-2020,37.50810
11-05-2020,37.73810
08-05-2020,37.61590
07-05-2020,37.88230
06-05-2020,38.18750
05-05-2020,38.19450
04-05-2020,38.50720
30-04-2020,40.76150
29-04-2020,39.41290
28-04-2020,38.62860
27-04-2020,38.45000
24-04-2020,38.29710
23-04-2020,38.90800
22-04-2020,38.60820
21-04-2020,38.33290
20-04-2020,39.69650
17-04-2020,39.71230
16-04-2020,38.31450
15-04-2020,37.75940
13-04-2020,37.85670
09-04-2020,38.04880
08-04-2020,36.81920
07-04-2020,36.42850
03-04-2020,34.40940
01-04-2020,35.21960
31-03-2020,36.39830
30-03-2020,34.78390
27-03-2020,35.91530
26-03-2020,36.09910
25-03-2020,35.00770
24-03-2020,33.75160
23-03-2020,33.35020
20-03-2020,37.96320
19-03-2020,36.62680
18-03-2020,38.50060
17-03-2020,40.13180
16-03-2020,40.65750
13-03-2020,43.31450
12-03-2020,41.48220
11-03-2020,45.34710
09-03-2020,45.61540
06-03-2020,47.54240
05-03-2020,48.78780
04-03-2020,48.80550
03-03-2020,49.43960
02-03-2020,48.48230
28-02-2020,49.32540
27-02-2020,51.54150
26-02-2020,51.86700
25-02-2020,52.58240
24-02-2020,52.91730
20-02-2020,54.28870
19-02-2020,53.84560
18-02-2020,53.55120
17-02-2020,53.84260
14-02-2020,54.29170
13-02-2020,54.83530
12-02-2020,55.07740
11-02-2020,55.34010
10-02-2020,54.97880
07-02-2020,55.92700
06-02-2020,55.96400
05-02-2020,55.44440
04-02-2020,54.08620
03-02-2020,52.82210
31-01-2020,54.66540
30-01-2020,55.32220
29-01-2020,55.72830
28-01-2020,55.03770
27-01-2020,55.64930
24-01-2020,56.44730
23-01-2020,56.07960
22-01-2020,55.46560
21-01-2020,55.93100
20-01-2020,56.38500
17-01-2020,57.01380
16-01-2020,57.12260
15-01-2020,57.26600
14-01-2020,56.98810
13-01-2020,56.92120
10-01-2020,56.64220
09-01-2020,56.20180
08-01-2020,54.77620
07-01-2020,54.91820
06-01-2020,54.65270
03-01-2020,56.29150
02-01-2020,56.74330
01-01-2020,55.62570
31-12-2019,55.58800
30-12-2019,55.67860
27-12-2019,55.32680
26-12-2019,54.51920
24-12-2019,54.60620
23-12-2019,54.74350
20-12-2019,54.95080
19-12-2019,54.49720
18-12-2019,54.35340
17-12-2019,54.76910
16-12-2019,53.80960
13-12-2019,54.12410
12-12-2019,53.17340
11-12-2019,52.11040
10-12-2019,51.94580
09-12-2019,52.42670
06-12-2019,52.42440
05-12-2019,53.37170
04-12-2019,54.10890
03-12-2019,53.61060
02-12-2019,54.53560
29-11-2019,54.73870
28-11-2019,55.32700
27-11-2019,54.65520
26-11-2019,54.35660
25-11-2019,54.75370
22-11-2019,54.03280
21-11-2019,53.95270
20-11-2019,54.53690
19-11-2019,54.36100
18-11-2019,54.31140
15-11-2019,53.77470
14-11-2019,53.55820
13-11-2019,53.95280
11-11-2019,54.45290
08-11-2019,53.99630
07-11-2019,54.73110
06-11-2019,54.74710
05-11-2019,54.62560
04-11-2019,54.96470
01-11-2019,54.79370
31-10-2019,54.51780
30-10-2019,54.12750
29-10-2019,53.75160
25-10-2019,51.82810
24-10-2019,51.51600
23-10-2019,51.99580
22-10-2019,51.73360
18-10-2019,51.80130
17-10-2019,50.90670
16-10-2019,49.95770
15-10-2019,49.82340
14-10-2019,49.39870
11-10-2019,49.19310
10-10-2019,48.79800
09-10-2019,49.47900
07-10-2019,48.41590
04-10-2019,49.03980
03-10-2019,49.72170
01-10-2019,49.77180
30-09-2019,50.47270
27-09-2019,50.98960
26-09-2019,51.36050
25-09-2019,50.44280
24-09-2019,51.65550
23-09-2019,52.26710
20-09-2019,50.07870
19-09-2019,46.89720
18-09-2019,47.61730
17-09-2019,47.46890
16-09-2019,48.68320
13-09-2019,49.24680
12-09-2019,48.76210
11-09-2019,48.92610
09-09-2019,48.25750
06-09-2019,47.70940
05-09-2019,47.18510
04-09-2019,46.60200
03-09-2019,46.36280
30-08-2019,47.33250
29-08-2019,47.03470
28-08-2019,47.46380
27-08-2019,47.98660
26-08-2019,47.09650
23-08-2019,46.27950
22-08-2019,45.58320
21-08-2019,46.66840
20-08-2019,47.63850
19-08-2019,48.05290
16-08-2019,48.05490
14-08-2019,47.88570
13-08-2019,47.37840
09-08-2019,48.51290
08-08-2019,48.39170
07-08-2019,47.78790
06-08-2019,48.64660
05-08-2019,48.26140
02-08-2019,48.82610
01-08-2019,49.20550
31-07-2019,50.08510
30-07-2019,49.39620
29-07-2019,50.66680
26-07-2019,51.46280
25-07-2019,50.94540
24-07-2019,51.33720
23-07-2019,52.16420
22-07-2019,52.39550
19-07-2019,52.57160
18-07-2019,53.47560
17-07-2019,54.56760
16-07-2019,54.65800
15-07-2019,54.12970
12-07-2019,54.43410
11-07-2019,54.37790
10-07-2019,53.81770
09-07-2019,54.38870
08-07-2019,54.03050
05-07-2019,55.63480
04-07-2019,56.69040
03-07-2019,56.46750
02-07-2019,56.16920
01-07-2019,56.20900
28-06-2019,56.02040
27-06-2019,55.99290
26-06-2019,55.80780
25-06-2019,55.44450
24-06-2019,55.07080
21-06-2019,55.17710
20-06-2019,55.46020
19-06-2019,54.63530
18-06-2019,54.71770
17-06-2019,54.57870
14-06-2019,55.60250
13-06-2019,56.02390
12-06-2019,56.04900
11-06-2019,56.37870
10-06-2019,55.98430
07-06-2019,56.07570
06-06-2019,56.11390
04-06-2019,57.22750
03-06-2019,57.48210
31-05-2019,56.93260
30-05-2019,57.27470
29-05-2019,57.18350
28-05-2019,58.07210
27-05-2019,58.16470
24-05-2019,56.74120
23-05-2019,55.09950
22-05-2019,55.28320
21-05-2019,55.04280
20-05-2019,55.83800
17-05-2019,53.24690
16-05-2019,52.88750
15-05-2019,52.37980
14-05-2019,52.81160
13-05-2019,52.31950
10-05-2019,53.48040
09-05-2019,53.60080
08-05-2019,54.03750
07-05-2019,54.76730
06-05-2019,55.37090
03-05-2019,56.04400
02-05-2019,55.77420
30-04-2019,56.15450
26-04-2019,56.49130
25-04-2019,56.17020
24-04-2019,56.48690
23-04-2019,56.12010
22-04-2019,56.17780
18-04-2019,57.00500
16-04-2019,57.28370
15-04-2019,57.11130
12-04-2019,56.79340
11-04-2019,56.47040
10-04-2019,56.39410
09-04-2019,56.47760
08-04-2019,55.92930
05-04-2019,56.30580
04-04-2019,56.09520
03-04-2019,56.21330
02-04-2019,56.63010
01-04-2019,56.38740
29-03-2019,55.91530
28-03-2019,55.35480
27-03-2019,54.62930
26-03-2019,54.70430
25-03-2019,54.18990
22-03-2019,54.60510
20-03-2019,55.17900
19-03-2019,55.44570
18-03-2019,55.12760
15-03-2019,54.89730
14-03-2019,54.68910
13-03-2019,54.77320
12-03-2019,54.64940
11-03-2019,54.29270
08-03-2019,53.47270
07-03-2019,53.79230
06-03-2019,53.58170
05-03-2019,53.38620
01-03-2019,51.80710
28-02-2019,50.95110
27-02-2019,50.75450
26-02-2019,50.64030
25-02-2019,50.88610
22-02-2019,50.74980
21-02-2019,50.31870
20-02-2019,49.97000
19-02-2019,49.41960
18-02-2019,49.17590
15-02-2019,49.56520
14-02-2019,50.04200
13-02-2019,49.99790
12-02-2019,50.45370
11-02-2019,50.63980
08-02-2019,50.94180
07-02-2019,52.08430
06-02-2019,51.69720
05-02-2019,51.24890
04-02-2019,51.70310
01-02-2019,52.23900
31-01-2019,52.31020
30-01-2019,51.56580
29-01-2019,51.21300
28-01-2019,51.06630
25-01-2019,52.00500
24-01-2019,52.77290
23-01-2019,53.03580
22-01-2019,53.40330
21-01-2019,53.64130
18-01-2019,53.76260
17-01-2019,54.35900
16-01-2019,54.52670
15-01-2019,54.55730
14-01-2019,53.99940
11-01-2019,54.37400
10-01-2019,54.45330
09-01-2019,54.31280
08-01-2019,54.38560
07-01-2019,54.06130
04-01-2019,53.96620
03-01-2019,53.56740
02-01-2019,54.02980
01-01-2019,54.96290
31-12-2018,54.77230
28-12-2018,54.62530
27-12-2018,53.96570
26-12-2018,53.96700
24-12-2018,53.75610
21-12-2018,54.03110
20-12-2018,54.60690
19-12-2018,54.80300
18-12-2018,54.26590
17-12-2018,54.22240
14-12-2018,53.93280
13-12-2018,53.73290
12-12-2018,53.44440
11-12-2018,52.34640
10-12-2018,51.83010
07-12-2018,52.45080
06-12-2018,52.25580
05-12-2018,53.01190
04-12-2018,53.88140
03-12-2018,53.75650
30-11-2018,53.68950
29-11-2018,53.78170
28-11-2018,53.26300
27-11-2018,53.61140
26-11-2018,53.47370
22-11-2018,53.33440
21-11-2018,53.81020
20-11-2018,53.73570
19-11-2018,54.52660
16-11-2018,54.40450
15-11-2018,54.19600
14-11-2018,53.77520
13-11-2018,53.48910
12-11-2018,53.18870
09-11-2018,53.79070
06-11-2018,53.18250
05-11-2018,53.48990
02-11-2018,53.43740
01-11-2018,52.63990
31-10-2018,52.33090
30-10-2018,51.45130
29-10-2018,51.40680
26-10-2018,49.58390
25-10-2018,49.72410
24-10-2018,50.40980
23-10-2018,50.14890
22-10-2018,50.44350
19-10-2018,50.87120
17-10-2018,51.28500
16-10-2018,52.48480
15-10-2018,51.80680
12-10-2018,51.86830
11-10-2018,50.61430
10-10-2018,51.90360
09-10-2018,50.21440
08-10-2018,50.99050
05-10-2018,51.38950
04-10-2018,53.20680
03-10-2018,53.91210
01-10-2018,54.19470
28-09-2018,53.79230
27-09-2018,54.79890
26-09-2018,55.33890
25-09-2018,55.37110
24-09-2018,55.01470
21-09-2018,56.24470
19-09-2018,56.88780
18-09-2018,56.89520
17-09-2018,58.05420
14-09-2018,58.36260
12-09-2018,57.66170
11-09-2018,57.38010
10-09-2018,58.23180
07-09-2018,58.71080
06-09-2018,58.16800
05-09-2018,57.71090
04-09-2018,57.81410
03-09-2018,59.08820
31-08-2018,59.14380
30-08-2018,58.90630
29-08-2018,58.50720
28-08-2018,58.39210
27-08-2018,58.59210
24-08-2018,58.04300
23-08-2018,58.20450
21-08-2018,58.43200
20-08-2018,58.42890
17-08-2018,57.50930
16-08-2018,56.56270
14-08-2018,56.91620
13-08-2018,56.67000
10-08-2018,57.46890
09-08-2018,58.27970
08-08-2018,57.74890
07-08-2018,57.70340
06-08-2018,57.61290
03-08-2018,57.37960
02-08-2018,56.71900
01-08-2018,56.95080
31-07-2018,56.93830
30-07-2018,56.99430
27-07-2018,56.29180
26-07-2018,55.57880
25-07-2018,54.79250
24-07-2018,54.75270
23-07-2018,53.92310
20-07-2018,53.10660
19-07-2018,52.97300
18-07-2018,53.23230
17-07-2018,53.85460
16-07-2018,52.92060
13-07-2018,54.40570
12-07-2018,54.85970
11-07-2018,54.77360
10-07-2018,55.25750
09-07-2018,54.77480
06-07-2018,54.22270
05-07-2018,53.92510
04-07-2018,54.19550
03-07-2018,54.14420
02-07-2018,54.08290
29-06-2018,54.46490
28-06-2018,53.65290
27-06-2018,54.35110
26-06-2018,55.52560
25-06-2018,55.87190
22-06-2018,56.69750
21-06-2018,56.25820
20-06-2018,56.71450
19-06-2018,56.50610
18-06-2018,56.91730
15-06-2018,56.81920
14-06-2018,57.30520
13-06-2018,57.70530
12-06-2018,57.80100
11-06-2018,57.46370
08-06-2018,57.42650
07-06-2018,57.16100
06-06-2018,56.22740
05-06-2018,55.35730
04-06-2018,55.81410
01-06-2018,56.69960
31-05-2018,57.17940
30-05-2018,57.38920
29-05-2018,57.50270
28-05-2018,57.82940
25-05-2018,56.90510
24-05-2018,56.28680
23-05-2018,56.48820
22-05-2018,56.83200
21-05-2018,56.36330
18-05-2018,57.00460
17-05-2018,57.97340
16-05-2018,57.98270
15-05-2018,58.51270
14-05-2018,58.96030
11-05-2018,59.26200
10-05-2018,59.18610
09-05-2018,59.85340
08-05-2018,59.86460
07-05-2018,59.71850
04-05-2018,59.12990
03-05-2018,59.74870
02-05-2018,60.07310
30-04-2018,60.98270
27-04-2018,60.52650
26-04-2018,59.75940
25-04-2018,60.01670
24-04-2018,60.51180
23-04-2018,60.62450
20-04-2018,60.38160
19-04-2018,60.74530
18-04-2018,60.34160
17-04-2018,60.39570
16-04-2018,60.40100
13-04-2018,60.52610
12-04-2018,60.46300
11-04-2018,60.60650
10-04-2018,60.80910
09-04-2018,60.65870
06-04-2018,60.65740
05-04-2018,60.40850
04-04-2018,59.29520
03-04-2018,59.75260
02-04-2018,59.20650
28-03-2018,58.40450
27-03-2018,58.84810
26-03-2018,58.21800
23-03-2018,57.30960
22-03-2018,58.01110
21-03-2018,58.56750
20-03-2018,58.76450
19-03-2018,58.61620
16-03-2018,59.77520
15-03-2018,60.64430
14-03-2018,60.61240
13-03-2018,60.49810
12-03-2018,60.18820
09-03-2018,59.68850
08-03-2018,60.17640
07-03-2018,59.96940
06-03-2018,61.17400
05-03-2018,62.02480
01-03-2018,63.05200
28-02-2018,63.44540
27-02-2018,63.42010
26-02-2018,63.85410
23-02-2018,63.47900
22-02-2018,62.44310
21-02-2018,63.05960
20-02-2018,63.29480
19-02-2018,63.29200
16-02-2018,64.07670
15-02-2018,64.70790
14-02-2018,65.33530
12-02-2018,66.24210
09-02-2018,65.57720
08-02-2018,65.90050
07-02-2018,64.51010
06-02-2018,64.29250
05-02-2018,65.27630
02-02-2018,65.31560
01-02-2018,67.50250
31-01-2018,67.82910
30-01-2018,68.32460
29-01-2018,68.77300
25-01-2018,69.21120
24-01-2018,70.18330
23-01-2018,70.49100
22-01-2018,69.67340
19-01-2018,69.58920
18-01-2018,69.05090
17-01-2018,69.86790
16-01-2018,68.96500
15-01-2018,69.84690
12-01-2018,69.64230
11-01-2018,69.50590
10-01-2018,69.52790
09-01-2018,69.90370
08-01-2018,70.03450
05-01-2018,69.86270
04-01-2018,69.56610
03-01-2018,68.92770
02-01-2018,68.51720
01-01-2018,68.79420
29-12-2017,69.05270
28-12-2017,68.71180
27-12-2017,68.59710
26-12-2017,68.79270
22-12-2017,68.41370
21-12-2017,68.21700
20-12-2017,67.70480
19-12-2017,67.51700
18-12-2017,66.69830
15-12-2017,66.20410
14-12-2017,65.84320
13-12-2017,65.79400
12-12-2017,66.44120
11-12-2017,66.51930
08-12-2017,66.10990
07-12-2017,65.82810
06-12-2017,64.83490
05-12-2017,65.39580
04-12-2017,65.25160
01-12-2017,65.17180
30-11-2017,65.90350
29-11-2017,66.56220
28-11-2017,66.60830
27-11-2017,66.72500
24-11-2017,66.75600
23-11-2017,66.80400
22-11-2017,66.50360
21-11-2017,66.26570
20-11-2017,66.12880
17-11-2017,66.20280
16-11-2017,65.67260
15-11-2017,64.87640
14-11-2017,65.11480
13-11-2017,65.33550
10-11-2017,65.95630
09-11-2017,65.57880
08-11-2017,65.20240
07-11-2017,65.78130
06-11-2017,66.60150
03-11-2017,66.45200
02-11-2017,66.10400
01-11-2017,66.04560
31-10-2017,65.46480
30-10-2017,65.57060
27-10-2017,65.03810
26-10-2017,65.11630
25-10-2017,64.98230
24-10-2017,62.42120
23-10-2017,62.09760
18-10-2017,61.92890
17-10-2017,62.28150
16-10-2017,62.34450
13-10-2017,62.07650
12-10-2017,61.74720
11-10-2017,61.40340
10-10-2017,61.77750
09-10-2017,61.43880
06-10-2017,61.18820
05-10-2017,60.55890
04-10-2017,60.40150
03-10-2017,60.24940
29-09-2017,60.04930
28-09-2017,59.79850
27-09-2017,59.68970
26-09-2017,60.71010
25-09-2017,60.40270
22-09-2017,61.02220
21-09-2017,62.35950
20-09-2017,62.78460
19-09-2017,62.82250
18-09-2017,62.61070
15-09-2017,62.07180
14-09-2017,61.86960
13-09-2017,61.53430
12-09-2017,61.82680
11-09-2017,61.11340
08-09-2017,60.65800
07-09-2017,60.84390
06-09-2017,60.64220
05-09-2017,60.77270
04-09-2017,60.41260
01-09-2017,60.82530
31-08-2017,60.42600
30-08-2017,60.21180
29-08-2017,59.65610
28-08-2017,60.33360
24-08-2017,59.87650
23-08-2017,59.56770
22-08-2017,58.89890
21-08-2017,59.06780
18-08-2017,59.87480
17-08-2017,60.40830
16-08-2017,60.22410
14-08-2017,59.36870
11-08-2017,58.48890
10-08-2017,59.38190
09-08-2017,60.33110
08-08-2017,60.97580
07-08-2017,61.40450
04-08-2017,61.00500
03-08-2017,60.45220
02-08-2017,61.00440
01-08-2017,61.12960
31-07-2017,61.13380
28-07-2017,60.61540
27-07-2017,60.33070
26-07-2017,60.56500
25-07-2017,60.29820
24-07-2017,60.25360
21-07-2017,60.17540
20-07-2017,60.09890
19-07-2017,60.40370
18-07-2017,60.08180
17-07-2017,60.26710
14-07-2017,59.99520
13-07-2017,60.00250
12-07-2017,59.56430
11-07-2017,59.32880
10-07-2017,59.60110
07-07-2017,59.07120
06-07-2017,58.96620
05-07-2017,58.58640
04-07-2017,58.24320
03-07-2017,58.37850
30-06-2017,57.83170
29-06-2017,57.40450
28-06-2017,57.05550
27-06-2017,56.80890
23-06-2017,57.43900
22-06-2017,57.86960
21-06-2017,57.99500
20-06-2017,58.08170
19-06-2017,57.97790
16-06-2017,57.63820
15-06-2017,57.48600
14-06-2017,57.61350
13-06-2017,57.59810
12-06-2017,57.56560
09-06-2017,57.89690
08-06-2017,57.81040
07-06-2017,57.69070
06-06-2017,57.35530
05-06-2017,57.57000
02-06-2017,57.41170
01-06-2017,57.16480
31-05-2017,57.16240
30-05-2017,56.99620
29-05-2017,56.55800
26-05-2017,57.12180
25-05-2017,56.52680
24-05-2017,55.59470
23-05-2017,56.08520
22-05-2017,56.58850
19-05-2017,57.02240
18-05-2017,57.06890
17-05-2017,57.79180
16-05-2017,57.60240
15-05-2017,57.13860
12-05-2017,56.78790
11-05-2017,56.94230
10-05-2017,56.92140
09-05-2017,56.76420
08-05-2017,56.57120
05-05-2017,56.34550
04-05-2017,56.75620
03-05-2017,56.23530
02-05-2017,56.13860
28-04-2017,56.15060
27-04-2017,55.99590
26-04-2017,56.16160
25-04-2017,56.03260
24-04-2017,55.65580
21-04-2017,55.23100
20-04-2017,55.50970
19-04-2017,55.13870
18-04-2017,55.18910
17-04-2017,55.41490
13-04-2017,55.57560
12-04-2017,55.69020
11-04-2017,56.02880
10-04-2017,55.65920
07-04-2017,55.45640
06-04-2017,55.58080
05-04-2017,55.75080
03-04-2017,55.34430
31-03-2017,54.87570
30-03-2017,54.74130
29-03-2017,54.50880
28-03-2017,54.07300
27-03-2017,53.72840
24-03-2017,53.83810
23-03-2017,53.48000
22-03-2017,53.07890
21-03-2017,53.58280
20-03-2017,53.86200
17-03-2017,53.91430
16-03-2017,53.78900
15-03-2017,53.28950
14-03-2017,53.09170
10-03-2017,52.34450
09-03-2017,52.39110
08-03-2017,52.44610
07-03-2017,52.60870
06-03-2017,52.83270
03-03-2017,52.71730
02-03-2017,52.65630
01-03-2017,53.22300
28-02-2017,52.89990
27-02-2017,52.84390
23-02-2017,53.02240
22-02-2017,52.95670
21-02-2017,53.15460
20-02-2017,52.74930
17-02-2017,52.38620
16-02-2017,52.26420
15-02-2017,51.63940
14-02-2017,52.17710
13-02-2017,52.28450
10-02-2017,52.56910
09-02-2017,52.46340
08-02-2017,52.26240
07-02-2017,52.17890
06-02-2017,52.14940
03-02-2017,51.74930
02-02-2017,51.46940
01-02-2017,51.20300
31-01-2017,50.33340
30-01-2017,50.71500
27-01-2017,50.87440
25-01-2017,50.63520
24-01-2017,50.18700
23-01-2017,49.58810
20-01-2017,49.41790
19-01-2017,50.30610
18-01-2017,50.17690
17-01-2017,49.70830
16-01-2017,49.70090
13-01-2017,49.55000
12-01-2017,49.58740
11-01-2017,49.31020
10-01-2017,48.76570
09-01-2017,48.31040
06-01-2017,48.24470
05-01-2017,48.23600
04-01-2017,47.76140
03-01-2017,47.77700
02-01-2017,47.52960
30-12-2016,47.28420
29-12-2016,46.69760
28-12-2016,46.33260
27-12-2016,46.26150
26-12-2016,45.72410
23-12-2016,46.50380
22-12-2016,46.67670
21-12-2016,47.34020
20-12-2016,47.31560
19-12-2016,47.76930
16-12-2016,48.00470
15-12-2016,48.08830
14-12-2016,48.03680
13-12-2016,48.38970
12-12-2016,48.15920
09-12-2016,48.55450
08-12-2016,48.36800
07-12-2016,47.53100
06-12-2016,47.79500
05-12-2016,47.62770
02-12-2016,47.44580
01-12-2016,48.04380
30-11-2016,48.46930
29-11-2016,47.71850
28-11-2016,47.59050
25-11-2016,47.57090
24-11-2016,47.03760
23-11-2016,47.05830
22-11-2016,46.52730
21-11-2016,46.09720
18-11-2016,47.60580
17-11-2016,47.81770
16-11-2016,47.95400
15-11-2016,47.85870
11-11-2016,49.24630
10-11-2016,50.67480
09-11-2016,49.21080
08-11-2016,50.02420
07-11-2016,49.94360
04-11-2016,49.22370
03-11-2016,49.74680
02-11-2016,50.42470
01-11-2016,51.18060
28-10-2016,50.94370
27-10-2016,50.81820
26-10-2016,50.93800
25-10-2016,51.72930
24-10-2016,51.77820
21-10-2016,51.71230
20-10-2016,51.68390
19-10-2016,51.40650
18-10-2016,51.40850
17-10-2016,50.57650
14-10-2016,50.78950
13-10-2016,50.48240
10-10-2016,51.19660
07-10-2016,51.06530
06-10-2016,50.91100
05-10-2016,50.98500
04-10-2016,50.97850
03-10-2016,50.71410
30-09-2016,49.71030
29-09-2016,48.88230
28-09-2016,50.33440
27-09-2016,49.94770
26-09-2016,50.22480
23-09-2016,50.72680
22-09-2016,50.75050
21-09-2016,49.95800
20-09-2016,50.01040
19-09-2016,50.22400
16-09-2016,50.19590
15-09-2016,50.01120
14-09-2016,50.22590
12-09-2016,49.74140
09-09-2016,51.12120
08-09-2016,51.72050
07-09-2016,51.65820
06-09-2016,50.87730
02-09-2016,50.16000
01-09-2016,49.88040
31-08-2016,50.11200
30-08-2016,50.03890
29-08-2016,49.37820
26-08-2016,49.05510
25-08-2016,49.29010
24-08-2016,49.41800
23-08-2016,49.26220
22-08-2016,49.25580
19-08-2016,49.62360
18-08-2016,49.25340
17-08-2016,49.07520
16-08-2016,48.53220
12-08-2016,48.40140
11-08-2016,47.93820
10-08-2016,48.02080
09-08-2016,48.72890
08-08-2016,48.96040
05-08-2016,48.62380
04-08-2016,47.57340
03-08-2016,47.42000
02-08-2016,47.87480
01-08-2016,48.05500
29-07-2016,48.11160
28-07-2016,48.12040
27-07-2016,48.00840
26-07-2016,47.79000
25-07-2016,48.02140
22-07-2016,47.63640
21-07-2016,47.35450
20-07-2016,47.79060
19-07-2016,47.54310
18-07-2016,47.43830
15-07-2016,47.74850
14-07-2016,47.78430
13-07-2016,47.50480
12-07-2016,47.56190
11-07-2016,47.32000
08-07-2016,46.61530
07-07-2016,46.78090
05-07-2016,47.03600
04-07-2016,47.20010
01-07-2016,46.78140
30-06-2016,46.26010
29-06-2016,45.62600
28-06-2016,45.17670
27-06-2016,44.86790
24-06-2016,44.41540
23-06-2016,45.27630
22-06-2016,45.11940
21-06-2016,45.33460
20-06-2016,45.45060
17-06-2016,45.15580
16-06-2016,45.12070
15-06-2016,45.32610
14-06-2016,44.85760
13-06-2016,44.60560
10-06-2016,44.95570
09-06-2016,45.24030
08-06-2016,45.29790
07-06-2016,44.97370
06-06-2016,44.49700
03-06-2016,44.37500
02-06-2016,44.48060
01-06-2016,44.03540
31-05-2016,44.15260
30-05-2016,44.09290
27-05-2016,44.15750
26-05-2016,43.97140
25-05-2016,43.02940
24-05-2016,42.21320
23-05-2016,42.36800
20-05-2016,42.60490
19-05-2016,42.88790
18-05-2016,43.46930
17-05-2016,43.45500
16-05-2016,43.28950
13-05-2016,43.42090
12-05-2016,43.66730
11-05-2016,43.44500
10-05-2016,43.64370
09-05-2016,43.60390
06-05-2016,42.99400
05-05-2016,42.87970
04-05-2016,42.61870
03-05-2016,43.13380
02-05-2016,43.66830
29-04-2016,43.73710
28-04-2016,43.75510
27-04-2016,44.43530
26-04-2016,44.69660
25-04-2016,44.13690
22-04-2016,44.44580
21-04-2016,44.18550
20-04-2016,44.24580
18-04-2016,44.02010
13-04-2016,43.78290
12-04-2016,43.02750
11-04-2016,42.79670
08-04-2016,42.28650
07-04-2016,42.06310
06-04-2016,42.32820
05-04-2016,42.04670
04-04-2016,43.00290
01-04-2016,42.96960
31-03-2016,42.72220
30-03-2016,42.69050
29-03-2016,41.69370
28-03-2016,41.73230
23-03-2016,42.37560
22-03-2016,42.32890
21-03-2016,42.12530
18-03-2016,41.19310
17-03-2016,40.76540
16-03-2016,40.57900
15-03-2016,40.53050
14-03-2016,40.74170
11-03-2016,40.51520
10-03-2016,40.49680
09-03-2016,40.72180
08-03-2016,40.53860
04-03-2016,40.75120
03-03-2016,40.49570
02-03-2016,39.83020
01-03-2016,38.93370
29-02-2016,37.36670
26-02-2016,37.45750
25-02-2016,37.43560
24-02-2016,37.93520
23-02-2016,38.52520
22-02-2016,39.15490
19-02-2016,39.15390
18-02-2016,38.94520
17-02-2016,38.77110
16-02-2016,38.54780
15-02-2016,39.54220
12-02-2016,37.97960
11-02-2016,38.50780
10-02-2016,39.90340
09-02-2016,40.28360
08-02-2016,40.85000
05-02-2016,41.00720
04-02-2016,40.22210
03-02-2016,40.25700
02-02-2016,41.04380
01-02-2016,41.66400
29-01-2016,41.75960
28-01-2016,41.50950
27-01-2016,41.66930
25-01-2016,41.51410
22-01-2016,41.35740
21-01-2016,40.32750
20-01-2016,40.31250
19-01-2016,41.17640
18-01-2016,40.60340
15-01-2016,41.46180
14-01-2016,42.59810
13-01-2016,43.12650
12-01-2016,43.28430
11-01-2016,43.61850
08-01-2016,43.88430
07-01-2016,43.51080
06-01-2016,44.70280
05-01-2016,45.01690
04-01-2016,44.86280
01-01-2016,45.60790
31-12-2015,45.35950
30-12-2015,45.14070
29-12-2015,45.21140
28-12-2015,45.05760
24-12-2015,44.92120
23-12-2015,44.98480
22-12-2015,44.51200
21-12-2015,44.68520
18-12-2015,44.22190
17-12-2015,44.48850
16-12-2015,43.82620
15-12-2015,43.75860
14-12-2015,43.33560
11-12-2015,43.21280
10-12-2015,43.54930
09-12-2015,43.21490
08-12-2015,43.87370
07-12-2015,44.27650
04-12-2015,44.53490
03-12-2015,44.83430
02-12-2015,45.09000
01-12-2015,45.25710
30-11-2015,45.24800
27-11-2015,44.92010
26-11-2015,44.36190
24-11-2015,44.03620
23-11-2015,44.07810
20-11-2015,44.13860
19-11-2015,43.94260
18-11-2015,43.31200
17-11-2015,43.99730
16-11-2015,44.04610
13-11-2015,43.96800
10-11-2015,43.83360
09-11-2015,44.24510
06-11-2015,43.92280
05-11-2015,43.98920
04-11-2015,44.77020
03-11-2015,44.70110
02-11-2015,44.51630
30-10-2015,44.42020
29-10-2015,44.29110
28-10-2015,44.78020
27-10-2015,45.23780
26-10-2015,44.73170
23-10-2015,44.97990
21-10-2015,44.94500
20-10-2015,44.89720
19-10-2015,44.90300
16-10-2015,44.84640
15-10-2015,44.43900
14-10-2015,44.04620
13-10-2015,44.12750
12-10-2015,43.93750
09-10-2015,43.97220
08-10-2015,43.74160
07-10-2015,43.91980
06-10-2015,43.52640
05-10-2015,43.29110
01-10-2015,42.47610
30-09-2015,42.51140
29-09-2015,42.07290
28-09-2015,42.16110
24-09-2015,42.65340
23-09-2015,42.58580
22-09-2015,42.51430
21-09-2015,43.20860
18-09-2015,43.18760
16-09-2015,42.84650
15-09-2015,42.69560
14-09-2015,43.29620
11-09-2015,42.87690
10-09-2015,42.71800
09-09-2015,42.76850
08-09-2015,41.84000
07-09-2015,41.09630
04-09-2015,41.93690
03-09-2015,42.87910
02-09-2015,42.31500
01-09-2015,42.68930
31-08-2015,43.91060
28-08-2015,44.04100
27-08-2015,44.01600
26-08-2015,43.06080
25-08-2015,43.23630
24-08-2015,42.43110
21-08-2015,46.12200
20-08-2015,46.63770
19-08-2015,47.31770
18-08-2015,47.17220
17-08-2015,46.98170
14-08-2015,46.92100
13-08-2015,45.95770
12-08-2015,46.16670
11-08-2015,47.24420
10-08-2015,48.17420
07-08-2015,48.33870
06-08-2015,48.70280
05-08-2015,48.50010
04-08-2015,47.89090
03-08-2015,47.48570
31-07-2015,47.21050
30-07-2015,46.52730
29-07-2015,46.30740
28-07-2015,45.62010
27-07-2015,45.86510
24-07-2015,46.99510
23-07-2015,47.76230
22-07-2015,47.72380
21-07-2015,47.28680
20-07-2015,48.05810
17-07-2015,48.13010
16-07-2015,48.12880
15-07-2015,47.68740
14-07-2015,47.62350
13-07-2015,47.73840
10-07-2015,47.10600
09-07-2015,47.00120
08-07-2015,46.91840
07-07-2015,47.55710
06-07-2015,47.21270
03-07-2015,46.75040
02-07-2015,46.66460
01-07-2015,46.41870
30-06-2015,45.64020
29-06-2015,45.24500
26-06-2015,46.10450
25-06-2015,46.12840
24-06-2015,45.99380
23-06-2015,46.24880
22-06-2015,45.93710
19-06-2015,45.32730
18-06-2015,45.20590
17-06-2015,44.89110
16-06-2015,44.39510
15-06-2015,44.21120
12-06-2015,44.32080
11-06-2015,44.35210
10-06-2015,44.98170
09-06-2015,44.35220
08-06-2015,44.44170
05-06-2015,45.12500
04-06-2015,45.27760
03-06-2015,45.11760
02-06-2015,45.97170
01-06-2015,47.17560
29-05-2015,47.44600
28-05-2015,46.82990
27-05-2015,46.92970
26-05-2015,46.85000
25-05-2015,46.77410
22-05-2015,47.18030
21-05-2015,47.32320
20-05-2015,47.15300
19-05-2015,47.14870
18-05-2015,47.19730
15-05-2015,46.70880
14-05-2015,46.50130
13-05-2015,46.11630
12-05-2015,45.32910
11-05-2015,46.58920
08-05-2015,45.76960
07-05-2015,45.08370
06-05-2015,45.92060
05-05-2015,47.72220
04-05-2015,47.78760
30-04-2015,46.81120
29-04-2015,46.89470
28-04-2015,46.62980
27-04-2015,45.87620
24-04-2015,46.51870
23-04-2015,47.37470
22-04-2015,47.61250
21-04-2015,47.36470
20-04-2015,47.40940
17-04-2015,48.56130
16-04-2015,49.11790
15-04-2015,49.58660
13-04-2015,50.09650
10-04-2015,49.92970
09-04-2015,49.72230
08-04-2015,49.47650
07-04-2015,49.36790
06-04-2015,49.11450
01-04-2015,48.93060
31-03-2015,48.72920
30-03-2015,48.60110
27-03-2015,47.55520
26-03-2015,47.26710
25-03-2015,47.61420
24-03-2015,47.75110
23-03-2015,48.05640
20-03-2015,48.56810
19-03-2015,49.17500
18-03-2015,49.44000
17-03-2015,49.60090
16-03-2015,49.07280
13-03-2015,49.44520
12-03-2015,50.14870
11-03-2015,49.49090
10-03-2015,49.87840
09-03-2015,49.99580
05-03-2015,50.76310
04-03-2015,50.46980
03-03-2015,51.04260
02-03-2015,50.39930
27-02-2015,49.89780
26-02-2015,48.90240
25-02-2015,49.55370
24-02-2015,49.63800
23-02-2015,50.06310
20-02-2015,50.58590
19-02-2015,50.40740
18-02-2015,50.21190
16-02-2015,49.86220
13-02-2015,50.07230
12-02-2015,49.68220
11-02-2015,49.00720
10-02-2015,48.17200
09-02-2015,47.58560
06-02-2015,48.32430
05-02-2015,48.71810
04-02-2015,48.95000
03-02-2015,48.98470
02-02-2015,49.06520
30-01-2015,49.34090
29-01-2015,49.72680
28-01-2015,49.69690
27-01-2015,49.53440
23-01-2015,48.64020
22-01-2015,48.40310
21-01-2015,48.28500
20-01-2015,48.37800
19-01-2015,48.16480
16-01-2015,48.14410
15-01-2015,48.08080
14-01-2015,47.43600
13-01-2015,47.58680
12-01-2015,47.40360
09-01-2015,47.04270
08-01-2015,47.06820
07-01-2015,45.97840
06-01-2015,45.87150
05-01-2015,47.06560
02-01-2015,47.04680
01-01-2015,46.97510
31-12-2014,46.72560
30-12-2014,46.45830
29-12-2014,46.35940
26-12-2014,45.87760
24-12-2014,45.47620
23-12-2014,45.17990
22-12-2014,45.28810
19-12-2014,45.17300
18-12-2014,45.05420
17-12-2014,43.75490
16-12-2014,43.98880
15-12-2014,45.22540
12-12-2014,45.42910
11-12-2014,46.02930
10-12-2014,46.39510
09-12-2014,45.89460
08-12-2014,46.65490
05-12-2014,47.44450
04-12-2014,47.70770
03-12-2014,46.98640
02-12-2014,46.36460
01-12-2014,46.22030
28-11-2014,46.35180
27-11-2014,45.79380
26-11-2014,45.44590
25-11-2014,45.41810
24-11-2014,46.17100
21-11-2014,45.85360
20-11-2014,45.61570
19-11-2014,45.74760
18-11-2014,46.23290
17-11-2014,45.61510
14-11-2014,45.23790
13-11-2014,44.79670
12-11-2014,44.70680
11-11-2014,44.54710
10-11-2014,44.23030
07-11-2014,44.36190
05-11-2014,44.48790
03-11-2014,44.45150
31-10-2014,44.42270
30-10-2014,43.87410
29-10-2014,43.55210
28-10-2014,43.35550
27-10-2014,43.21230
22-10-2014,43.07350
21-10-2014,42.66630
20-10-2014,42.02690
17-10-2014,41.30610
16-10-2014,40.81850
14-10-2014,41.68170
13-10-2014,41.65300
10-10-2014,41.33140
09-10-2014,41.97360
08-10-2014,41.35380
07-10-2014,41.32220
01-10-2014,41.86430
30-09-2014,42.15690
29-09-2014,42.16470
26-09-2014,41.70490
25-09-2014,41.27260
24-09-2014,41.98900
23-09-2014,42.45770
22-09-2014,43.02740
19-09-2014,42.73280
18-09-2014,42.81330
17-09-2014,41.93620
16-09-2014,41.78250
15-09-2014,43.11580
12-09-2014,43.27250
11-09-2014,43.28280
10-09-2014,42.80230
09-09-2014,43.01790
08-09-2014,42.26210
05-09-2014,41.65430
04-09-2014,41.44980
03-09-2014,41.12470
02-09-2014,40.78180
01-09-2014,40.27040
28-08-2014,39.72200
27-08-2014,39.56420
26-08-2014,39.40060
25-08-2014,39.33120
22-08-2014,39.49950
21-08-2014,39.42660
20-08-2014,39.13470
19-08-2014,39.09100
18-08-2014,38.89860
14-08-2014,38.31840
13-08-2014,38.16670
12-08-2014,38.52170
11-08-2014,38.24860
08-08-2014,37.76080
07-08-2014,38.30330
06-08-2014,38.25550
05-08-2014,38.44530
04-08-2014,37.97220
01-08-2014,37.43570
31-07-2014,37.61730
30-07-2014,37.64530
28-07-2014,37.56240
25-07-2014,37.64900
24-07-2014,38.48820
23-07-2014,38.77830
22-07-2014,38.74590
21-07-2014,38.74510
18-07-2014,38.55320
17-07-2014,38.71550
16-07-2014,38.31970
15-07-2014,37.76560
14-07-2014,36.93100
11-07-2014,36.86480
10-07-2014,37.85800
09-07-2014,37.49500
08-07-2014,37.97230
07-07-2014,39.26250
04-07-2014,39.38280
03-07-2014,39.22320
02-07-2014,39.22610
01-07-2014,38.77910
30-06-2014,38.51320
27-06-2014,37.70840
26-06-2014,37.05800
25-06-2014,37.15600
24-06-2014,36.79820
23-06-2014,36.22020
20-06-2014,36.34160
19-06-2014,36.52540
18-06-2014,36.59720
17-06-2014,36.64380
16-06-2014,36.04820
13-06-2014,36.07640
12-06-2014,36.55710
11-06-2014,36.58700
10-06-2014,36.82260
09-06-2014,36.82410
06-06-2014,36.22160
05-06-2014,35.79580
04-06-2014,35.52770
03-06-2014,35.35570
02-06-2014,35.08220
30-05-2014,34.39550
29-05-2014,34.45540
28-05-2014,34.50020
27-05-2014,34.21570
26-05-2014,34.34470
23-05-2014,34.91370
22-05-2014,34.16680
21-05-2014,33.52150
20-05-2014,33.28510
19-05-2014,33.09060
16-05-2014,31.47360
15-05-2014,30.77400
14-05-2014,30.80430
13-05-2014,30.60990
12-05-2014,30.26060
09-05-2014,29.60450
08-05-2014,28.89640
07-05-2014,28.82720
06-05-2014,28.95700
05-05-2014,28.84080
02-05-2014,28.97300
30-04-2014,28.86980
29-04-2014,28.85810
28-04-2014,28.97410
25-04-2014,28.87510
23-04-2014,29.01440
22-04-2014,28.91610
21-04-2014,29.05670
17-04-2014,28.86120
16-04-2014,28.42820
15-04-2014,28.55710
11-04-2014,28.81180
10-04-2014,28.99230
09-04-2014,28.87660
07-04-2014,28.43210
04-04-2014,28.34030
03-04-2014,28.43760
02-04-2014,28.67440
01-04-2014,28.42000
31-03-2014,28.60410
28-03-2014,28.14320
27-03-2014,27.71700
26-03-2014,27.48750
25-03-2014,27.50000
24-03-2014,27.25190
21-03-2014,26.95390
20-03-2014,26.57440
19-03-2014,26.73610
18-03-2014,26.53240
14-03-2014,26.21200
13-03-2014,26.27540
12-03-2014,26.11950
11-03-2014,26.25000
10-03-2014,26.39710
07-03-2014,26.12470
06-03-2014,25.83250
05-03-2014,25.42670
04-03-2014,25.10810
03-03-2014,24.79680
28-02-2014,24.77650
26-02-2014,24.71650
25-02-2014,24.50780
24-02-2014,24.48030
21-02-2014,24.43170
20-02-2014,24.15760
19-02-2014,24.29590
18-02-2014,24.16510
17-02-2014,23.84620
14-02-2014,23.80490
13-02-2014,23.77160
12-02-2014,23.97580
11-02-2014,23.99930
10-02-2014,23.89550
07-02-2014,23.96460
06-02-2014,23.97220
05-02-2014,24.02790
04-02-2014,23.94560
03-02-2014,23.75300
31-01-2014,23.88550
30-01-2014,23.48850
29-01-2014,23.63790
28-01-2014,23.61100
27-01-2014,23.59650
24-01-2014,24.15320
23-01-2014,24.60320
22-01-2014,24.61050
21-01-2014,24.54370
20-01-2014,24.51510
17-01-2014,24.34780
16-01-2014,24.55230
15-01-2014,24.59740
14-01-2014,24.58520
13-01-2014,24.56710
10-01-2014,24.40090
09-01-2014,24.64800
08-01-2014,24.95090
07-01-2014,25.02240
06-01-2014,25.10130
03-01-2014,25.19990
02-01-2014,25.22740
01-01-2014,25.57250
31-12-2013,25.53370
30-12-2013,25.43950
27-12-2013,25.25710
26-12-2013,25.03010
24-12-2013,25.06370
23-12-2013,24.97930
20-12-2013,24.79930
19-12-2013,24.19660
18-12-2013,24.20080
17-12-2013,23.70560
16-12-2013,23.56220
13-12-2013,23.52260
12-12-2013,23.83110
11-12-2013,23.89820
10-12-2013,23.99270
09-12-2013,24.27030
06-12-2013,23.97220
05-12-2013,23.79660
04-12-2013,23.65050
03-12-2013,23.76630
02-12-2013,23.80180
29-11-2013,23.53270
28-11-2013,23.11830
27-11-2013,22.88280
26-11-2013,22.87650
25-11-2013,23.09180
22-11-2013,22.53200
21-11-2013,22.33930
20-11-2013,22.67320
19-11-2013,22.74350
18-11-2013,22.69210
14-11-2013,22.49590
13-11-2013,22.17490
12-11-2013,22.30910
11-11-2013,22.44480
08-11-2013,22.78950
07-11-2013,22.86220
06-11-2013,23.04560
05-11-2013,23.12840
01-11-2013,22.88550
31-10-2013,22.72480
30-10-2013,22.32010
29-10-2013,22.25490
28-10-2013,21.83420
25-10-2013,22.05900
24-10-2013,22.18050
23-10-2013,22.16750
22-10-2013,22.23070
21-10-2013,22.10490
18-10-2013,21.86850
17-10-2013,21.44760
15-10-2013,21.47970
14-10-2013,21.66750
11-10-2013,21.73970
10-10-2013,21.64320
09-10-2013,21.54140
08-10-2013,21.37460
07-10-2013,21.32060
04-10-2013,21.21170
03-10-2013,21.05080
01-10-2013,20.78970
30-09-2013,20.64570
27-09-2013,20.79160
26-09-2013,20.87100
25-09-2013,20.83720
24-09-2013,20.82500
23-09-2013,20.89350
20-09-2013,21.18730
19-09-2013,21.36660
18-09-2013,20.77260
17-09-2013,20.72160
16-09-2013,20.73010
13-09-2013,20.74170
12-09-2013,20.60220
11-09-2013,20.81050
10-09-2013,20.60110
06-09-2013,20.13410
05-09-2013,19.94030
04-09-2013,19.42840
03-09-2013,19.22230
02-09-2013,19.71370
30-08-2013,19.52910
29-08-2013,19.38320
28-08-2013,19.04300
27-08-2013,19.23610
26-08-2013,19.77290
23-08-2013,19.65530
22-08-2013,19.33160
21-08-2013,19.14590
20-08-2013,19.31500
19-08-2013,19.32070
16-08-2013,19.57210
14-08-2013,20.26480
13-08-2013,20.22550
12-08-2013,20.08230
08-08-2013,19.83320
07-08-2013,19.29860
06-08-2013,19.14380
05-08-2013,19.64120
02-08-2013,19.67730
01-08-2013,19.92550
31-07-2013,20.15860
30-07-2013,20.09290
29-07-2013,20.59510
26-07-2013,20.83730
25-07-2013,21.04860
24-07-2013,21.21820
23-07-2013,21.67420
22-07-2013,21.59630
19-07-2013,21.77740
18-07-2013,21.86590
17-07-2013,21.69370
16-07-2013,21.87170
15-07-2013,22.22930
12-07-2013,22.09710
11-07-2013,22.04740
10-07-2013,21.80620
09-07-2013,21.93450
08-07-2013,21.77360
05-07-2013,21.86500
04-07-2013,21.82630
03-07-2013,21.78640
02-07-2013,22.15300
01-07-2013,22.30140
28-06-2013,21.89000
27-06-2013,21.55430
26-06-2013,21.52080
25-06-2013,21.54680
24-06-2013,21.57680
21-06-2013,22.03750
20-06-2013,22.06950
19-06-2013,22.45040
18-06-2013,22.41730
17-06-2013,22.43590
14-06-2013,22.32590
13-06-2013,22.07700
12-06-2013,22.28260
11-06-2013,22.37300
10-06-2013,22.59640
07-06-2013,22.70970
06-06-2013,22.88040
05-06-2013,22.83330
04-06-2013,22.88020
03-06-2013,22.94520
31-05-2013,23.01650
30-05-2013,23.40450
29-05-2013,23.47810
28-05-2013,23.63450
27-05-2013,23.46410
24-05-2013,23.36580
23-05-2013,23.26060
22-05-2013,23.84330
21-05-2013,24.05780
20-05-2013,24.26270
17-05-2013,24.39350
16-05-2013,24.03220
15-05-2013,23.83430
14-05-2013,23.41070
13-05-2013,23.34950
10-05-2013,23.71260
09-05-2013,23.58800
08-05-2013,23.59220
07-05-2013,23.46550
06-05-2013,23.22090
03-05-2013,23.06230
02-05-2013,23.13380
30-04-2013,22.93360
29-04-2013,22.89770
26-04-2013,22.80150
25-04-2013,22.83480
23-04-2013,22.64520
22-04-2013,22.67690
18-04-2013,22.24420
17-04-2013,22.02280
16-04-2013,21.96140
15-04-2013,21.71370
12-04-2013,21.67180
11-04-2013,21.74220
10-04-2013,21.63280
09-04-2013,21.43700
08-04-2013,21.69030
05-04-2013,21.62550
04-04-2013,21.52770
03-04-2013,21.80870
02-04-2013,21.92910
01-04-2013,21.57520
28-03-2013,21.41890
26-03-2013,21.20360
25-03-2013,21.16940
22-03-2013,21.31910
21-03-2013,21.46680
20-03-2013,21.63670
19-03-2013,22.06300
18-03-2013,22.37990
15-03-2013,22.53760
14-03-2013,22.60880
13-03-2013,22.51640
12-03-2013,22.82980
11-03-2013,22.97150
08-03-2013,22.95180
07-03-2013,22.68960
06-03-2013,22.53900
05-03-2013,22.42980
04-03-2013,22.18560
01-03-2013,22.41710
28-02-2013,22.23560
27-02-2013,22.69950
26-02-2013,22.43490
25-02-2013,22.82880
22-02-2013,22.92930
21-02-2013,22.97860
20-02-2013,23.32020
19-02-2013,23.30750
18-02-2013,22.98030
15-02-2013,22.88000
14-02-2013,22.97240
13-02-2013,23.24540
12-02-2013,23.32160
11-02-2013,23.42360
08-02-2013,23.49720
07-02-2013,23.66750
06-02-2013,23.84610
05-02-2013,23.84730
04-02-2013,24.00480
01-02-2013,24.12640
31-01-2013,24.14010
30-01-2013,24.10220
29-01-2013,24.10870
28-01-2013,24.14470
25-01-2013,24.15830
24-01-2013,23.98850
23-01-2013,24.29280
22-01-2013,24.43720
21-01-2013,24.61130
18-01-2013,24.58500
17-01-2013,24.45380
16-01-2013,24.42780
15-01-2013,24.81310
14-01-2013,24.74110
11-01-2013,24.60610
10-01-2013,24.94940
09-01-2013,25.00080
08-01-2013,25.08510
07-01-2013,25.19670
04-01-2013,25.14060
03-01-2013,25.01970
02-01-2013,24.88050
01-01-2013,24.79620
31-12-2012,24.67650
28-12-2012,24.54650
27-12-2012,24.41820
26-12-2012,24.42350
24-12-2012,24.19150
21-12-2012,24.10180
20-12-2012,24.47080
19-12-2012,24.45440
18-12-2012,24.35140
17-12-2012,24.22560
14-12-2012,24.07380
13-12-2012,23.99090
12-12-2012,24.18540
11-12-2012,24.17880
10-12-2012,24.29010
07-12-2012,24.35860
06-12-2012,24.37220
05-12-2012,24.27950
04-12-2012,24.15490
03-12-2012,24.08580
30-11-2012,23.94380
29-11-2012,23.70710
27-11-2012,23.46480
26-11-2012,23.31690
23-11-2012,23.11650
22-11-2012,23.07770
21-11-2012,23.04630
20-11-2012,22.90820
19-11-2012,23.06090
16-11-2012,23.25440
15-11-2012,23.59980
12-11-2012,23.54470
09-11-2012,23.46530
08-11-2012,23.66410
07-11-2012,23.74560
06-11-2012,23.54330
05-11-2012,23.31740
02-11-2012,23.37510
01-11-2012,23.26120
31-10-2012,23.10060
30-10-2012,22.89730
29-10-2012,23.10930
26-10-2012,23.26640
25-10-2012,23.40920
23-10-2012,23.38430
22-10-2012,23.38670
19-10-2012,23.29250
18-10-2012,23.42830
17-10-2012,23.08690
16-10-2012,22.98470
15-10-2012,23.05670
12-10-2012,23.10700
11-10-2012,23.09530
10-10-2012,22.98950
09-10-2012,23.29360
08-10-2012,23.23100
05-10-2012,23.53090
04-10-2012,23.67890
03-10-2012,23.53410
01-10-2012,23.39800
28-09-2012,23.24820
27-09-2012,22.97070
26-09-2012,22.96730
25-09-2012,22.82620
24-09-2012,22.79650
21-09-2012,22.51800
20-09-2012,22.21750
18-09-2012,22.41490
17-09-2012,22.25870
14-09-2012,21.96350
13-09-2012,21.59610
12-09-2012,21.60140
11-09-2012,21.55510
10-09-2012,21.46530
07-09-2012,21.40220
06-09-2012,21.13710
05-09-2012,20.98200
04-09-2012,21.14790
03-09-2012,21.05370
31-08-2012,21.08140
30-08-2012,21.17730
29-08-2012,21.19370
28-08-2012,21.29500
27-08-2012,21.46640
24-08-2012,21.69450
23-08-2012,21.78020
22-08-2012,21.76410
21-08-2012,21.83980
17-08-2012,21.75220
16-08-2012,21.78480
14-08-2012,21.69760
13-08-2012,21.69410
10-08-2012,21.48070
09-08-2012,21.51220
08-08-2012,21.60230
07-08-2012,21.63260
06-08-2012,21.43270
03-08-2012,21.32530
02-08-2012,21.37540
01-08-2012,21.24790
31-07-2012,21.12980
30-07-2012,20.95350
27-07-2012,20.65750
26-07-2012,20.74070
25-07-2012,21.01780
24-07-2012,21.13460
23-07-2012,21.06360
20-07-2012,21.29260
19-07-2012,21.28570
18-07-2012,21.28530
17-07-2012,21.21080
16-07-2012,21.38240
13-07-2012,21.41670
12-07-2012,21.51770
11-07-2012,21.55940
10-07-2012,21.60250
09-07-2012,21.45740
06-07-2012,21.64060
05-07-2012,21.66080
04-07-2012,21.36100
03-07-2012,21.27900
02-07-2012,21.16950
29-06-2012,21.13870
28-06-2012,20.64480
27-06-2012,20.64540
26-06-2012,20.59620
25-06-2012,20.55710
22-06-2012,20.64640
21-06-2012,20.73080
20-06-2012,20.49430
19-06-2012,20.38490
18-06-2012,20.27970
15-06-2012,20.59050
14-06-2012,20.47060
13-06-2012,20.70410
12-06-2012,20.67390
11-06-2012,20.45330
08-06-2012,20.51950
07-06-2012,20.49040
06-06-2012,20.32810
05-06-2012,20.06370
04-06-2012,20.00640
01-06-2012,19.99010
31-05-2012,20.27690
30-05-2012,20.36580
29-05-2012,20.55940
28-05-2012,20.54170
25-05-2012,20.38440
24-05-2012,20.33380
23-05-2012,20.24180
22-05-2012,20.25920
21-05-2012,20.44000
18-05-2012,20.26330
17-05-2012,20.20640
16-05-2012,20.16070
15-05-2012,20.32880
14-05-2012,20.26140
11-05-2012,20.32970
10-05-2012,20.54330
09-05-2012,20.59500
08-05-2012,20.81160
07-05-2012,21.04290
04-05-2012,20.79380
03-05-2012,21.27860
02-05-2012,21.55980
30-04-2012,21.60070
27-04-2012,21.44660
26-04-2012,21.42850
25-04-2012,21.35080
24-04-2012,21.46280
23-04-2012,21.62670
20-04-2012,22.05180
19-04-2012,22.10290
18-04-2012,22.01260
17-04-2012,21.87350
16-04-2012,21.64700
13-04-2012,21.54710
12-04-2012,21.54490
11-04-2012,21.26720
10-04-2012,21.37550
09-04-2012,21.35680
04-04-2012,21.70550
03-04-2012,21.67070
02-04-2012,21.51150
30-03-2012,21.29930
29-03-2012,20.80300
28-03-2012,20.69420
27-03-2012,20.81980
26-03-2012,20.82680
23-03-2012,20.96430
22-03-2012,20.98070
21-03-2012,21.25660
20-03-2012,21.01290
19-03-2012,20.90330
16-03-2012,21.07560
15-03-2012,21.14890
14-03-2012,21.30350
13-03-2012,21.09440
12-03-2012,20.92410
09-03-2012,20.78500
07-03-2012,20.38780
06-03-2012,20.45130
05-03-2012,20.49690
02-03-2012,20.74110
01-03-2012,20.83220
29-02-2012,20.86170
28-02-2012,20.78210
27-02-2012,20.30990
24-02-2012,20.73960
23-02-2012,20.92670
22-02-2012,20.98500
21-02-2012,21.57050
17-02-2012,21.50870
16-02-2012,21.34370
15-02-2012,21.22050
14-02-2012,20.89800
13-02-2012,20.71560
10-02-2012,20.78790
09-02-2012,20.80940
08-02-2012,20.62840
07-02-2012,20.42800
06-02-2012,20.47200
03-02-2012,20.22320
02-02-2012,19.93450
01-02-2012,19.70950
31-01-2012,19.48270
30-01-2012,19.21220
27-01-2012,19.45210
25-01-2012,19.35610
24-01-2012,19.12350
23-01-2012,18.84440
20-01-2012,18.77940
19-01-2012,18.62310
18-01-2012,18.44730
17-01-2012,18.56540
16-01-2012,18.22560
13-01-2012,18.15150
12-01-2012,17.96640
11-01-2012,17.90860
10-01-2012,17.68410
09-01-2012,17.27680
06-01-2012,17.11990
05-01-2012,17.20510
04-01-2012,17.24090
03-01-2012,17.33340
02-01-2012,16.88590
30-12-2011,16.89540
29-12-2011,16.84030
28-12-2011,16.94810
27-12-2011,17.11180
26-12-2011,17.14750
23-12-2011,16.97050
22-12-2011,16.93970
21-12-2011,16.73900
20-12-2011,16.27660
19-12-2011,16.62220
16-12-2011,16.98910
15-12-2011,17.25380
14-12-2011,17.38490
13-12-2011,17.52220
12-12-2011,17.57320
09-12-2011,17.92310
08-12-2011,18.01550
07-12-2011,18.32720
05-12-2011,18.30370
02-12-2011,18.30520
01-12-2011,18.03270
30-11-2011,17.89470
29-11-2011,17.98340
28-11-2011,18.06380
25-11-2011,17.78840
24-11-2011,17.66060
23-11-2011,17.48460
22-11-2011,17.83070
21-11-2011,17.79800
18-11-2011,18.09910
17-11-2011,18.13850
16-11-2011,18.39220
15-11-2011,18.58450
14-11-2011,18.96930
11-11-2011,19.11730
09-11-2011,19.37560
08-11-2011,19.76630
04-11-2011,19.75880
03-11-2011,19.60470
02-11-2011,19.59290
01-11-2011,19.58970
31-10-2011,19.70040
28-10-2011,19.76650
25-10-2011,19.43250
24-10-2011,19.37100
21-10-2011,19.45950
20-10-2011,19.53230
19-10-2011,19.60420
18-10-2011,19.32270
17-10-2011,19.50950
14-10-2011,19.56410
13-10-2011,19.41820
12-10-2011,19.44800
11-10-2011,19.17560
10-10-2011,19.20030
07-10-2011,19.03410
05-10-2011,18.79070
04-10-2011,18.99060
03-10-2011,19.14070
30-09-2011,19.33640
29-09-2011,19.57200
28-09-2011,19.47150
27-09-2011,19.63370
26-09-2011,19.39630
23-09-2011,19.49640
22-09-2011,19.55770
21-09-2011,20.07790
20-09-2011,19.92800
19-09-2011,19.65050
16-09-2011,19.67740
15-09-2011,19.58670
14-09-2011,19.50950
13-09-2011,19.32980
12-09-2011,19.34170
09-09-2011,19.62780
08-09-2011,19.80870
07-09-2011,19.83710
06-09-2011,19.40530
05-09-2011,19.34930
02-09-2011,19.31660
30-08-2011,19.21940
29-08-2011,19.00260
26-08-2011,18.67000
25-08-2011,19.04760
24-08-2011,19.17560
23-08-2011,19.36290
22-08-2011,19.26780
19-08-2011,19.14840
18-08-2011,19.44060
17-08-2011,19.74940
16-08-2011,19.90220
12-08-2011,20.12880
11-08-2011,20.28060
10-08-2011,20.37840
09-08-2011,20.08250
08-08-2011,20.30290
05-08-2011,20.54640
04-08-2011,20.80210
03-08-2011,20.90850
02-08-2011,20.97170
01-08-2011,21.24600
29-07-2011,21.25850
28-07-2011,21.24260
27-07-2011,21.42600
26-07-2011,21.49870
25-07-2011,21.81450
22-07-2011,21.71080
21-07-2011,21.46220
20-07-2011,21.50650
19-07-2011,21.69440
18-07-2011,21.59030
15-07-2011,21.59190
14-07-2011,21.57300
13-07-2011,21.48310
12-07-2011,21.20520
11-07-2011,21.30180
08-07-2011,21.41130
07-07-2011,21.51860
06-07-2011,21.21060
05-07-2011,21.25900
04-07-2011,21.20650
01-07-2011,21.04460
30-06-2011,21.02460
29-06-2011,20.99530
28-06-2011,20.83620
27-06-2011,20.75030
24-06-2011,20.48150
23-06-2011,19.97930
22-06-2011,19.96870
21-06-2011,20.05420
20-06-2011,20.08880
17-06-2011,20.51730
16-06-2011,20.66480
15-06-2011,20.73420
14-06-2011,20.90370
13-06-2011,20.87150
10-06-2011,20.75370
09-06-2011,20.74420
08-06-2011,20.80570
07-06-2011,20.83700
06-06-2011,20.74620
03-06-2011,20.75860
02-06-2011,20.82900
01-06-2011,20.93810
31-05-2011,20.79120
30-05-2011,20.59790
27-05-2011,20.60600
26-05-2011,20.34820
25-05-2011,20.23080
24-05-2011,20.35580
23-05-2011,20.41930
20-05-2011,20.59160
19-05-2011,20.43760
18-05-2011,20.52070
17-05-2011,20.70380
16-05-2011,20.99230
13-05-2011,21.17920
12-05-2011,21.06830
11-05-2011,21.22880
10-05-2011,21.09950
09-05-2011,21.17160
06-05-2011,21.07490
05-05-2011,20.84070
04-05-2011,21.04300
03-05-2011,21.03330
02-05-2011,21.35600
29-04-2011,21.49230
28-04-2011,21.59640
27-04-2011,21.75460
26-04-2011,21.75060
25-04-2011,21.60380
21-04-2011,21.58440
20-04-2011,21.58690
19-04-2011,21.28870
18-04-2011,21.21120
15-04-2011,21.42650
13-04-2011,21.52900
11-04-2011,21.27390
08-04-2011,21.39380
07-04-2011,21.60440
06-04-2011,21.46590
05-04-2011,21.42230
04-04-2011,21.36440
01-04-2011,21.16440
31-03-2011,21.13490
30-03-2011,21.09500
29-03-2011,20.69770
28-03-2011,20.46910
25-03-2011,20.44180
24-03-2011,20.12350
23-03-2011,19.97290
22-03-2011,19.80850
21-03-2011,19.60070
18-03-2011,19.58670
17-03-2011,19.68110
16-03-2011,19.78150
15-03-2011,19.50200
14-03-2011,19.76070
11-03-2011,19.52670
10-03-2011,19.62790
09-03-2011,19.67680
08-03-2011,19.60610
07-03-2011,19.51020
04-03-2011,19.77720
03-03-2011,19.75600
01-03-2011,19.83760
28-02-2011,19.19920
25-02-2011,19.11130
24-02-2011,18.98420
23-02-2011,19.47750
22-02-2011,19.58940
21-02-2011,19.79050
18-02-2011,19.66680
17-02-2011,19.94690
16-02-2011,19.80120
15-02-2011,19.72080
14-02-2011,19.69990
11-02-2011,19.13910
10-02-2011,18.79880
09-02-2011,18.91960
08-02-2011,19.39240
07-02-2011,19.69000
04-02-2011,19.75550
03-02-2011,20.04390
02-02-2011,19.83970
01-02-2011,19.76840
31-01-2011,20.05260
28-01-2011,19.93280
27-01-2011,20.22150
25-01-2011,20.57360
24-01-2011,20.62510
21-01-2011,20.42570
20-01-2011,20.44640
19-01-2011,20.46110
18-01-2011,20.54340
17-01-2011,20.40180
14-01-2011,20.59000
13-01-2011,20.84480
12-01-2011,21.10740
11-01-2011,20.81720
10-01-2011,20.92910
07-01-2011,21.41300
06-01-2011,21.84010
05-01-2011,22.14210
04-01-2011,22.38750
03-01-2011,22.42500
31-12-2010,22.29950
30-12-2010,22.10530
29-12-2010,22.05410
28-12-2010,21.88680
27-12-2010,21.90730
24-12-2010,21.90760
23-12-2010,21.84890
22-12-2010,21.79840
21-12-2010,21.91230
20-12-2010,21.84300
16-12-2010,21.83130
15-12-2010,21.68710
14-12-2010,21.89760
13-12-2010,21.71870
10-12-2010,21.56110
09-12-2010,21.25570
08-12-2010,21.79020
07-12-2010,22.04120
06-12-2010,22.26450
03-12-2010,22.38910
02-12-2010,22.68710
01-12-2010,22.45860
30-11-2010,22.00390
29-11-2010,21.68000
26-11-2010,21.51860
25-11-2010,21.81830
24-11-2010,22.11560
23-11-2010,22.35650
22-11-2010,22.63640
19-11-2010,22.38220
18-11-2010,22.86130
16-11-2010,22.93670
15-11-2010,23.24450
12-11-2010,23.21790
11-11-2010,23.70400
10-11-2010,24.06060
09-11-2010,24.13480
08-11-2010,24.13550
04-11-2010,23.90950
03-11-2010,23.68590
02-11-2010,23.58400
01-11-2010,23.44800
29-10-2010,23.17360
28-10-2010,23.12740
27-10-2010,23.20510
26-10-2010,23.42570
25-10-2010,23.44320
22-10-2010,23.31200
21-10-2010,23.28860
20-10-2010,23.02430
19-10-2010,23.12740
18-10-2010,23.21220
15-10-2010,23.30750
14-10-2010,23.63970
13-10-2010,23.89980
12-10-2010,23.59170
11-10-2010,23.74340
08-10-2010,23.62000
07-10-2010,23.68220
06-10-2010,23.91680
05-10-2010,23.84480
04-10-2010,23.71130
01-10-2010,23.58280
30-09-2010,23.25000
29-09-2010,23.28910
28-09-2010,23.34450
27-09-2010,23.25060
24-09-2010,23.08290
23-09-2010,22.90600
22-09-2010,22.97460
21-09-2010,23.02330
20-09-2010,23.11980
17-09-2010,22.91390
16-09-2010,22.78770
15-09-2010,22.94800
14-09-2010,22.94080
13-09-2010,22.89590
09-09-2010,22.66920
08-09-2010,22.48870
07-09-2010,22.35700
06-09-2010,22.26070
03-09-2010,21.86330
02-09-2010,21.72840
01-09-2010,21.65720
31-08-2010,21.34680
30-08-2010,21.44330
27-08-2010,21.44890
26-08-2010,21.54730
25-08-2010,21.28290
24-08-2010,21.54210
23-08-2010,21.71030
20-08-2010,21.65490
19-08-2010,21.60950
18-08-2010,21.55290
17-08-2010,21.43590
16-08-2010,21.30960
13-08-2010,21.32710
12-08-2010,21.12860
11-08-2010,20.83390
10-08-2010,20.94810
09-08-2010,21.04010
06-08-2010,20.76530
05-08-2010,20.70740
04-08-2010,20.74860
03-08-2010,20.75540
02-08-2010,20.65000
30-07-2010,20.52530
29-07-2010,20.49270
28-07-2010,20.48060
27-07-2010,20.48080
26-07-2010,20.47040
23-07-2010,20.63260
22-07-2010,20.68850
21-07-2010,20.59750
20-07-2010,20.54200
19-07-2010,20.65010
16-07-2010,20.64010
15-07-2010,20.46510
14-07-2010,20.50230
13-07-2010,20.54710
12-07-2010,20.34020
09-07-2010,20.32000
08-07-2010,20.23650
07-07-2010,20.03320
06-07-2010,20.08510
05-07-2010,19.86200
02-07-2010,19.76450
01-07-2010,19.72010
30-06-2010,19.86470
29-06-2010,19.64400
28-06-2010,19.70560
25-06-2010,19.51720
24-06-2010,19.55640
23-06-2010,19.55500
22-06-2010,19.51080
21-06-2010,19.59190
18-06-2010,19.42360
17-06-2010,19.47620
16-06-2010,19.39590
15-06-2010,19.38130
14-06-2010,19.29500
11-06-2010,19.14080
10-06-2010,18.92620
09-06-2010,18.68090
08-06-2010,18.58280
07-06-2010,18.69850
04-06-2010,18.99580
03-06-2010,18.91780
02-06-2010,18.66780
01-06-2010,18.55990
31-05-2010,18.84670
28-05-2010,18.76100
27-05-2010,18.53810
26-05-2010,18.37190
25-05-2010,18.07160
24-05-2010,18.50210
21-05-2010,18.50700
20-05-2010,18.65300
19-05-2010,18.60370
18-05-2010,18.95190
17-05-2010,18.97510
14-05-2010,18.91090
13-05-2010,19.15600
12-05-2010,19.03960
11-05-2010,18.96450
10-05-2010,19.06480
07-05-2010,18.63280
06-05-2010,19.03360
05-05-2010,18.99440
04-05-2010,19.06660
03-05-2010,19.33190
30-04-2010,19.48220
29-04-2010,19.30560
28-04-2010,19.09760
27-04-2010,19.26380
26-04-2010,19.31620
23-04-2010,19.36050
22-04-2010,19.31930
21-04-2010,19.21840
20-04-2010,19.06530
19-04-2010,18.90410
16-04-2010,19.16500
15-04-2010,19.15790
13-04-2010,19.20940
12-04-2010,19.27770
09-04-2010,19.28740
08-04-2010,19.11330
07-04-2010,19.26230
06-04-2010,19.23010
05-04-2010,19.24650
01-04-2010,18.89230
31-03-2010,18.72340
30-03-2010,18.72970
29-03-2010,18.70780
26-03-2010,18.71800
25-03-2010,18.67150
23-03-2010,18.66610
22-03-2010,18.56520
19-03-2010,18.69550
18-03-2010,18.60450
17-03-2010,18.52740
16-03-2010,18.45070
15-03-2010,18.25560
12-03-2010,18.36240
11-03-2010,18.37550
10-03-2010,18.32920
09-03-2010,18.36490
08-03-2010,18.52470
05-03-2010,18.35060
04-03-2010,18.26190
03-03-2010,18.22590
02-03-2010,17.89300
26-02-2010,17.60910
25-02-2010,17.38180
24-02-2010,17.40000
23-02-2010,17.41210
22-02-2010,17.49700
19-02-2010,17.52990
18-02-2010,17.73350
17-02-2010,17.85410
16-02-2010,17.61750
15-02-2010,17.41860
11-02-2010,17.53350
10-02-2010,17.39550
09-02-2010,17.49790
08-02-2010,17.42140
05-02-2010,17.29730
04-02-2010,17.72400
03-02-2010,18.02210
02-02-2010,17.68210
01-02-2010,17.88860
29-01-2010,17.66410
28-01-2010,17.56010
27-01-2010,17.53590
25-01-2010,18.09930
22-01-2010,18.22420
21-01-2010,18.36360
20-01-2010,18.72540
19-01-2010,18.67930
18-01-2010,18.85590
15-01-2010,18.74260
14-01-2010,18.64600
13-01-2010,18.46220
12-01-2010,18.37650
11-01-2010,18.67440
08-01-2010,18.52470
07-01-2010,18.49460
06-01-2010,18.49860
05-01-2010,18.41820
04-01-2010,18.34650
31-12-2009,18.20470
30-12-2009,17.95780
29-12-2009,17.92840
24-12-2009,17.82450
23-12-2009,17.72560
22-12-2009,17.39570
21-12-2009,17.28460
18-12-2009,17.33540
17-12-2009,17.43500
16-12-2009,17.37410
15-12-2009,17.36080
14-12-2009,17.54870
11-12-2009,17.51920
10-12-2009,17.49510
09-12-2009,17.50040
08-12-2009,17.54540
07-12-2009,17.42650
04-12-2009,17.50840
03-12-2009,17.49740
02-12-2009,17.37900
01-12-2009,17.27130
30-11-2009,16.98340
27-11-2009,16.75410
26-11-2009,16.93050
25-11-2009,17.21400
24-11-2009,17.18840
23-11-2009,17.19200
20-11-2009,17.07140
19-11-2009,16.92850
18-11-2009,17.09620
17-11-2009,17.04340
16-11-2009,16.99500
13-11-2009,16.87790
12-11-2009,16.78890
11-11-2009,16.94590
10-11-2009,16.63130
09-11-2009,16.53950
06-11-2009,16.18640
05-11-2009,16.01700
04-11-2009,15.84430
03-11-2009,15.47470
30-10-2009,15.91380
29-10-2009,15.98540
28-10-2009,16.16760
27-10-2009,16.22000
26-10-2009,16.63440
23-10-2009,16.71290
22-10-2009,16.69390
21-10-2009,16.91920
20-10-2009,17.10700
16-10-2009,17.06600
15-10-2009,16.95690
14-10-2009,16.93460
12-10-2009,16.69610
09-10-2009,16.42410
08-10-2009,16.55130
07-10-2009,16.41340
06-10-2009,16.43480
05-10-2009,16.38210
01-10-2009,16.55050
30-09-2009,16.57060
29-09-2009,16.35060
25-09-2009,16.30980
24-09-2009,16.24700
23-09-2009,16.22760
22-09-2009,16.37910
18-09-2009,16.27350
17-09-2009,16.16240
16-09-2009,16.13830
15-09-2009,15.96740
14-09-2009,15.67710
11-09-2009,15.68990
10-09-2009,15.73320
09-09-2009,15.77400
08-09-2009,15.78200
07-09-2009,15.73400
04-09-2009,15.45700
03-09-2009,15.30380
02-09-2009,15.31990
01-09-2009,15.35880
31-08-2009,15.45600
28-08-2009,15.52760
27-08-2009,15.45270
26-08-2009,15.44000
25-08-2009,15.28290
24-08-2009,15.27360
21-08-2009,14.94730
20-08-2009,14.81350
19-08-2009,14.69030
18-08-2009,14.93740
17-08-2009,14.75860
14-08-2009,15.30610
13-08-2009,15.32390
12-08-2009,14.87740
11-08-2009,14.91400
10-08-2009,14.85390
07-08-2009,15.00690
06-08-2009,15.30360
05-08-2009,15.60260
04-08-2009,15.58200
03-08-2009,15.60820
31-07-2009,15.30820
30-07-2009,15.09000
29-07-2009,14.94050
28-07-2009,15.05610
27-07-2009,15.03070
24-07-2009,14.97050
23-07-2009,14.81300
22-07-2009,14.49430
21-07-2009,14.68860
20-07-2009,14.74080
17-07-2009,14.37950
16-07-2009,14.07520
15-07-2009,14.00300
14-07-2009,13.62450
13-07-2009,13.30740
10-07-2009,13.46400
09-07-2009,13.72030
08-07-2009,13.62350
07-07-2009,13.88050
06-07-2009,13.82360
03-07-2009,14.45820
02-07-2009,14.26290
01-07-2009,14.30420
30-06-2009,14.14090
29-06-2009,14.45680
26-06-2009,14.32960
25-06-2009,14.08860
24-06-2009,14.08650
23-06-2009,13.87960
22-06-2009,13.88440
19-06-2009,13.96710
18-06-2009,13.79860
17-06-2009,14.01990
16-06-2009,14.44450
15-06-2009,14.25030
12-06-2009,14.49540
11-06-2009,14.65260
10-06-2009,14.71450
09-06-2009,14.53400
08-06-2009,14.17440
05-06-2009,14.73550
04-06-2009,14.75750
03-06-2009,14.53110
02-06-2009,14.31910
01-06-2009,14.20350
29-05-2009,14.05190
28-05-2009,13.78170
27-05-2009,13.71460
26-05-2009,13.34030
25-05-2009,13.66620
22-05-2009,13.41760
21-05-2009,13.22540
20-05-2009,13.40350
19-05-2009,12.97570
15-05-2009,11.57420
14-05-2009,11.39400
13-05-2009,11.38930
12-05-2009,11.46150
11-05-2009,11.26380
08-05-2009,11.39310
07-05-2009,11.49870
06-05-2009,11.29610
05-05-2009,11.41390
04-05-2009,11.39760
29-04-2009,10.99440
28-04-2009,10.74040
27-04-2009,11.02090
24-04-2009,11.01010
23-04-2009,10.88750
22-04-2009,10.68560
21-04-2009,10.78420
20-04-2009,10.89420
17-04-2009,10.85170
16-04-2009,10.78050
15-04-2009,11.05140
13-04-2009,10.73690
09-04-2009,10.50740
08-04-2009,10.44340
06-04-2009,10.14920
02-04-2009,10.06290
01-04-2009,9.80450
31-03-2009,9.71400
30-03-2009,9.57320
27-03-2009,9.75780
26-03-2009,9.64810
25-03-2009,9.44870
24-03-2009,9.38740
23-03-2009,9.36910
20-03-2009,9.11870
19-03-2009,9.15100
18-03-2009,9.12050
17-03-2009,9.00530
16-03-2009,9.02500
13-03-2009,8.86390
12-03-2009,8.64530
09-03-2009,8.53090
06-03-2009,8.65630
05-03-2009,8.62280
04-03-2009,8.78670
03-03-2009,8.74720
02-03-2009,8.86790
27-02-2009,9.03180
26-02-2009,8.99710
25-02-2009,8.98930
24-02-2009,8.92230
20-02-2009,9.03750
19-02-2009,9.21760
18-02-2009,9.21180
17-02-2009,9.22660
16-02-2009,9.46480
13-02-2009,9.69930
12-02-2009,9.58360
11-02-2009,9.64020
10-02-2009,9.65720
09-02-2009,9.60880
06-02-2009,9.42580
05-02-2009,9.31240
04-02-2009,9.40450
03-02-2009,9.40840
02-02-2009,9.37100
30-01-2009,9.53670
29-01-2009,9.41790
28-01-2009,9.44720
27-01-2009,9.30710
23-01-2009,9.16300
22-01-2009,9.25000
21-01-2009,9.35410
20-01-2009,9.56880
19-01-2009,9.71940
16-01-2009,9.72440
15-01-2009,9.63980
14-01-2009,9.86300
13-01-2009,9.67060
12-01-2009,9.71340
09-01-2009,9.90510
07-01-2009,9.93800
06-01-2009,10.37220
05-01-2009,10.37190
02-01-2009,10.24400
01-01-2009,10.18030
31-12-2008,10.00230
30-12-2008,9.99050
29-12-2008,9.82870
26-12-2008,9.65860
24-12-2008,9.74620
23-12-2008,9.75390
22-12-2008,9.87680
19-12-2008,10.00400
18-12-2008,9.89290
17-12-2008,9.69170
16-12-2008,9.75860
15-12-2008,9.56290
12-12-2008,9.45190
11-12-2008,9.47720
10-12-2008,9.48060
08-12-2008,9.31360
05-12-2008,9.22630
04-12-2008,9.33350
03-12-2008,9.13300
02-12-2008,9.07090
01-12-2008,9.15420
28-11-2008,9.36430
26-11-2008,9.25570
25-11-2008,9.09250
24-11-2008,9.20850
21-11-2008,9.23240
20-11-2008,9.04500
19-11-2008,9.23660
18-11-2008,9.34040
17-11-2008,9.59530
14-11-2008,9.74210
12-11-2008,9.86290
11-11-2008,10.08580
10-11-2008,10.45690
07-11-2008,10.11500
06-11-2008,9.97490
05-11-2008,10.20560
04-11-2008,10.38940
03-11-2008,10.26740
31-10-2008,9.89980
29-10-2008,9.41150
27-10-2008,8.97750
24-10-2008,9.18940
23-10-2008,9.97240
22-10-2008,10.32220
21-10-2008,10.61530
20-10-2008,10.31690
17-10-2008,10.28480
16-10-2008,10.63800
15-10-2008,10.63310
14-10-2008,11.06750
13-10-2008,10.95610
10-10-2008,10.45940
08-10-2008,11.02120
07-10-2008,11.36180
06-10-2008,11.48800
03-10-2008,11.93120
01-10-2008,12.14960
30-09-2008,12.12650
29-09-2008,11.84450
26-09-2008,12.21680
25-09-2008,12.47570
24-09-2008,12.55060
23-09-2008,12.52060
22-09-2008,12.77070
19-09-2008,12.78000
18-09-2008,12.40070
17-09-2008,12.37710
16-09-2008,12.48150
15-09-2008,12.53510
12-09-2008,12.92290
11-09-2008,13.05110
10-09-2008,13.19140
09-09-2008,13.34900
08-09-2008,13.40140
05-09-2008,13.17930
04-09-2008,13.29930
02-09-2008,13.34190
01-09-2008,13.04350
29-08-2008,13.00300
28-08-2008,12.70680
27-08-2008,12.89980
26-08-2008,12.98890
25-08-2008,12.99620
22-08-2008,13.01650
21-08-2008,12.98220
20-08-2008,13.26070
19-08-2008,13.18080
18-08-2008,13.17330
14-08-2008,13.30040
13-08-2008,13.51380
12-08-2008,13.56730
11-08-2008,13.63700
08-08-2008,13.45400
07-08-2008,13.40330
06-08-2008,13.42480
05-08-2008,13.35100
04-08-2008,13.12760
01-08-2008,13.03730
31-07-2008,12.84390
30-07-2008,12.82100
29-07-2008,12.55710
28-07-2008,12.86610
25-07-2008,12.81030
24-07-2008,13.00130
23-07-2008,13.08260
22-07-2008,12.55140
21-07-2008,12.36730
18-07-2008,12.23330
17-07-2008,11.99900
16-07-2008,11.75250
15-07-2008,11.86440
14-07-2008,12.26740
11-07-2008,12.33730
10-07-2008,12.57080
09-07-2008,12.52900
08-07-2008,12.23020
07-07-2008,12.27210
04-07-2008,12.07230
03-07-2008,11.81360
02-07-2008,12.15940
01-07-2008,11.76170
30-06-2008,12.18000
27-06-2008,12.46000
26-06-2008,12.86000
25-06-2008,12.83000
24-06-2008,12.73000
23-06-2008,12.93000
20-06-2008,13.27000
19-06-2008,13.62000
18-06-2008,13.79000
17-06-2008,13.92000
16-06-2008,13.74000
13-06-2008,13.66000
12-06-2008,13.70000
11-06-2008,13.65000
10-06-2008,13.53000
09-06-2008,13.60000
06-06-2008,13.95000
05-06-2008,14.04000
04-06-2008,13.89000
03-06-2008,14.24000
02-06-2008,14.35000
30-05-2008,14.64000
29-05-2008,14.61000
28-05-2008,14.87000
27-05-2008,14.67000
26-05-2008,14.76000
23-05-2008,14.98000
22-05-2008,15.23000
21-05-2008,15.43000
20-05-2008,15.32000
16-05-2008,15.40000
15-05-2008,15.32000
14-05-2008,15.09000
13-05-2008,14.90000
12-05-2008,14.89000
09-05-2008,14.97000
08-05-2008,15.21000
07-05-2008,15.25000
06-05-2008,15.23000
05-05-2008,15.31000
02-05-2008,15.41000
30-04-2008,15.26000
29-04-2008,15.38000
28-04-2008,15.23000
25-04-2008,15.26000
24-04-2008,15.07000
23-04-2008,15.18000
22-04-2008,15.20000
21-04-2008,15.24000
17-04-2008,14.95000
16-04-2008,14.64000
15-04-2008,14.48000
11-04-2008,14.27000
10-04-2008,14.18000
09-04-2008,14.12000
08-04-2008,13.87000
07-04-2008,13.92000
04-04-2008,13.71000
03-04-2008,13.97000
02-04-2008,14.01000
01-04-2008,13.98000
31-03-2008,14.02000
28-03-2008,14.34000
27-03-2008,13.91000
26-03-2008,13.90000
25-03-2008,13.77000
24-03-2008,13.01000
19-03-2008,13.31000
18-03-2008,13.31000
17-03-2008,13.44000
14-03-2008,14.45000
13-03-2008,14.24000
12-03-2008,15.07000
11-03-2008,15.34000
10-03-2008,15.06000
07-03-2008,15.10000
05-03-2008,15.79000
04-03-2008,15.87000
03-03-2008,16.00000
29-02-2008,16.60000
28-02-2008,16.57000
27-02-2008,16.62000
26-02-2008,16.61000
25-02-2008,16.45000
22-02-2008,16.36000
21-02-2008,16.54000
20-02-2008,16.41000
19-02-2008,16.73000
18-02-2008,16.73000
15-02-2008,16.70000
14-02-2008,16.36000
13-02-2008,15.61000
12-02-2008,15.46000
11-02-2008,15.74000
08-02-2008,16.49000
07-02-2008,16.69000
06-02-2008,17.09000
05-02-2008,17.48000
04-02-2008,17.45000
01-02-2008,16.94000
31-01-2008,16.52000
30-01-2008,16.77000
29-01-2008,17.00000
28-01-2008,16.96000
25-01-2008,16.98000
24-01-2008,15.89000
23-01-2008,16.55000
22-01-2008,15.58000
21-01-2008,16.71000
18-01-2008,18.65000
17-01-2008,19.46000
16-01-2008,19.42000
15-01-2008,19.83000
14-01-2008,20.08000
11-01-2008,19.97000
10-01-2008,19.99000
09-01-2008,20.61000
08-01-2008,20.72000
07-01-2008,21.28000
04-01-2008,21.28000
03-01-2008,21.20000
02-01-2008,21.33000
01-01-2008,21.20000
31-12-2007,20.99000
28-12-2007,20.79000
27-12-2007,20.69000
26-12-2007,20.61000
24-12-2007,20.18000
20-12-2007,19.55000
19-12-2007,19.65000
18-12-2007,19.83000
17-12-2007,19.75000
14-12-2007,20.46000
13-12-2007,20.38000
12-12-2007,20.44000
11-12-2007,20.17000
10-12-2007,19.97000
07-12-2007,20.05000
06-12-2007,19.88000
05-12-2007,19.99000
04-12-2007,19.64000
03-12-2007,19.30000
30-11-2007,18.87000
29-11-2007,18.48000
28-11-2007,18.62000
27-11-2007,18.77000
26-11-2007,18.63000
23-11-2007,18.28000
22-11-2007,18.07000
21-11-2007,18.22000
20-11-2007,19.15000
19-11-2007,19.28000
16-11-2007,18.99000
15-11-2007,18.81000
14-11-2007,18.68000
13-11-2007,18.12000
12-11-2007,17.54000
08-11-2007,17.77000
07-11-2007,17.94000
06-11-2007,18.12000
05-11-2007,18.35000
02-11-2007,18.26000
01-11-2007,18.05000
31-10-2007,18.37000
30-10-2007,18.32000
29-10-2007,18.62000
26-10-2007,18.38000
25-10-2007,18.09000
24-10-2007,17.69000
23-10-2007,17.55000
22-10-2007,17.02000
19-10-2007,16.89000
18-10-2007,17.27000
17-10-2007,17.64000
16-10-2007,17.96000
15-10-2007,17.81000
12-10-2007,17.50000
11-10-2007,17.71000
10-10-2007,17.44000
09-10-2007,17.37000
08-10-2007,16.97000
05-10-2007,17.46000
04-10-2007,17.64000
03-10-2007,17.41000
01-10-2007,17.46000
28-09-2007,17.45000
27-09-2007,17.27000
26-09-2007,17.33000
25-09-2007,17.22000
24-09-2007,17.27000
21-09-2007,17.13000
20-09-2007,16.94000
19-09-2007,16.91000
18-09-2007,16.53000
17-09-2007,16.30000
14-09-2007,16.22000
13-09-2007,16.36000
12-09-2007,16.28000
11-09-2007,16.22000
10-09-2007,16.23000
07-09-2007,16.07000
06-09-2007,16.13000
05-09-2007,15.93000
04-09-2007,15.86000
03-09-2007,15.82000
31-08-2007,15.64000
30-08-2007,15.54000
29-08-2007,15.30000
28-08-2007,15.15000
27-08-2007,15.09000
24-08-2007,14.64000
23-08-2007,14.38000
22-08-2007,14.51000
21-08-2007,14.49000
20-08-2007,15.09000
17-08-2007,14.93000
16-08-2007,15.20000
14-08-2007,15.64000
13-08-2007,15.64000
10-08-2007,15.44000
09-08-2007,15.55000
08-08-2007,15.76000
07-08-2007,15.56000
06-08-2007,15.46000
03-08-2007,15.58000
02-08-2007,15.34000
01-08-2007,15.28000
31-07-2007,15.81000
30-07-2007,15.55000
27-07-2007,15.45000
26-07-2007,15.83000
25-07-2007,15.81000
24-07-2007,15.88000
23-07-2007,16.07000
20-07-2007,15.93000
19-07-2007,16.02000
18-07-2007,15.89000
17-07-2007,15.96000
16-07-2007,16.10000
13-07-2007,16.00000
12-07-2007,15.89000
11-07-2007,15.75000
10-07-2007,15.73000
09-07-2007,15.79000
06-07-2007,15.80000
05-07-2007,15.59000
04-07-2007,15.67000
03-07-2007,15.55000
02-07-2007,15.50000
29-06-2007,15.34000
28-06-2007,15.24000
27-06-2007,15.00000
26-06-2007,14.91000
25-06-2007,14.81000
22-06-2007,14.67000
21-06-2007,14.64000
20-06-2007,14.60000
19-06-2007,14.49000
18-06-2007,14.32000
15-06-2007,14.41000
14-06-2007,14.45000
13-06-2007,14.31000
12-06-2007,14.26000
11-06-2007,14.43000
08-06-2007,14.52000
07-06-2007,14.56000
06-06-2007,14.50000
05-06-2007,14.70000
04-06-2007,14.71000
01-06-2007,14.81000
31-05-2007,14.73000
30-05-2007,14.70000
29-05-2007,14.71000
28-05-2007,14.60000
25-05-2007,14.56000
24-05-2007,14.37000
23-05-2007,14.41000
22-05-2007,14.47000
21-05-2007,14.45000
18-05-2007,14.33000
17-05-2007,14.37000
16-05-2007,14.29000
15-05-2007,14.25000
14-05-2007,14.22000
11-05-2007,14.10000
10-05-2007,14.06000
09-05-2007,13.97000
08-05-2007,13.98000
07-05-2007,14.11000
04-05-2007,14.17000
03-05-2007,14.24000
30-04-2007,14.01000
27-04-2007,13.88000
26-04-2007,14.03000
25-04-2007,14.07000
24-04-2007,13.99000
23-04-2007,13.96000
20-04-2007,13.95000
19-04-2007,13.79000
18-04-2007,13.79000
17-04-2007,13.73000
16-04-2007,13.92000
13-04-2007,13.72000
12-04-2007,13.49000
11-04-2007,13.48000
10-04-2007,13.38000
09-04-2007,13.30000
05-04-2007,13.10000
04-04-2007,13.03000
03-04-2007,12.96000
02-04-2007,12.89000
30-03-2007,13.29000
29-03-2007,13.17000
28-03-2007,13.14000
26-03-2007,13.33000
23-03-2007,13.50000
22-03-2007,13.51000
21-03-2007,13.26000
20-03-2007,13.27000
19-03-2007,13.16000
16-03-2007,13.07000
15-03-2007,13.16000
14-03-2007,13.14000
13-03-2007,13.36000
12-03-2007,13.20000
09-03-2007,13.07000
08-03-2007,13.26000
07-03-2007,12.91000
06-03-2007,13.19000
05-03-2007,13.19000
02-03-2007,13.82000
01-03-2007,14.02000
28-02-2007,14.03000
27-02-2007,14.27000
26-02-2007,14.25000
23-02-2007,14.17000
22-02-2007,14.52000
21-02-2007,14.69000
20-02-2007,14.71000
19-02-2007,15.01000
15-02-2007,15.06000
14-02-2007,14.62000
13-02-2007,14.61000
12-02-2007,14.75000
09-02-2007,15.51000
08-02-2007,15.77000
07-02-2007,15.71000
06-02-2007,15.49000
05-02-2007,15.43000
02-02-2007,15.31000
01-02-2007,15.15000
31-01-2007,14.97000
29-01-2007,15.03000
25-01-2007,15.18000
24-01-2007,15.06000
23-01-2007,15.04000
22-01-2007,15.21000
19-01-2007,15.19000
18-01-2007,15.26000
17-01-2007,15.24000
16-01-2007,15.21000
15-01-2007,15.16000
12-01-2007,15.05000
11-01-2007,14.84000
10-01-2007,14.67000
09-01-2007,14.88000
08-01-2007,14.99000
05-01-2007,15.03000
04-01-2007,15.01000
03-01-2007,14.93000
02-01-2007,14.90000
29-12-2006,14.74000
28-12-2006,14.57000
27-12-2006,14.59000
26-12-2006,14.47000
22-12-2006,14.32000
21-12-2006,14.13000
20-12-2006,14.02000
19-12-2006,14.17000
18-12-2006,14.34000
15-12-2006,14.24000
14-12-2006,14.04000
13-12-2006,13.67000
12-12-2006,13.43000
11-12-2006,13.99000
08-12-2006,14.32000
07-12-2006,14.37000
06-12-2006,14.34000
05-12-2006,14.42000
04-12-2006,14.40000
01-12-2006,14.29000
30-11-2006,14.05000
29-11-2006,14.02000
28-11-2006,13.89000
27-11-2006,14.01000
24-11-2006,14.02000
23-11-2006,13.90000
22-11-2006,13.74000
21-11-2006,13.56000
20-11-2006,13.24000
17-11-2006,13.30000
16-11-2006,13.45000
15-11-2006,13.49000
14-11-2006,13.55000
13-11-2006,13.65000
10-11-2006,13.57000
09-11-2006,13.57000
08-11-2006,13.49000
07-11-2006,13.67000
06-11-2006,13.65000
03-11-2006,13.56000
02-11-2006,13.66000
01-11-2006,13.62000
31-10-2006,13.58000
30-10-2006,13.60000
27-10-2006,13.50000
26-10-2006,13.42000
23-10-2006,13.31000
20-10-2006,13.19000
19-10-2006,13.12000
18-10-2006,13.17000
17-10-2006,13.03000
16-10-2006,13.08000
13-10-2006,13.09000
12-10-2006,13.01000
11-10-2006,12.87000
10-10-2006,13.08000
09-10-2006,13.04000
06-10-2006,13.00000
05-10-2006,12.93000
04-10-2006,12.71000
03-10-2006,12.75000
29-09-2006,12.74000
28-09-2006,12.53000
27-09-2006,12.53000
26-09-2006,12.48000
25-09-2006,12.33000
22-09-2006,12.36000
21-09-2006,12.37000
20-09-2006,12.26000
19-09-2006,12.19000
18-09-2006,12.35000
15-09-2006,12.25000
14-09-2006,12.23000
13-09-2006,12.26000
12-09-2006,12.04000
11-09-2006,11.95000
08-09-2006,12.38000
07-09-2006,12.25000
06-09-2006,12.23000
05-09-2006,12.15000
04-09-2006,12.08000
01-09-2006,11.89000
31-08-2006,11.83000
30-08-2006,11.94000
29-08-2006,12.00000
28-08-2006,11.95000
25-08-2006,11.93000
24-08-2006,11.87000
23-08-2006,11.82000
22-08-2006,11.90000
21-08-2006,11.89000
18-08-2006,11.83000
17-08-2006,11.72000
16-08-2006,11.81000
14-08-2006,11.71000
11-08-2006,11.60000
10-08-2006,11.45000
09-08-2006,11.34000
08-08-2006,11.08000
07-08-2006,10.91000
04-08-2006,10.96000
03-08-2006,10.98000
02-08-2006,10.96000
01-08-2006,10.83000
31-07-2006,10.86000
28-07-2006,10.75000
27-07-2006,10.62000
26-07-2006,10.47000
25-07-2006,10.24000
24-07-2006,10.02000
21-07-2006,10.05000
20-07-2006,10.20000
19-07-2006,10.08000
18-07-2006,10.35000
17-07-2006,10.46000
14-07-2006,10.67000
13-07-2006,10.73000
12-07-2006,10.73000
11-07-2006,10.70000
10-07-2006,10.65000
07-07-2006,10.63000
06-07-2006,10.81000
05-07-2006,10.86000
04-07-2006,10.83000
03-07-2006,10.86000
30-06-2006,10.85000
29-06-2006,10.50000
28-06-2006,10.45000
27-06-2006,10.53000
26-06-2006,10.61000
23-06-2006,11.02000
22-06-2006,10.98000
21-06-2006,10.71000
20-06-2006,10.44000
19-06-2006,10.41000
16-06-2006,10.14000
15-06-2006,9.66000
14-06-2006,9.16000
13-06-2006,9.44000
12-06-2006,10.01000
09-06-2006,10.26000
08-06-2006,9.67000
07-06-2006,10.37000
06-06-2006,11.03000
05-06-2006,11.38000
02-06-2006,11.59000
01-06-2006,11.52000
31-05-2006,11.94000
30-05-2006,12.42000
29-05-2006,12.52000
26-05-2006,12.51000
25-05-2006,12.18000
24-05-2006,12.16000
23-05-2006,12.23000
22-05-2006,11.92000
19-05-2006,12.76000
18-05-2006,13.34000
17-05-2006,14.26000
16-05-2006,13.79000
15-05-2006,13.84000
12-05-2006,14.37000
11-05-2006,14.55000
10-05-2006,14.69000
09-05-2006,14.64000
08-05-2006,14.49000
05-05-2006,14.22000
04-05-2006,14.26000
03-05-2006,14.34000
02-05-2006,14.28000
28-04-2006,13.82000
27-04-2006,13.83000
26-04-2006,13.86000
25-04-2006,13.63000
24-04-2006,13.87000
21-04-2006,13.81000
20-04-2006,13.81000
19-04-2006,13.69000
18-04-2006,13.61000
17-04-2006,13.41000
13-04-2006,13.13000
12-04-2006,13.38000
10-04-2006,13.71000
07-04-2006,13.67000
05-04-2006,13.89000
04-04-2006,13.63000
03-04-2006,13.62000
