date,nav
29-09-2026,198.27000
28-09-2026,199.54000
25-09-2026,202.44000
24-09-2026,201.98000
23-09-2026,205.21000
22-09-2026,203.92000
21-09-2026,203.83000
18-09-2026,203.26000
17-09-2026,201.64000
16-09-2026,200.74000
15-09-2026,199.95000
11-09-2026,203.16000
10-09-2026,203.96000
09-09-2026,204.06000
08-09-2026,204.93000
07-09-2026,205.36000
04-09-2026,206.12000
03-09-2026,206.49000
02-09-2026,206.94000
01-09-2026,207.85000
31-08-2026,209.16000
28-08-2026,209.85000
27-08-2026,210.44000
26-08-2026,211.09000
25-08-2026,212.20000
24-08-2026,211.31000
21-08-2026,211.19000
20-08-2026,211.69000
19-08-2026,210.09000
18-08-2026,210.19000
17-08-2026,211.09000
14-08-2026,211.71000
13-08-2026,211.84000
12-08-2026,211.15000
11-08-2026,212.13000
10-08-2026,212.54000
07-08-2026,212.02000
06-08-2026,212.29000
05-08-2026,213.15000
04-08-2026,213.17000
03-08-2026,213.64000
31-07-2026,209.96000
30-07-2026,209.81000
29-07-2026,209.19000
28-07-2026,207.31000
27-07-2026,207.19000
24-07-2026,204.22000
23-07-2026,205.11000
22-07-2026,205.85000
21-07-2026,206.53000
20-07-2026,205.58000
17-07-2026,205.27000
16-07-2026,204.67000
15-07-2026,205.23000
14-07-2026,204.62000
13-07-2026,205.82000
10-07-2026,206.71000
09-07-2026,205.75000
08-07-2026,204.24000
07-07-2026,208.22000
06-07-2026,208.35000
03-07-2026,207.25000
02-07-2026,206.89000
01-07-2026,205.23000
30-06-2026,202.69000
29-06-2026,201.96000
25-06-2026,203.15000
24-06-2026,202.83000
23-06-2026,202.12000
22-06-2026,203.22000
19-06-2026,202.82000
18-06-2026,202.71000
17-06-2026,201.69000
16-06-2026,200.51000
15-06-2026,199.57000
12-06-2026,196.35000
11-06-2026,193.13000
10-06-2026,193.95000
09-06-2026,194.56000
08-06-2026,193.21000
05-06-2026,195.42000
04-06-2026,195.41000
03-06-2026,194.96000
02-06-2026,195.24000
01-06-2026,194.56000
29-05-2026,196.92000
27-05-2026,199.97000
26-05-2026,199.54000
25-05-2026,200.13000
22-05-2026,198.74000
21-05-2026,198.05000
20-05-2026,198.16000
19-05-2026,198.72000
18-05-2026,198.58000
15-05-2026,199.33000
14-05-2026,199.50000
13-05-2026,197.39000
12-05-2026,197.14000
11-05-2026,201.44000
08-05-2026,204.32000
07-05-2026,204.54000
06-05-2026,204.34000
05-05-2026,201.81000
04-05-2026,202.30000
30-04-2026,201.42000
29-04-2026,203.37000
28-04-2026,202.15000
27-04-2026,203.28000
24-04-2026,201.79000
23-04-2026,203.67000
22-04-2026,205.70000
21-04-2026,205.54000
20-04-2026,203.07000
17-04-2026,202.80000
16-04-2026,200.62000
15-04-2026,200.55000
13-04-2026,197.18000
10-04-2026,199.06000
09-04-2026,196.08000
08-04-2026,197.01000
07-04-2026,190.29000
06-04-2026,190.03000
02-04-2026,187.30000
01-04-2026,187.43000
31-03-2026,184.12000
30-03-2026,184.13000
27-03-2026,188.27000
25-03-2026,191.98000
24-03-2026,188.35000
23-03-2026,184.69000
20-03-2026,190.43000
19-03-2026,189.83000
18-03-2026,195.92000
17-03-2026,193.44000
16-03-2026,191.84000
13-03-2026,190.53000
12-03-2026,193.82000
11-03-2026,196.59000
10-03-2026,199.69000
09-03-2026,197.27000
06-03-2026,201.49000
05-03-2026,203.34000
04-03-2026,201.42000
02-03-2026,204.73000
27-02-2026,207.82000
26-02-2026,210.52000
25-02-2026,210.51000
24-02-2026,209.71000
23-02-2026,211.73000
20-02-2026,210.77000
19-02-2026,210.30000
18-02-2026,213.58000
17-02-2026,212.97000
16-02-2026,212.55000
13-02-2026,211.86000
12-02-2026,214.46000
11-02-2026,214.82000
10-02-2026,214.68000
09-02-2026,213.05000
06-02-2026,210.91000
05-02-2026,209.62000
04-02-2026,210.07000
03-02-2026,208.54000
02-02-2026,204.78000
30-01-2026,206.46000
29-01-2026,205.43000
28-01-2026,206.13000
27-01-2026,205.17000
23-01-2026,206.19000
22-01-2026,208.92000
21-01-2026,208.35000
20-01-2026,208.73000
19-01-2026,212.74000
16-01-2026,213.15000
14-01-2026,214.20000
13-01-2026,214.90000
12-01-2026,215.20000
09-01-2026,214.79000
08-01-2026,216.94000
07-01-2026,219.32000
06-01-2026,219.58000
05-01-2026,219.90000
02-01-2026,219.72000
01-01-2026,219.16000
31-12-2025,219.37000
30-12-2025,217.83000
29-12-2025,217.86000
26-12-2025,218.50000
24-12-2025,219.24000
23-12-2025,219.49000
22-12-2025,219.63000
19-12-2025,218.39000
18-12-2025,217.33000
17-12-2025,217.46000
16-12-2025,217.95000
15-12-2025,218.89000
12-12-2025,218.95000
11-12-2025,217.59000
10-12-2025,216.74000
09-12-2025,216.93000
08-12-2025,216.74000
05-12-2025,219.46000
04-12-2025,219.16000
03-12-2025,218.75000
02-12-2025,220.15000
01-12-2025,220.60000
28-11-2025,220.71000
27-11-2025,220.57000
26-11-2025,221.23000
25-11-2025,219.36000
24-11-2025,219.43000
21-11-2025,220.46000
20-11-2025,221.46000
19-11-2025,221.27000
18-11-2025,221.10000
17-11-2025,221.77000
14-11-2025,220.36000
13-11-2025,219.87000
12-11-2025,220.69000
11-11-2025,219.21000
10-11-2025,218.81000
07-11-2025,219.07000
06-11-2025,219.80000
04-11-2025,221.24000
03-11-2025,221.80000
31-10-2025,220.99000
30-10-2025,222.74000
29-10-2025,223.88000
28-10-2025,223.21000
27-10-2025,223.97000
24-10-2025,222.84000
23-10-2025,223.71000
20-10-2025,223.89000
17-10-2025,223.81000
16-10-2025,222.26000
15-10-2025,220.40000
14-10-2025,218.18000
13-10-2025,218.91000
10-10-2025,219.61000
09-10-2025,218.95000
08-10-2025,218.48000
07-10-2025,219.54000
06-10-2025,219.50000
03-10-2025,218.35000
01-10-2025,217.97000
30-09-2025,216.58000
26-09-2025,216.43000
25-09-2025,219.34000
24-09-2025,221.27000
23-09-2025,222.27000
22-09-2025,223.29000
19-09-2025,224.18000
18-09-2025,224.44000
17-09-2025,223.77000
16-09-2025,223.45000
15-09-2025,222.08000
12-09-2025,222.22000
11-09-2025,222.37000
10-09-2025,222.05000
09-09-2025,222.55000
08-09-2025,222.29000
05-09-2025,222.05000
04-09-2025,221.74000
03-09-2025,220.82000
02-09-2025,219.65000
01-09-2025,219.17000
29-08-2025,217.20000
28-08-2025,217.22000
26-08-2025,219.01000
25-08-2025,220.31000
22-08-2025,219.95000
21-08-2025,221.24000
20-08-2025,221.41000
19-08-2025,220.19000
18-08-2025,218.46000
14-08-2025,214.17000
13-08-2025,214.01000
12-08-2025,212.83000
11-08-2025,213.21000
08-08-2025,211.79000
07-08-2025,214.22000
06-08-2025,213.92000
05-08-2025,214.96000
04-08-2025,215.01000
01-08-2025,214.13000
31-07-2025,215.54000
30-07-2025,215.18000
29-07-2025,214.59000
28-07-2025,213.66000
25-07-2025,215.46000
24-07-2025,217.13000
23-07-2025,218.08000
22-07-2025,217.42000
21-07-2025,216.50000
18-07-2025,215.60000
17-07-2025,216.81000
16-07-2025,216.77000
15-07-2025,216.71000
14-07-2025,215.51000
11-07-2025,214.86000
10-07-2025,216.16000
09-07-2025,216.86000
08-07-2025,216.14000
07-07-2025,216.41000
04-07-2025,215.89000
03-07-2025,216.25000
02-07-2025,216.59000
01-07-2025,216.98000
30-06-2025,217.91000
27-06-2025,218.02000
26-06-2025,217.79000
25-06-2025,215.94000
24-06-2025,213.86000
23-06-2025,213.03000
20-06-2025,213.28000
19-06-2025,211.06000
18-06-2025,211.62000
17-06-2025,211.21000
16-06-2025,212.16000
13-06-2025,210.53000
12-06-2025,211.78000
11-06-2025,214.21000
10-06-2025,214.70000
09-06-2025,215.09000
06-06-2025,213.98000
05-06-2025,211.92000
04-06-2025,210.92000
03-06-2025,210.26000
02-06-2025,211.06000
30-05-2025,210.49000
29-05-2025,211.20000
28-05-2025,210.66000
27-05-2025,211.36000
26-05-2025,212.35000
23-05-2025,211.88000
22-05-2025,210.15000
21-05-2025,211.26000
20-05-2025,210.26000
19-05-2025,213.41000
16-05-2025,213.38000
15-05-2025,212.53000
14-05-2025,209.71000
13-05-2025,208.79000
12-05-2025,210.43000
09-05-2025,204.61000
08-05-2025,206.18000
07-05-2025,208.76000
06-05-2025,208.02000
05-05-2025,209.16000
02-05-2025,207.08000
30-04-2025,207.85000
29-04-2025,208.16000
28-04-2025,207.98000
25-04-2025,206.60000
24-04-2025,209.71000
23-04-2025,210.31000
22-04-2025,208.79000
21-04-2025,207.44000
17-04-2025,205.59000
16-04-2025,202.52000
15-04-2025,201.43000
11-04-2025,197.53000
09-04-2025,194.76000
08-04-2025,194.65000
07-04-2025,191.04000
04-04-2025,196.56000
03-04-2025,198.41000
02-04-2025,198.34000
01-04-2025,195.81000
31-03-2025,197.29000
28-03-2025,197.32000
27-03-2025,197.39000
26-03-2025,196.09000
25-03-2025,197.15000
24-03-2025,197.63000
21-03-2025,196.50000
20-03-2025,195.03000
19-03-2025,193.12000
18-03-2025,192.30000
17-03-2025,189.04000
13-03-2025,188.12000
12-03-2025,188.79000
11-03-2025,188.77000
10-03-2025,188.69000
07-03-2025,190.04000
06-03-2025,190.59000
05-03-2025,189.15000
04-03-2025,186.54000
03-03-2025,186.89000
28-02-2025,186.59000
27-02-2025,191.18000
25-02-2025,192.19000
24-02-2025,191.61000
21-02-2025,192.83000
20-02-2025,194.77000
19-02-2025,194.34000
18-02-2025,192.94000
17-02-2025,193.71000
14-02-2025,194.11000
13-02-2025,196.30000
12-02-2025,196.52000
11-02-2025,196.53000
10-02-2025,200.41000
07-02-2025,202.73000
06-02-2025,202.67000
05-02-2025,205.13000
04-02-2025,206.32000
03-02-2025,206.50000
31-01-2025,200.89000
30-01-2025,198.88000
29-01-2025,199.35000
28-01-2025,196.63000
27-01-2025,195.77000
24-01-2025,198.94000
23-01-2025,200.97000
22-01-2025,198.96000
21-01-2025,199.58000
20-01-2025,203.18000
17-01-2025,203.12000
16-01-2025,202.83000
15-01-2025,202.36000
14-01-2025,201.71000
13-01-2025,200.76000
10-01-2025,206.48000
09-01-2025,209.01000
08-01-2025,209.56000
07-01-2025,211.05000
06-01-2025,211.07000
03-01-2025,215.13000
02-01-2025,215.03000
01-01-2025,211.41000
31-12-2024,210.37000
30-12-2024,210.02000
27-12-2024,210.32000
26-12-2024,209.65000
24-12-2024,209.42000
23-12-2024,208.49000
20-12-2024,208.34000
19-12-2024,211.43000
18-12-2024,212.76000
17-12-2024,213.17000
16-12-2024,215.07000
13-12-2024,214.89000
12-12-2024,213.70000
11-12-2024,215.24000
10-12-2024,214.89000
09-12-2024,214.63000
06-12-2024,216.00000
05-12-2024,215.44000
04-12-2024,214.17000
03-12-2024,214.22000
02-12-2024,213.19000
29-11-2024,212.25000
28-11-2024,210.17000
27-11-2024,211.40000
26-11-2024,210.28000
25-11-2024,210.01000
22-11-2024,207.60000
21-11-2024,204.51000
19-11-2024,205.84000
18-11-2024,205.01000
14-11-2024,205.58000
13-11-2024,205.74000
12-11-2024,208.46000
11-11-2024,210.66000
08-11-2024,211.47000
07-11-2024,212.27000
06-11-2024,214.37000
05-11-2024,212.62000
04-11-2024,211.81000
31-10-2024,212.85000
30-10-2024,213.63000
29-10-2024,213.43000
28-10-2024,213.78000
25-10-2024,213.64000
24-10-2024,215.43000
23-10-2024,217.54000
22-10-2024,217.25000
21-10-2024,220.81000
18-10-2024,222.72000
17-10-2024,222.34000
16-10-2024,226.08000
15-10-2024,227.15000
14-10-2024,226.62000
11-10-2024,226.40000
10-10-2024,226.35000
09-10-2024,226.99000
08-10-2024,225.74000
07-10-2024,223.46000
04-10-2024,225.79000
03-10-2024,228.41000
01-10-2024,232.78000
30-09-2024,232.96000
27-09-2024,235.36000
26-09-2024,236.16000
25-09-2024,234.41000
24-09-2024,235.02000
23-09-2024,235.51000
20-09-2024,233.63000
19-09-2024,230.41000
18-09-2024,229.22000
17-09-2024,229.22000
16-09-2024,228.84000
13-09-2024,228.72000
12-09-2024,228.83000
11-09-2024,226.04000
10-09-2024,226.38000
09-09-2024,224.93000
06-09-2024,223.80000
05-09-2024,225.25000
04-09-2024,224.43000
03-09-2024,224.26000
02-09-2024,223.97000
30-08-2024,223.50000
29-08-2024,222.28000
28-08-2024,221.95000
27-08-2024,221.58000
26-08-2024,221.67000
23-08-2024,220.62000
22-08-2024,220.06000
21-08-2024,218.56000
20-08-2024,217.01000
19-08-2024,216.07000
16-08-2024,216.34000
14-08-2024,213.43000
13-08-2024,213.60000
12-08-2024,214.53000
09-08-2024,214.37000
08-08-2024,212.58000
07-08-2024,212.84000
06-08-2024,209.73000
05-08-2024,210.51000
02-08-2024,215.27000
01-08-2024,216.73000
31-07-2024,216.78000
30-07-2024,215.72000
29-07-2024,215.68000
26-07-2024,215.56000
25-07-2024,213.11000
24-07-2024,212.71000
23-07-2024,212.29000
22-07-2024,210.93000
19-07-2024,210.08000
18-07-2024,212.81000
16-07-2024,212.50000
15-07-2024,211.74000
12-07-2024,210.54000
11-07-2024,210.15000
10-07-2024,209.82000
09-07-2024,210.10000
08-07-2024,208.27000
05-07-2024,208.16000
04-07-2024,207.74000
03-07-2024,207.24000
02-07-2024,206.15000
01-07-2024,207.11000
28-06-2024,205.57000
27-06-2024,205.93000
26-06-2024,205.33000
25-06-2024,205.03000
24-06-2024,204.81000
21-06-2024,203.53000
20-06-2024,203.91000
19-06-2024,204.32000
18-06-2024,205.53000
14-06-2024,204.06000
13-06-2024,202.78000
12-06-2024,202.40000
11-06-2024,202.36000
10-06-2024,202.23000
07-06-2024,201.14000
06-06-2024,197.95000
05-06-2024,197.27000
04-06-2024,188.32000
03-06-2024,193.25000
31-05-2024,190.13000
30-05-2024,190.30000
29-05-2024,192.02000
28-05-2024,192.59000
27-05-2024,193.13000
24-05-2024,193.73000
23-05-2024,194.07000
22-05-2024,192.37000
21-05-2024,191.83000
17-05-2024,191.97000
16-05-2024,190.49000
15-05-2024,188.52000
14-05-2024,188.31000
13-05-2024,187.91000
10-05-2024,188.30000
09-05-2024,187.05000
08-05-2024,189.46000
07-05-2024,188.81000
06-05-2024,189.61000
03-05-2024,189.99000
02-05-2024,191.09000
30-04-2024,190.29000
29-04-2024,189.61000
26-04-2024,188.50000
25-04-2024,189.11000
24-04-2024,188.37000
23-04-2024,187.51000
22-04-2024,186.26000
19-04-2024,184.12000
18-04-2024,183.27000
16-04-2024,184.02000
15-04-2024,184.22000
12-04-2024,186.58000
10-04-2024,188.21000
09-04-2024,186.85000
08-04-2024,187.04000
05-04-2024,185.30000
04-04-2024,184.96000
03-04-2024,184.44000
02-04-2024,184.57000
01-04-2024,184.06000
31-03-2024,182.98000
28-03-2024,183.01000
27-03-2024,180.97000
26-03-2024,180.27000
22-03-2024,180.03000
21-03-2024,178.61000
20-03-2024,177.14000
19-03-2024,176.73000
18-03-2024,178.35000
15-03-2024,178.02000
14-03-2024,178.75000
13-03-2024,176.95000
12-03-2024,180.53000
11-03-2024,181.52000
07-03-2024,182.09000
06-03-2024,181.11000
05-03-2024,180.94000
04-03-2024,181.45000
01-03-2024,181.54000
29-02-2024,179.93000
28-02-2024,179.49000
27-02-2024,181.25000
26-02-2024,180.50000
23-02-2024,181.01000
22-02-2024,180.99000
21-02-2024,180.23000
20-02-2024,181.00000
19-02-2024,180.69000
16-02-2024,179.46000
15-02-2024,178.31000
14-02-2024,178.15000
13-02-2024,177.23000
12-02-2024,176.59000
09-02-2024,178.21000
08-02-2024,177.91000
07-02-2024,179.33000
06-02-2024,177.85000
05-02-2024,177.17000
02-02-2024,177.97000
01-02-2024,177.54000
31-01-2024,177.68000
30-01-2024,175.45000
29-01-2024,176.70000
25-01-2024,175.35000
24-01-2024,176.55000
23-01-2024,174.57000
19-01-2024,178.20000
18-01-2024,176.73000
17-01-2024,177.34000
16-01-2024,179.97000
15-01-2024,180.30000
12-01-2024,180.17000
11-01-2024,179.79000
10-01-2024,179.72000
09-01-2024,179.36000
08-01-2024,179.44000
05-01-2024,180.70000
04-01-2024,180.58000
03-01-2024,178.75000
02-01-2024,178.84000
01-01-2024,179.28000
29-12-2023,179.10000
28-12-2023,178.04000
27-12-2023,176.74000
26-12-2023,175.36000
22-12-2023,174.60000
21-12-2023,173.70000
20-12-2023,172.90000
19-12-2023,175.49000
18-12-2023,175.26000
15-12-2023,175.64000
14-12-2023,175.87000
13-12-2023,174.52000
12-12-2023,173.58000
11-12-2023,174.30000
08-12-2023,173.57000
07-12-2023,174.34000
06-12-2023,174.41000
05-12-2023,174.35000
04-12-2023,173.68000
01-12-2023,171.70000
30-11-2023,170.63000
29-11-2023,169.46000
28-11-2023,168.34000
24-11-2023,167.66000
23-11-2023,167.69000
22-11-2023,167.39000
21-11-2023,167.41000
20-11-2023,166.69000
17-11-2023,166.88000
16-11-2023,166.17000
15-11-2023,165.80000
13-11-2023,164.59000
10-11-2023,164.47000
09-11-2023,164.38000
08-11-2023,164.50000
07-11-2023,163.69000
06-11-2023,163.05000
03-11-2023,161.96000
02-11-2023,160.98000
01-11-2023,159.49000
31-10-2023,159.70000
30-10-2023,159.96000
27-10-2023,160.01000
26-10-2023,158.39000
25-10-2023,160.15000
23-10-2023,160.78000
20-10-2023,163.21000
19-10-2023,164.28000
18-10-2023,164.43000
17-10-2023,165.45000
16-10-2023,165.00000
13-10-2023,165.19000
12-10-2023,164.84000
11-10-2023,164.41000
10-10-2023,163.10000
09-10-2023,161.73000
06-10-2023,162.99000
05-10-2023,161.99000
04-10-2023,161.45000
03-10-2023,162.77000
29-09-2023,163.16000
27-09-2023,163.36000
26-09-2023,162.66000
25-09-2023,162.64000
22-09-2023,162.52000
21-09-2023,162.92000
20-09-2023,164.51000
18-09-2023,165.54000
15-09-2023,165.80000
14-09-2023,165.24000
13-09-2023,164.60000
12-09-2023,164.01000
11-09-2023,165.62000
08-09-2023,164.43000
07-09-2023,163.76000
06-09-2023,163.21000
05-09-2023,162.15000
04-09-2023,161.16000
01-09-2023,161.13000
31-08-2023,160.09000
30-08-2023,160.64000
29-08-2023,159.76000
28-08-2023,159.70000
25-08-2023,159.18000
24-08-2023,160.18000
23-08-2023,160.12000
22-08-2023,159.90000
21-08-2023,159.11000
18-08-2023,158.39000
17-08-2023,158.61000
16-08-2023,159.01000
14-08-2023,158.79000
11-08-2023,158.98000
10-08-2023,160.04000
09-08-2023,160.65000
08-08-2023,160.05000
07-08-2023,159.81000
04-08-2023,159.56000
03-08-2023,158.74000
02-08-2023,159.64000
01-08-2023,161.20000
31-07-2023,161.30000
28-07-2023,160.74000
27-07-2023,160.22000
26-07-2023,160.88000
25-07-2023,160.03000
24-07-2023,159.75000
21-07-2023,160.51000
20-07-2023,160.93000
19-07-2023,159.64000
18-07-2023,158.80000
17-07-2023,159.23000
14-07-2023,158.55000
13-07-2023,157.53000
12-07-2023,157.63000
11-07-2023,157.56000
10-07-2023,156.28000
07-07-2023,156.89000
06-07-2023,157.97000
05-07-2023,157.21000
04-07-2023,156.45000
03-07-2023,156.33000
30-06-2023,155.83000
28-06-2023,154.92000
27-06-2023,153.96000
26-06-2023,152.97000
23-06-2023,152.13000
22-06-2023,153.01000
21-06-2023,153.88000
20-06-2023,154.02000
19-06-2023,153.88000
16-06-2023,154.34000
15-06-2023,152.86000
14-06-2023,152.81000
13-06-2023,152.44000
12-06-2023,151.02000
09-06-2023,150.86000
08-06-2023,151.16000
07-06-2023,152.29000
06-06-2023,150.97000
05-06-2023,150.48000
02-06-2023,150.05000
01-06-2023,149.13000
31-05-2023,149.25000
30-05-2023,149.28000
29-05-2023,148.88000
26-05-2023,148.19000
25-05-2023,146.91000
24-05-2023,146.24000
23-05-2023,146.15000
22-05-2023,145.81000
19-05-2023,145.65000
18-05-2023,145.26000
17-05-2023,145.71000
16-05-2023,146.17000
15-05-2023,146.50000
12-05-2023,145.61000
11-05-2023,145.22000
10-05-2023,144.47000
09-05-2023,144.04000
08-05-2023,144.17000
05-05-2023,142.86000
04-05-2023,143.11000
03-05-2023,142.45000
02-05-2023,142.03000
28-04-2023,141.50000
27-04-2023,140.56000
26-04-2023,140.24000
25-04-2023,139.73000
24-04-2023,139.80000
21-04-2023,139.14000
20-04-2023,139.47000
19-04-2023,139.09000
18-04-2023,139.34000
17-04-2023,139.44000
13-04-2023,138.99000
12-04-2023,138.09000
11-04-2023,137.71000
10-04-2023,136.94000
06-04-2023,137.02000
05-04-2023,136.88000
03-04-2023,136.34000
31-03-2023,135.73000
29-03-2023,134.29000
28-03-2023,133.04000
27-03-2023,133.54000
24-03-2023,133.89000
23-03-2023,134.84000
22-03-2023,135.05000
21-03-2023,134.53000
20-03-2023,134.04000
17-03-2023,134.46000
16-03-2023,133.90000
15-03-2023,133.21000
14-03-2023,133.86000
13-03-2023,134.47000
10-03-2023,136.58000
09-03-2023,137.29000
08-03-2023,138.45000
06-03-2023,138.29000
03-03-2023,137.76000
02-03-2023,136.27000
01-03-2023,137.00000
28-02-2023,136.11000
27-02-2023,136.07000
24-02-2023,136.74000
23-02-2023,136.94000
22-02-2023,136.98000
21-02-2023,138.36000
20-02-2023,138.66000
17-02-2023,139.11000
16-02-2023,140.08000
15-02-2023,140.21000
14-02-2023,139.47000
13-02-2023,139.21000
10-02-2023,140.25000
09-02-2023,140.06000
08-02-2023,139.93000
07-02-2023,139.40000
06-02-2023,139.98000
03-02-2023,139.89000
02-02-2023,138.88000
01-02-2023,138.09000
31-01-2023,138.78000
30-01-2023,137.77000
27-01-2023,137.44000
25-01-2023,138.89000
24-01-2023,140.24000
23-01-2023,140.25000
20-01-2023,139.77000
19-01-2023,140.74000
18-01-2023,141.26000
17-01-2023,140.75000
16-01-2023,140.39000
13-01-2023,141.16000
12-01-2023,140.80000
11-01-2023,141.06000
10-01-2023,141.45000
09-01-2023,142.33000
06-01-2023,141.34000
05-01-2023,142.25000
04-01-2023,142.22000
03-01-2023,143.45000
02-01-2023,143.36000
30-12-2022,143.07000
29-12-2022,143.52000
28-12-2022,143.20000
27-12-2022,143.03000
26-12-2022,142.41000
23-12-2022,140.21000
22-12-2022,143.20000
21-12-2022,144.21000
20-12-2022,146.18000
19-12-2022,146.76000
16-12-2022,145.58000
15-12-2022,147.02000
14-12-2022,148.33000
13-12-2022,148.15000
12-12-2022,147.87000
09-12-2022,147.80000
08-12-2022,147.70000
07-12-2022,147.33000
06-12-2022,147.62000
05-12-2022,147.89000
02-12-2022,148.15000
01-12-2022,148.18000
30-11-2022,148.10000
29-11-2022,146.83000
28-11-2022,146.35000
25-11-2022,145.91000
24-11-2022,145.47000
23-11-2022,144.41000
22-11-2022,144.09000
21-11-2022,143.78000
18-11-2022,144.17000
17-11-2022,144.78000
16-11-2022,145.48000
15-11-2022,145.69000
14-11-2022,145.50000
11-11-2022,146.04000
10-11-2022,145.57000
09-11-2022,146.91000
07-11-2022,147.86000
04-11-2022,147.20000
03-11-2022,147.51000
02-11-2022,147.82000
01-11-2022,148.37000
31-10-2022,147.67000
28-10-2022,145.76000
27-10-2022,146.14000
25-10-2022,145.36000
21-10-2022,144.93000
20-10-2022,144.65000
19-10-2022,144.75000
18-10-2022,144.57000
17-10-2022,142.81000
14-10-2022,142.15000
13-10-2022,141.92000
12-10-2022,142.81000
11-10-2022,141.90000
10-10-2022,143.82000
07-10-2022,144.77000
06-10-2022,145.12000
04-10-2022,144.75000
03-10-2022,142.23000
30-09-2022,144.11000
29-09-2022,141.96000
28-09-2022,141.62000
27-09-2022,142.15000
26-09-2022,142.06000
23-09-2022,145.33000
22-09-2022,147.59000
21-09-2022,147.62000
20-09-2022,147.77000
19-09-2022,145.71000
16-09-2022,145.08000
15-09-2022,147.87000
14-09-2022,148.06000
13-09-2022,147.88000
12-09-2022,146.74000
09-09-2022,145.68000
08-09-2022,145.83000
07-09-2022,144.78000
06-09-2022,144.50000
05-09-2022,144.59000
02-09-2022,143.98000
01-09-2022,143.91000
30-08-2022,144.35000
29-08-2022,141.36000
26-08-2022,142.36000
25-08-2022,142.34000
24-08-2022,142.21000
23-08-2022,141.77000
22-08-2022,140.82000
19-08-2022,142.86000
18-08-2022,144.61000
17-08-2022,144.15000
16-08-2022,143.14000
12-08-2022,141.66000
11-08-2022,141.34000
10-08-2022,140.63000
08-08-2022,140.71000
05-08-2022,139.92000
04-08-2022,139.96000
03-08-2022,140.01000
02-08-2022,140.44000
01-08-2022,139.79000
29-07-2022,138.19000
28-07-2022,136.53000
27-07-2022,134.78000
26-07-2022,134.22000
25-07-2022,135.28000
22-07-2022,135.60000
21-07-2022,134.72000
20-07-2022,133.77000
19-07-2022,133.65000
18-07-2022,133.09000
15-07-2022,131.99000
14-07-2022,130.71000
13-07-2022,130.75000
12-07-2022,130.85000
11-07-2022,132.08000
08-07-2022,131.33000
07-07-2022,130.72000
06-07-2022,129.54000
05-07-2022,127.16000
04-07-2022,127.22000
01-07-2022,125.85000
30-06-2022,124.69000
29-06-2022,124.91000
28-06-2022,125.47000
27-06-2022,125.48000
24-06-2022,124.66000
23-06-2022,123.08000
22-06-2022,121.26000
21-06-2022,122.30000
20-06-2022,120.34000
17-06-2022,120.18000
16-06-2022,121.14000
15-06-2022,123.24000
14-06-2022,122.78000
13-06-2022,122.98000
10-06-2022,125.64000
09-06-2022,126.45000
08-06-2022,125.87000
07-06-2022,126.57000
06-06-2022,127.86000
03-06-2022,128.67000
02-06-2022,129.92000
01-06-2022,129.57000
31-05-2022,129.72000
30-05-2022,129.49000
27-05-2022,127.14000
26-05-2022,125.65000
25-05-2022,124.44000
24-05-2022,125.35000
23-05-2022,125.88000
20-05-2022,125.83000
19-05-2022,123.34000
18-05-2022,125.97000
17-05-2022,125.87000
16-05-2022,123.51000
13-05-2022,122.27000
12-05-2022,121.74000
11-05-2022,124.22000
10-05-2022,124.51000
09-05-2022,125.28000
06-05-2022,126.49000
05-05-2022,128.92000
04-05-2022,129.42000
02-05-2022,132.56000
29-04-2022,132.94000
28-04-2022,133.95000
27-04-2022,132.23000
26-04-2022,133.50000
25-04-2022,131.72000
22-04-2022,133.38000
21-04-2022,134.69000
20-04-2022,133.27000
19-04-2022,132.34000
18-04-2022,134.31000
13-04-2022,135.41000
12-04-2022,135.81000
11-04-2022,136.72000
08-04-2022,136.77000
07-04-2022,135.39000
06-04-2022,135.79000
05-04-2022,136.18000
04-04-2022,135.69000
01-04-2022,133.68000
31-03-2022,132.48000
30-03-2022,131.81000
29-03-2022,130.40000
28-03-2022,129.53000
25-03-2022,129.14000
24-03-2022,129.72000
23-03-2022,130.19000
22-03-2022,130.47000
21-03-2022,130.16000
17-03-2022,131.40000
16-03-2022,129.02000
15-03-2022,127.02000
14-03-2022,127.26000
11-03-2022,126.70000
10-03-2022,126.16000
09-03-2022,123.83000
08-03-2022,121.69000
07-03-2022,120.17000
04-03-2022,124.15000
03-03-2022,126.53000
02-03-2022,127.97000
28-02-2022,129.29000
25-02-2022,129.02000
24-02-2022,125.34000
23-02-2022,131.06000
22-02-2022,130.71000
21-02-2022,131.68000
18-02-2022,132.68000
17-02-2022,133.18000
16-02-2022,133.47000
15-02-2022,133.42000
14-02-2022,129.92000
11-02-2022,134.37000
10-02-2022,136.43000
09-02-2022,135.88000
08-02-2022,134.38000
07-02-2022,134.70000
04-02-2022,136.99000
03-02-2022,137.73000
02-02-2022,138.85000
01-02-2022,137.05000
31-01-2022,135.48000
28-01-2022,133.68000
27-01-2022,133.43000
25-01-2022,134.56000
24-01-2022,133.06000
21-01-2022,137.17000
20-01-2022,139.04000
19-01-2022,139.76000
18-01-2022,140.59000
17-01-2022,142.29000
14-01-2022,141.71000
13-01-2022,141.80000
12-01-2022,141.33000
11-01-2022,140.07000
10-01-2022,140.04000
07-01-2022,139.30000
06-01-2022,138.63000
05-01-2022,138.99000
04-01-2022,137.99000
03-01-2022,137.47000
31-12-2021,136.14000
30-12-2021,134.35000
29-12-2021,134.48000
28-12-2021,134.41000
27-12-2021,133.24000
24-12-2021,133.04000
23-12-2021,134.22000
22-12-2021,133.24000
21-12-2021,131.85000
20-12-2021,130.66000
17-12-2021,133.84000
16-12-2021,136.67000
15-12-2021,137.48000
14-12-2021,138.15000
13-12-2021,138.54000
10-12-2021,139.24000
09-12-2021,139.20000
08-12-2021,138.89000
07-12-2021,136.47000
06-12-2021,134.47000
03-12-2021,137.09000
02-12-2021,138.08000
01-12-2021,137.09000
30-11-2021,136.51000
29-11-2021,135.64000
26-11-2021,136.65000
25-11-2021,141.25000
24-11-2021,140.80000
23-11-2021,140.90000
22-11-2021,139.80000
18-11-2021,142.95000
17-11-2021,144.80000
16-11-2021,145.14000
15-11-2021,145.50000
12-11-2021,145.41000
11-11-2021,144.02000
10-11-2021,145.23000
09-11-2021,145.23000
08-11-2021,144.57000
03-11-2021,141.52000
02-11-2021,141.86000
01-11-2021,140.93000
29-10-2021,139.02000
28-10-2021,139.11000
27-10-2021,141.20000
26-10-2021,141.06000
25-10-2021,139.54000
22-10-2021,139.81000
21-10-2021,140.08000
20-10-2021,140.68000
19-10-2021,142.13000
18-10-2021,144.04000
14-10-2021,144.02000
13-10-2021,143.15000
12-10-2021,142.29000
11-10-2021,141.07000
08-10-2021,139.92000
07-10-2021,139.79000
06-10-2021,137.51000
05-10-2021,138.66000
04-10-2021,138.09000
01-10-2021,136.87000
30-09-2021,137.22000
29-09-2021,137.06000
28-09-2021,137.74000
27-09-2021,138.73000
24-09-2021,138.36000
23-09-2021,138.66000
22-09-2021,137.13000
21-09-2021,136.59000
20-09-2021,136.14000
17-09-2021,137.29000
16-09-2021,137.39000
15-09-2021,136.65000
14-09-2021,136.11000
13-09-2021,135.89000
09-09-2021,136.01000
08-09-2021,135.68000
07-09-2021,135.42000
06-09-2021,135.08000
03-09-2021,135.11000
02-09-2021,134.97000
01-09-2021,133.85000
31-08-2021,133.16000
30-08-2021,131.67000
27-08-2021,129.50000
26-08-2021,128.53000
25-08-2021,128.34000
24-08-2021,128.51000
23-08-2021,127.39000
20-08-2021,127.91000
18-08-2021,128.85000
17-08-2021,128.61000
16-08-2021,127.96000
13-08-2021,127.35000
12-08-2021,126.75000
11-08-2021,125.91000
10-08-2021,126.51000
09-08-2021,126.67000
06-08-2021,126.81000
05-08-2021,126.70000
04-08-2021,126.75000
03-08-2021,126.79000
02-08-2021,125.43000
30-07-2021,124.52000
29-07-2021,124.07000
28-07-2021,123.85000
27-07-2021,123.61000
26-07-2021,124.18000
23-07-2021,124.11000
22-07-2021,123.32000
20-07-2021,121.72000
19-07-2021,122.95000
16-07-2021,123.89000
15-07-2021,123.54000
14-07-2021,123.37000
13-07-2021,123.55000
12-07-2021,122.99000
09-07-2021,122.49000
08-07-2021,122.29000
07-07-2021,122.94000
06-07-2021,122.65000
05-07-2021,122.19000
02-07-2021,121.49000
01-07-2021,120.93000
30-06-2021,120.73000
29-06-2021,120.98000
28-06-2021,121.46000
25-06-2021,121.20000
24-06-2021,120.57000
23-06-2021,120.42000
22-06-2021,120.48000
21-06-2021,120.09000
18-06-2021,119.82000
17-06-2021,119.77000
16-06-2021,120.31000
15-06-2021,120.70000
14-06-2021,119.92000
11-06-2021,119.95000
10-06-2021,120.05000
09-06-2021,118.70000
08-06-2021,119.64000
07-06-2021,119.26000
04-06-2021,118.59000
03-06-2021,118.50000
02-06-2021,117.27000
01-06-2021,116.97000
31-05-2021,117.38000
28-05-2021,116.41000
27-05-2021,116.66000
26-05-2021,116.39000
25-05-2021,115.63000
24-05-2021,115.07000
21-05-2021,114.87000
20-05-2021,113.32000
19-05-2021,113.74000
18-05-2021,113.53000
17-05-2021,112.22000
14-05-2021,111.08000
12-05-2021,110.97000
11-05-2021,111.64000
10-05-2021,111.65000
07-05-2021,111.28000
06-05-2021,111.15000
05-05-2021,110.77000
04-05-2021,109.75000
03-05-2021,110.63000
30-04-2021,110.40000
29-04-2021,111.79000
28-04-2021,111.99000
27-04-2021,110.30000
26-04-2021,109.23000
23-04-2021,108.17000
22-04-2021,108.49000
20-04-2021,108.31000
19-04-2021,107.94000
16-04-2021,109.97000
15-04-2021,109.31000
13-04-2021,108.92000
12-04-2021,107.27000
09-04-2021,111.57000
08-04-2021,111.66000
07-04-2021,110.92000
06-04-2021,109.41000
05-04-2021,109.11000
01-04-2021,111.38000
31-03-2021,110.53000
30-03-2021,110.76000
26-03-2021,109.23000
25-03-2021,107.51000
24-03-2021,109.39000
23-03-2021,111.20000
22-03-2021,110.43000
19-03-2021,110.04000
18-03-2021,108.96000
17-03-2021,109.92000
16-03-2021,111.58000
15-03-2021,111.56000
12-03-2021,112.46000
10-03-2021,113.52000
09-03-2021,112.87000
08-03-2021,112.39000
05-03-2021,112.64000
04-03-2021,113.62000
03-03-2021,113.97000
02-03-2021,112.57000
01-03-2021,110.89000
26-02-2021,109.44000
25-02-2021,112.47000
24-02-2021,111.95000
23-02-2021,110.53000
22-02-2021,110.14000
19-02-2021,111.93000
18-02-2021,113.21000
17-02-2021,113.90000
16-02-2021,114.49000
15-02-2021,114.84000
12-02-2021,113.24000
11-02-2021,113.55000
10-02-2021,113.38000
09-02-2021,113.11000
08-02-2021,113.07000
05-02-2021,112.04000
04-02-2021,112.39000
03-02-2021,111.07000
02-02-2021,110.22000
01-02-2021,107.81000
29-01-2021,103.56000
28-01-2021,104.79000
27-01-2021,105.55000
25-01-2021,107.13000
22-01-2021,107.75000
21-01-2021,108.81000
20-01-2021,109.25000
19-01-2021,108.67000
18-01-2021,106.90000
15-01-2021,108.29000
14-01-2021,109.31000
13-01-2021,109.24000
12-01-2021,109.47000
11-01-2021,109.23000
08-01-2021,108.57000
07-01-2021,107.16000
06-01-2021,107.06000
05-01-2021,106.95000
04-01-2021,106.11000
01-01-2021,105.40000
31-12-2020,104.94000
30-12-2020,104.65000
29-12-2020,104.05000
28-12-2020,103.75000
24-12-2020,102.96000
23-12-2020,102.02000
22-12-2020,100.73000
21-12-2020,99.87000
18-12-2020,103.43000
17-12-2020,103.28000
16-12-2020,103.15000
15-12-2020,102.38000
14-12-2020,102.29000
11-12-2020,101.95000
10-12-2020,101.88000
09-12-2020,101.72000
08-12-2020,101.21000
07-12-2020,101.12000
04-12-2020,100.35000
03-12-2020,99.39000
02-12-2020,99.12000
01-12-2020,98.87000
27-11-2020,98.04000
26-11-2020,97.32000
25-11-2020,96.42000
24-11-2020,97.93000
23-11-2020,97.03000
20-11-2020,96.89000
19-11-2020,95.61000
18-11-2020,96.47000
17-11-2020,95.93000
13-11-2020,94.79000
12-11-2020,94.06000
11-11-2020,94.00000
10-11-2020,93.05000
09-11-2020,92.29000
06-11-2020,90.97000
05-11-2020,90.66000
04-11-2020,89.32000
03-11-2020,88.78000
02-11-2020,87.75000
30-10-2020,86.92000
29-10-2020,87.33000
28-10-2020,87.67000
27-10-2020,88.39000
26-10-2020,87.03000
23-10-2020,87.87000
22-10-2020,87.26000
21-10-2020,87.41000
20-10-2020,87.31000
19-10-2020,87.11000
16-10-2020,86.37000
15-10-2020,85.63000
14-10-2020,87.20000
13-10-2020,86.49000
12-10-2020,86.98000
09-10-2020,87.32000
08-10-2020,87.23000
07-10-2020,87.01000
06-10-2020,86.81000
05-10-2020,86.15000
01-10-2020,86.24000
30-09-2020,85.13000
29-09-2020,84.60000
28-09-2020,84.86000
25-09-2020,83.03000
24-09-2020,81.09000
23-09-2020,82.73000
22-09-2020,83.18000
21-09-2020,84.01000
18-09-2020,86.88000
17-09-2020,86.86000
16-09-2020,87.39000
15-09-2020,86.76000
14-09-2020,86.01000
11-09-2020,85.77000
10-09-2020,85.57000
09-09-2020,85.03000
08-09-2020,85.49000
07-09-2020,86.32000
04-09-2020,86.56000
03-09-2020,87.86000
02-09-2020,87.61000
01-09-2020,87.07000
31-08-2020,86.20000
28-08-2020,88.92000
27-08-2020,88.20000
26-08-2020,87.84000
25-08-2020,87.53000
24-08-2020,87.37000
21-08-2020,86.55000
20-08-2020,85.94000
19-08-2020,86.31000
18-08-2020,86.08000
17-08-2020,84.83000
14-08-2020,84.38000
13-08-2020,85.40000
12-08-2020,85.08000
11-08-2020,85.36000
10-08-2020,85.33000
07-08-2020,84.81000
06-08-2020,84.19000
05-08-2020,83.51000
04-08-2020,83.02000
03-08-2020,82.02000
31-07-2020,82.68000
30-07-2020,82.63000
29-07-2020,83.14000
28-07-2020,82.85000
27-07-2020,82.00000
24-07-2020,82.92000
23-07-2020,83.71000
22-07-2020,83.21000
21-07-2020,83.44000
20-07-2020,83.22000
17-07-2020,82.52000
16-07-2020,81.45000
15-07-2020,81.02000
14-07-2020,81.15000
13-07-2020,82.24000
10-07-2020,82.25000
09-07-2020,82.72000
08-07-2020,82.20000
07-07-2020,82.63000
06-07-2020,82.31000
03-07-2020,81.48000
02-07-2020,81.09000
01-07-2020,80.56000
30-06-2020,80.13000
29-06-2020,79.83000
26-06-2020,80.30000
25-06-2020,80.50000
24-06-2020,80.00000
23-06-2020,81.26000
22-06-2020,79.99000
19-06-2020,79.13000
18-06-2020,78.12000
17-06-2020,77.16000
16-06-2020,77.15000
15-06-2020,76.70000
12-06-2020,77.91000
11-06-2020,77.30000
10-06-2020,78.71000
09-06-2020,78.44000
08-06-2020,79.15000
05-06-2020,79.30000
04-06-2020,78.29000
03-06-2020,78.66000
02-06-2020,78.12000
01-06-2020,77.05000
29-05-2020,75.27000
28-05-2020,73.95000
27-05-2020,72.72000
26-05-2020,71.71000
22-05-2020,71.41000
21-05-2020,72.07000
20-05-2020,71.46000
19-05-2020,70.12000
18-05-2020,69.40000
15-05-2020,72.21000
14-05-2020,72.39000
13-05-2020,73.05000
12-05-2020,72.02000
11-05-2020,71.96000
08-05-2020,71.98000
07-05-2020,71.71000
06-05-2020,72.43000
05-05-2020,71.78000
04-05-2020,73.05000
30-04-2020,76.35000
29-04-2020,75.12000
28-04-2020,74.24000
27-04-2020,73.76000
24-04-2020,72.61000
23-04-2020,73.83000
22-04-2020,73.40000
21-04-2020,72.52000
20-04-2020,74.26000
17-04-2020,74.77000
16-04-2020,73.03000
15-04-2020,72.26000
13-04-2020,72.08000
09-04-2020,73.28000
08-04-2020,70.45000
07-04-2020,69.95000
03-04-2020,65.46000
01-04-2020,66.46000
31-03-2020,68.50000
30-03-2020,66.56000
27-03-2020,68.47000
26-03-2020,68.67000
25-03-2020,66.09000
24-03-2020,62.97000
23-03-2020,62.06000
20-03-2020,71.43000
19-03-2020,68.41000
18-03-2020,69.72000
17-03-2020,73.93000
16-03-2020,75.54000
13-03-2020,80.57000
12-03-2020,78.51000
11-03-2020,84.39000
09-03-2020,84.57000
06-03-2020,87.70000
05-03-2020,89.58000
04-03-2020,89.14000
03-03-2020,90.03000
02-03-2020,88.84000
28-02-2020,89.83000
27-02-2020,92.14000
26-02-2020,92.39000
25-02-2020,93.00000
24-02-2020,93.16000
20-02-2020,94.77000
19-02-2020,94.72000
18-02-2020,93.67000
17-02-2020,93.89000
14-02-2020,94.43000
13-02-2020,94.85000
12-02-2020,94.90000
11-02-2020,94.29000
10-02-2020,94.03000
07-02-2020,94.68000
06-02-2020,94.47000
05-02-2020,94.03000
04-02-2020,93.31000
03-02-2020,91.77000
31-01-2020,93.31000
30-01-2020,93.44000
29-01-2020,93.97000
28-01-2020,93.72000
27-01-2020,93.98000
24-01-2020,94.49000
23-01-2020,93.78000
22-01-2020,93.28000
21-01-2020,93.66000
20-01-2020,94.00000
17-01-2020,94.43000
16-01-2020,94.29000
15-01-2020,93.81000
14-01-2020,93.52000
13-01-2020,93.00000
10-01-2020,92.43000
09-01-2020,92.00000
08-01-2020,90.63000
07-01-2020,90.54000
06-01-2020,90.06000
03-01-2020,91.61000
02-01-2020,92.18000
01-01-2020,91.59000
31-12-2019,91.58000
30-12-2019,91.95000
27-12-2019,91.72000
26-12-2019,91.06000
24-12-2019,91.16000
23-12-2019,91.14000
20-12-2019,91.22000
19-12-2019,91.13000
18-12-2019,91.10000
17-12-2019,90.78000
16-12-2019,90.43000
13-12-2019,90.84000
12-12-2019,90.36000
11-12-2019,89.90000
10-12-2019,89.60000
09-12-2019,90.20000
06-12-2019,90.22000
05-12-2019,90.98000
04-12-2019,90.98000
03-12-2019,90.47000
02-12-2019,90.75000
29-11-2019,91.07000
28-11-2019,91.29000
27-11-2019,90.85000
26-11-2019,90.42000
25-11-2019,90.79000
22-11-2019,89.75000
21-11-2019,89.94000
20-11-2019,90.31000
19-11-2019,90.11000
18-11-2019,90.11000
15-11-2019,89.95000
14-11-2019,89.68000
13-11-2019,89.31000
11-11-2019,90.08000
08-11-2019,89.97000
07-11-2019,90.30000
06-11-2019,89.75000
05-11-2019,89.62000
04-11-2019,89.94000
01-11-2019,89.94000
31-10-2019,89.96000
30-10-2019,89.75000
29-10-2019,89.51000
25-10-2019,88.62000
24-10-2019,88.82000
23-10-2019,88.71000
22-10-2019,88.45000
18-10-2019,88.08000
17-10-2019,87.42000
16-10-2019,86.24000
15-10-2019,86.19000
14-10-2019,85.64000
11-10-2019,85.22000
10-10-2019,84.79000
09-10-2019,85.69000
07-10-2019,84.21000
04-10-2019,84.20000
03-10-2019,85.54000
01-10-2019,85.91000
30-09-2019,86.61000
27-09-2019,87.37000
26-09-2019,87.48000
25-09-2019,86.33000
24-09-2019,87.54000
23-09-2019,87.83000
20-09-2019,84.54000
19-09-2019,79.89000
18-09-2019,80.67000
17-09-2019,80.41000
16-09-2019,81.63000
13-09-2019,81.77000
12-09-2019,81.30000
11-09-2019,81.41000
09-09-2019,81.23000
06-09-2019,80.63000
05-09-2019,79.99000
04-09-2019,79.98000
03-09-2019,79.96000
30-08-2019,81.34000
29-08-2019,80.59000
28-08-2019,80.94000
27-08-2019,81.36000
26-08-2019,80.58000
23-08-2019,78.95000
22-08-2019,78.57000
21-08-2019,79.64000
20-08-2019,80.11000
19-08-2019,80.57000
16-08-2019,80.44000
14-08-2019,80.07000
13-08-2019,79.42000
09-08-2019,81.11000
08-08-2019,80.29000
07-08-2019,79.58000
06-08-2019,79.79000
05-08-2019,78.69000
02-08-2019,79.33000
01-08-2019,79.17000
31-07-2019,79.80000
30-07-2019,79.30000
29-07-2019,80.12000
26-07-2019,80.62000
25-07-2019,79.95000
24-07-2019,79.79000
23-07-2019,80.23000
22-07-2019,80.22000
19-07-2019,80.94000
18-07-2019,82.27000
17-07-2019,82.60000
16-07-2019,82.34000
15-07-2019,81.79000
12-07-2019,82.07000
11-07-2019,81.88000
10-07-2019,81.37000
09-07-2019,81.73000
08-07-2019,81.96000
05-07-2019,83.69000
04-07-2019,84.25000
03-07-2019,84.18000
02-07-2019,84.15000
01-07-2019,83.98000
28-06-2019,83.51000
27-06-2019,83.46000
26-06-2019,83.22000
25-06-2019,82.80000
24-06-2019,82.35000
21-06-2019,82.47000
20-06-2019,82.88000
19-06-2019,81.86000
18-06-2019,81.93000
17-06-2019,81.94000
14-06-2019,82.92000
13-06-2019,83.76000
12-06-2019,83.82000
11-06-2019,84.29000
10-06-2019,84.14000
07-06-2019,83.87000
06-06-2019,83.57000
04-06-2019,84.62000
03-06-2019,84.85000
31-05-2019,83.79000
30-05-2019,83.77000
29-05-2019,83.35000
28-05-2019,83.74000
27-05-2019,83.86000
24-05-2019,83.06000
23-05-2019,81.78000
22-05-2019,82.32000
21-05-2019,82.14000
20-05-2019,82.68000
17-05-2019,80.37000
16-05-2019,78.98000
15-05-2019,78.68000
14-05-2019,79.04000
13-05-2019,78.72000
10-05-2019,79.76000
09-05-2019,79.63000
08-05-2019,79.62000
07-05-2019,80.31000
06-05-2019,80.75000
03-05-2019,81.53000
02-05-2019,81.52000
30-04-2019,81.94000
26-04-2019,82.06000
25-04-2019,81.85000
24-04-2019,82.19000
23-04-2019,81.68000
22-04-2019,81.82000
18-04-2019,82.77000
16-04-2019,83.25000
15-04-2019,82.44000
12-04-2019,82.32000
11-04-2019,81.98000
10-04-2019,81.74000
09-04-2019,82.13000
08-04-2019,81.99000
05-04-2019,82.52000
04-04-2019,82.24000
03-04-2019,82.22000
02-04-2019,82.46000
29-03-2019,82.36000
28-03-2019,81.88000
27-03-2019,81.22000
26-03-2019,81.03000
25-03-2019,80.26000
22-03-2019,81.08000
20-03-2019,81.46000
19-03-2019,81.68000
18-03-2019,81.41000
15-03-2019,81.18000
14-03-2019,81.13000
13-03-2019,80.99000
12-03-2019,81.08000
11-03-2019,80.29000
08-03-2019,79.20000
07-03-2019,79.21000
06-03-2019,79.28000
05-03-2019,78.82000
01-03-2019,77.63000
28-02-2019,77.00000
27-02-2019,76.92000
26-02-2019,76.85000
25-02-2019,77.16000
22-02-2019,76.77000
21-02-2019,76.72000
20-02-2019,76.11000
19-02-2019,75.54000
18-02-2019,75.38000
15-02-2019,75.96000
14-02-2019,76.81000
13-02-2019,76.89000
12-02-2019,77.17000
11-02-2019,77.54000
08-02-2019,78.34000
07-02-2019,79.25000
06-02-2019,78.85000
05-02-2019,78.53000
04-02-2019,78.65000
01-02-2019,78.87000
31-01-2019,78.23000
30-01-2019,77.71000
29-01-2019,77.36000
28-01-2019,77.25000
25-01-2019,78.12000
24-01-2019,79.04000
23-01-2019,79.14000
22-01-2019,79.70000
21-01-2019,79.84000
18-01-2019,79.81000
17-01-2019,80.15000
16-01-2019,80.16000
15-01-2019,80.33000
14-01-2019,79.85000
11-01-2019,80.14000
10-01-2019,80.17000
09-01-2019,80.08000
08-01-2019,79.71000
07-01-2019,79.43000
04-01-2019,79.19000
03-01-2019,78.98000
02-01-2019,79.31000
01-01-2019,80.03000
31-12-2018,79.94000
28-12-2018,79.83000
27-12-2018,79.05000
26-12-2018,78.78000
24-12-2018,78.56000
21-12-2018,79.33000
20-12-2018,80.49000
19-12-2018,80.73000
18-12-2018,79.86000
17-12-2018,79.55000
14-12-2018,79.12000
13-12-2018,78.99000
12-12-2018,78.61000
11-12-2018,76.96000
10-12-2018,76.13000
07-12-2018,77.51000
06-12-2018,76.86000
05-12-2018,78.05000
04-12-2018,78.65000
03-12-2018,79.09000
30-11-2018,78.94000
29-11-2018,78.65000
28-11-2018,77.74000
27-11-2018,77.88000
26-11-2018,77.54000
22-11-2018,76.84000
21-11-2018,77.42000
20-11-2018,76.92000
19-11-2018,77.68000
16-11-2018,77.45000
15-11-2018,77.13000
14-11-2018,76.69000
13-11-2018,76.30000
12-11-2018,75.71000
09-11-2018,76.30000
06-11-2018,75.62000
05-11-2018,75.92000
02-11-2018,75.98000
01-11-2018,75.07000
31-10-2018,74.77000
30-10-2018,73.64000
29-10-2018,73.55000
26-10-2018,72.31000
25-10-2018,72.72000
24-10-2018,73.15000
23-10-2018,72.49000
22-10-2018,73.07000
19-10-2018,73.32000
17-10-2018,73.85000
16-10-2018,74.87000
15-10-2018,74.30000
12-10-2018,74.30000
11-10-2018,72.38000
10-10-2018,73.47000
09-10-2018,71.44000
08-10-2018,71.83000
05-10-2018,71.96000
04-10-2018,73.53000
03-10-2018,74.80000
01-10-2018,75.67000
28-09-2018,75.27000
27-09-2018,75.98000
26-09-2018,77.14000
25-09-2018,77.07000
24-09-2018,76.40000
21-09-2018,78.23000
19-09-2018,79.66000
18-09-2018,80.48000
17-09-2018,81.07000
14-09-2018,81.93000
12-09-2018,80.85000
11-09-2018,80.51000
10-09-2018,81.68000
07-09-2018,82.78000
06-09-2018,82.39000
05-09-2018,82.13000
04-09-2018,82.50000
03-09-2018,84.17000
31-08-2018,84.74000
30-08-2018,84.70000
29-08-2018,84.84000
28-08-2018,84.89000
27-08-2018,84.87000
24-08-2018,84.28000
23-08-2018,84.83000
21-08-2018,84.46000
20-08-2018,84.42000
17-08-2018,84.33000
16-08-2018,83.55000
14-08-2018,83.87000
13-08-2018,83.02000
10-08-2018,83.58000
09-08-2018,83.53000
08-08-2018,83.38000
07-08-2018,83.18000
06-08-2018,82.95000
03-08-2018,82.85000
02-08-2018,82.19000
01-08-2018,82.80000
31-07-2018,82.68000
30-07-2018,82.22000
27-07-2018,82.35000
26-07-2018,81.69000
25-07-2018,81.41000
24-07-2018,81.39000
23-07-2018,80.73000
20-07-2018,79.53000
19-07-2018,78.94000
18-07-2018,79.07000
17-07-2018,79.32000
16-07-2018,78.83000
13-07-2018,80.09000
12-07-2018,80.38000
11-07-2018,80.20000
10-07-2018,80.59000
09-07-2018,80.00000
06-07-2018,79.44000
05-07-2018,79.31000
04-07-2018,79.40000
03-07-2018,78.98000
02-07-2018,78.57000
29-06-2018,79.06000
28-06-2018,77.88000
27-06-2018,78.63000
26-06-2018,79.23000
25-06-2018,78.80000
22-06-2018,79.17000
21-06-2018,78.77000
20-06-2018,79.10000
19-06-2018,78.83000
18-06-2018,79.30000
15-06-2018,79.28000
14-06-2018,79.52000
13-06-2018,79.55000
12-06-2018,79.77000
11-06-2018,79.32000
08-06-2018,79.08000
07-06-2018,78.95000
06-06-2018,78.48000
05-06-2018,77.81000
04-06-2018,78.31000
01-06-2018,79.02000
31-05-2018,79.63000
30-05-2018,79.12000
29-05-2018,79.03000
28-05-2018,79.39000
25-05-2018,78.67000
24-05-2018,77.67000
23-05-2018,77.54000
22-05-2018,78.32000
21-05-2018,77.92000
18-05-2018,79.01000
17-05-2018,79.63000
16-05-2018,79.39000
15-05-2018,79.48000
14-05-2018,79.71000
11-05-2018,79.84000
10-05-2018,79.28000
09-05-2018,79.74000
08-05-2018,79.93000
07-05-2018,79.73000
04-05-2018,79.19000
03-05-2018,79.52000
02-05-2018,80.24000
30-04-2018,80.92000
27-04-2018,80.33000
26-04-2018,79.87000
25-04-2018,79.55000
24-04-2018,79.80000
23-04-2018,79.67000
20-04-2018,79.35000
19-04-2018,79.65000
18-04-2018,79.33000
17-04-2018,79.54000
16-04-2018,79.55000
13-04-2018,79.10000
12-04-2018,78.94000
11-04-2018,79.07000
10-04-2018,79.07000
09-04-2018,78.99000
06-04-2018,78.87000
05-04-2018,78.52000
04-04-2018,77.37000
03-04-2018,78.07000
02-04-2018,77.67000
28-03-2018,76.61000
27-03-2018,76.99000
26-03-2018,76.32000
23-03-2018,75.42000
22-03-2018,75.98000
21-03-2018,76.24000
20-03-2018,76.06000
19-03-2018,76.02000
16-03-2018,76.88000
15-03-2018,77.96000
14-03-2018,77.96000
13-03-2018,77.94000
12-03-2018,77.58000
09-03-2018,76.45000
08-03-2018,76.57000
07-03-2018,76.39000
06-03-2018,76.93000
05-03-2018,77.57000
01-03-2018,78.21000
28-02-2018,78.27000
27-02-2018,78.56000
26-02-2018,78.82000
23-02-2018,77.83000
22-02-2018,76.77000
21-02-2018,77.06000
20-02-2018,76.96000
19-02-2018,77.12000
16-02-2018,77.74000
15-02-2018,78.38000
14-02-2018,78.58000
12-02-2018,78.84000
09-02-2018,78.09000
08-02-2018,78.60000
07-02-2018,77.72000
06-02-2018,77.45000
05-02-2018,78.40000
02-02-2018,78.97000
01-02-2018,81.14000
31-01-2018,80.61000
30-01-2018,80.85000
29-01-2018,81.68000
25-01-2018,81.51000
24-01-2018,81.98000
23-01-2018,82.59000
22-01-2018,82.50000
19-01-2018,82.28000
18-01-2018,81.75000
17-01-2018,82.02000
16-01-2018,81.67000
15-01-2018,82.34000
12-01-2018,81.90000
11-01-2018,81.78000
10-01-2018,81.65000
09-01-2018,81.98000
08-01-2018,82.09000
05-01-2018,81.75000
04-01-2018,80.80000
03-01-2018,80.35000
02-01-2018,80.37000
01-01-2018,80.75000
29-12-2017,81.20000
28-12-2017,80.76000
27-12-2017,80.80000
26-12-2017,81.07000
22-12-2017,80.94000
21-12-2017,80.76000
20-12-2017,80.65000
19-12-2017,80.73000
18-12-2017,79.87000
15-12-2017,79.52000
14-12-2017,78.79000
13-12-2017,78.69000
12-12-2017,79.06000
11-12-2017,79.55000
08-12-2017,79.32000
07-12-2017,78.31000
06-12-2017,77.29000
05-12-2017,77.85000
04-12-2017,77.64000
01-12-2017,77.85000
30-11-2017,78.29000
29-11-2017,78.86000
28-11-2017,78.91000
27-11-2017,78.82000
24-11-2017,78.57000
23-11-2017,78.30000
22-11-2017,78.50000
21-11-2017,78.24000
20-11-2017,77.79000
17-11-2017,77.47000
16-11-2017,76.50000
15-11-2017,75.68000
14-11-2017,76.12000
13-11-2017,76.43000
10-11-2017,76.83000
09-11-2017,76.90000
08-11-2017,76.51000
07-11-2017,76.84000
06-11-2017,77.77000
03-11-2017,77.76000
02-11-2017,77.59000
01-11-2017,77.60000
31-10-2017,77.03000
30-10-2017,76.97000
27-10-2017,76.36000
26-10-2017,75.96000
25-10-2017,75.70000
24-10-2017,76.23000
23-10-2017,76.14000
18-10-2017,76.53000
17-10-2017,76.60000
16-10-2017,76.44000
13-10-2017,76.42000
12-10-2017,76.22000
11-10-2017,75.54000
10-10-2017,76.00000
09-10-2017,75.82000
06-10-2017,75.64000
05-10-2017,75.07000
04-10-2017,75.04000
03-10-2017,74.74000
29-09-2017,74.25000
28-09-2017,73.83000
27-09-2017,73.43000
26-09-2017,74.38000
25-09-2017,74.51000
22-09-2017,75.39000
21-09-2017,76.76000
20-09-2017,77.10000
19-09-2017,77.44000
18-09-2017,77.42000
15-09-2017,76.86000
14-09-2017,76.97000
13-09-2017,76.92000
12-09-2017,77.47000
11-09-2017,76.91000
08-09-2017,76.17000
07-09-2017,76.15000
06-09-2017,75.80000
05-09-2017,75.76000
04-09-2017,75.36000
01-09-2017,75.85000
31-08-2017,75.15000
30-08-2017,74.86000
29-08-2017,74.13000
28-08-2017,74.85000
24-08-2017,74.27000
23-08-2017,74.10000
22-08-2017,73.66000
21-08-2017,73.79000
18-08-2017,74.21000
17-08-2017,74.36000
16-08-2017,74.53000
14-08-2017,73.76000
11-08-2017,72.68000
10-08-2017,72.99000
09-08-2017,74.22000
08-08-2017,75.09000
07-08-2017,75.61000
04-08-2017,75.32000
03-08-2017,74.68000
02-08-2017,74.88000
01-08-2017,75.10000
31-07-2017,74.80000
28-07-2017,74.63000
27-07-2017,74.34000
26-07-2017,74.03000
25-07-2017,73.78000
24-07-2017,73.75000
21-07-2017,73.77000
20-07-2017,73.62000
19-07-2017,73.88000
18-07-2017,73.24000
17-07-2017,73.62000
14-07-2017,73.60000
13-07-2017,73.71000
12-07-2017,73.15000
11-07-2017,72.77000
10-07-2017,72.92000
07-07-2017,72.66000
06-07-2017,72.71000
05-07-2017,72.68000
04-07-2017,72.09000
03-07-2017,71.93000
30-06-2017,71.19000
29-06-2017,70.79000
28-06-2017,70.66000
27-06-2017,70.65000
23-06-2017,71.09000
22-06-2017,71.76000
21-06-2017,71.83000
20-06-2017,71.82000
19-06-2017,71.85000
16-06-2017,71.79000
15-06-2017,71.55000
14-06-2017,71.66000
13-06-2017,71.77000
12-06-2017,71.48000
09-06-2017,71.90000
08-06-2017,71.53000
07-06-2017,71.45000
06-06-2017,71.12000
05-06-2017,71.66000
02-06-2017,71.19000
01-06-2017,70.83000
31-05-2017,70.50000
30-05-2017,70.01000
29-05-2017,69.82000
26-05-2017,70.11000
25-05-2017,69.24000
24-05-2017,68.43000
23-05-2017,68.73000
22-05-2017,69.20000
19-05-2017,69.33000
18-05-2017,69.57000
17-05-2017,70.71000
16-05-2017,70.98000
15-05-2017,70.77000
12-05-2017,70.39000
11-05-2017,71.00000
10-05-2017,70.66000
09-05-2017,69.78000
08-05-2017,69.71000
05-05-2017,69.54000
04-05-2017,69.93000
03-05-2017,69.85000
02-05-2017,69.95000
28-04-2017,69.91000
27-04-2017,69.99000
26-04-2017,70.00000
25-04-2017,69.77000
24-04-2017,69.23000
21-04-2017,68.62000
20-04-2017,68.69000
19-04-2017,68.29000
18-04-2017,68.11000
17-04-2017,68.54000
13-04-2017,68.42000
12-04-2017,68.45000
11-04-2017,68.52000
10-04-2017,68.13000
07-04-2017,67.91000
06-04-2017,68.10000
05-04-2017,68.17000
03-04-2017,67.92000
31-03-2017,67.87000
30-03-2017,67.59000
29-03-2017,67.07000
28-03-2017,66.78000
27-03-2017,66.41000
24-03-2017,66.48000
23-03-2017,66.49000
22-03-2017,66.05000
21-03-2017,66.71000
20-03-2017,66.42000
17-03-2017,66.34000
16-03-2017,66.16000
15-03-2017,65.69000
14-03-2017,65.20000
10-03-2017,64.14000
09-03-2017,64.27000
08-03-2017,64.26000
07-03-2017,64.22000
06-03-2017,64.19000
03-03-2017,63.89000
02-03-2017,64.03000
01-03-2017,64.57000
28-02-2017,64.45000
27-02-2017,64.42000
23-02-2017,64.78000
22-02-2017,64.85000
21-02-2017,65.21000
20-02-2017,64.86000
17-02-2017,64.49000
16-02-2017,64.05000
15-02-2017,63.37000
14-02-2017,64.15000
13-02-2017,64.49000
10-02-2017,64.48000
09-02-2017,64.47000
08-02-2017,64.55000
07-02-2017,64.44000
06-02-2017,64.72000
03-02-2017,64.11000
02-02-2017,63.85000
01-02-2017,63.48000
31-01-2017,62.04000
30-01-2017,62.52000
27-01-2017,62.70000
25-01-2017,62.45000
24-01-2017,61.51000
23-01-2017,61.06000
20-01-2017,60.63000
19-01-2017,61.04000
18-01-2017,60.91000
17-01-2017,60.58000
16-01-2017,60.53000
13-01-2017,60.34000
12-01-2017,60.33000
11-01-2017,60.49000
10-01-2017,59.78000
09-01-2017,59.52000
06-01-2017,59.49000
05-01-2017,59.50000
04-01-2017,58.87000
03-01-2017,58.87000
02-01-2017,58.46000
30-12-2016,58.25000
29-12-2016,57.75000
28-12-2016,57.08000
27-12-2016,56.75000
26-12-2016,55.95000
23-12-2016,56.61000
22-12-2016,56.56000
21-12-2016,57.06000
20-12-2016,57.12000
19-12-2016,57.47000
16-12-2016,57.68000
15-12-2016,57.80000
14-12-2016,57.95000
13-12-2016,58.45000
12-12-2016,58.43000
09-12-2016,59.31000
08-12-2016,59.26000
07-12-2016,58.41000
06-12-2016,58.59000
05-12-2016,58.61000
02-12-2016,58.32000
01-12-2016,59.23000
30-11-2016,59.54000
29-11-2016,58.88000
28-11-2016,58.24000
25-11-2016,58.12000
24-11-2016,57.23000
23-11-2016,57.88000
22-11-2016,57.47000
21-11-2016,56.89000
18-11-2016,58.12000
17-11-2016,58.17000
16-11-2016,58.28000
15-11-2016,57.87000
11-11-2016,60.46000
10-11-2016,62.47000
09-11-2016,62.24000
08-11-2016,63.44000
07-11-2016,63.33000
04-11-2016,63.06000
03-11-2016,63.82000
02-11-2016,64.14000
01-11-2016,65.06000
28-10-2016,64.79000
27-10-2016,64.47000
26-10-2016,64.83000
25-10-2016,65.17000
24-10-2016,65.23000
21-10-2016,65.24000
20-10-2016,65.18000
19-10-2016,65.00000
18-10-2016,65.17000
17-10-2016,64.33000
14-10-2016,64.90000
13-10-2016,64.66000
10-10-2016,65.52000
07-10-2016,65.56000
06-10-2016,65.62000
05-10-2016,65.82000
04-10-2016,65.81000
03-10-2016,65.62000
30-09-2016,64.29000
29-09-2016,63.64000
28-09-2016,65.21000
27-09-2016,64.76000
26-09-2016,64.80000
23-09-2016,65.18000
22-09-2016,65.17000
21-09-2016,64.33000
20-09-2016,64.31000
19-09-2016,64.45000
16-09-2016,64.32000
15-09-2016,63.94000
14-09-2016,63.77000
12-09-2016,63.42000
09-09-2016,64.64000
08-09-2016,65.20000
07-09-2016,64.77000
06-09-2016,64.91000
02-09-2016,64.14000
01-09-2016,63.82000
31-08-2016,63.76000
30-08-2016,63.31000
29-08-2016,62.57000
26-08-2016,62.39000
25-08-2016,62.23000
24-08-2016,62.42000
23-08-2016,62.08000
22-08-2016,62.12000
19-08-2016,62.29000
18-08-2016,62.27000
17-08-2016,61.88000
16-08-2016,61.81000
12-08-2016,61.75000
11-08-2016,61.53000
10-08-2016,61.30000
09-08-2016,61.98000
08-08-2016,62.22000
05-08-2016,61.68000
04-08-2016,60.93000
03-08-2016,60.83000
02-08-2016,61.73000
01-08-2016,61.86000
29-07-2016,61.54000
28-07-2016,61.20000
27-07-2016,60.56000
26-07-2016,60.31000
25-07-2016,60.45000
22-07-2016,59.92000
21-07-2016,59.59000
20-07-2016,59.65000
19-07-2016,59.13000
18-07-2016,59.19000
15-07-2016,59.27000
14-07-2016,59.10000
13-07-2016,58.80000
12-07-2016,59.16000
11-07-2016,58.95000
08-07-2016,58.19000
07-07-2016,58.22000
05-07-2016,58.30000
04-07-2016,58.27000
01-07-2016,57.99000
30-06-2016,57.64000
29-06-2016,57.02000
28-06-2016,56.57000
27-06-2016,56.19000
24-06-2016,55.87000
23-06-2016,56.58000
22-06-2016,56.30000
21-06-2016,56.31000
20-06-2016,56.22000
17-06-2016,56.08000
16-06-2016,56.01000
15-06-2016,56.37000
14-06-2016,55.96000
13-06-2016,55.89000
10-06-2016,56.20000
09-06-2016,56.51000
08-06-2016,56.84000
07-06-2016,56.69000
06-06-2016,56.23000
03-06-2016,56.16000
02-06-2016,56.05000
01-06-2016,55.75000
31-05-2016,55.56000
30-05-2016,55.65000
27-05-2016,55.50000
26-05-2016,55.23000
25-05-2016,54.68000
24-05-2016,53.84000
23-05-2016,53.91000
20-05-2016,54.17000
19-05-2016,54.36000
18-05-2016,54.90000
17-05-2016,55.09000
16-05-2016,55.04000
13-05-2016,54.68000
12-05-2016,54.81000
11-05-2016,54.55000
10-05-2016,54.43000
09-05-2016,54.40000
06-05-2016,53.31000
05-05-2016,53.15000
04-05-2016,52.90000
03-05-2016,53.25000
02-05-2016,53.48000
29-04-2016,53.61000
28-04-2016,53.37000
27-04-2016,54.00000
26-04-2016,53.83000
25-04-2016,53.20000
22-04-2016,53.48000
21-04-2016,53.45000
20-04-2016,53.59000
18-04-2016,53.55000
13-04-2016,53.26000
12-04-2016,52.46000
11-04-2016,52.00000
08-04-2016,51.49000
07-04-2016,51.22000
06-04-2016,51.51000
05-04-2016,51.27000
04-04-2016,52.13000
01-04-2016,51.71000
31-03-2016,51.55000
30-03-2016,51.19000
29-03-2016,50.52000
28-03-2016,50.50000
23-03-2016,51.20000
22-03-2016,51.29000
21-03-2016,51.31000
18-03-2016,50.79000
17-03-2016,50.26000
16-03-2016,50.25000
15-03-2016,50.23000
14-03-2016,50.69000
11-03-2016,50.40000
10-03-2016,50.16000
09-03-2016,50.26000
08-03-2016,49.94000
04-03-2016,49.97000
03-03-2016,49.97000
02-03-2016,49.55000
01-03-2016,48.78000
29-02-2016,47.38000
26-02-2016,47.55000
25-02-2016,47.37000
24-02-2016,47.84000
23-02-2016,48.33000
22-02-2016,48.94000
19-02-2016,48.71000
18-02-2016,48.72000
17-02-2016,48.41000
16-02-2016,48.15000
15-02-2016,48.80000
12-02-2016,47.79000
11-02-2016,47.91000
10-02-2016,49.35000
09-02-2016,50.01000
08-02-2016,50.43000
05-02-2016,50.72000
04-02-2016,49.96000
03-02-2016,49.99000
02-02-2016,50.49000
01-02-2016,51.04000
29-01-2016,50.74000
28-01-2016,50.08000
27-01-2016,50.15000
25-01-2016,50.12000
22-01-2016,50.00000
21-01-2016,49.04000
20-01-2016,49.17000
19-01-2016,49.83000
18-01-2016,49.39000
15-01-2016,50.56000
14-01-2016,51.39000
13-01-2016,51.87000
12-01-2016,51.90000
11-01-2016,52.25000
08-01-2016,52.46000
07-01-2016,52.16000
06-01-2016,53.36000
05-01-2016,53.68000
04-01-2016,53.61000
01-01-2016,54.35000
31-12-2015,54.22000
30-12-2015,53.74000
29-12-2015,53.79000
28-12-2015,53.80000
24-12-2015,53.56000
23-12-2015,53.33000
22-12-2015,52.64000
21-12-2015,52.83000
18-12-2015,52.46000
17-12-2015,52.67000
16-12-2015,52.12000
15-12-2015,52.00000
14-12-2015,51.48000
11-12-2015,51.30000
10-12-2015,51.69000
09-12-2015,51.27000
08-12-2015,52.07000
07-12-2015,52.45000
04-12-2015,52.42000
03-12-2015,52.76000
02-12-2015,52.98000
01-12-2015,53.02000
30-11-2015,52.99000
27-11-2015,53.07000
26-11-2015,52.92000
24-11-2015,52.74000
23-11-2015,52.93000
20-11-2015,52.92000
19-11-2015,52.72000
18-11-2015,51.97000
17-11-2015,52.16000
16-11-2015,51.92000
13-11-2015,51.84000
10-11-2015,52.00000
09-11-2015,52.54000
06-11-2015,52.57000
05-11-2015,52.86000
04-11-2015,53.34000
03-11-2015,53.47000
02-11-2015,53.30000
30-10-2015,53.56000
29-10-2015,53.62000
28-10-2015,53.89000
27-10-2015,54.19000
26-10-2015,54.22000
23-10-2015,54.48000
21-10-2015,54.51000
20-10-2015,54.72000
19-10-2015,54.64000
16-10-2015,54.36000
15-10-2015,54.11000
14-10-2015,53.77000
13-10-2015,53.74000
12-10-2015,53.91000
09-10-2015,54.25000
08-10-2015,54.36000
07-10-2015,54.66000
06-10-2015,54.47000
05-10-2015,54.28000
01-10-2015,53.49000
30-09-2015,53.36000
29-09-2015,52.77000
28-09-2015,52.40000
24-09-2015,52.85000
23-09-2015,52.67000
22-09-2015,52.52000
21-09-2015,53.22000
18-09-2015,53.00000
16-09-2015,52.56000
15-09-2015,52.59000
14-09-2015,52.73000
11-09-2015,52.27000
10-09-2015,52.07000
09-09-2015,52.17000
08-09-2015,51.35000
07-09-2015,51.02000
04-09-2015,52.01000
03-09-2015,52.94000
02-09-2015,52.35000
01-09-2015,52.66000
31-08-2015,53.79000
28-08-2015,53.88000
27-08-2015,53.87000
26-08-2015,52.75000
25-08-2015,53.11000
24-08-2015,52.62000
21-08-2015,56.12000
20-08-2015,56.57000
19-08-2015,57.10000
18-08-2015,56.95000
17-08-2015,56.86000
14-08-2015,56.91000
13-08-2015,55.88000
12-08-2015,55.79000
11-08-2015,56.79000
10-08-2015,56.87000
07-08-2015,57.01000
06-08-2015,57.11000
05-08-2015,57.09000
04-08-2015,56.61000
03-08-2015,56.41000
31-07-2015,56.18000
30-07-2015,55.68000
29-07-2015,55.24000
28-07-2015,54.90000
27-07-2015,54.87000
24-07-2015,55.61000
23-07-2015,55.82000
22-07-2015,55.91000
21-07-2015,55.54000
20-07-2015,56.53000
17-07-2015,56.52000
16-07-2015,56.25000
15-07-2015,55.88000
14-07-2015,55.53000
13-07-2015,55.55000
10-07-2015,54.84000
09-07-2015,54.75000
08-07-2015,54.95000
07-07-2015,55.65000
06-07-2015,55.43000
03-07-2015,54.99000
02-07-2015,54.79000
01-07-2015,54.48000
30-06-2015,54.17000
29-06-2015,53.51000
26-06-2015,54.03000
25-06-2015,54.02000
24-06-2015,53.79000
23-06-2015,53.80000
22-06-2015,53.82000
19-06-2015,53.17000
18-06-2015,53.02000
17-06-2015,52.64000
16-06-2015,52.04000
15-06-2015,51.86000
12-06-2015,51.75000
11-06-2015,51.51000
10-06-2015,52.29000
09-06-2015,51.87000
08-06-2015,52.04000
05-06-2015,52.96000
04-06-2015,52.86000
03-06-2015,52.71000
02-06-2015,53.24000
01-06-2015,54.70000
29-05-2015,54.66000
28-05-2015,53.76000
27-05-2015,53.66000
26-05-2015,53.60000
25-05-2015,53.64000
22-05-2015,53.62000
21-05-2015,53.30000
20-05-2015,53.44000
19-05-2015,53.24000
18-05-2015,53.28000
15-05-2015,52.79000
14-05-2015,52.26000
13-05-2015,51.97000
12-05-2015,51.16000
11-05-2015,52.02000
08-05-2015,51.00000
07-05-2015,50.17000
06-05-2015,50.90000
05-05-2015,52.33000
04-05-2015,52.07000
30-04-2015,51.43000
29-04-2015,51.62000
28-04-2015,51.55000
27-04-2015,50.78000
24-04-2015,51.48000
23-04-2015,52.00000
22-04-2015,51.96000
21-04-2015,51.93000
20-04-2015,52.38000
17-04-2015,53.48000
16-04-2015,54.37000
15-04-2015,54.79000
13-04-2015,55.18000
10-04-2015,55.28000
09-04-2015,55.29000
08-04-2015,55.04000
07-04-2015,54.74000
06-04-2015,54.55000
01-04-2015,54.21000
31-03-2015,53.61000
30-03-2015,53.64000
27-03-2015,52.98000
26-03-2015,52.90000
25-03-2015,53.43000
24-03-2015,53.39000
23-03-2015,53.47000
20-03-2015,53.93000
19-03-2015,54.60000
18-03-2015,54.90000
17-03-2015,54.83000
16-03-2015,54.17000
13-03-2015,54.24000
12-03-2015,54.99000
11-03-2015,54.52000
10-03-2015,54.73000
09-03-2015,54.72000
05-03-2015,55.58000
04-03-2015,55.04000
03-03-2015,55.10000
02-03-2015,54.86000
27-02-2015,53.67000
26-02-2015,52.93000
25-02-2015,53.36000
24-02-2015,53.51000
23-02-2015,53.60000
20-02-2015,54.03000
19-02-2015,54.27000
18-02-2015,54.34000
16-02-2015,53.87000
13-02-2015,54.09000
12-02-2015,53.66000
11-02-2015,53.27000
10-02-2015,52.60000
09-02-2015,52.26000
06-02-2015,52.66000
05-02-2015,53.20000
04-02-2015,53.46000
03-02-2015,53.76000
02-02-2015,53.88000
30-01-2015,53.89000
29-01-2015,54.56000
28-01-2015,54.39000
27-01-2015,54.39000
23-01-2015,53.64000
22-01-2015,53.64000
21-01-2015,53.42000
20-01-2015,53.33000
19-01-2015,52.81000
16-01-2015,52.45000
15-01-2015,52.11000
14-01-2015,51.43000
13-01-2015,51.56000
12-01-2015,51.41000
09-01-2015,50.94000
08-01-2015,50.85000
07-01-2015,50.16000
06-01-2015,50.03000
05-01-2015,51.21000
02-01-2015,51.21000
01-01-2015,50.77000
31-12-2014,50.43000
30-12-2014,50.17000
29-12-2014,49.99000
26-12-2014,49.64000
24-12-2014,49.51000
23-12-2014,49.76000
22-12-2014,49.85000
19-12-2014,49.17000
18-12-2014,49.04000
17-12-2014,47.90000
16-12-2014,48.31000
15-12-2014,49.29000
12-12-2014,49.11000
11-12-2014,49.29000
10-12-2014,49.46000
09-12-2014,49.28000
08-12-2014,49.91000
05-12-2014,50.29000
04-12-2014,50.38000
03-12-2014,50.05000
02-12-2014,49.27000
01-12-2014,49.04000
28-11-2014,48.83000
27-11-2014,48.18000
26-11-2014,48.06000
25-11-2014,47.91000
24-11-2014,48.55000
21-11-2014,48.34000
20-11-2014,48.03000
19-11-2014,48.20000
18-11-2014,48.19000
17-11-2014,48.19000
14-11-2014,47.99000
13-11-2014,47.61000
12-11-2014,47.53000
11-11-2014,47.35000
10-11-2014,47.05000
07-11-2014,46.94000
05-11-2014,46.76000
03-11-2014,46.71000
31-10-2014,46.62000
30-10-2014,46.02000
29-10-2014,45.70000
28-10-2014,45.46000
27-10-2014,45.41000
22-10-2014,45.24000
21-10-2014,44.78000
20-10-2014,44.39000
17-10-2014,43.89000
16-10-2014,43.23000
14-10-2014,43.87000
13-10-2014,44.02000
10-10-2014,43.82000
09-10-2014,44.33000
08-10-2014,43.51000
07-10-2014,43.53000
01-10-2014,44.02000
30-09-2014,44.16000
29-09-2014,43.87000
26-09-2014,43.59000
25-09-2014,43.30000
24-09-2014,43.87000
23-09-2014,44.13000
22-09-2014,44.81000
19-09-2014,44.92000
18-09-2014,44.68000
17-09-2014,44.04000
16-09-2014,43.95000
15-09-2014,45.01000
12-09-2014,44.81000
11-09-2014,44.45000
10-09-2014,44.32000
09-09-2014,44.21000
08-09-2014,44.14000
05-09-2014,43.77000
04-09-2014,43.79000
03-09-2014,43.80000
02-09-2014,43.32000
01-09-2014,43.15000
28-08-2014,42.52000
27-08-2014,42.54000
26-08-2014,42.44000
25-08-2014,42.32000
22-08-2014,42.46000
21-08-2014,42.31000
20-08-2014,42.21000
19-08-2014,42.07000
18-08-2014,41.69000
14-08-2014,41.11000
13-08-2014,40.70000
12-08-2014,40.84000
11-08-2014,40.37000
08-08-2014,40.24000
07-08-2014,40.84000
06-08-2014,40.93000
05-08-2014,41.09000
04-08-2014,40.87000
01-08-2014,40.64000
31-07-2014,40.99000
30-07-2014,41.14000
28-07-2014,40.75000
25-07-2014,40.98000
24-07-2014,41.09000
23-07-2014,41.31000
22-07-2014,41.59000
21-07-2014,41.56000
18-07-2014,41.21000
17-07-2014,41.10000
16-07-2014,40.89000
15-07-2014,40.43000
14-07-2014,39.85000
11-07-2014,39.97000
10-07-2014,40.47000
09-07-2014,40.32000
08-07-2014,40.79000
07-07-2014,41.58000
04-07-2014,41.66000
03-07-2014,41.33000
02-07-2014,41.20000
01-07-2014,40.58000
30-06-2014,40.23000
27-06-2014,39.77000
26-06-2014,39.64000
25-06-2014,39.58000
24-06-2014,39.32000
23-06-2014,39.11000
20-06-2014,38.91000
19-06-2014,38.81000
18-06-2014,38.93000
17-06-2014,39.01000
16-06-2014,38.62000
13-06-2014,38.71000
12-06-2014,39.33000
11-06-2014,39.03000
10-06-2014,39.16000
09-06-2014,39.20000
06-06-2014,38.79000
05-06-2014,38.42000
04-06-2014,38.38000
03-06-2014,38.06000
02-06-2014,37.87000
30-05-2014,37.46000
29-05-2014,37.37000
28-05-2014,37.69000
27-05-2014,37.47000
26-05-2014,37.58000
23-05-2014,38.16000
22-05-2014,38.04000
21-05-2014,37.57000
20-05-2014,37.16000
19-05-2014,36.65000
16-05-2014,36.30000
15-05-2014,35.84000
14-05-2014,36.07000
13-05-2014,36.06000
12-05-2014,35.70000
09-05-2014,35.32000
08-05-2014,34.76000
07-05-2014,34.75000
06-05-2014,34.91000
05-05-2014,34.90000
02-05-2014,34.98000
30-04-2014,34.93000
29-04-2014,34.99000
28-04-2014,35.30000
25-04-2014,35.39000
23-04-2014,35.55000
22-04-2014,35.34000
21-04-2014,35.36000
17-04-2014,35.14000
16-04-2014,34.80000
15-04-2014,34.98000
11-04-2014,35.13000
10-04-2014,35.32000
09-04-2014,35.37000
07-04-2014,34.85000
04-04-2014,35.05000
03-04-2014,35.19000
02-04-2014,35.20000
01-04-2014,34.91000
31-03-2014,34.92000
28-03-2014,34.75000
27-03-2014,34.61000
26-03-2014,34.37000
25-03-2014,34.49000
24-03-2014,34.43000
21-03-2014,34.14000
20-03-2014,33.94000
19-03-2014,34.09000
18-03-2014,33.94000
14-03-2014,33.67000
13-03-2014,33.81000
12-03-2014,33.87000
11-03-2014,33.77000
10-03-2014,33.83000
07-03-2014,33.71000
06-03-2014,33.32000
05-03-2014,33.05000
04-03-2014,32.75000
03-03-2014,32.51000
28-02-2014,32.55000
26-02-2014,32.39000
25-02-2014,32.27000
24-02-2014,32.15000
21-02-2014,32.02000
20-02-2014,31.80000
19-02-2014,32.00000
18-02-2014,31.91000
17-02-2014,31.67000
14-02-2014,31.66000
13-02-2014,31.61000
12-02-2014,31.89000
11-02-2014,31.91000
10-02-2014,31.97000
07-02-2014,32.09000
06-02-2014,31.94000
05-02-2014,31.92000
04-02-2014,31.92000
03-02-2014,31.76000
31-01-2014,32.00000
30-01-2014,31.84000
29-01-2014,32.11000
28-01-2014,32.04000
27-01-2014,32.12000
24-01-2014,32.76000
23-01-2014,33.04000
22-01-2014,32.97000
21-01-2014,32.81000
20-01-2014,32.80000
17-01-2014,32.63000
16-01-2014,32.90000
15-01-2014,33.14000
14-01-2014,33.00000
13-01-2014,33.18000
10-01-2014,33.12000
09-01-2014,33.28000
08-01-2014,33.38000
07-01-2014,33.22000
06-01-2014,33.23000
03-01-2014,33.18000
02-01-2014,33.02000
01-01-2014,33.49000
31-12-2013,33.40000
30-12-2013,33.29000
27-12-2013,33.36000
26-12-2013,33.18000
24-12-2013,33.09000
23-12-2013,33.08000
20-12-2013,33.09000
19-12-2013,32.65000
18-12-2013,32.67000
17-12-2013,32.40000
16-12-2013,32.35000
13-12-2013,32.46000
12-12-2013,32.74000
11-12-2013,32.89000
10-12-2013,32.90000
09-12-2013,33.10000
06-12-2013,32.89000
05-12-2013,32.91000
04-12-2013,32.81000
03-12-2013,32.99000
02-12-2013,33.10000
29-11-2013,32.82000
28-11-2013,32.53000
27-11-2013,32.34000
26-11-2013,32.26000
25-11-2013,32.46000
22-11-2013,32.08000
21-11-2013,32.00000
20-11-2013,32.48000
19-11-2013,32.69000
18-11-2013,32.61000
14-11-2013,32.25000
13-11-2013,31.93000
12-11-2013,32.16000
11-11-2013,32.25000
08-11-2013,32.51000
07-11-2013,32.83000
06-11-2013,33.10000
05-11-2013,33.35000
01-11-2013,33.41000
31-10-2013,33.30000
30-10-2013,33.04000
29-10-2013,32.73000
28-10-2013,32.22000
25-10-2013,32.53000
24-10-2013,32.67000
23-10-2013,32.69000
22-10-2013,32.72000
21-10-2013,32.59000
18-10-2013,32.32000
17-10-2013,31.79000
15-10-2013,31.84000
14-10-2013,32.25000
11-10-2013,32.16000
10-10-2013,32.09000
09-10-2013,31.97000
08-10-2013,31.70000
07-10-2013,31.62000
04-10-2013,31.61000
03-10-2013,31.56000
01-10-2013,31.05000
30-09-2013,30.79000
27-09-2013,31.02000
26-09-2013,30.95000
25-09-2013,30.79000
24-09-2013,30.77000
23-09-2013,30.59000
20-09-2013,31.07000
19-09-2013,31.46000
18-09-2013,30.70000
17-09-2013,30.45000
16-09-2013,30.72000
13-09-2013,30.58000
12-09-2013,30.58000
11-09-2013,30.67000
10-09-2013,30.31000
06-09-2013,29.55000
05-09-2013,29.30000
04-09-2013,28.59000
03-09-2013,28.19000
02-09-2013,28.98000
30-08-2013,28.53000
29-08-2013,28.31000
28-08-2013,27.69000
27-08-2013,28.13000
26-08-2013,29.02000
23-08-2013,28.90000
22-08-2013,28.58000
21-08-2013,28.45000
20-08-2013,28.73000
19-08-2013,28.97000
16-08-2013,29.59000
14-08-2013,30.54000
13-08-2013,30.48000
12-08-2013,30.00000
08-08-2013,29.66000
07-08-2013,29.47000
06-08-2013,29.58000
05-08-2013,30.40000
02-08-2013,30.43000
01-08-2013,30.67000
31-07-2013,30.89000
30-07-2013,30.82000
29-07-2013,31.32000
26-07-2013,31.58000
25-07-2013,31.83000
24-07-2013,31.94000
23-07-2013,32.48000
22-07-2013,32.39000
19-07-2013,32.32000
18-07-2013,32.58000
17-07-2013,32.28000
16-07-2013,32.42000
15-07-2013,32.94000
12-07-2013,32.73000
11-07-2013,32.53000
10-07-2013,32.18000
09-07-2013,32.26000
08-07-2013,31.98000
05-07-2013,32.08000
04-07-2013,32.00000
03-07-2013,31.70000
02-07-2013,31.97000
01-07-2013,32.01000
28-06-2013,31.44000
27-06-2013,30.80000
26-06-2013,30.48000
25-06-2013,30.57000
24-06-2013,30.67000
21-06-2013,31.18000
20-06-2013,31.32000
19-06-2013,31.96000
18-06-2013,31.80000
17-06-2013,31.78000
14-06-2013,31.55000
13-06-2013,31.19000
12-06-2013,31.58000
11-06-2013,31.71000
10-06-2013,32.28000
07-06-2013,32.63000
06-06-2013,33.01000
05-06-2013,32.91000
04-06-2013,32.79000
03-06-2013,32.90000
31-05-2013,32.86000
30-05-2013,33.20000
29-05-2013,33.09000
28-05-2013,33.10000
27-05-2013,32.96000
24-05-2013,32.42000
23-05-2013,32.21000
22-05-2013,32.66000
21-05-2013,32.79000
20-05-2013,32.99000
17-05-2013,33.21000
16-05-2013,33.30000
15-05-2013,33.18000
14-05-2013,32.64000
13-05-2013,32.37000
10-05-2013,32.62000
09-05-2013,32.33000
08-05-2013,32.48000
07-05-2013,32.36000
06-05-2013,32.03000
03-05-2013,31.89000
02-05-2013,31.97000
30-04-2013,31.63000
29-04-2013,31.40000
26-04-2013,31.27000
25-04-2013,31.31000
23-04-2013,30.88000
22-04-2013,30.94000
18-04-2013,30.54000
17-04-2013,30.04000
16-04-2013,29.79000
15-04-2013,29.38000
12-04-2013,29.33000
11-04-2013,29.35000
10-04-2013,29.18000
09-04-2013,29.00000
08-04-2013,29.20000
05-04-2013,29.22000
04-04-2013,29.21000
03-04-2013,29.66000
02-04-2013,29.94000
01-04-2013,29.58000
28-03-2013,29.40000
26-03-2013,29.00000
25-03-2013,28.99000
22-03-2013,29.21000
21-03-2013,29.36000
20-03-2013,29.56000
19-03-2013,29.93000
18-03-2013,30.36000
15-03-2013,30.49000
14-03-2013,30.62000
13-03-2013,30.33000
12-03-2013,30.63000
11-03-2013,30.82000
08-03-2013,30.78000
07-03-2013,30.43000
06-03-2013,30.35000
05-03-2013,30.12000
04-03-2013,29.74000
01-03-2013,29.92000
28-02-2013,29.72000
27-02-2013,30.31000
26-02-2013,30.03000
25-02-2013,30.54000
22-02-2013,30.66000
21-02-2013,30.70000
20-02-2013,31.19000
19-02-2013,31.21000
18-02-2013,30.97000
15-02-2013,30.93000
14-02-2013,30.96000
13-02-2013,31.16000
12-02-2013,31.18000
11-02-2013,31.07000
08-02-2013,31.07000
07-02-2013,31.27000
06-02-2013,31.41000
05-02-2013,31.42000
04-02-2013,31.61000
01-02-2013,31.73000
31-01-2013,31.66000
30-01-2013,31.58000
29-01-2013,31.48000
28-01-2013,31.51000
25-01-2013,31.52000
24-01-2013,31.18000
23-01-2013,31.57000
22-01-2013,31.57000
21-01-2013,31.58000
18-01-2013,31.65000
17-01-2013,31.75000
16-01-2013,31.76000
15-01-2013,32.05000
14-01-2013,31.94000
11-01-2013,31.73000
10-01-2013,32.19000
09-01-2013,32.26000
08-01-2013,32.32000
07-01-2013,32.20000
04-01-2013,32.25000
03-01-2013,32.35000
02-01-2013,32.32000
01-01-2013,32.16000
31-12-2012,31.87000
28-12-2012,31.81000
27-12-2012,31.61000
26-12-2012,31.71000
24-12-2012,31.53000
21-12-2012,31.38000
20-12-2012,31.80000
19-12-2012,31.86000
18-12-2012,31.66000
17-12-2012,31.50000
14-12-2012,31.36000
13-12-2012,31.27000
12-12-2012,31.32000
11-12-2012,31.24000
10-12-2012,31.39000
07-12-2012,31.39000
06-12-2012,31.49000
05-12-2012,31.40000
04-12-2012,31.25000
03-12-2012,31.20000
30-11-2012,30.90000
29-11-2012,30.72000
27-11-2012,30.29000
26-11-2012,29.99000
23-11-2012,29.59000
22-11-2012,29.42000
21-11-2012,29.32000
20-11-2012,29.02000
19-11-2012,28.96000
16-11-2012,29.14000
15-11-2012,29.43000
12-11-2012,29.31000
09-11-2012,29.28000
08-11-2012,29.41000
07-11-2012,29.52000
06-11-2012,29.39000
05-11-2012,29.25000
02-11-2012,29.15000
01-11-2012,29.06000
31-10-2012,28.86000
30-10-2012,28.57000
29-10-2012,28.75000
26-10-2012,28.96000
25-10-2012,29.21000
23-10-2012,29.14000
22-10-2012,29.14000
19-10-2012,29.08000
18-10-2012,29.33000
17-10-2012,29.11000
16-10-2012,29.00000
15-10-2012,29.08000
12-10-2012,29.03000
11-10-2012,28.90000
10-10-2012,28.75000
09-10-2012,29.00000
08-10-2012,28.80000
05-10-2012,28.86000
04-10-2012,29.00000
03-10-2012,28.88000
01-10-2012,28.81000
28-09-2012,28.69000
27-09-2012,28.44000
26-09-2012,28.25000
25-09-2012,28.09000
24-09-2012,27.96000
21-09-2012,28.01000
20-09-2012,27.56000
18-09-2012,27.76000
17-09-2012,27.90000
14-09-2012,27.78000
13-09-2012,27.49000
12-09-2012,27.44000
11-09-2012,27.20000
10-09-2012,27.14000
07-09-2012,26.93000
06-09-2012,26.68000
05-09-2012,26.55000
04-09-2012,26.75000
03-09-2012,26.66000
31-08-2012,26.62000
30-08-2012,26.64000
29-08-2012,26.42000
28-08-2012,26.50000
27-08-2012,26.61000
24-08-2012,26.73000
23-08-2012,26.82000
22-08-2012,26.80000
21-08-2012,26.72000
17-08-2012,26.66000
16-08-2012,26.65000
14-08-2012,26.79000
13-08-2012,26.69000
10-08-2012,26.54000
09-08-2012,26.58000
08-08-2012,26.53000
07-08-2012,26.58000
06-08-2012,26.42000
03-08-2012,26.32000
02-08-2012,26.21000
01-08-2012,26.19000
31-07-2012,25.94000
30-07-2012,25.74000
27-07-2012,25.38000
26-07-2012,25.33000
25-07-2012,25.57000
24-07-2012,25.60000
23-07-2012,25.50000
20-07-2012,25.80000
19-07-2012,25.77000
18-07-2012,25.69000
17-07-2012,25.57000
16-07-2012,25.62000
13-07-2012,25.68000
12-07-2012,25.68000
11-07-2012,25.76000
10-07-2012,25.84000
09-07-2012,25.67000
06-07-2012,25.83000
05-07-2012,25.88000
04-07-2012,25.60000
03-07-2012,25.52000
02-07-2012,25.36000
29-06-2012,25.35000
28-06-2012,24.91000
27-06-2012,24.87000
26-06-2012,24.80000
25-06-2012,24.75000
22-06-2012,24.83000
21-06-2012,24.78000
20-06-2012,24.58000
19-06-2012,24.37000
18-06-2012,24.34000
15-06-2012,24.65000
14-06-2012,24.48000
13-06-2012,24.76000
12-06-2012,24.73000
11-06-2012,24.63000
08-06-2012,24.72000
07-06-2012,24.64000
06-06-2012,24.34000
05-06-2012,23.96000
04-06-2012,23.94000
01-06-2012,24.11000
31-05-2012,24.46000
30-05-2012,24.42000
29-05-2012,24.81000
28-05-2012,24.87000
25-05-2012,24.61000
24-05-2012,24.56000
23-05-2012,24.28000
22-05-2012,24.40000
21-05-2012,24.63000
18-05-2012,24.53000
17-05-2012,24.57000
16-05-2012,24.52000
15-05-2012,24.85000
14-05-2012,24.69000
11-05-2012,24.83000
10-05-2012,24.95000
09-05-2012,24.84000
08-05-2012,24.94000
07-05-2012,25.26000
04-05-2012,25.25000
03-05-2012,25.63000
02-05-2012,25.83000
30-04-2012,25.65000
27-04-2012,25.50000
26-04-2012,25.49000
25-04-2012,25.55000
24-04-2012,25.60000
23-04-2012,25.55000
20-04-2012,25.95000
19-04-2012,26.10000
18-04-2012,25.87000
17-04-2012,25.59000
16-04-2012,25.43000
13-04-2012,25.34000
12-04-2012,25.27000
11-04-2012,25.10000
10-04-2012,25.18000
09-04-2012,25.12000
04-04-2012,25.35000
03-04-2012,25.43000
02-04-2012,25.26000
30-03-2012,25.07000
29-03-2012,24.64000
28-03-2012,24.59000
27-03-2012,24.69000
26-03-2012,24.55000
23-03-2012,24.84000
22-03-2012,24.55000
21-03-2012,24.88000
20-03-2012,24.48000
19-03-2012,24.43000
16-03-2012,24.52000
15-03-2012,24.66000
14-03-2012,24.87000
13-03-2012,24.78000
12-03-2012,24.59000
09-03-2012,24.45000
07-03-2012,24.04000
06-03-2012,24.00000
05-03-2012,24.12000
02-03-2012,24.37000
01-03-2012,24.28000
29-02-2012,24.35000
28-02-2012,24.22000
27-02-2012,23.79000
24-02-2012,24.27000
23-02-2012,24.42000
22-02-2012,24.56000
21-02-2012,24.96000
17-02-2012,24.82000
16-02-2012,24.82000
15-02-2012,24.90000
14-02-2012,24.55000
13-02-2012,24.38000
10-02-2012,24.42000
09-02-2012,24.39000
08-02-2012,24.11000
07-02-2012,24.00000
06-02-2012,24.15000
03-02-2012,23.99000
02-02-2012,23.71000
01-02-2012,23.64000
31-01-2012,23.57000
30-01-2012,23.11000
27-01-2012,23.36000
25-01-2012,23.26000
24-01-2012,23.10000
23-01-2012,22.99000
20-01-2012,22.96000
19-01-2012,22.97000
18-01-2012,22.76000
17-01-2012,22.84000
16-01-2012,22.60000
13-01-2012,22.62000
12-01-2012,22.52000
11-01-2012,22.51000
10-01-2012,22.33000
09-01-2012,22.03000
06-01-2012,22.00000
05-01-2012,22.07000
04-01-2012,22.01000
03-01-2012,22.04000
02-01-2012,21.65000
30-12-2011,21.83000
29-12-2011,21.78000
28-12-2011,21.87000
27-12-2011,22.05000
26-12-2011,22.15000
23-12-2011,21.93000
22-12-2011,22.01000
21-12-2011,21.76000
20-12-2011,21.38000
19-12-2011,21.69000
16-12-2011,22.03000
15-12-2011,22.37000
14-12-2011,22.42000
13-12-2011,22.51000
12-12-2011,22.46000
09-12-2011,22.87000
08-12-2011,23.14000
07-12-2011,23.55000
05-12-2011,23.69000
02-12-2011,23.74000
01-12-2011,23.39000
30-11-2011,23.24000
29-11-2011,23.21000
28-11-2011,23.38000
25-11-2011,23.05000
24-11-2011,23.02000
23-11-2011,22.79000
22-11-2011,23.19000
21-11-2011,23.20000
18-11-2011,23.58000
17-11-2011,23.65000
16-11-2011,23.87000
15-11-2011,23.94000
14-11-2011,24.31000
11-11-2011,24.36000
09-11-2011,24.54000
08-11-2011,24.61000
04-11-2011,24.69000
03-11-2011,24.54000
02-11-2011,24.54000
01-11-2011,24.57000
31-10-2011,24.71000
28-10-2011,24.60000
25-10-2011,24.03000
24-10-2011,23.94000
21-10-2011,23.81000
20-10-2011,23.94000
19-10-2011,24.03000
18-10-2011,23.70000
17-10-2011,23.92000
14-10-2011,23.84000
13-10-2011,23.69000
12-10-2011,23.76000
11-10-2011,23.48000
10-10-2011,23.37000
07-10-2011,23.07000
05-10-2011,22.71000
04-10-2011,22.84000
03-10-2011,23.15000
30-09-2011,23.51000
29-09-2011,23.61000
28-09-2011,23.50000
27-09-2011,23.66000
26-09-2011,23.34000
23-09-2011,23.66000
22-09-2011,23.80000
21-09-2011,24.49000
20-09-2011,24.39000
19-09-2011,24.13000
16-09-2011,24.24000
15-09-2011,24.21000
14-09-2011,24.14000
13-09-2011,24.08000
12-09-2011,24.14000
09-09-2011,24.53000
08-09-2011,24.75000
07-09-2011,24.86000
06-09-2011,24.61000
05-09-2011,24.56000
02-09-2011,24.58000
30-08-2011,24.37000
29-08-2011,24.02000
26-08-2011,23.55000
25-08-2011,23.99000
24-08-2011,24.18000
23-08-2011,24.38000
22-08-2011,24.16000
19-08-2011,23.86000
18-08-2011,24.23000
17-08-2011,24.69000
16-08-2011,24.79000
12-08-2011,24.91000
11-08-2011,25.22000
10-08-2011,25.18000
09-08-2011,24.94000
08-08-2011,25.05000
05-08-2011,25.36000
04-08-2011,25.65000
03-08-2011,25.77000
02-08-2011,25.79000
01-08-2011,26.03000
29-07-2011,25.93000
28-07-2011,25.82000
27-07-2011,26.00000
26-07-2011,25.93000
25-07-2011,26.27000
22-07-2011,26.15000
21-07-2011,25.79000
20-07-2011,26.00000
19-07-2011,26.44000
18-07-2011,26.34000
15-07-2011,26.37000
14-07-2011,26.36000
13-07-2011,26.27000
12-07-2011,25.97000
11-07-2011,26.29000
08-07-2011,26.28000
07-07-2011,26.50000
06-07-2011,26.16000
05-07-2011,26.12000
04-07-2011,26.12000
01-07-2011,25.89000
30-06-2011,25.72000
29-06-2011,25.65000
28-06-2011,25.35000
27-06-2011,25.23000
24-06-2011,24.89000
23-06-2011,24.29000
22-06-2011,24.30000
21-06-2011,24.39000
20-06-2011,24.37000
17-06-2011,24.71000
16-06-2011,24.93000
15-06-2011,25.10000
14-06-2011,25.14000
13-06-2011,24.90000
10-06-2011,24.78000
09-06-2011,24.71000
08-06-2011,24.70000
07-06-2011,24.67000
06-06-2011,24.53000
03-06-2011,24.45000
02-06-2011,24.50000
01-06-2011,24.60000
31-05-2011,24.50000
30-05-2011,24.15000
27-05-2011,24.08000
26-05-2011,23.83000
25-05-2011,23.74000
24-05-2011,23.74000
23-05-2011,23.59000
20-05-2011,23.88000
19-05-2011,23.70000
18-05-2011,23.79000
17-05-2011,23.89000
16-05-2011,24.01000
13-05-2011,24.10000
12-05-2011,23.75000
11-05-2011,24.02000
10-05-2011,23.95000
09-05-2011,23.99000
06-05-2011,23.94000
05-05-2011,23.48000
04-05-2011,23.74000
03-05-2011,23.83000
02-05-2011,24.32000
29-04-2011,24.53000
28-04-2011,24.64000
27-04-2011,24.66000
26-04-2011,24.64000
25-04-2011,24.71000
21-04-2011,24.64000
20-04-2011,24.68000
19-04-2011,24.35000
18-04-2011,24.31000
15-04-2011,24.58000
13-04-2011,24.64000
11-04-2011,24.28000
08-04-2011,24.44000
07-04-2011,24.58000
06-04-2011,24.36000
05-04-2011,24.34000
04-04-2011,24.21000
01-04-2011,23.78000
31-03-2011,23.63000
30-03-2011,23.79000
29-03-2011,23.37000
28-03-2011,23.11000
25-03-2011,23.10000
24-03-2011,22.70000
23-03-2011,22.39000
22-03-2011,22.15000
21-03-2011,21.91000
18-03-2011,21.96000
17-03-2011,22.22000
16-03-2011,22.33000
15-03-2011,22.07000
14-03-2011,22.31000
11-03-2011,22.19000
10-03-2011,22.34000
09-03-2011,22.42000
08-03-2011,22.27000
07-03-2011,22.06000
04-03-2011,22.38000
03-03-2011,22.43000
01-03-2011,22.37000
28-02-2011,21.70000
25-02-2011,21.63000
24-02-2011,21.44000
23-02-2011,22.02000
22-02-2011,22.10000
21-02-2011,22.34000
18-02-2011,22.28000
17-02-2011,22.65000
16-02-2011,22.35000
15-02-2011,22.20000
14-02-2011,22.23000
11-02-2011,21.53000
10-02-2011,20.85000
09-02-2011,20.92000
08-02-2011,21.27000
07-02-2011,21.81000
04-02-2011,22.03000
03-02-2011,22.51000
02-02-2011,22.32000
01-02-2011,22.39000
31-01-2011,22.70000
28-01-2011,22.82000
27-01-2011,23.42000
25-01-2011,23.92000
24-01-2011,24.20000
21-01-2011,23.95000
20-01-2011,23.87000
19-01-2011,23.73000
18-01-2011,23.76000
17-01-2011,23.59000
14-01-2011,23.72000
13-01-2011,24.16000
12-01-2011,24.40000
11-01-2011,24.01000
10-01-2011,24.12000
07-01-2011,24.76000
06-01-2011,25.28000
05-01-2011,25.46000
04-01-2011,25.72000
03-01-2011,25.70000
31-12-2010,25.53000
30-12-2010,25.26000
29-12-2010,25.12000
28-12-2010,24.92000
27-12-2010,24.90000
24-12-2010,24.94000
23-12-2010,25.00000
22-12-2010,25.05000
21-12-2010,25.04000
20-12-2010,24.91000
16-12-2010,24.85000
15-12-2010,24.88000
14-12-2010,25.24000
13-12-2010,25.04000
10-12-2010,24.67000
09-12-2010,24.25000
08-12-2010,25.06000
07-12-2010,25.41000
06-12-2010,25.59000
03-12-2010,25.61000
02-12-2010,25.94000
01-12-2010,25.60000
30-11-2010,24.99000
29-11-2010,24.77000
26-11-2010,24.72000
25-11-2010,25.09000
24-11-2010,25.38000
23-11-2010,25.62000
22-11-2010,25.96000
19-11-2010,25.56000
18-11-2010,25.93000
16-11-2010,25.86000
15-11-2010,26.23000
12-11-2010,26.24000
11-11-2010,26.60000
10-11-2010,26.88000
09-11-2010,26.76000
08-11-2010,26.70000
04-11-2010,26.65000
03-11-2010,26.38000
02-11-2010,26.30000
01-11-2010,26.27000
29-10-2010,25.94000
28-10-2010,25.88000
27-10-2010,25.95000
26-10-2010,26.30000
25-10-2010,26.22000
22-10-2010,26.10000
21-10-2010,26.11000
20-10-2010,25.80000
19-10-2010,25.83000
18-10-2010,25.92000
15-10-2010,26.11000
14-10-2010,26.45000
13-10-2010,26.48000
12-10-2010,26.34000
11-10-2010,26.46000
08-10-2010,26.40000
07-10-2010,26.58000
06-10-2010,26.71000
05-10-2010,26.55000
04-10-2010,26.43000
01-10-2010,26.46000
30-09-2010,26.06000
29-09-2010,26.06000
28-09-2010,26.21000
27-09-2010,26.23000
24-09-2010,26.23000
23-09-2010,25.97000
22-09-2010,26.03000
21-09-2010,26.21000
20-09-2010,26.49000
17-09-2010,26.27000
16-09-2010,26.03000
15-09-2010,26.25000
14-09-2010,26.15000
13-09-2010,26.09000
09-09-2010,25.79000
08-09-2010,25.77000
07-09-2010,25.81000
06-09-2010,25.72000
03-09-2010,25.33000
02-09-2010,25.14000
01-09-2010,24.90000
31-08-2010,24.62000
30-08-2010,24.68000
27-08-2010,24.60000
26-08-2010,24.90000
25-08-2010,24.86000
24-08-2010,25.07000
23-08-2010,25.05000
20-08-2010,24.95000
19-08-2010,24.95000
18-08-2010,24.74000
17-08-2010,24.44000
16-08-2010,24.43000
13-08-2010,24.45000
12-08-2010,23.92000
11-08-2010,23.98000
10-08-2010,23.82000
09-08-2010,23.97000
06-08-2010,23.62000
05-08-2010,23.51000
04-08-2010,23.61000
03-08-2010,23.56000
02-08-2010,23.40000
30-07-2010,23.22000
29-07-2010,23.21000
28-07-2010,23.15000
27-07-2010,23.13000
26-07-2010,23.09000
23-07-2010,23.13000
22-07-2010,23.12000
21-07-2010,23.00000
20-07-2010,22.94000
19-07-2010,22.97000
16-07-2010,23.03000
15-07-2010,22.89000
14-07-2010,22.75000
13-07-2010,22.80000
12-07-2010,22.63000
09-07-2010,22.61000
08-07-2010,22.42000
07-07-2010,22.27000
06-07-2010,22.32000
05-07-2010,22.12000
02-07-2010,22.09000
01-07-2010,22.12000
30-06-2010,22.20000
29-06-2010,22.02000
28-06-2010,22.13000
25-06-2010,21.96000
24-06-2010,22.16000
23-06-2010,22.04000
22-06-2010,21.82000
21-06-2010,21.86000
18-06-2010,21.62000
17-06-2010,21.71000
16-06-2010,21.72000
15-06-2010,21.53000
14-06-2010,21.52000
11-06-2010,21.32000
10-06-2010,21.31000
09-06-2010,20.79000
08-06-2010,20.72000
07-06-2010,20.77000
04-06-2010,21.05000
03-06-2010,21.00000
02-06-2010,20.78000
01-06-2010,20.64000
31-05-2010,20.95000
28-05-2010,20.84000
27-05-2010,20.55000
26-05-2010,20.24000
25-05-2010,19.98000
24-05-2010,20.50000
21-05-2010,20.51000
20-05-2010,20.81000
19-05-2010,20.83000
18-05-2010,21.39000
17-05-2010,21.40000
14-05-2010,21.49000
13-05-2010,21.58000
12-05-2010,21.26000
11-05-2010,21.13000
10-05-2010,21.24000
07-05-2010,20.69000
06-05-2010,21.10000
05-05-2010,21.23000
04-05-2010,21.21000
03-05-2010,21.51000
30-04-2010,21.59000
29-04-2010,21.45000
28-04-2010,21.38000
27-04-2010,21.60000
26-04-2010,21.49000
23-04-2010,21.48000
22-04-2010,21.46000
21-04-2010,21.52000
20-04-2010,21.21000
19-04-2010,21.03000
16-04-2010,21.32000
15-04-2010,21.32000
13-04-2010,21.33000
12-04-2010,21.33000
09-04-2010,21.34000
08-04-2010,21.10000
07-04-2010,21.17000
06-04-2010,21.21000
05-04-2010,21.06000
01-04-2010,20.68000
31-03-2010,20.51000
30-03-2010,20.54000
29-03-2010,20.47000
26-03-2010,20.46000
25-03-2010,20.24000
23-03-2010,20.22000
22-03-2010,20.21000
19-03-2010,20.44000
18-03-2010,20.30000
17-03-2010,20.17000
16-03-2010,20.20000
15-03-2010,19.96000
12-03-2010,20.04000
11-03-2010,20.18000
10-03-2010,20.18000
09-03-2010,20.16000
08-03-2010,20.30000
05-03-2010,20.21000
04-03-2010,19.94000
03-03-2010,19.92000
02-03-2010,19.69000
26-02-2010,19.30000
25-02-2010,18.97000
24-02-2010,18.85000
23-02-2010,18.93000
22-02-2010,19.03000
19-02-2010,19.15000
18-02-2010,19.31000
17-02-2010,19.42000
16-02-2010,19.24000
15-02-2010,19.09000
11-02-2010,19.21000
10-02-2010,19.06000
09-02-2010,19.16000
08-02-2010,19.05000
05-02-2010,18.81000
04-02-2010,19.22000
03-02-2010,19.51000
02-02-2010,19.26000
01-02-2010,19.54000
29-01-2010,19.25000
28-01-2010,19.10000
27-01-2010,18.98000
25-01-2010,19.74000
22-01-2010,19.92000
21-01-2010,20.17000
20-01-2010,20.56000
19-01-2010,20.38000
18-01-2010,20.58000
15-01-2010,20.39000
14-01-2010,20.36000
13-01-2010,20.19000
12-01-2010,20.13000
11-01-2010,20.25000
08-01-2010,20.08000
07-01-2010,20.15000
06-01-2010,20.23000
05-01-2010,20.23000
04-01-2010,19.99000
31-12-2009,19.87000
30-12-2009,19.83000
29-12-2009,19.81000
24-12-2009,19.62000
23-12-2009,19.58000
22-12-2009,19.41000
21-12-2009,19.25000
18-12-2009,19.28000
17-12-2009,19.47000
16-12-2009,19.20000
15-12-2009,19.23000
14-12-2009,19.54000
11-12-2009,19.59000
10-12-2009,19.55000
09-12-2009,19.48000
08-12-2009,19.59000
07-12-2009,19.40000
04-12-2009,19.47000
03-12-2009,19.42000
02-12-2009,19.35000
01-12-2009,19.29000
30-11-2009,18.91000
27-11-2009,18.73000
26-11-2009,18.97000
25-11-2009,19.21000
24-11-2009,19.18000
23-11-2009,19.22000
20-11-2009,19.04000
19-11-2009,18.94000
18-11-2009,19.26000
17-11-2009,19.36000
16-11-2009,19.44000
13-11-2009,19.07000
12-11-2009,18.96000
11-11-2009,19.13000
10-11-2009,18.74000
09-11-2009,18.83000
06-11-2009,18.43000
05-11-2009,18.11000
04-11-2009,17.87000
03-11-2009,17.46000
30-10-2009,17.90000
29-10-2009,18.00000
28-10-2009,18.21000
27-10-2009,18.37000
26-10-2009,18.97000
23-10-2009,19.00000
22-10-2009,18.84000
21-10-2009,19.02000
20-10-2009,19.24000
16-10-2009,19.12000
15-10-2009,19.18000
14-10-2009,19.14000
12-10-2009,18.93000
09-10-2009,18.57000
08-10-2009,18.61000
07-10-2009,18.51000
06-10-2009,18.45000
05-10-2009,18.46000
01-10-2009,18.81000
30-09-2009,18.97000
29-09-2009,18.82000
25-09-2009,18.69000
24-09-2009,18.63000
23-09-2009,18.54000
22-09-2009,18.77000
18-09-2009,18.64000
17-09-2009,18.55000
16-09-2009,18.44000
15-09-2009,18.29000
14-09-2009,17.96000
11-09-2009,17.95000
10-09-2009,18.00000
09-09-2009,18.10000
08-09-2009,18.26000
07-09-2009,18.38000
04-09-2009,17.99000
03-09-2009,17.85000
02-09-2009,17.86000
01-09-2009,17.94000
31-08-2009,18.01000
28-08-2009,18.14000
27-08-2009,18.01000
26-08-2009,18.04000
25-08-2009,17.90000
24-08-2009,17.86000
21-08-2009,17.43000
20-08-2009,16.99000
19-08-2009,16.82000
18-08-2009,16.97000
17-08-2009,16.70000
14-08-2009,17.39000
13-08-2009,17.46000
12-08-2009,16.87000
11-08-2009,16.84000
10-08-2009,16.66000
07-08-2009,17.02000
06-08-2009,17.47000
05-08-2009,17.91000
04-08-2009,17.78000
03-08-2009,17.76000
31-07-2009,17.54000
30-07-2009,17.39000
29-07-2009,17.32000
28-07-2009,17.58000
27-07-2009,17.47000
24-07-2009,17.25000
23-07-2009,16.96000
22-07-2009,16.65000
21-07-2009,16.74000
20-07-2009,16.83000
17-07-2009,16.46000
16-07-2009,16.11000
15-07-2009,15.96000
14-07-2009,15.57000
13-07-2009,15.09000
10-07-2009,15.28000
09-07-2009,15.56000
08-07-2009,15.42000
07-07-2009,15.85000
06-07-2009,15.59000
03-07-2009,16.31000
02-07-2009,16.22000
01-07-2009,16.30000
30-06-2009,16.11000
29-06-2009,16.47000
26-06-2009,16.36000
25-06-2009,16.13000
24-06-2009,16.19000
23-06-2009,15.96000
22-06-2009,16.04000
19-06-2009,16.08000
18-06-2009,15.88000
17-06-2009,16.17000
16-06-2009,16.56000
15-06-2009,16.31000
12-06-2009,16.57000
11-06-2009,16.87000
10-06-2009,16.96000
09-06-2009,16.62000
08-06-2009,16.20000
05-06-2009,17.00000
04-06-2009,16.89000
03-06-2009,16.74000
02-06-2009,16.35000
01-06-2009,16.21000
29-05-2009,15.89000
28-05-2009,15.63000
27-05-2009,15.68000
26-05-2009,15.27000
25-05-2009,15.67000
22-05-2009,15.40000
21-05-2009,15.35000
20-05-2009,15.31000
19-05-2009,14.93000
15-05-2009,13.62000
14-05-2009,13.50000
13-05-2009,13.44000
12-05-2009,13.49000
11-05-2009,13.31000
08-05-2009,13.47000
07-05-2009,13.54000
06-05-2009,13.41000
05-05-2009,13.53000
04-05-2009,13.59000
29-04-2009,13.15000
28-04-2009,12.93000
27-04-2009,13.11000
24-04-2009,13.13000
23-04-2009,12.98000
22-04-2009,12.89000
21-04-2009,13.04000
20-04-2009,13.00000
17-04-2009,12.93000
16-04-2009,12.73000
15-04-2009,12.98000
13-04-2009,12.65000
09-04-2009,12.52000
08-04-2009,12.44000
06-04-2009,12.23000
02-04-2009,12.12000
01-04-2009,11.93000
31-03-2009,11.94000
30-03-2009,11.73000
27-03-2009,11.93000
26-03-2009,11.83000
25-03-2009,11.63000
24-03-2009,11.55000
23-03-2009,11.50000
20-03-2009,11.25000
19-03-2009,11.28000
18-03-2009,11.28000
17-03-2009,11.23000
16-03-2009,11.23000
13-03-2009,10.93000
12-03-2009,10.65000
09-03-2009,10.51000
06-03-2009,10.68000
05-03-2009,10.67000
04-03-2009,10.92000
03-03-2009,10.94000
02-03-2009,11.16000
27-02-2009,11.39000
26-02-2009,11.30000
25-02-2009,11.32000
24-02-2009,11.32000
20-02-2009,11.44000
19-02-2009,11.60000
18-02-2009,11.57000
17-02-2009,11.67000
16-02-2009,11.86000
13-02-2009,12.07000
12-02-2009,11.96000
11-02-2009,12.04000
10-02-2009,12.02000
09-02-2009,11.97000
06-02-2009,11.72000
05-02-2009,11.55000
04-02-2009,11.64000
03-02-2009,11.64000
02-02-2009,11.60000
30-01-2009,11.88000
29-01-2009,11.78000
28-01-2009,11.84000
27-01-2009,11.59000
23-01-2009,11.30000
22-01-2009,11.50000
21-01-2009,11.53000
20-01-2009,11.73000
19-01-2009,11.97000
16-01-2009,11.91000
15-01-2009,11.72000
14-01-2009,12.00000
13-01-2009,11.87000
12-01-2009,11.96000
09-01-2009,12.13000
07-01-2009,12.27000
06-01-2009,12.76000
05-01-2009,12.78000
02-01-2009,12.68000
01-01-2009,12.62000
31-12-2008,12.54000
30-12-2008,12.58000
29-12-2008,12.45000
26-12-2008,12.31000
24-12-2008,12.36000
23-12-2008,12.47000
22-12-2008,12.61000
19-12-2008,12.64000
18-12-2008,12.51000
17-12-2008,12.35000
16-12-2008,12.50000
15-12-2008,12.48000
12-12-2008,12.42000
11-12-2008,12.41000
10-12-2008,12.34000
08-12-2008,12.15000
05-12-2008,12.00000
04-12-2008,12.17000
03-12-2008,11.91000
02-12-2008,11.90000
01-12-2008,11.88000
28-11-2008,11.97000
26-11-2008,11.90000
25-11-2008,11.77000
24-11-2008,11.77000
21-11-2008,11.74000
20-11-2008,11.59000
19-11-2008,11.82000
18-11-2008,11.99000
17-11-2008,12.18000
14-11-2008,12.35000
12-11-2008,12.43000
11-11-2008,12.66000
10-11-2008,13.07000
07-11-2008,12.72000
06-11-2008,12.60000
05-11-2008,12.72000
04-11-2008,12.94000
03-11-2008,12.76000
31-10-2008,12.26000
29-10-2008,11.64000
27-10-2008,11.43000
24-10-2008,11.87000
23-10-2008,12.74000
22-10-2008,13.03000
21-10-2008,13.23000
20-10-2008,12.87000
17-10-2008,12.67000
16-10-2008,13.03000
15-10-2008,12.96000
14-10-2008,13.40000
13-10-2008,13.20000
10-10-2008,12.72000
08-10-2008,13.73000
07-10-2008,14.19000
06-10-2008,14.36000
03-10-2008,14.99000
01-10-2008,15.33000
30-09-2008,15.22000
29-09-2008,14.94000
26-09-2008,15.23000
25-09-2008,15.38000
24-09-2008,15.45000
23-09-2008,15.37000
22-09-2008,15.62000
19-09-2008,15.56000
18-09-2008,15.15000
17-09-2008,15.27000
16-09-2008,15.54000
15-09-2008,15.66000
12-09-2008,16.04000
11-09-2008,16.17000
10-09-2008,16.40000
09-09-2008,16.44000
08-09-2008,16.56000
05-09-2008,16.34000
04-09-2008,16.52000
02-09-2008,16.64000
01-09-2008,16.33000
29-08-2008,16.32000
28-08-2008,15.92000
27-08-2008,16.05000
26-08-2008,16.12000
25-08-2008,16.16000
22-08-2008,16.03000
21-08-2008,15.91000
20-08-2008,16.19000
19-08-2008,16.09000
18-08-2008,16.24000
14-08-2008,16.22000
13-08-2008,16.50000
12-08-2008,16.51000
11-08-2008,16.60000
08-08-2008,16.45000
07-08-2008,16.40000
06-08-2008,16.35000
05-08-2008,16.32000
04-08-2008,16.05000
01-08-2008,15.94000
31-07-2008,15.78000
30-07-2008,15.86000
29-07-2008,15.69000
28-07-2008,15.89000
25-07-2008,15.82000
24-07-2008,15.95000
23-07-2008,16.03000
22-07-2008,15.53000
21-07-2008,15.24000
18-07-2008,15.10000
17-07-2008,14.75000
16-07-2008,14.41000
15-07-2008,14.60000
14-07-2008,15.00000
11-07-2008,15.11000
10-07-2008,15.30000
09-07-2008,15.23000
08-07-2008,14.75000
07-07-2008,14.88000
04-07-2008,14.71000
03-07-2008,14.44000
02-07-2008,14.83000
01-07-2008,14.44000
30-06-2008,14.99000
27-06-2008,15.41000
26-06-2008,15.92000
25-06-2008,15.81000
24-06-2008,15.82000
23-06-2008,16.27000
20-06-2008,16.58000
19-06-2008,17.05000
18-06-2008,17.30000
17-06-2008,17.35000
16-06-2008,17.03000
13-06-2008,16.85000
12-06-2008,16.90000
11-06-2008,16.83000
10-06-2008,16.77000
09-06-2008,16.97000
06-06-2008,17.29000
05-06-2008,17.44000
04-06-2008,17.30000
03-06-2008,17.57000
02-06-2008,17.71000
30-05-2008,17.96000
29-05-2008,17.83000
28-05-2008,17.99000
27-05-2008,17.64000
26-05-2008,17.77000
23-05-2008,18.16000
22-05-2008,18.32000
21-05-2008,18.61000
20-05-2008,18.57000
16-05-2008,18.69000
15-05-2008,18.60000
14-05-2008,18.44000
13-05-2008,18.32000
12-05-2008,18.26000
09-05-2008,18.27000
08-05-2008,18.52000
07-05-2008,18.66000
06-05-2008,18.73000
05-05-2008,18.79000
02-05-2008,18.69000
30-04-2008,18.47000
29-04-2008,18.55000
28-04-2008,18.42000
25-04-2008,18.29000
24-04-2008,18.02000
23-04-2008,18.08000
22-04-2008,18.20000
21-04-2008,18.08000
17-04-2008,17.84000
16-04-2008,17.58000
15-04-2008,17.45000
11-04-2008,17.33000
10-04-2008,17.31000
09-04-2008,17.39000
08-04-2008,17.24000
07-04-2008,17.23000
04-04-2008,17.02000
03-04-2008,17.30000
02-04-2008,17.39000
01-04-2008,17.33000
31-03-2008,17.43000
28-03-2008,17.69000
27-03-2008,17.31000
26-03-2008,17.31000
25-03-2008,17.09000
24-03-2008,16.37000
19-03-2008,16.52000
18-03-2008,16.54000
17-03-2008,16.68000
14-03-2008,17.75000
13-03-2008,17.53000
12-03-2008,18.34000
11-03-2008,18.29000
10-03-2008,17.99000
07-03-2008,18.18000
05-03-2008,18.71000
04-03-2008,18.69000
03-03-2008,18.95000
29-02-2008,19.68000
28-02-2008,19.69000
27-02-2008,19.56000
26-02-2008,19.32000
25-02-2008,19.25000
22-02-2008,19.23000
21-02-2008,19.42000
20-02-2008,19.40000
19-02-2008,19.87000
18-02-2008,19.71000
15-02-2008,19.66000
14-02-2008,19.41000
13-02-2008,18.68000
12-02-2008,18.52000
11-02-2008,18.73000
08-02-2008,19.60000
07-02-2008,19.95000
06-02-2008,20.57000
05-02-2008,20.95000
04-02-2008,20.99000
01-02-2008,20.48000
31-01-2008,20.50000
30-01-2008,20.70000
29-01-2008,20.96000
28-01-2008,20.88000
25-01-2008,20.98000
24-01-2008,20.01000
23-01-2008,20.52000
22-01-2008,19.46000
21-01-2008,20.69000
18-01-2008,22.36000
17-01-2008,23.34000
16-01-2008,23.39000
15-01-2008,23.81000
14-01-2008,24.03000
11-01-2008,23.79000
10-01-2008,23.72000
09-01-2008,24.30000
08-01-2008,24.18000
07-01-2008,24.60000
04-01-2008,24.54000
03-01-2008,24.50000
02-01-2008,24.86000
01-01-2008,24.27000
31-12-2007,24.16000
28-12-2007,23.56000
27-12-2007,23.08000
26-12-2007,23.01000
24-12-2007,22.51000
20-12-2007,22.03000
19-12-2007,22.01000
18-12-2007,21.91000
17-12-2007,22.09000
14-12-2007,22.87000
13-12-2007,22.86000
12-12-2007,22.87000
11-12-2007,22.49000
10-12-2007,22.25000
07-12-2007,22.23000
06-12-2007,22.22000
05-12-2007,22.15000
04-12-2007,21.81000
03-12-2007,21.59000
30-11-2007,21.27000
29-11-2007,20.64000
28-11-2007,20.63000
27-11-2007,20.89000
26-11-2007,20.90000
23-11-2007,20.61000
22-11-2007,20.46000
21-11-2007,20.60000
20-11-2007,21.41000
19-11-2007,21.66000
16-11-2007,21.28000
15-11-2007,21.10000
14-11-2007,20.87000
13-11-2007,20.35000
12-11-2007,20.05000
08-11-2007,20.31000
07-11-2007,20.47000
06-11-2007,20.46000
05-11-2007,20.78000
02-11-2007,20.83000
01-11-2007,20.88000
31-10-2007,21.25000
30-10-2007,21.30000
29-10-2007,21.56000
26-10-2007,21.22000
25-10-2007,20.93000
24-10-2007,20.76000
23-10-2007,20.66000
22-10-2007,19.77000
19-10-2007,19.79000
18-10-2007,20.35000
17-10-2007,20.82000
16-10-2007,21.39000
15-10-2007,21.18000
12-10-2007,20.59000
11-10-2007,20.92000
10-10-2007,20.60000
09-10-2007,20.33000
08-10-2007,19.57000
05-10-2007,20.05000
04-10-2007,20.18000
03-10-2007,20.18000
01-10-2007,19.86000
28-09-2007,19.68000
27-09-2007,19.49000
26-09-2007,19.60000
25-09-2007,19.51000
24-09-2007,19.52000
21-09-2007,19.26000
20-09-2007,19.09000
19-09-2007,19.10000
18-09-2007,18.60000
17-09-2007,18.44000
14-09-2007,18.39000
13-09-2007,18.53000
12-09-2007,18.40000
11-09-2007,18.37000
10-09-2007,18.31000
07-09-2007,18.22000
06-09-2007,18.25000
05-09-2007,18.14000
04-09-2007,18.10000
03-09-2007,18.03000
31-08-2007,17.86000
30-08-2007,17.60000
29-08-2007,17.47000
28-08-2007,17.41000
27-08-2007,17.34000
24-08-2007,16.87000
23-08-2007,16.65000
22-08-2007,16.70000
21-08-2007,16.56000
20-08-2007,17.03000
17-08-2007,16.77000
16-08-2007,16.89000
14-08-2007,17.52000
13-08-2007,17.65000
10-08-2007,17.51000
09-08-2007,17.79000
08-08-2007,18.03000
07-08-2007,17.83000
06-08-2007,17.80000
03-08-2007,17.99000
02-08-2007,17.87000
01-08-2007,17.74000
31-07-2007,18.30000
30-07-2007,18.04000
27-07-2007,17.90000
26-07-2007,18.36000
25-07-2007,18.28000
24-07-2007,18.46000
23-07-2007,18.67000
20-07-2007,18.40000
19-07-2007,18.41000
18-07-2007,18.21000
17-07-2007,18.15000
16-07-2007,18.30000
13-07-2007,18.11000
12-07-2007,18.06000
11-07-2007,17.79000
10-07-2007,17.80000
09-07-2007,17.89000
06-07-2007,17.83000
05-07-2007,17.80000
04-07-2007,17.84000
03-07-2007,17.89000
02-07-2007,17.72000
29-06-2007,17.63000
28-06-2007,17.36000
27-06-2007,17.33000
26-06-2007,17.39000
25-06-2007,17.31000
22-06-2007,17.21000
21-06-2007,17.25000
20-06-2007,17.03000
19-06-2007,16.93000
18-06-2007,16.70000
15-06-2007,16.79000
14-06-2007,16.71000
13-06-2007,16.49000
12-06-2007,16.63000
11-06-2007,16.76000
08-06-2007,16.85000
07-06-2007,17.07000
06-06-2007,17.15000
05-06-2007,17.39000
04-06-2007,17.30000
01-06-2007,17.42000
31-05-2007,17.42000
30-05-2007,17.16000
29-05-2007,17.36000
28-05-2007,17.29000
25-05-2007,17.13000
24-05-2007,17.07000
23-05-2007,17.27000
22-05-2007,17.49000
21-05-2007,17.28000
18-05-2007,17.05000
17-05-2007,17.01000
16-05-2007,16.81000
15-05-2007,16.46000
14-05-2007,16.51000
11-05-2007,16.47000
10-05-2007,16.43000
09-05-2007,16.38000
08-05-2007,16.28000
07-05-2007,16.32000
04-05-2007,16.36000
03-05-2007,16.46000
30-04-2007,16.33000
27-04-2007,16.21000
26-04-2007,16.36000
25-04-2007,16.35000
24-04-2007,16.26000
23-04-2007,16.08000
20-04-2007,16.14000
19-04-2007,15.93000
18-04-2007,15.91000
17-04-2007,15.86000
16-04-2007,15.94000
13-04-2007,15.71000
12-04-2007,15.53000
11-04-2007,15.65000
10-04-2007,15.64000
09-04-2007,15.57000
05-04-2007,15.24000
04-04-2007,15.16000
03-04-2007,15.09000
02-04-2007,14.94000
30-03-2007,15.54000
29-03-2007,15.39000
28-03-2007,15.29000
26-03-2007,15.54000
23-03-2007,15.65000
22-03-2007,15.52000
21-03-2007,15.19000
20-03-2007,15.05000
19-03-2007,14.90000
16-03-2007,14.70000
15-03-2007,14.83000
14-03-2007,14.79000
13-03-2007,15.10000
12-03-2007,14.97000
09-03-2007,14.84000
08-03-2007,14.89000
07-03-2007,14.53000
06-03-2007,14.67000
05-03-2007,14.51000
02-03-2007,15.09000
01-03-2007,15.21000
28-02-2007,15.13000
27-02-2007,15.49000
26-02-2007,15.51000
23-02-2007,15.50000
22-02-2007,15.94000
21-02-2007,16.08000
20-02-2007,16.01000
19-02-2007,16.24000
15-02-2007,16.15000
14-02-2007,15.79000
13-02-2007,15.78000
12-02-2007,15.91000
09-02-2007,16.57000
08-02-2007,16.84000
07-02-2007,16.85000
06-02-2007,16.86000
05-02-2007,16.92000
02-02-2007,16.81000
01-02-2007,16.19000
31-01-2007,16.09000
29-01-2007,16.24000
25-01-2007,16.30000
24-01-2007,16.08000
23-01-2007,16.02000
22-01-2007,16.22000
19-01-2007,16.06000
18-01-2007,16.00000
17-01-2007,15.98000
16-01-2007,15.93000
15-01-2007,15.88000
12-01-2007,15.76000
11-01-2007,15.47000
10-01-2007,15.19000
09-01-2007,15.40000
08-01-2007,15.57000
05-01-2007,15.69000
04-01-2007,15.76000
03-01-2007,15.68000
02-01-2007,15.49000
29-12-2006,15.34000
28-12-2006,15.30000
27-12-2006,15.33000
26-12-2006,15.27000
22-12-2006,15.15000
21-12-2006,15.06000
20-12-2006,14.99000
19-12-2006,15.04000
18-12-2006,15.21000
15-12-2006,15.13000
14-12-2006,14.92000
13-12-2006,14.65000
12-12-2006,14.42000
11-12-2006,14.90000
08-12-2006,15.33000
07-12-2006,15.49000
06-12-2006,15.55000
05-12-2006,15.58000
04-12-2006,15.59000
01-12-2006,15.49000
30-11-2006,15.32000
29-11-2006,15.16000
28-11-2006,15.10000
27-11-2006,15.25000
24-11-2006,15.17000
23-11-2006,15.20000
22-11-2006,15.28000
21-11-2006,15.20000
20-11-2006,15.02000
17-11-2006,15.11000
16-11-2006,15.20000
15-11-2006,15.26000
14-11-2006,15.17000
13-11-2006,15.22000
12-11-2006,14.90000
10-11-2006,15.09000
09-11-2006,14.96000
08-11-2006,14.84000
07-11-2006,14.97000
06-11-2006,14.97000
03-11-2006,14.86000
02-11-2006,14.84000
01-11-2006,14.79000
31-10-2006,14.59000
30-10-2006,14.49000
27-10-2006,14.36000
26-10-2006,14.13000
23-10-2006,14.03000
20-10-2006,14.00000
19-10-2006,13.96000
18-10-2006,14.04000
17-10-2006,14.06000
16-10-2006,14.11000
13-10-2006,14.00000
12-10-2006,14.00000
11-10-2006,13.84000
10-10-2006,13.92000
09-10-2006,13.94000
06-10-2006,13.96000
05-10-2006,13.88000
04-10-2006,13.76000
03-10-2006,13.81000
29-09-2006,13.92000
28-09-2006,13.83000
27-09-2006,13.72000
26-09-2006,13.67000
25-09-2006,13.60000
22-09-2006,13.70000
21-09-2006,13.72000
20-09-2006,13.60000
19-09-2006,13.47000
18-09-2006,13.64000
15-09-2006,13.61000
14-09-2006,13.54000
13-09-2006,13.46000
12-09-2006,13.18000
11-09-2006,13.08000
08-09-2006,13.38000
07-09-2006,13.22000
06-09-2006,13.29000
05-09-2006,13.28000
04-09-2006,13.19000
01-09-2006,13.00000
31-08-2006,12.92000
30-08-2006,12.96000
29-08-2006,12.98000
28-08-2006,12.91000
25-08-2006,12.88000
24-08-2006,12.78000
23-08-2006,12.68000
22-08-2006,12.81000
21-08-2006,12.86000
18-08-2006,12.73000
17-08-2006,12.69000
16-08-2006,12.70000
14-08-2006,12.56000
11-08-2006,12.32000
10-08-2006,12.32000
09-08-2006,12.22000
08-08-2006,12.09000
07-08-2006,11.83000
04-08-2006,11.86000
03-08-2006,11.84000
02-08-2006,11.73000
01-08-2006,11.57000
31-07-2006,11.60000
28-07-2006,11.54000
27-07-2006,11.55000
26-07-2006,11.45000
25-07-2006,11.21000
24-07-2006,11.00000
21-07-2006,10.94000
20-07-2006,11.17000
19-07-2006,10.90000
18-07-2006,11.08000
17-07-2006,11.18000
14-07-2006,11.41000
13-07-2006,11.51000
12-07-2006,11.50000
11-07-2006,11.40000
10-07-2006,11.43000
07-07-2006,11.30000
06-07-2006,11.46000
05-07-2006,11.55000
04-07-2006,11.36000
03-07-2006,11.47000
30-06-2006,11.43000
29-06-2006,10.93000
28-06-2006,10.96000
27-06-2006,11.00000
26-06-2006,11.00000
23-06-2006,11.35000
22-06-2006,11.32000
21-06-2006,11.13000
20-06-2006,10.96000
19-06-2006,11.03000
16-06-2006,10.87000
15-06-2006,10.50000
14-06-2006,9.95000
13-06-2006,10.09000
12-06-2006,10.59000
09-06-2006,10.90000
08-06-2006,10.27000
07-06-2006,11.15000
06-06-2006,11.54000
05-06-2006,11.86000
02-06-2006,12.06000
01-06-2006,11.83000
31-05-2006,12.24000
30-05-2006,12.59000
29-05-2006,12.66000
26-05-2006,12.60000
25-05-2006,12.42000
24-05-2006,12.42000
23-05-2006,12.63000
22-05-2006,12.31000
19-05-2006,12.98000
18-05-2006,13.48000
17-05-2006,14.27000
16-05-2006,13.96000
15-05-2006,14.05000
12-05-2006,14.46000
11-05-2006,14.57000
10-05-2006,14.71000
09-05-2006,14.65000
08-05-2006,14.58000
05-05-2006,14.54000
04-05-2006,14.51000
03-05-2006,14.42000
02-05-2006,14.28000
28-04-2006,13.94000
27-04-2006,13.96000
26-04-2006,14.01000
25-04-2006,13.80000
24-04-2006,13.97000
21-04-2006,14.01000
20-04-2006,14.05000
19-04-2006,13.94000
18-04-2006,13.92000
17-04-2006,13.72000
13-04-2006,13.64000
12-04-2006,13.87000
10-04-2006,14.15000
07-04-2006,14.18000
05-04-2006,14.44000
04-04-2006,14.41000
03-04-2006,14.33000
