date,nav
29-09-2026,148.58000
28-09-2026,150.55000
25-09-2026,152.21000
24-09-2026,151.97000
23-09-2026,154.76000
22-09-2026,155.28000
21-09-2026,155.60000
18-09-2026,155.71000
17-09-2026,155.35000
16-09-2026,154.72000
15-09-2026,156.08000
11-09-2026,154.82000
10-09-2026,154.61000
09-09-2026,154.81000
08-09-2026,157.73000
07-09-2026,157.94000
04-09-2026,159.93000
03-09-2026,160.29000
02-09-2026,161.10000
01-09-2026,162.65000
31-08-2026,161.88000
28-08-2026,163.00000
27-08-2026,159.52000
26-08-2026,159.66000
25-08-2026,160.76000
24-08-2026,159.60000
21-08-2026,159.25000
20-08-2026,159.17000
19-08-2026,157.76000
18-08-2026,156.99000
17-08-2026,159.36000
14-08-2026,160.62000
13-08-2026,160.73000
12-08-2026,159.81000
11-08-2026,161.12000
10-08-2026,160.08000
07-08-2026,160.15000
06-08-2026,159.54000
05-08-2026,161.17000
04-08-2026,161.22000
03-08-2026,161.09000
31-07-2026,157.24000
30-07-2026,158.66000
29-07-2026,158.68000
28-07-2026,154.67000
27-07-2026,150.52000
24-07-2026,147.58000
23-07-2026,147.12000
22-07-2026,148.41000
21-07-2026,149.93000
20-07-2026,150.15000
17-07-2026,150.21000
16-07-2026,148.92000
15-07-2026,148.60000
14-07-2026,148.39000
13-07-2026,149.27000
10-07-2026,146.84000
09-07-2026,145.09000
08-07-2026,143.47000
07-07-2026,145.69000
06-07-2026,142.99000
03-07-2026,143.00000
02-07-2026,141.44000
01-07-2026,137.89000
30-06-2026,138.38000
29-06-2026,139.87000
25-06-2026,140.90000
24-06-2026,142.19000
23-06-2026,141.10000
22-06-2026,143.75000
19-06-2026,142.73000
18-06-2026,145.21000
17-06-2026,146.18000
16-06-2026,145.41000
15-06-2026,143.56000
12-06-2026,141.48000
11-06-2026,140.28000
10-06-2026,141.84000
09-06-2026,143.45000
08-06-2026,143.68000
05-06-2026,145.21000
04-06-2026,146.48000
03-06-2026,146.54000
02-06-2026,151.84000
01-06-2026,147.81000
29-05-2026,145.81000
27-05-2026,146.06000
26-05-2026,146.17000
25-05-2026,145.93000
22-05-2026,144.63000
21-05-2026,144.65000
20-05-2026,145.52000
19-05-2026,146.32000
18-05-2026,142.73000
15-05-2026,140.45000
14-05-2026,139.58000
13-05-2026,140.12000
12-05-2026,141.05000
11-05-2026,145.61000
08-05-2026,147.00000
07-05-2026,144.81000
06-05-2026,145.29000
05-05-2026,142.86000
04-05-2026,142.92000
30-04-2026,143.60000
29-04-2026,143.62000
28-04-2026,142.41000
27-04-2026,142.95000
24-04-2026,141.07000
23-04-2026,146.40000
22-04-2026,148.04000
21-04-2026,150.80000
20-04-2026,149.91000
17-04-2026,150.87000
16-04-2026,150.40000
15-04-2026,148.46000
13-04-2026,144.66000
10-04-2026,145.76000
09-04-2026,146.74000
08-04-2026,146.64000
07-04-2026,144.16000
06-04-2026,142.03000
02-04-2026,141.27000
01-04-2026,138.44000
31-03-2026,135.30000
30-03-2026,135.22000
27-03-2026,138.20000
25-03-2026,140.06000
24-03-2026,138.84000
23-03-2026,136.27000
20-03-2026,138.53000
19-03-2026,136.72000
18-03-2026,141.14000
17-03-2026,137.29000
16-03-2026,137.02000
13-03-2026,136.85000
12-03-2026,138.90000
11-03-2026,139.52000
10-03-2026,141.15000
09-03-2026,141.48000
06-03-2026,141.79000
05-03-2026,142.62000
04-03-2026,142.85000
02-03-2026,142.48000
27-02-2026,144.45000
26-02-2026,145.30000
25-02-2026,145.41000
24-02-2026,144.95000
23-02-2026,150.99000
20-02-2026,152.93000
19-02-2026,154.37000
18-02-2026,156.58000
17-02-2026,157.53000
16-02-2026,156.67000
13-02-2026,156.78000
12-02-2026,159.22000
11-02-2026,165.60000
10-02-2026,168.03000
09-02-2026,166.94000
06-02-2026,166.20000
05-02-2026,167.91000
04-02-2026,169.70000
03-02-2026,175.06000
02-02-2026,172.44000
30-01-2026,173.07000
29-01-2026,174.30000
28-01-2026,174.73000
27-01-2026,173.26000
23-01-2026,172.70000
22-01-2026,174.76000
21-01-2026,173.51000
20-01-2026,173.92000
19-01-2026,177.67000
16-01-2026,178.51000
14-01-2026,175.09000
13-01-2026,175.90000
12-01-2026,174.73000
09-01-2026,174.98000
08-01-2026,175.74000
07-01-2026,178.40000
06-01-2026,176.25000
05-01-2026,176.35000
02-01-2026,177.77000
01-01-2026,177.41000
31-12-2025,176.59000
30-12-2025,176.51000
29-12-2025,177.64000
26-12-2025,178.75000
24-12-2025,180.35000
23-12-2025,181.11000
22-12-2025,182.53000
19-12-2025,180.11000
18-12-2025,178.87000
17-12-2025,177.54000
16-12-2025,177.69000
15-12-2025,179.33000
12-12-2025,179.28000
11-12-2025,177.99000
10-12-2025,176.26000
09-12-2025,178.61000
08-12-2025,179.19000
05-12-2025,180.31000
04-12-2025,179.74000
03-12-2025,178.14000
02-12-2025,177.97000
01-12-2025,177.43000
28-11-2025,176.88000
27-11-2025,177.16000
26-11-2025,177.33000
25-11-2025,175.47000
24-11-2025,175.46000
21-11-2025,175.36000
20-11-2025,176.36000
19-11-2025,176.69000
18-11-2025,173.66000
17-11-2025,174.34000
14-11-2025,173.26000
13-11-2025,173.94000
12-11-2025,175.12000
11-11-2025,171.88000
10-11-2025,170.11000
07-11-2025,168.31000
06-11-2025,170.00000
04-11-2025,170.74000
03-11-2025,171.93000
31-10-2025,171.41000
30-10-2025,172.55000
29-10-2025,173.44000
28-10-2025,172.67000
27-10-2025,173.67000
24-10-2025,171.32000
23-10-2025,171.57000
20-10-2025,169.82000
17-10-2025,168.69000
16-10-2025,170.05000
15-10-2025,169.70000
14-10-2025,168.65000
13-10-2025,169.26000
10-10-2025,170.15000
09-10-2025,170.23000
08-10-2025,168.74000
07-10-2025,166.94000
06-10-2025,166.78000
03-10-2025,163.89000
01-10-2025,163.24000
30-09-2025,162.21000
26-09-2025,163.15000
25-09-2025,166.75000
24-09-2025,168.35000
23-09-2025,169.73000
22-09-2025,171.33000
19-09-2025,174.82000
18-09-2025,174.94000
17-09-2025,173.44000
16-09-2025,171.54000
15-09-2025,170.11000
12-09-2025,170.42000
11-09-2025,170.42000
10-09-2025,170.73000
09-09-2025,168.03000
08-09-2025,165.33000
05-09-2025,166.10000
04-09-2025,167.20000
03-09-2025,168.35000
02-09-2025,168.25000
01-09-2025,168.10000
29-08-2025,165.19000
28-08-2025,166.47000
26-08-2025,168.90000
25-08-2025,170.95000
22-08-2025,168.42000
21-08-2025,169.28000
20-08-2025,169.15000
19-08-2025,165.69000
18-08-2025,164.39000
14-08-2025,164.56000
13-08-2025,164.33000
12-08-2025,163.70000
11-08-2025,162.84000
08-08-2025,162.18000
07-08-2025,164.05000
06-08-2025,162.98000
05-08-2025,165.02000
04-08-2025,165.61000
01-08-2025,163.52000
31-07-2025,166.41000
30-07-2025,167.24000
29-07-2025,166.86000
28-07-2025,166.44000
25-07-2025,167.77000
24-07-2025,170.53000
23-07-2025,172.90000
22-07-2025,172.11000
21-07-2025,171.64000
18-07-2025,171.26000
17-07-2025,171.79000
16-07-2025,173.21000
15-07-2025,172.43000
14-07-2025,171.58000
11-07-2025,172.21000
10-07-2025,174.44000
09-07-2025,175.80000
08-07-2025,176.74000
07-07-2025,176.24000
04-07-2025,177.16000
03-07-2025,176.38000
02-07-2025,176.02000
01-07-2025,175.90000
30-06-2025,176.30000
27-06-2025,176.11000
26-06-2025,176.29000
25-06-2025,175.80000
24-06-2025,173.24000
23-06-2025,173.07000
20-06-2025,174.04000
19-06-2025,172.23000
18-06-2025,174.15000
17-06-2025,174.56000
16-06-2025,174.18000
13-06-2025,171.86000
12-06-2025,172.37000
11-06-2025,174.40000
10-06-2025,173.13000
09-06-2025,171.37000
06-06-2025,170.34000
05-06-2025,169.62000
04-06-2025,168.86000
03-06-2025,167.22000
02-06-2025,167.93000
30-05-2025,168.47000
29-05-2025,169.10000
28-05-2025,167.90000
27-05-2025,167.87000
26-05-2025,168.70000
23-05-2025,167.77000
22-05-2025,165.83000
21-05-2025,166.89000
20-05-2025,165.72000
19-05-2025,166.90000
16-05-2025,168.47000
15-05-2025,169.03000
14-05-2025,166.90000
13-05-2025,164.54000
12-05-2025,166.94000
09-05-2025,158.22000
08-05-2025,158.84000
07-05-2025,158.94000
06-05-2025,158.25000
05-05-2025,159.84000
02-05-2025,158.80000
30-04-2025,158.78000
29-04-2025,158.99000
28-04-2025,157.36000
25-04-2025,157.00000
24-04-2025,158.33000
23-04-2025,158.64000
22-04-2025,154.03000
21-04-2025,154.71000
17-04-2025,151.68000
16-04-2025,150.49000
15-04-2025,150.36000
11-04-2025,147.53000
09-04-2025,146.00000
08-04-2025,147.74000
07-04-2025,144.74000
04-04-2025,148.95000
03-04-2025,154.07000
02-04-2025,158.12000
01-04-2025,156.13000
31-03-2025,158.11000
28-03-2025,158.14000
27-03-2025,160.28000
26-03-2025,159.17000
25-03-2025,160.88000
24-03-2025,160.76000
21-03-2025,159.62000
20-03-2025,158.31000
19-03-2025,155.89000
18-03-2025,156.17000
17-03-2025,153.99000
13-03-2025,154.05000
12-03-2025,155.38000
11-03-2025,159.56000
10-03-2025,160.52000
07-03-2025,162.00000
06-03-2025,163.26000
05-03-2025,163.06000
04-03-2025,159.53000
03-03-2025,160.13000
28-02-2025,159.82000
27-02-2025,165.70000
25-02-2025,166.69000
24-02-2025,167.05000
21-02-2025,171.32000
20-02-2025,172.82000
19-02-2025,172.57000
18-02-2025,173.24000
17-02-2025,172.17000
14-02-2025,173.68000
13-02-2025,174.86000
12-02-2025,175.48000
11-02-2025,175.73000
10-02-2025,178.87000
07-02-2025,180.77000
06-02-2025,180.60000
05-02-2025,181.20000
04-02-2025,180.13000
03-02-2025,178.24000
31-01-2025,178.36000
30-01-2025,177.31000
29-01-2025,178.26000
28-01-2025,173.63000
27-01-2025,174.61000
24-01-2025,180.86000
23-01-2025,183.03000
22-01-2025,179.98000
21-01-2025,178.31000
20-01-2025,181.32000
17-01-2025,181.34000
16-01-2025,184.10000
15-01-2025,183.50000
14-01-2025,181.72000
13-01-2025,183.49000
10-01-2025,187.26000
09-01-2025,184.85000
08-01-2025,186.44000
07-01-2025,186.50000
06-01-2025,186.94000
03-01-2025,188.36000
02-01-2025,190.26000
01-01-2025,186.86000
31-12-2024,186.35000
30-12-2024,187.90000
27-12-2024,187.94000
26-12-2024,187.94000
24-12-2024,187.56000
23-12-2024,187.72000
20-12-2024,188.36000
19-12-2024,193.04000
18-12-2024,195.20000
17-12-2024,195.87000
16-12-2024,197.04000
13-12-2024,197.62000
12-12-2024,196.24000
11-12-2024,195.87000
10-12-2024,195.09000
09-12-2024,193.71000
06-12-2024,193.55000
05-12-2024,193.61000
04-12-2024,190.35000
03-12-2024,189.27000
02-12-2024,188.54000
29-11-2024,186.80000
28-11-2024,185.70000
27-11-2024,188.75000
26-11-2024,187.78000
25-11-2024,185.55000
22-11-2024,184.20000
21-11-2024,179.75000
19-11-2024,179.56000
18-11-2024,178.55000
14-11-2024,182.12000
13-11-2024,182.06000
12-11-2024,183.47000
11-11-2024,184.11000
08-11-2024,183.05000
07-11-2024,182.85000
06-11-2024,184.17000
05-11-2024,177.88000
04-11-2024,178.17000
31-10-2024,177.68000
30-10-2024,180.59000
29-10-2024,181.61000
28-10-2024,182.28000
25-10-2024,182.02000
24-10-2024,182.86000
23-10-2024,183.95000
22-10-2024,180.67000
21-10-2024,183.15000
18-10-2024,185.39000
17-10-2024,188.79000
16-10-2024,187.99000
15-10-2024,189.39000
14-10-2024,188.66000
11-10-2024,187.14000
10-10-2024,185.90000
09-10-2024,187.81000
08-10-2024,186.46000
07-10-2024,184.61000
04-10-2024,184.79000
03-10-2024,184.63000
01-10-2024,186.96000
30-09-2024,185.54000
27-09-2024,186.95000
26-09-2024,187.59000
25-09-2024,187.50000
24-09-2024,188.37000
23-09-2024,188.16000
20-09-2024,188.15000
19-09-2024,186.20000
18-09-2024,186.63000
17-09-2024,190.45000
16-09-2024,190.34000
13-09-2024,190.60000
12-09-2024,190.68000
11-09-2024,187.37000
10-09-2024,187.37000
09-09-2024,183.92000
06-09-2024,185.21000
05-09-2024,186.53000
04-09-2024,185.88000
03-09-2024,187.05000
02-09-2024,187.60000
30-08-2024,187.23000
29-08-2024,186.73000
28-08-2024,186.27000
27-08-2024,184.11000
26-08-2024,183.29000
23-08-2024,181.70000
22-08-2024,182.42000
21-08-2024,182.39000
20-08-2024,182.06000
19-08-2024,181.16000
16-08-2024,179.57000
14-08-2024,175.51000
13-08-2024,173.14000
12-08-2024,173.91000
09-08-2024,173.69000
08-08-2024,171.96000
07-08-2024,174.20000
06-08-2024,171.94000
05-08-2024,171.49000
02-08-2024,177.55000
01-08-2024,180.04000
31-07-2024,180.90000
30-07-2024,181.22000
29-07-2024,180.87000
26-07-2024,181.40000
25-07-2024,177.68000
24-07-2024,178.51000
23-07-2024,177.47000
22-07-2024,176.46000
19-07-2024,175.67000
18-07-2024,176.35000
16-07-2024,174.25000
15-07-2024,173.45000
12-07-2024,173.45000
11-07-2024,167.69000
10-07-2024,167.24000
09-07-2024,168.36000
08-07-2024,168.45000
05-07-2024,168.37000
04-07-2024,168.55000
03-07-2024,166.75000
02-07-2024,166.68000
01-07-2024,165.49000
28-06-2024,163.09000
27-06-2024,163.55000
26-06-2024,161.40000
25-06-2024,160.84000
24-06-2024,160.22000
21-06-2024,160.47000
20-06-2024,159.00000
19-06-2024,158.55000
18-06-2024,158.60000
14-06-2024,157.82000
13-06-2024,158.46000
12-06-2024,157.76000
11-06-2024,157.30000
10-06-2024,157.38000
07-06-2024,158.92000
06-06-2024,153.89000
05-06-2024,149.94000
04-06-2024,146.00000
03-06-2024,148.97000
31-05-2024,148.49000
30-05-2024,148.90000
29-05-2024,151.44000
28-05-2024,152.42000
27-05-2024,153.19000
24-05-2024,152.29000
23-05-2024,152.98000
22-05-2024,151.53000
21-05-2024,150.76000
17-05-2024,150.94000
16-05-2024,151.54000
15-05-2024,148.85000
14-05-2024,147.70000
13-05-2024,147.39000
10-05-2024,147.62000
09-05-2024,147.96000
08-05-2024,149.02000
07-05-2024,149.90000
06-05-2024,149.53000
03-05-2024,149.32000
02-05-2024,150.61000
30-04-2024,150.60000
29-04-2024,152.12000
26-04-2024,152.50000
25-04-2024,152.49000
24-04-2024,151.91000
23-04-2024,152.44000
22-04-2024,151.54000
19-04-2024,150.36000
18-04-2024,151.10000
16-04-2024,151.14000
15-04-2024,153.76000
12-04-2024,156.10000
10-04-2024,157.14000
09-04-2024,156.24000
08-04-2024,156.06000
05-04-2024,156.46000
04-04-2024,157.01000
03-04-2024,156.01000
02-04-2024,155.22000
01-04-2024,155.52000
31-03-2024,155.10000
28-03-2024,155.12000
27-03-2024,154.53000
26-03-2024,154.81000
22-03-2024,155.59000
21-03-2024,157.60000
20-03-2024,156.76000
19-03-2024,156.89000
18-03-2024,159.58000
15-03-2024,161.19000
14-03-2024,161.84000
13-03-2024,158.76000
12-03-2024,161.41000
11-03-2024,160.69000
07-03-2024,161.80000
06-03-2024,161.36000
05-03-2024,160.93000
04-03-2024,163.02000
01-03-2024,163.63000
29-02-2024,164.08000
28-02-2024,164.19000
27-02-2024,165.07000
26-02-2024,164.37000
23-02-2024,165.36000
22-02-2024,165.30000
21-02-2024,162.63000
20-02-2024,165.08000
19-02-2024,166.23000
16-02-2024,166.05000
15-02-2024,165.47000
14-02-2024,164.52000
13-02-2024,165.31000
12-02-2024,165.02000
09-02-2024,164.90000
08-02-2024,165.70000
07-02-2024,165.54000
06-02-2024,166.75000
05-02-2024,163.01000
02-02-2024,163.67000
01-02-2024,160.51000
31-01-2024,161.44000
30-01-2024,160.54000
29-01-2024,160.89000
25-01-2024,160.91000
24-01-2024,162.46000
23-01-2024,160.45000
19-01-2024,163.70000
18-01-2024,161.66000
17-01-2024,163.07000
16-01-2024,163.10000
15-01-2024,164.55000
12-01-2024,162.28000
11-01-2024,155.72000
10-01-2024,156.34000
09-01-2024,155.88000
08-01-2024,155.06000
05-01-2024,155.78000
04-01-2024,154.53000
03-01-2024,154.26000
02-01-2024,156.62000
01-01-2024,157.93000
29-12-2023,157.80000
28-12-2023,158.21000
27-12-2023,158.60000
26-12-2023,157.52000
22-12-2023,158.35000
21-12-2023,155.65000
19-12-2023,157.45000
18-12-2023,158.29000
15-12-2023,158.36000
14-12-2023,153.49000
13-12-2023,149.26000
12-12-2023,150.03000
11-12-2023,150.19000
08-12-2023,149.56000
07-12-2023,148.49000
06-12-2023,149.34000
05-12-2023,147.77000
04-12-2023,149.07000
01-12-2023,147.93000
30-11-2023,147.66000
29-11-2023,147.19000
28-11-2023,145.46000
24-11-2023,145.08000
23-11-2023,145.77000
22-11-2023,146.44000
21-11-2023,145.96000
20-11-2023,146.20000
17-11-2023,144.92000
16-11-2023,144.77000
15-11-2023,142.13000
13-11-2023,139.70000
10-11-2023,139.37000
09-11-2023,139.51000
08-11-2023,140.23000
07-11-2023,140.14000
06-11-2023,140.36000
03-11-2023,139.31000
02-11-2023,137.96000
01-11-2023,136.38000
31-10-2023,136.63000
30-10-2023,136.92000
27-10-2023,136.79000
26-10-2023,134.83000
25-10-2023,135.86000
23-10-2023,137.07000
20-10-2023,140.29000
19-10-2023,140.74000
18-10-2023,140.38000
17-10-2023,141.18000
16-10-2023,140.20000
13-10-2023,140.18000
12-10-2023,141.26000
11-10-2023,142.55000
10-10-2023,141.96000
09-10-2023,140.30000
06-10-2023,140.88000
05-10-2023,140.03000
04-10-2023,138.67000
03-10-2023,138.88000
29-09-2023,139.00000
27-09-2023,140.62000
26-09-2023,139.91000
25-09-2023,140.22000
22-09-2023,140.90000
21-09-2023,141.08000
20-09-2023,141.37000
18-09-2023,142.59000
15-09-2023,143.99000
14-09-2023,142.95000
13-09-2023,142.23000
12-09-2023,142.07000
11-09-2023,142.80000
08-09-2023,141.87000
07-09-2023,141.88000
06-09-2023,141.88000
05-09-2023,141.87000
04-09-2023,140.33000
01-09-2023,138.51000
31-08-2023,136.90000
30-08-2023,136.42000
29-08-2023,135.40000
28-08-2023,134.92000
25-08-2023,135.49000
24-08-2023,135.89000
23-08-2023,134.93000
22-08-2023,134.63000
21-08-2023,134.30000
18-08-2023,133.24000
17-08-2023,134.73000
16-08-2023,135.00000
14-08-2023,134.55000
11-08-2023,133.96000
10-08-2023,134.14000
09-08-2023,134.19000
08-08-2023,133.89000
07-08-2023,134.14000
04-08-2023,132.69000
03-08-2023,130.76000
02-08-2023,130.88000
01-08-2023,131.85000
31-07-2023,130.86000
28-07-2023,129.63000
27-07-2023,129.82000
26-07-2023,129.64000
25-07-2023,129.33000
24-07-2023,129.57000
21-07-2023,129.56000
20-07-2023,133.40000
19-07-2023,134.17000
18-07-2023,134.22000
17-07-2023,133.20000
14-07-2023,132.83000
13-07-2023,128.53000
12-07-2023,126.90000
11-07-2023,127.54000
10-07-2023,126.60000
07-07-2023,127.74000
06-07-2023,128.70000
05-07-2023,128.85000
04-07-2023,128.45000
03-07-2023,127.90000
30-06-2023,127.92000
28-06-2023,125.61000
27-06-2023,125.18000
26-06-2023,124.14000
23-06-2023,123.87000
22-06-2023,124.77000
21-06-2023,125.60000
20-06-2023,125.41000
19-06-2023,124.59000
16-06-2023,124.33000
15-06-2023,124.04000
14-06-2023,124.18000
13-06-2023,124.23000
12-06-2023,123.52000
09-06-2023,121.66000
08-06-2023,121.94000
07-06-2023,122.93000
06-06-2023,121.99000
05-06-2023,123.76000
02-06-2023,124.02000
01-06-2023,123.24000
31-05-2023,122.87000
30-05-2023,122.05000
29-05-2023,122.01000
26-05-2023,122.28000
25-05-2023,120.83000
24-05-2023,120.24000
23-05-2023,120.50000
22-05-2023,121.02000
19-05-2023,118.83000
18-05-2023,117.19000
17-05-2023,117.20000
16-05-2023,117.79000
15-05-2023,117.46000
12-05-2023,116.39000
11-05-2023,116.74000
10-05-2023,116.78000
09-05-2023,116.60000
08-05-2023,116.25000
05-05-2023,115.19000
04-05-2023,115.65000
03-05-2023,114.90000
02-05-2023,115.85000
28-04-2023,114.81000
27-04-2023,113.19000
26-04-2023,111.78000
25-04-2023,111.61000
24-04-2023,111.57000
21-04-2023,111.27000
20-04-2023,110.74000
19-04-2023,110.84000
18-04-2023,112.51000
17-04-2023,111.91000
13-04-2023,116.82000
12-04-2023,119.01000
11-04-2023,118.12000
10-04-2023,118.90000
06-04-2023,118.00000
05-04-2023,118.70000
03-04-2023,117.22000
31-03-2023,117.10000
29-03-2023,114.43000
28-03-2023,113.47000
27-03-2023,114.68000
24-03-2023,114.93000
23-03-2023,114.87000
22-03-2023,115.64000
21-03-2023,115.36000
20-03-2023,115.95000
17-03-2023,117.17000
16-03-2023,115.48000
15-03-2023,116.24000
14-03-2023,116.22000
13-03-2023,117.44000
10-03-2023,118.71000
09-03-2023,119.57000
08-03-2023,120.48000
06-03-2023,121.17000
03-03-2023,119.78000
02-03-2023,119.14000
01-03-2023,120.12000
28-02-2023,118.72000
27-02-2023,119.63000
24-02-2023,121.73000
23-02-2023,122.09000
22-02-2023,122.02000
21-02-2023,123.45000
20-02-2023,124.13000
17-02-2023,123.35000
16-02-2023,124.55000
15-02-2023,123.21000
14-02-2023,122.01000
13-02-2023,121.12000
10-02-2023,123.26000
09-02-2023,123.59000
08-02-2023,122.78000
07-02-2023,120.72000
06-02-2023,121.39000
03-02-2023,121.58000
02-02-2023,121.30000
01-02-2023,119.50000
31-01-2023,119.17000
30-01-2023,119.35000
27-01-2023,118.21000
25-01-2023,119.51000
24-01-2023,120.76000
23-01-2023,119.89000
20-01-2023,118.04000
19-01-2023,118.43000
18-01-2023,118.53000
17-01-2023,118.16000
16-01-2023,117.53000
13-01-2023,116.64000
12-01-2023,115.92000
11-01-2023,115.49000
10-01-2023,115.45000
09-01-2023,116.46000
06-01-2023,113.76000
05-01-2023,115.51000
04-01-2023,116.01000
03-01-2023,117.26000
02-01-2023,116.77000
30-12-2022,116.24000
29-12-2022,116.58000
28-12-2022,116.08000
27-12-2022,116.29000
26-12-2022,115.17000
23-12-2022,113.82000
22-12-2022,116.47000
21-12-2022,116.61000
20-12-2022,116.64000
19-12-2022,117.09000
16-12-2022,117.32000
15-12-2022,118.35000
14-12-2022,120.61000
13-12-2022,119.67000
12-12-2022,118.74000
09-12-2022,119.31000
08-12-2022,122.36000
07-12-2022,122.41000
06-12-2022,123.56000
05-12-2022,125.27000
02-12-2022,125.89000
01-12-2022,125.66000
30-11-2022,123.29000
29-11-2022,123.02000
28-11-2022,123.00000
25-11-2022,123.21000
24-11-2022,122.50000
23-11-2022,119.92000
22-11-2022,119.97000
21-11-2022,119.36000
18-11-2022,120.78000
17-11-2022,120.81000
16-11-2022,121.60000
15-11-2022,121.37000
14-11-2022,121.23000
11-11-2022,120.27000
10-11-2022,116.31000
09-11-2022,116.77000
07-11-2022,117.08000
04-11-2022,116.94000
03-11-2022,117.54000
02-11-2022,118.52000
01-11-2022,119.29000
31-10-2022,117.48000
28-10-2022,115.81000
27-10-2022,116.91000
25-10-2022,116.91000
21-10-2022,115.33000
20-10-2022,115.48000
19-10-2022,114.17000
18-10-2022,114.91000
17-10-2022,113.61000
14-10-2022,113.54000
13-10-2022,111.91000
12-10-2022,112.37000
11-10-2022,111.84000
10-10-2022,114.15000
07-10-2022,113.74000
06-10-2022,114.09000
04-10-2022,112.44000
03-10-2022,109.85000
30-09-2022,110.78000
29-09-2022,109.58000
28-09-2022,110.24000
27-09-2022,110.26000
26-09-2022,109.43000
23-09-2022,109.67000
22-09-2022,110.67000
21-09-2022,110.67000
20-09-2022,111.29000
19-09-2022,110.55000
16-09-2022,110.36000
15-09-2022,113.87000
14-09-2022,115.35000
13-09-2022,118.39000
12-09-2022,118.18000
09-09-2022,116.59000
08-09-2022,114.59000
07-09-2022,113.48000
06-09-2022,113.45000
05-09-2022,113.49000
02-09-2022,113.16000
01-09-2022,113.56000
30-08-2022,114.94000
29-08-2022,112.72000
26-08-2022,116.13000
25-08-2022,115.92000
24-08-2022,116.58000
23-08-2022,116.57000
22-08-2022,117.87000
19-08-2022,119.74000
18-08-2022,119.70000
17-08-2022,120.12000
16-08-2022,118.66000
12-08-2022,118.45000
11-08-2022,119.57000
10-08-2022,118.12000
08-08-2022,118.93000
05-08-2022,118.88000
04-08-2022,118.28000
03-08-2022,117.04000
02-08-2022,115.87000
01-08-2022,116.70000
29-07-2022,116.04000
28-07-2022,114.19000
27-07-2022,111.95000
26-07-2022,110.69000
25-07-2022,113.12000
22-07-2022,113.07000
21-07-2022,113.56000
20-07-2022,112.40000
19-07-2022,109.88000
18-07-2022,109.67000
15-07-2022,106.93000
14-07-2022,106.94000
13-07-2022,108.35000
12-07-2022,108.66000
11-07-2022,109.83000
08-07-2022,112.35000
07-07-2022,111.63000
06-07-2022,111.04000
05-07-2022,110.00000
04-07-2022,110.31000
01-07-2022,110.44000
30-06-2022,110.12000
29-06-2022,111.16000
28-06-2022,112.29000
27-06-2022,111.97000
24-06-2022,109.54000
23-06-2022,109.77000
22-06-2022,107.93000
21-06-2022,109.19000
20-06-2022,106.21000
17-06-2022,105.96000
16-06-2022,107.27000
15-06-2022,109.91000
14-06-2022,110.18000
13-06-2022,110.05000
10-06-2022,113.99000
09-06-2022,116.20000
08-06-2022,115.42000
07-06-2022,115.52000
06-06-2022,116.61000
03-06-2022,117.24000
02-06-2022,116.91000
01-06-2022,115.53000
31-05-2022,116.95000
30-05-2022,116.72000
27-05-2022,112.56000
26-05-2022,109.89000
25-05-2022,108.83000
24-05-2022,112.06000
23-05-2022,113.94000
20-05-2022,113.37000
19-05-2022,111.60000
18-05-2022,117.30000
17-05-2022,117.82000
16-05-2022,115.07000
13-05-2022,115.29000
12-05-2022,115.90000
11-05-2022,117.31000
10-05-2022,118.77000
09-05-2022,120.47000
06-05-2022,120.72000
05-05-2022,123.32000
04-05-2022,121.34000
02-05-2022,122.81000
29-04-2022,124.78000
28-04-2022,125.83000
27-04-2022,124.66000
26-04-2022,125.70000
25-04-2022,124.91000
22-04-2022,127.36000
21-04-2022,127.46000
20-04-2022,126.23000
19-04-2022,125.30000
18-04-2022,128.06000
13-04-2022,132.81000
12-04-2022,132.76000
11-04-2022,135.29000
08-04-2022,136.93000
07-04-2022,136.92000
06-04-2022,138.38000
05-04-2022,139.90000
04-04-2022,139.44000
01-04-2022,138.67000
31-03-2022,138.29000
30-03-2022,138.59000
29-03-2022,137.64000
28-03-2022,136.83000
25-03-2022,137.23000
24-03-2022,138.25000
23-03-2022,136.98000
22-03-2022,137.07000
21-03-2022,134.77000
17-03-2022,135.30000
16-03-2022,135.03000
15-03-2022,132.78000
14-03-2022,135.78000
11-03-2022,134.04000
10-03-2022,134.20000
09-03-2022,133.80000
08-03-2022,132.12000
07-03-2022,129.84000
04-03-2022,129.71000
03-03-2022,130.02000
02-03-2022,128.09000
28-02-2022,128.62000
25-02-2022,127.56000
24-02-2022,124.04000
23-02-2022,130.04000
22-02-2022,129.82000
21-02-2022,130.71000
18-02-2022,131.42000
17-02-2022,132.65000
16-02-2022,133.23000
15-02-2022,133.36000
14-02-2022,129.67000
11-02-2022,133.15000
10-02-2022,136.71000
09-02-2022,135.48000
08-02-2022,133.81000
07-02-2022,134.53000
04-02-2022,135.97000
03-02-2022,136.66000
02-02-2022,138.91000
01-02-2022,137.34000
31-01-2022,135.20000
28-01-2022,131.68000
27-01-2022,130.63000
25-01-2022,134.38000
24-01-2022,133.98000
21-01-2022,139.26000
20-01-2022,141.94000
19-01-2022,143.92000
18-01-2022,146.47000
17-01-2022,149.10000
14-01-2022,149.21000
13-01-2022,148.98000
12-01-2022,149.07000
11-01-2022,148.61000
10-01-2022,147.49000
07-01-2022,146.58000
06-01-2022,146.06000
05-01-2022,147.80000
04-01-2022,150.15000
03-01-2022,149.59000
31-12-2021,148.34000
30-12-2021,147.80000
29-12-2021,146.45000
28-12-2021,146.45000
27-12-2021,145.03000
24-12-2021,144.40000
23-12-2021,143.19000
22-12-2021,141.73000
21-12-2021,139.75000
20-12-2021,137.71000
17-12-2021,141.13000
16-12-2021,141.10000
15-12-2021,140.08000
14-12-2021,141.48000
13-12-2021,141.53000
10-12-2021,141.00000
09-12-2021,141.38000
08-12-2021,140.86000
07-12-2021,138.20000
06-12-2021,137.00000
03-12-2021,140.42000
02-12-2021,141.23000
01-12-2021,139.33000
30-11-2021,138.73000
29-11-2021,137.33000
26-11-2021,137.44000
25-11-2021,140.44000
24-11-2021,138.90000
23-11-2021,139.20000
22-11-2021,136.83000
18-11-2021,138.56000
17-11-2021,141.42000
16-11-2021,141.16000
15-11-2021,140.20000
12-11-2021,140.06000
11-11-2021,137.77000
10-11-2021,138.62000
09-11-2021,138.81000
08-11-2021,138.68000
03-11-2021,136.07000
02-11-2021,136.29000
01-11-2021,136.34000
29-10-2021,133.59000
28-10-2021,135.36000
27-10-2021,137.37000
26-10-2021,136.23000
25-10-2021,135.01000
22-10-2021,136.57000
21-10-2021,138.43000
20-10-2021,141.13000
19-10-2021,141.91000
18-10-2021,139.82000
14-10-2021,138.38000
13-10-2021,136.82000
12-10-2021,135.53000
11-10-2021,136.97000
08-10-2021,139.90000
07-10-2021,137.53000
06-10-2021,135.34000
05-10-2021,136.41000
04-10-2021,135.08000
01-10-2021,133.70000
30-09-2021,134.65000
29-09-2021,135.07000
28-09-2021,134.81000
27-09-2021,137.44000
24-09-2021,140.34000
23-09-2021,139.17000
22-09-2021,138.27000
21-09-2021,136.15000
20-09-2021,134.82000
17-09-2021,135.77000
16-09-2021,136.20000
15-09-2021,136.95000
14-09-2021,134.54000
13-09-2021,133.37000
09-09-2021,132.33000
08-09-2021,131.80000
07-09-2021,132.19000
06-09-2021,133.10000
03-09-2021,131.66000
02-09-2021,130.97000
01-09-2021,129.42000
31-08-2021,130.59000
30-08-2021,128.64000
27-08-2021,128.51000
26-08-2021,128.05000
25-08-2021,128.62000
24-08-2021,128.22000
23-08-2021,127.97000
20-08-2021,127.10000
18-08-2021,128.64000
17-08-2021,128.89000
16-08-2021,126.91000
13-08-2021,127.11000
12-08-2021,125.88000
11-08-2021,123.49000
10-08-2021,123.99000
09-08-2021,123.45000
06-08-2021,123.03000
05-08-2021,122.71000
04-08-2021,121.94000
03-08-2021,122.55000
02-08-2021,121.61000
30-07-2021,120.52000
29-07-2021,120.10000
28-07-2021,119.20000
27-07-2021,119.37000
26-07-2021,119.66000
23-07-2021,119.29000
22-07-2021,118.36000
20-07-2021,116.20000
19-07-2021,117.42000
16-07-2021,118.48000
15-07-2021,118.17000
14-07-2021,115.98000
13-07-2021,113.89000
12-07-2021,114.21000
09-07-2021,114.62000
08-07-2021,114.67000
07-07-2021,113.99000
06-07-2021,114.05000
05-07-2021,115.01000
02-07-2021,114.90000
01-07-2021,114.54000
30-06-2021,114.26000
29-06-2021,113.33000
28-06-2021,113.04000
25-06-2021,113.10000
24-06-2021,112.55000
23-06-2021,110.90000
22-06-2021,111.71000
21-06-2021,111.39000
18-06-2021,111.32000
17-06-2021,111.78000
16-06-2021,111.44000
15-06-2021,111.06000
14-06-2021,110.45000
11-06-2021,110.44000
10-06-2021,109.71000
09-06-2021,108.35000
08-06-2021,108.95000
07-06-2021,107.32000
04-06-2021,106.13000
03-06-2021,105.74000
02-06-2021,105.43000
01-06-2021,105.31000
31-05-2021,105.91000
28-05-2021,105.50000
27-05-2021,105.34000
26-05-2021,104.33000
25-05-2021,102.40000
24-05-2021,101.48000
21-05-2021,101.33000
20-05-2021,100.75000
19-05-2021,100.37000
18-05-2021,100.25000
17-05-2021,99.40000
14-05-2021,98.86000
12-05-2021,99.58000
11-05-2021,100.26000
10-05-2021,100.51000
07-05-2021,100.62000
06-05-2021,100.58000
05-05-2021,99.11000
04-05-2021,98.79000
03-05-2021,99.15000
30-04-2021,98.46000
29-04-2021,98.84000
28-04-2021,98.80000
27-04-2021,98.12000
26-04-2021,97.71000
23-04-2021,97.10000
22-04-2021,97.52000
20-04-2021,97.79000
19-04-2021,98.34000
16-04-2021,99.02000
15-04-2021,98.38000
13-04-2021,98.68000
12-04-2021,99.88000
09-04-2021,103.08000
08-04-2021,102.52000
07-04-2021,101.39000
06-04-2021,99.75000
05-04-2021,99.46000
01-04-2021,98.55000
31-03-2021,97.24000
30-03-2021,97.98000
26-03-2021,95.21000
25-03-2021,94.61000
24-03-2021,96.56000
23-03-2021,97.40000
22-03-2021,97.28000
19-03-2021,96.15000
18-03-2021,95.37000
17-03-2021,97.81000
16-03-2021,99.21000
15-03-2021,97.42000
12-03-2021,97.44000
10-03-2021,97.59000
09-03-2021,96.03000
08-03-2021,95.43000
05-03-2021,94.11000
04-03-2021,95.77000
03-03-2021,96.04000
02-03-2021,95.07000
01-03-2021,92.13000
26-02-2021,91.01000
25-02-2021,93.14000
24-02-2021,91.88000
23-02-2021,91.39000
22-02-2021,91.35000
19-02-2021,92.63000
18-02-2021,93.00000
17-02-2021,92.73000
16-02-2021,92.81000
15-02-2021,93.34000
12-02-2021,93.28000
11-02-2021,93.01000
10-02-2021,92.47000
09-02-2021,92.41000
08-02-2021,92.94000
05-02-2021,91.00000
04-02-2021,91.76000
03-02-2021,91.56000
02-02-2021,90.60000
01-02-2021,89.10000
29-01-2021,88.18000
28-01-2021,89.97000
27-01-2021,91.33000
25-01-2021,91.03000
22-01-2021,92.47000
21-01-2021,92.20000
20-01-2021,92.77000
19-01-2021,90.98000
18-01-2021,90.39000
15-01-2021,92.09000
14-01-2021,93.76000
13-01-2021,94.07000
12-01-2021,93.84000
11-01-2021,94.10000
08-01-2021,92.04000
07-01-2021,89.57000
06-01-2021,89.92000
05-01-2021,90.48000
04-01-2021,89.28000
01-01-2021,87.49000
31-12-2020,87.02000
30-12-2020,87.16000
29-12-2020,86.98000
28-12-2020,86.71000
24-12-2020,85.80000
23-12-2020,85.93000
22-12-2020,83.77000
21-12-2020,80.83000
18-12-2020,83.03000
17-12-2020,82.10000
16-12-2020,82.06000
15-12-2020,81.25000
14-12-2020,81.34000
11-12-2020,80.85000
10-12-2020,80.67000
09-12-2020,81.21000
08-12-2020,80.47000
07-12-2020,80.43000
04-12-2020,79.72000
03-12-2020,79.46000
02-12-2020,79.53000
01-12-2020,79.16000
27-11-2020,77.85000
26-11-2020,77.82000
25-11-2020,77.62000
24-11-2020,78.70000
23-11-2020,78.50000
20-11-2020,77.24000
19-11-2020,76.30000
18-11-2020,76.89000
17-11-2020,77.39000
13-11-2020,76.90000
12-11-2020,76.76000
11-11-2020,76.26000
10-11-2020,75.27000
09-11-2020,77.67000
06-11-2020,76.35000
05-11-2020,76.19000
04-11-2020,75.46000
03-11-2020,74.33000
02-11-2020,74.45000
30-10-2020,74.89000
29-10-2020,75.21000
28-10-2020,75.43000
27-10-2020,75.74000
26-10-2020,76.10000
23-10-2020,76.41000
22-10-2020,76.04000
21-10-2020,76.11000
20-10-2020,76.15000
19-10-2020,74.83000
16-10-2020,74.82000
15-10-2020,74.36000
14-10-2020,75.87000
13-10-2020,76.75000
12-10-2020,75.53000
09-10-2020,75.12000
08-10-2020,75.11000
07-10-2020,73.32000
06-10-2020,73.54000
05-10-2020,73.00000
01-10-2020,72.10000
30-09-2020,71.64000
29-09-2020,71.52000
28-09-2020,71.79000
25-09-2020,71.14000
24-09-2020,68.91000
23-09-2020,71.40000
22-09-2020,71.08000
21-09-2020,70.56000
18-09-2020,71.19000
17-09-2020,71.13000
16-09-2020,70.06000
15-09-2020,69.75000
14-09-2020,69.02000
11-09-2020,66.63000
10-09-2020,66.41000
09-09-2020,65.84000
08-09-2020,66.42000
07-09-2020,66.35000
04-09-2020,66.38000
03-09-2020,67.79000
02-09-2020,67.35000
01-09-2020,66.26000
31-08-2020,66.19000
28-08-2020,67.51000
27-08-2020,67.66000
26-08-2020,67.73000
25-08-2020,67.12000
24-08-2020,67.19000
21-08-2020,67.13000
20-08-2020,67.02000
19-08-2020,67.03000
18-08-2020,66.88000
17-08-2020,66.85000
14-08-2020,66.17000
13-08-2020,66.65000
12-08-2020,66.20000
11-08-2020,65.83000
10-08-2020,65.85000
07-08-2020,65.26000
06-08-2020,64.89000
05-08-2020,64.00000
04-08-2020,63.85000
03-08-2020,63.79000
31-07-2020,63.57000
30-07-2020,63.07000
29-07-2020,62.76000
28-07-2020,63.05000
27-07-2020,61.94000
24-07-2020,60.78000
23-07-2020,60.03000
22-07-2020,59.78000
21-07-2020,60.24000
20-07-2020,60.05000
17-07-2020,58.96000
16-07-2020,59.25000
15-07-2020,57.38000
14-07-2020,56.04000
13-07-2020,56.53000
10-07-2020,55.72000
09-07-2020,55.76000
08-07-2020,55.39000
07-07-2020,56.06000
06-07-2020,55.33000
03-07-2020,55.11000
02-07-2020,54.68000
01-07-2020,54.04000
30-06-2020,54.06000
29-06-2020,54.08000
26-06-2020,54.58000
25-06-2020,52.92000
24-06-2020,53.00000
23-06-2020,53.45000
22-06-2020,52.44000
19-06-2020,52.28000
18-06-2020,52.16000
17-06-2020,51.90000
16-06-2020,51.49000
15-06-2020,51.25000
12-06-2020,51.59000
11-06-2020,52.17000
10-06-2020,52.74000
09-06-2020,52.77000
08-06-2020,53.23000
05-06-2020,52.37000
04-06-2020,52.27000
03-06-2020,51.42000
02-06-2020,51.35000
01-06-2020,50.73000
29-05-2020,49.86000
28-05-2020,49.89000
27-05-2020,49.32000
26-05-2020,48.67000
22-05-2020,49.40000
21-05-2020,48.95000
20-05-2020,48.74000
19-05-2020,48.65000
18-05-2020,47.52000
15-05-2020,47.95000
14-05-2020,47.96000
13-05-2020,49.23000
12-05-2020,49.04000
11-05-2020,48.55000
08-05-2020,48.22000
07-05-2020,48.11000
06-05-2020,48.35000
05-05-2020,47.95000
04-05-2020,48.11000
30-04-2020,49.54000
29-04-2020,47.57000
28-04-2020,46.75000
27-04-2020,46.62000
24-04-2020,46.20000
23-04-2020,46.95000
22-04-2020,45.99000
21-04-2020,45.77000
20-04-2020,46.86000
17-04-2020,46.08000
16-04-2020,45.50000
15-04-2020,45.95000
13-04-2020,45.63000
09-04-2020,45.60000
08-04-2020,44.77000
07-04-2020,44.71000
03-04-2020,41.85000
01-04-2020,42.56000
31-03-2020,44.30000
30-03-2020,42.76000
27-03-2020,43.86000
26-03-2020,44.08000
25-03-2020,42.80000
24-03-2020,41.06000
23-03-2020,39.31000
20-03-2020,43.89000
19-03-2020,41.87000
18-03-2020,42.98000
17-03-2020,44.37000
16-03-2020,46.06000
13-03-2020,49.04000
12-03-2020,48.56000
11-03-2020,52.72000
09-03-2020,53.43000
06-03-2020,55.72000
05-03-2020,56.44000
04-03-2020,56.00000
03-03-2020,56.03000
02-03-2020,55.04000
28-02-2020,54.72000
27-02-2020,57.43000
26-02-2020,57.89000
25-02-2020,58.54000
24-02-2020,58.63000
20-02-2020,59.49000
19-02-2020,59.72000
18-02-2020,59.66000
17-02-2020,59.78000
14-02-2020,60.08000
13-02-2020,59.85000
12-02-2020,59.61000
11-02-2020,59.52000
10-02-2020,59.03000
07-02-2020,59.38000
06-02-2020,59.17000
05-02-2020,59.06000
04-02-2020,58.56000
03-02-2020,57.02000
31-01-2020,57.65000
30-01-2020,57.95000
29-01-2020,58.43000
28-01-2020,58.05000
27-01-2020,58.47000
24-01-2020,58.76000
23-01-2020,58.45000
22-01-2020,57.88000
21-01-2020,57.40000
20-01-2020,57.61000
17-01-2020,57.82000
16-01-2020,57.41000
15-01-2020,57.17000
14-01-2020,57.13000
13-01-2020,56.67000
10-01-2020,55.62000
09-01-2020,55.14000
08-01-2020,54.82000
07-01-2020,54.86000
06-01-2020,55.01000
03-01-2020,55.59000
02-01-2020,55.01000
01-01-2020,54.95000
31-12-2019,54.72000
30-12-2019,54.97000
27-12-2019,54.93000
26-12-2019,54.42000
24-12-2019,54.73000
23-12-2019,54.96000
20-12-2019,54.97000
19-12-2019,54.84000
18-12-2019,54.65000
17-12-2019,54.57000
16-12-2019,53.66000
13-12-2019,53.34000
12-12-2019,52.86000
11-12-2019,53.27000
10-12-2019,52.99000
09-12-2019,53.53000
06-12-2019,53.81000
05-12-2019,54.04000
04-12-2019,53.93000
03-12-2019,53.41000
02-12-2019,53.39000
29-11-2019,53.70000
28-11-2019,53.98000
27-11-2019,53.66000
26-11-2019,53.59000
25-11-2019,54.03000
22-11-2019,53.50000
21-11-2019,54.27000
20-11-2019,54.37000
19-11-2019,54.14000
18-11-2019,53.64000
15-11-2019,53.38000
14-11-2019,53.35000
13-11-2019,52.79000
11-11-2019,53.49000
08-11-2019,53.49000
07-11-2019,53.98000
06-11-2019,53.76000
05-11-2019,53.65000
04-11-2019,53.91000
01-11-2019,53.51000
31-10-2019,53.38000
30-10-2019,52.52000
29-10-2019,52.23000
25-10-2019,51.81000
24-10-2019,51.80000
23-10-2019,51.98000
22-10-2019,51.64000
18-10-2019,54.45000
17-10-2019,54.14000
16-10-2019,53.99000
15-10-2019,53.72000
14-10-2019,54.13000
11-10-2019,54.44000
10-10-2019,53.61000
09-10-2019,53.55000
07-10-2019,53.43000
04-10-2019,53.55000
03-10-2019,53.64000
01-10-2019,53.71000
30-09-2019,54.51000
27-09-2019,53.77000
26-09-2019,53.90000
25-09-2019,53.79000
24-09-2019,53.95000
23-09-2019,53.31000
20-09-2019,54.00000
19-09-2019,53.68000
18-09-2019,54.46000
17-09-2019,54.36000
16-09-2019,54.79000
13-09-2019,54.61000
12-09-2019,54.16000
11-09-2019,54.25000
09-09-2019,54.73000
06-09-2019,54.65000
05-09-2019,54.04000
04-09-2019,53.79000
03-09-2019,53.55000
30-08-2019,53.64000
29-08-2019,53.33000
28-08-2019,53.38000
27-08-2019,52.81000
26-08-2019,53.14000
23-08-2019,52.83000
22-08-2019,52.42000
21-08-2019,52.34000
20-08-2019,52.49000
19-08-2019,51.91000
16-08-2019,51.65000
14-08-2019,52.06000
13-08-2019,51.48000
09-08-2019,52.72000
08-08-2019,52.85000
07-08-2019,51.92000
06-08-2019,51.55000
05-08-2019,51.53000
02-08-2019,51.56000
01-08-2019,51.45000
31-07-2019,52.42000
30-07-2019,52.30000
29-07-2019,52.34000
26-07-2019,52.49000
25-07-2019,52.74000
24-07-2019,52.39000
23-07-2019,52.62000
22-07-2019,52.52000
19-07-2019,52.46000
18-07-2019,53.09000
17-07-2019,53.56000
16-07-2019,53.14000
15-07-2019,53.21000
12-07-2019,51.84000
11-07-2019,51.61000
10-07-2019,51.22000
09-07-2019,51.36000
08-07-2019,51.57000
05-07-2019,51.78000
04-07-2019,52.89000
03-07-2019,52.60000
02-07-2019,52.92000
01-07-2019,52.58000
28-06-2019,52.46000
27-06-2019,52.47000
26-06-2019,52.89000
25-06-2019,53.09000
24-06-2019,53.14000
21-06-2019,53.25000
20-06-2019,53.47000
19-06-2019,53.20000
18-06-2019,53.27000
17-06-2019,52.92000
14-06-2019,53.17000
13-06-2019,53.58000
12-06-2019,53.72000
11-06-2019,53.78000
10-06-2019,53.31000
07-06-2019,52.76000
06-06-2019,52.52000
04-06-2019,52.76000
03-06-2019,53.54000
31-05-2019,53.12000
30-05-2019,52.69000
29-05-2019,52.37000
28-05-2019,52.33000
27-05-2019,51.71000
24-05-2019,51.46000
23-05-2019,51.20000
22-05-2019,51.50000
21-05-2019,51.64000
20-05-2019,52.26000
17-05-2019,51.78000
16-05-2019,51.92000
15-05-2019,51.33000
14-05-2019,51.45000
13-05-2019,52.02000
10-05-2019,52.29000
09-05-2019,52.61000
08-05-2019,52.26000
07-05-2019,52.96000
06-05-2019,53.13000
03-05-2019,53.28000
02-05-2019,54.01000
30-04-2019,54.72000
26-04-2019,54.20000
25-04-2019,53.76000
24-04-2019,53.96000
23-04-2019,53.39000
22-04-2019,53.26000
18-04-2019,53.12000
16-04-2019,53.39000
15-04-2019,53.38000
12-04-2019,53.47000
11-04-2019,53.38000
10-04-2019,53.72000
09-04-2019,54.11000
08-04-2019,54.17000
05-04-2019,54.00000
04-04-2019,53.54000
03-04-2019,53.94000
02-04-2019,54.22000
29-03-2019,53.50000
28-03-2019,53.24000
27-03-2019,52.54000
26-03-2019,52.47000
25-03-2019,52.61000
22-03-2019,53.12000
20-03-2019,53.30000
19-03-2019,53.05000
18-03-2019,52.62000
15-03-2019,53.09000
14-03-2019,52.85000
13-03-2019,52.96000
12-03-2019,53.18000
11-03-2019,53.04000
08-03-2019,52.87000
07-03-2019,53.23000
06-03-2019,53.63000
05-03-2019,53.66000
01-03-2019,53.72000
28-02-2019,53.17000
27-02-2019,53.20000
26-02-2019,53.45000
25-02-2019,53.54000
22-02-2019,52.76000
21-02-2019,52.66000
20-02-2019,52.59000
19-02-2019,51.80000
18-02-2019,52.10000
15-02-2019,52.37000
14-02-2019,52.74000
13-02-2019,52.89000
12-02-2019,52.78000
11-02-2019,53.37000
08-02-2019,53.12000
07-02-2019,53.50000
06-02-2019,53.23000
05-02-2019,52.38000
04-02-2019,52.31000
01-02-2019,52.32000
31-01-2019,51.80000
30-01-2019,51.17000
29-01-2019,51.08000
28-01-2019,50.92000
25-01-2019,50.94000
24-01-2019,51.34000
23-01-2019,51.21000
22-01-2019,51.52000
21-01-2019,51.49000
18-01-2019,51.15000
17-01-2019,51.22000
16-01-2019,51.03000
15-01-2019,50.86000
14-01-2019,49.93000
11-01-2019,49.70000
10-01-2019,49.71000
09-01-2019,49.61000
08-01-2019,49.36000
07-01-2019,49.43000
04-01-2019,48.93000
03-01-2019,49.54000
02-01-2019,50.02000
01-01-2019,50.10000
31-12-2018,49.94000
28-12-2018,49.83000
27-12-2018,49.47000
26-12-2018,48.80000
24-12-2018,48.94000
21-12-2018,49.08000
20-12-2018,50.10000
19-12-2018,50.15000
18-12-2018,50.45000
17-12-2018,50.88000
14-12-2018,50.99000
13-12-2018,50.67000
12-12-2018,50.14000
11-12-2018,49.57000
10-12-2018,49.01000
07-12-2018,49.89000
06-12-2018,49.91000
05-12-2018,50.86000
04-12-2018,51.18000
03-12-2018,50.61000
30-11-2018,50.30000
29-11-2018,49.97000
28-11-2018,50.50000
27-11-2018,49.31000
26-11-2018,48.61000
22-11-2018,48.27000
21-11-2018,48.42000
20-11-2018,49.41000
19-11-2018,50.33000
16-11-2018,50.17000
15-11-2018,50.01000
14-11-2018,49.97000
13-11-2018,50.85000
12-11-2018,50.94000
09-11-2018,50.74000
06-11-2018,50.56000
05-11-2018,50.42000
02-11-2018,50.37000
01-11-2018,51.07000
31-10-2018,51.86000
30-10-2018,49.97000
29-10-2018,49.26000
26-10-2018,48.05000
25-10-2018,48.42000
24-10-2018,48.68000
23-10-2018,48.63000
22-10-2018,49.78000
19-10-2018,50.09000
17-10-2018,51.70000
16-10-2018,51.61000
15-10-2018,51.01000
12-10-2018,50.17000
11-10-2018,50.08000
10-10-2018,51.73000
09-10-2018,51.34000
08-10-2018,51.15000
05-10-2018,52.03000
04-10-2018,52.19000
03-10-2018,53.60000
01-10-2018,54.31000
28-09-2018,53.19000
27-09-2018,53.65000
26-09-2018,53.84000
25-09-2018,54.36000
24-09-2018,54.19000
21-09-2018,53.97000
19-09-2018,54.88000
18-09-2018,54.88000
17-09-2018,55.33000
14-09-2018,55.32000
12-09-2018,55.24000
11-09-2018,55.20000
10-09-2018,55.67000
07-09-2018,55.76000
06-09-2018,55.42000
05-09-2018,55.35000
04-09-2018,55.44000
03-09-2018,54.96000
31-08-2018,55.28000
30-08-2018,54.24000
29-08-2018,54.18000
28-08-2018,54.44000
27-08-2018,54.23000
24-08-2018,53.51000
23-08-2018,54.19000
21-08-2018,53.91000
20-08-2018,53.55000
17-08-2018,54.01000
16-08-2018,53.66000
14-08-2018,53.27000
13-08-2018,52.63000
10-08-2018,52.34000
09-08-2018,52.17000
08-08-2018,52.18000
07-08-2018,52.00000
06-08-2018,51.97000
03-08-2018,51.99000
02-08-2018,51.58000
01-08-2018,51.86000
31-07-2018,51.72000
30-07-2018,51.28000
27-07-2018,51.66000
26-07-2018,51.30000
25-07-2018,51.56000
24-07-2018,51.95000
23-07-2018,51.35000
20-07-2018,50.94000
19-07-2018,50.07000
18-07-2018,50.84000
17-07-2018,50.70000
16-07-2018,50.40000
13-07-2018,50.75000
12-07-2018,50.91000
11-07-2018,50.90000
10-07-2018,50.50000
09-07-2018,50.06000
06-07-2018,49.29000
05-07-2018,48.88000
04-07-2018,49.60000
03-07-2018,49.93000
02-07-2018,49.57000
29-06-2018,49.45000
28-06-2018,48.82000
27-06-2018,49.42000
26-06-2018,49.46000
25-06-2018,49.45000
22-06-2018,49.50000
21-06-2018,49.44000
20-06-2018,49.48000
19-06-2018,49.65000
18-06-2018,50.17000
15-06-2018,50.66000
14-06-2018,50.22000
13-06-2018,50.36000
12-06-2018,50.41000
11-06-2018,50.01000
08-06-2018,49.95000
07-06-2018,49.80000
06-06-2018,48.97000
05-06-2018,48.59000
04-06-2018,49.62000
01-06-2018,49.96000
31-05-2018,50.37000
30-05-2018,50.07000
29-05-2018,50.04000
28-05-2018,49.87000
25-05-2018,50.36000
24-05-2018,50.01000
23-05-2018,49.03000
22-05-2018,48.93000
21-05-2018,48.59000
18-05-2018,49.09000
17-05-2018,49.43000
16-05-2018,49.51000
15-05-2018,49.49000
14-05-2018,49.57000
11-05-2018,49.45000
10-05-2018,49.03000
09-05-2018,49.12000
08-05-2018,48.99000
07-05-2018,49.19000
04-05-2018,49.02000
03-05-2018,49.19000
02-05-2018,49.95000
30-04-2018,50.62000
27-04-2018,49.97000
26-04-2018,50.32000
25-04-2018,49.94000
24-04-2018,49.62000
23-04-2018,50.41000
20-04-2018,49.65000
19-04-2018,48.01000
18-04-2018,47.58000
17-04-2018,47.78000
16-04-2018,47.88000
13-04-2018,48.20000
12-04-2018,47.77000
11-04-2018,46.67000
10-04-2018,46.39000
09-04-2018,46.33000
06-04-2018,46.65000
05-04-2018,46.94000
04-04-2018,46.32000
03-04-2018,46.92000
02-04-2018,47.09000
28-03-2018,46.59000
27-03-2018,47.19000
26-03-2018,47.06000
23-03-2018,46.95000
22-03-2018,46.88000
21-03-2018,47.11000
20-03-2018,46.93000
19-03-2018,46.48000
16-03-2018,47.50000
15-03-2018,47.72000
14-03-2018,47.77000
13-03-2018,47.51000
12-03-2018,47.43000
09-03-2018,46.80000
08-03-2018,46.60000
07-03-2018,46.40000
06-03-2018,46.76000
05-03-2018,47.29000
01-03-2018,47.49000
28-02-2018,47.76000
27-02-2018,47.49000
26-02-2018,47.37000
23-02-2018,47.44000
22-02-2018,46.90000
21-02-2018,46.62000
20-02-2018,46.05000
19-02-2018,45.96000
16-02-2018,46.50000
15-02-2018,46.74000
14-02-2018,46.72000
12-02-2018,46.49000
09-02-2018,46.45000
08-02-2018,46.62000
07-02-2018,46.08000
06-02-2018,46.05000
05-02-2018,47.19000
02-02-2018,47.10000
01-02-2018,47.73000
31-01-2018,47.60000
30-01-2018,47.95000
29-01-2018,48.23000
25-01-2018,48.08000
24-01-2018,48.36000
23-01-2018,47.70000
22-01-2018,46.64000
19-01-2018,46.26000
18-01-2018,45.92000
17-01-2018,46.13000
16-01-2018,45.50000
15-01-2018,44.97000
12-01-2018,45.16000
11-01-2018,45.16000
10-01-2018,44.69000
09-01-2018,44.07000
08-01-2018,44.09000
05-01-2018,43.71000
04-01-2018,43.29000
03-01-2018,42.94000
02-01-2018,42.91000
01-01-2018,43.03000
29-12-2017,43.19000
28-12-2017,42.73000
27-12-2017,42.69000
26-12-2017,42.80000
22-12-2017,42.61000
21-12-2017,42.25000
20-12-2017,41.92000
19-12-2017,41.92000
18-12-2017,41.74000
15-12-2017,41.82000
14-12-2017,41.86000
13-12-2017,41.66000
12-12-2017,41.69000
11-12-2017,42.00000
08-12-2017,41.72000
07-12-2017,41.35000
06-12-2017,40.69000
05-12-2017,40.60000
04-12-2017,40.67000
01-12-2017,40.43000
30-11-2017,41.08000
29-11-2017,41.06000
28-11-2017,41.09000
27-11-2017,41.20000
24-11-2017,41.31000
23-11-2017,41.09000
22-11-2017,40.58000
21-11-2017,40.65000
20-11-2017,40.31000
17-11-2017,40.26000
16-11-2017,40.48000
15-11-2017,39.76000
14-11-2017,39.91000
13-11-2017,40.00000
10-11-2017,40.13000
09-11-2017,40.24000
08-11-2017,39.71000
07-11-2017,39.37000
06-11-2017,38.89000
03-11-2017,39.05000
02-11-2017,39.21000
01-11-2017,39.45000
31-10-2017,39.18000
30-10-2017,38.85000
27-10-2017,38.74000
26-10-2017,38.62000
25-10-2017,38.59000
24-10-2017,38.43000
23-10-2017,38.43000
18-10-2017,38.02000
17-10-2017,38.43000
16-10-2017,38.54000
13-10-2017,38.39000
12-10-2017,38.10000
11-10-2017,37.80000
10-10-2017,37.80000
09-10-2017,37.26000
06-10-2017,37.19000
05-10-2017,36.76000
04-10-2017,36.79000
03-10-2017,36.93000
29-09-2017,36.80000
28-09-2017,36.50000
27-09-2017,36.28000
26-09-2017,36.55000
25-09-2017,36.30000
22-09-2017,36.67000
21-09-2017,37.00000
20-09-2017,36.95000
19-09-2017,36.91000
18-09-2017,36.76000
15-09-2017,36.68000
14-09-2017,36.33000
13-09-2017,36.18000
12-09-2017,36.31000
11-09-2017,36.06000
08-09-2017,36.08000
07-09-2017,36.25000
06-09-2017,36.16000
05-09-2017,36.36000
04-09-2017,36.18000
01-09-2017,36.65000
31-08-2017,36.45000
30-08-2017,36.48000
29-08-2017,36.42000
28-08-2017,36.75000
24-08-2017,36.12000
23-08-2017,35.88000
22-08-2017,35.65000
21-08-2017,35.60000
18-08-2017,36.41000
17-08-2017,37.59000
16-08-2017,36.85000
14-08-2017,36.54000
11-08-2017,36.36000
10-08-2017,36.49000
09-08-2017,36.65000
08-08-2017,36.86000
07-08-2017,37.06000
04-08-2017,37.33000
03-08-2017,37.29000
02-08-2017,37.42000
01-08-2017,37.56000
31-07-2017,37.50000
28-07-2017,37.26000
27-07-2017,36.97000
26-07-2017,37.30000
25-07-2017,37.50000
24-07-2017,37.49000
21-07-2017,37.34000
20-07-2017,36.84000
19-07-2017,36.86000
18-07-2017,36.41000
17-07-2017,36.39000
14-07-2017,36.12000
13-07-2017,36.34000
12-07-2017,36.32000
11-07-2017,36.29000
10-07-2017,36.11000
07-07-2017,35.64000
06-07-2017,35.83000
05-07-2017,35.97000
04-07-2017,35.73000
03-07-2017,35.67000
30-06-2017,35.52000
29-06-2017,35.40000
28-06-2017,35.22000
27-06-2017,35.09000
23-06-2017,35.53000
22-06-2017,35.68000
21-06-2017,35.84000
20-06-2017,36.00000
19-06-2017,35.69000
16-06-2017,35.74000
15-06-2017,35.81000
14-06-2017,36.10000
13-06-2017,36.10000
12-06-2017,36.31000
09-06-2017,36.17000
08-06-2017,36.32000
07-06-2017,36.41000
06-06-2017,36.90000
05-06-2017,36.34000
02-06-2017,36.14000
01-06-2017,36.04000
31-05-2017,35.74000
30-05-2017,35.97000
29-05-2017,35.65000
26-05-2017,36.15000
25-05-2017,35.99000
24-05-2017,35.14000
23-05-2017,35.23000
22-05-2017,35.27000
19-05-2017,35.34000
18-05-2017,35.59000
17-05-2017,35.77000
16-05-2017,35.91000
15-05-2017,35.71000
12-05-2017,35.81000
11-05-2017,35.40000
10-05-2017,35.43000
09-05-2017,35.29000
08-05-2017,35.13000
05-05-2017,34.51000
04-05-2017,34.82000
03-05-2017,34.93000
02-05-2017,34.63000
28-04-2017,34.54000
27-04-2017,34.61000
26-04-2017,34.36000
25-04-2017,34.57000
24-04-2017,34.35000
21-04-2017,34.09000
20-04-2017,33.87000
19-04-2017,33.55000
18-04-2017,33.64000
17-04-2017,33.86000
13-04-2017,33.97000
12-04-2017,34.50000
11-04-2017,34.65000
10-04-2017,34.41000
07-04-2017,34.95000
06-04-2017,35.12000
05-04-2017,35.16000
03-04-2017,35.32000
31-03-2017,35.47000
30-03-2017,35.44000
29-03-2017,35.56000
28-03-2017,35.43000
27-03-2017,35.24000
24-03-2017,35.45000
23-03-2017,35.61000
22-03-2017,35.33000
21-03-2017,35.53000
20-03-2017,35.61000
17-03-2017,36.01000
16-03-2017,35.81000
15-03-2017,35.52000
14-03-2017,35.87000
10-03-2017,35.61000
09-03-2017,35.55000
08-03-2017,35.58000
07-03-2017,36.04000
06-03-2017,35.91000
03-03-2017,35.98000
02-03-2017,35.67000
01-03-2017,35.95000
28-02-2017,35.76000
27-02-2017,35.69000
23-02-2017,35.72000
22-02-2017,35.41000
21-02-2017,35.83000
20-02-2017,35.76000
17-02-2017,35.50000
16-02-2017,35.72000
15-02-2017,35.01000
14-02-2017,35.28000
13-02-2017,35.20000
10-02-2017,34.96000
09-02-2017,34.43000
08-02-2017,34.03000
07-02-2017,34.03000
06-02-2017,34.11000
03-02-2017,34.18000
02-02-2017,33.88000
01-02-2017,33.29000
31-01-2017,33.50000
30-01-2017,34.36000
27-01-2017,34.49000
25-01-2017,34.52000
24-01-2017,34.69000
23-01-2017,34.81000
20-01-2017,34.71000
19-01-2017,35.12000
18-01-2017,34.95000
17-01-2017,34.74000
16-01-2017,34.68000
13-01-2017,35.06000
12-01-2017,35.30000
11-01-2017,34.82000
10-01-2017,34.83000
09-01-2017,34.78000
06-01-2017,34.65000
05-01-2017,35.47000
04-01-2017,35.59000
03-01-2017,35.29000
02-01-2017,35.19000
30-12-2016,35.30000
29-12-2016,34.88000
28-12-2016,34.72000
27-12-2016,34.54000
26-12-2016,34.06000
23-12-2016,34.45000
22-12-2016,34.49000
21-12-2016,34.84000
20-12-2016,35.10000
19-12-2016,35.02000
16-12-2016,34.96000
15-12-2016,34.82000
14-12-2016,34.60000
13-12-2016,34.47000
12-12-2016,34.04000
09-12-2016,34.30000
08-12-2016,34.02000
07-12-2016,33.52000
06-12-2016,33.66000
05-12-2016,33.52000
02-12-2016,33.69000
01-12-2016,34.02000
30-11-2016,34.16000
29-11-2016,33.99000
28-11-2016,34.15000
25-11-2016,34.05000
24-11-2016,32.69000
23-11-2016,32.45000
22-11-2016,32.40000
21-11-2016,32.16000
18-11-2016,32.53000
17-11-2016,32.61000
16-11-2016,32.84000
15-11-2016,32.34000
11-11-2016,32.34000
10-11-2016,33.15000
09-11-2016,33.22000
08-11-2016,33.95000
07-11-2016,33.81000
04-11-2016,33.46000
03-11-2016,33.30000
02-11-2016,33.56000
01-11-2016,33.93000
28-10-2016,34.06000
27-10-2016,34.14000
26-10-2016,34.53000
25-10-2016,34.81000
24-10-2016,34.87000
21-10-2016,35.17000
20-10-2016,34.88000
19-10-2016,34.92000
18-10-2016,34.76000
17-10-2016,34.21000
14-10-2016,34.59000
13-10-2016,34.80000
10-10-2016,34.66000
07-10-2016,34.31000
06-10-2016,34.52000
05-10-2016,34.85000
04-10-2016,34.81000
03-10-2016,34.56000
30-09-2016,34.19000
29-09-2016,33.85000
28-09-2016,34.71000
27-09-2016,34.58000
26-09-2016,34.54000
23-09-2016,34.72000
22-09-2016,34.78000
21-09-2016,34.72000
20-09-2016,34.56000
19-09-2016,34.82000
16-09-2016,34.71000
15-09-2016,34.51000
14-09-2016,34.48000
12-09-2016,34.49000
09-09-2016,34.32000
08-09-2016,34.34000
07-09-2016,34.82000
06-09-2016,34.81000
02-09-2016,34.75000
01-09-2016,34.75000
31-08-2016,34.89000
30-08-2016,34.86000
29-08-2016,34.39000
26-08-2016,34.71000
25-08-2016,34.99000
24-08-2016,35.29000
23-08-2016,35.09000
22-08-2016,34.67000
19-08-2016,34.96000
18-08-2016,34.93000
17-08-2016,34.85000
16-08-2016,35.20000
12-08-2016,35.51000
11-08-2016,35.75000
10-08-2016,35.67000
09-08-2016,35.89000
08-08-2016,35.99000
05-08-2016,35.97000
04-08-2016,35.86000
03-08-2016,36.06000
02-08-2016,36.12000
01-08-2016,36.02000
29-07-2016,35.57000
28-07-2016,35.51000
27-07-2016,35.52000
26-07-2016,35.60000
25-07-2016,35.57000
22-07-2016,35.29000
21-07-2016,35.31000
20-07-2016,35.28000
19-07-2016,35.31000
18-07-2016,35.36000
15-07-2016,35.34000
14-07-2016,36.93000
13-07-2016,37.00000
12-07-2016,36.87000
11-07-2016,36.74000
08-07-2016,36.48000
07-07-2016,36.48000
05-07-2016,37.10000
04-07-2016,37.17000
01-07-2016,36.85000
30-06-2016,37.01000
29-06-2016,36.78000
28-06-2016,36.20000
27-06-2016,36.47000
24-06-2016,36.95000
23-06-2016,37.79000
22-06-2016,37.75000
21-06-2016,37.93000
20-06-2016,37.93000
17-06-2016,37.33000
16-06-2016,37.34000
15-06-2016,37.46000
14-06-2016,37.13000
13-06-2016,37.18000
10-06-2016,37.21000
09-06-2016,37.25000
08-06-2016,37.74000
07-06-2016,37.65000
06-06-2016,37.47000
03-06-2016,37.56000
02-06-2016,37.55000
01-06-2016,37.54000
31-05-2016,37.27000
30-05-2016,37.59000
27-05-2016,37.21000
26-05-2016,36.91000
25-05-2016,36.59000
24-05-2016,35.81000
23-05-2016,35.85000
20-05-2016,36.13000
19-05-2016,36.27000
18-05-2016,36.47000
17-05-2016,36.40000
16-05-2016,36.40000
13-05-2016,36.29000
12-05-2016,36.34000
11-05-2016,36.14000
10-05-2016,36.28000
09-05-2016,36.12000
06-05-2016,35.70000
05-05-2016,35.88000
04-05-2016,35.69000
03-05-2016,35.64000
02-05-2016,36.08000
29-04-2016,36.25000
28-04-2016,36.40000
27-04-2016,36.95000
26-04-2016,36.79000
25-04-2016,36.48000
22-04-2016,36.38000
21-04-2016,36.66000
20-04-2016,36.98000
18-04-2016,36.94000
13-04-2016,35.82000
12-04-2016,35.83000
11-04-2016,35.67000
08-04-2016,35.18000
07-04-2016,35.24000
06-04-2016,35.75000
05-04-2016,35.83000
04-04-2016,36.43000
01-04-2016,35.66000
31-03-2016,35.80000
30-03-2016,35.62000
29-03-2016,35.08000
28-03-2016,35.18000
23-03-2016,35.48000
22-03-2016,35.35000
21-03-2016,35.53000
18-03-2016,35.33000
17-03-2016,34.70000
16-03-2016,34.48000
15-03-2016,34.11000
14-03-2016,34.27000
11-03-2016,33.96000
10-03-2016,34.02000
09-03-2016,34.28000
08-03-2016,33.96000
04-03-2016,34.06000
03-03-2016,34.11000
02-03-2016,33.53000
01-03-2016,32.74000
29-02-2016,31.52000
26-02-2016,32.06000
25-02-2016,31.96000
24-02-2016,32.31000
23-02-2016,32.56000
22-02-2016,32.92000
19-02-2016,32.99000
18-02-2016,32.79000
17-02-2016,32.50000
16-02-2016,32.15000
15-02-2016,32.60000
12-02-2016,32.00000
11-02-2016,32.07000
10-02-2016,33.26000
09-02-2016,33.52000
08-02-2016,34.48000
05-02-2016,34.97000
04-02-2016,34.74000
03-02-2016,34.59000
02-02-2016,35.47000
01-02-2016,35.82000
29-01-2016,35.74000
28-01-2016,35.04000
27-01-2016,35.10000
25-01-2016,34.96000
22-01-2016,34.85000
21-01-2016,34.53000
20-01-2016,34.28000
19-01-2016,34.75000
18-01-2016,34.61000
15-01-2016,35.19000
14-01-2016,35.80000
13-01-2016,35.32000
12-01-2016,35.20000
11-01-2016,35.39000
08-01-2016,35.85000
07-01-2016,35.22000
06-01-2016,36.13000
05-01-2016,36.05000
04-01-2016,35.97000
01-01-2016,36.55000
31-12-2015,36.57000
30-12-2015,36.25000
29-12-2015,36.41000
28-12-2015,36.45000
24-12-2015,36.32000
23-12-2015,36.38000
22-12-2015,36.05000
21-12-2015,36.45000
18-12-2015,36.11000
17-12-2015,36.53000
16-12-2015,35.95000
15-12-2015,35.75000
14-12-2015,35.80000
11-12-2015,35.53000
10-12-2015,35.63000
09-12-2015,35.13000
08-12-2015,35.63000
07-12-2015,35.77000
04-12-2015,35.64000
03-12-2015,36.06000
02-12-2015,36.24000
01-12-2015,36.58000
30-11-2015,36.43000
27-11-2015,36.10000
26-11-2015,35.94000
24-11-2015,35.95000
23-11-2015,35.89000
20-11-2015,35.86000
19-11-2015,35.58000
18-11-2015,34.78000
17-11-2015,35.45000
16-11-2015,35.49000
13-11-2015,35.64000
10-11-2015,35.62000
09-11-2015,36.25000
06-11-2015,36.12000
05-11-2015,35.83000
04-11-2015,36.33000
03-11-2015,36.54000
02-11-2015,36.30000
30-10-2015,36.16000
29-10-2015,36.35000
28-10-2015,36.56000
27-10-2015,36.38000
26-10-2015,36.26000
23-10-2015,36.08000
21-10-2015,35.95000
20-10-2015,35.98000
19-10-2015,35.70000
16-10-2015,35.20000
15-10-2015,35.24000
14-10-2015,35.02000
13-10-2015,35.32000
12-10-2015,35.57000
09-10-2015,36.01000
08-10-2015,35.44000
07-10-2015,35.46000
06-10-2015,35.78000
05-10-2015,36.07000
01-10-2015,35.72000
30-09-2015,36.11000
29-09-2015,35.54000
28-09-2015,35.55000
24-09-2015,35.90000
23-09-2015,35.26000
22-09-2015,35.19000
21-09-2015,35.21000
18-09-2015,35.12000
16-09-2015,34.78000
15-09-2015,34.64000
14-09-2015,34.74000
11-09-2015,34.43000
10-09-2015,34.43000
09-09-2015,34.60000
08-09-2015,34.12000
07-09-2015,33.94000
04-09-2015,34.32000
03-09-2015,35.03000
02-09-2015,34.81000
01-09-2015,34.42000
31-08-2015,34.75000
28-08-2015,34.65000
27-08-2015,34.30000
26-08-2015,33.67000
25-08-2015,34.06000
24-08-2015,34.32000
21-08-2015,36.29000
20-08-2015,36.18000
19-08-2015,37.00000
18-08-2015,36.82000
17-08-2015,36.29000
14-08-2015,36.33000
13-08-2015,36.19000
12-08-2015,36.25000
11-08-2015,35.73000
10-08-2015,35.35000
07-08-2015,35.36000
06-08-2015,35.36000
05-08-2015,35.42000
04-08-2015,34.83000
03-08-2015,34.93000
31-07-2015,35.20000
30-07-2015,34.64000
29-07-2015,34.74000
28-07-2015,34.44000
27-07-2015,34.56000
24-07-2015,34.90000
23-07-2015,35.01000
22-07-2015,35.18000
21-07-2015,35.26000
20-07-2015,34.07000
17-07-2015,34.03000
16-07-2015,33.75000
15-07-2015,33.56000
14-07-2015,33.28000
13-07-2015,32.86000
10-07-2015,32.25000
09-07-2015,32.23000
08-07-2015,32.59000
07-07-2015,33.03000
06-07-2015,33.10000
03-07-2015,33.14000
02-07-2015,33.15000
01-07-2015,33.18000
30-06-2015,32.88000
29-06-2015,32.89000
26-06-2015,33.61000
25-06-2015,33.25000
24-06-2015,33.68000
23-06-2015,33.96000
22-06-2015,34.11000
19-06-2015,33.50000
18-06-2015,33.50000
17-06-2015,33.27000
16-06-2015,33.15000
15-06-2015,32.98000
12-06-2015,32.75000
11-06-2015,33.04000
10-06-2015,33.40000
09-06-2015,32.88000
08-06-2015,33.08000
05-06-2015,33.31000
04-06-2015,33.47000
03-06-2015,33.37000
02-06-2015,33.47000
01-06-2015,34.07000
29-05-2015,34.21000
28-05-2015,33.71000
27-05-2015,33.69000
26-05-2015,34.40000
25-05-2015,34.33000
22-05-2015,34.57000
21-05-2015,34.40000
20-05-2015,34.15000
19-05-2015,33.65000
18-05-2015,33.35000
15-05-2015,32.99000
14-05-2015,32.74000
13-05-2015,32.79000
12-05-2015,32.59000
11-05-2015,33.16000
08-05-2015,32.75000
07-05-2015,32.31000
06-05-2015,32.09000
05-05-2015,32.75000
04-05-2015,32.79000
30-04-2015,32.27000
29-04-2015,32.66000
28-04-2015,32.68000
27-04-2015,32.64000
24-04-2015,32.89000
23-04-2015,33.91000
22-04-2015,33.96000
21-04-2015,34.21000
20-04-2015,34.38000
17-04-2015,34.98000
16-04-2015,35.66000
15-04-2015,35.83000
13-04-2015,36.22000
10-04-2015,36.10000
09-04-2015,36.06000
08-04-2015,35.81000
07-04-2015,35.23000
06-04-2015,35.18000
01-04-2015,35.07000
31-03-2015,35.21000
30-03-2015,35.16000
27-03-2015,34.86000
26-03-2015,34.58000
25-03-2015,35.22000
24-03-2015,35.22000
23-03-2015,35.30000
20-03-2015,35.75000
19-03-2015,35.91000
18-03-2015,36.22000
17-03-2015,36.44000
16-03-2015,36.43000
13-03-2015,36.46000
12-03-2015,36.77000
11-03-2015,36.65000
10-03-2015,36.52000
09-03-2015,36.51000
05-03-2015,37.12000
04-03-2015,37.14000
03-03-2015,37.50000
02-03-2015,37.03000
27-02-2015,36.74000
26-02-2015,36.29000
25-02-2015,36.66000
24-02-2015,36.60000
23-02-2015,36.46000
20-02-2015,36.68000
19-02-2015,36.93000
18-02-2015,36.82000
16-02-2015,36.37000
13-02-2015,36.39000
12-02-2015,36.29000
11-02-2015,35.89000
10-02-2015,35.58000
09-02-2015,35.70000
06-02-2015,35.68000
05-02-2015,35.54000
04-02-2015,35.14000
03-02-2015,35.24000
02-02-2015,35.16000
30-01-2015,34.82000
29-01-2015,34.63000
28-01-2015,34.68000
27-01-2015,34.66000
23-01-2015,35.02000
22-01-2015,34.95000
21-01-2015,34.91000
20-01-2015,34.49000
19-01-2015,34.40000
16-01-2015,34.37000
15-01-2015,34.39000
14-01-2015,34.15000
13-01-2015,33.98000
12-01-2015,33.98000
09-01-2015,33.65000
08-01-2015,32.69000
07-01-2015,32.31000
06-01-2015,32.45000
05-01-2015,33.16000
02-01-2015,33.58000
01-01-2015,33.03000
31-12-2014,32.88000
30-12-2014,32.67000
29-12-2014,32.57000
26-12-2014,32.38000
24-12-2014,32.13000
23-12-2014,32.46000
22-12-2014,32.81000
19-12-2014,32.77000
18-12-2014,32.35000
17-12-2014,31.71000
16-12-2014,31.95000
15-12-2014,31.74000
12-12-2014,32.30000
11-12-2014,32.55000
10-12-2014,32.86000
09-12-2014,32.89000
08-12-2014,33.12000
05-12-2014,33.86000
04-12-2014,34.28000
03-12-2014,34.46000
02-12-2014,34.40000
01-12-2014,34.67000
28-11-2014,34.36000
27-11-2014,34.27000
26-11-2014,34.04000
25-11-2014,33.99000
24-11-2014,34.23000
21-11-2014,33.72000
20-11-2014,33.89000
19-11-2014,33.53000
18-11-2014,33.45000
17-11-2014,33.61000
14-11-2014,33.54000
13-11-2014,33.52000
12-11-2014,33.20000
11-11-2014,33.19000
10-11-2014,33.30000
07-11-2014,33.32000
05-11-2014,33.04000
03-11-2014,32.90000
31-10-2014,32.84000
30-10-2014,32.32000
29-10-2014,31.64000
28-10-2014,31.32000
27-10-2014,31.30000
22-10-2014,31.46000
21-10-2014,31.32000
20-10-2014,31.17000
17-10-2014,31.28000
16-10-2014,32.20000
14-10-2014,32.72000
13-10-2014,32.95000
10-10-2014,32.63000
09-10-2014,32.30000
08-10-2014,32.14000
07-10-2014,33.09000
01-10-2014,33.37000
30-09-2014,32.74000
29-09-2014,32.69000
26-09-2014,32.33000
25-09-2014,32.35000
24-09-2014,32.29000
23-09-2014,32.54000
22-09-2014,32.91000
19-09-2014,33.01000
18-09-2014,32.61000
17-09-2014,32.21000
16-09-2014,31.80000
15-09-2014,32.08000
12-09-2014,32.26000
11-09-2014,32.28000
10-09-2014,32.28000
09-09-2014,32.53000
08-09-2014,32.67000
05-09-2014,32.33000
04-09-2014,32.07000
03-09-2014,32.21000
02-09-2014,31.53000
01-09-2014,31.29000
28-08-2014,31.09000
27-08-2014,31.22000
26-08-2014,31.03000
25-08-2014,30.97000
22-08-2014,30.71000
21-08-2014,30.45000
20-08-2014,30.57000
19-08-2014,30.38000
18-08-2014,30.42000
14-08-2014,30.36000
13-08-2014,30.42000
12-08-2014,30.29000
11-08-2014,30.27000
08-08-2014,30.21000
07-08-2014,30.21000
06-08-2014,30.55000
05-08-2014,30.41000
04-08-2014,30.27000
01-08-2014,29.83000
31-07-2014,30.16000
30-07-2014,30.33000
28-07-2014,30.37000
25-07-2014,30.13000
24-07-2014,30.23000
23-07-2014,29.97000
22-07-2014,29.57000
21-07-2014,29.09000
18-07-2014,29.11000
17-07-2014,28.75000
16-07-2014,28.72000
15-07-2014,28.56000
14-07-2014,28.38000
11-07-2014,28.67000
10-07-2014,28.54000
09-07-2014,28.69000
08-07-2014,29.00000
07-07-2014,29.42000
04-07-2014,28.83000
03-07-2014,28.77000
02-07-2014,28.68000
01-07-2014,28.77000
30-06-2014,29.02000
27-06-2014,28.78000
26-06-2014,28.13000
25-06-2014,28.12000
24-06-2014,28.08000
23-06-2014,28.02000
20-06-2014,28.34000
19-06-2014,28.28000
18-06-2014,27.76000
17-06-2014,28.01000
16-06-2014,27.84000
13-06-2014,27.57000
12-06-2014,27.62000
11-06-2014,27.66000
10-06-2014,27.31000
09-06-2014,26.74000
06-06-2014,26.43000
05-06-2014,26.43000
04-06-2014,26.12000
03-06-2014,26.39000
02-06-2014,26.49000
30-05-2014,26.45000
29-05-2014,26.27000
28-05-2014,26.79000
27-05-2014,26.32000
26-05-2014,26.22000
23-05-2014,25.97000
22-05-2014,25.89000
21-05-2014,25.91000
20-05-2014,25.78000
19-05-2014,25.20000
16-05-2014,26.21000
15-05-2014,26.58000
14-05-2014,26.72000
13-05-2014,26.72000
12-05-2014,26.15000
09-05-2014,25.94000
08-05-2014,25.71000
07-05-2014,25.62000
06-05-2014,26.20000
05-05-2014,26.35000
02-05-2014,26.67000
30-04-2014,26.44000
29-04-2014,26.59000
28-04-2014,26.62000
25-04-2014,26.66000
23-04-2014,26.63000
22-04-2014,26.65000
21-04-2014,26.76000
17-04-2014,26.91000
16-04-2014,26.59000
15-04-2014,27.12000
11-04-2014,26.65000
10-04-2014,26.36000
09-04-2014,26.60000
07-04-2014,26.82000
04-04-2014,26.86000
03-04-2014,27.04000
02-04-2014,27.10000
01-04-2014,26.87000
31-03-2014,26.51000
28-03-2014,26.51000
27-03-2014,26.39000
26-03-2014,26.33000
25-03-2014,26.55000
24-03-2014,26.70000
21-03-2014,26.65000
20-03-2014,26.52000
19-03-2014,26.15000
18-03-2014,26.59000
14-03-2014,26.73000
13-03-2014,26.89000
12-03-2014,27.78000
11-03-2014,27.63000
10-03-2014,27.59000
07-03-2014,28.13000
06-03-2014,28.51000
05-03-2014,28.37000
04-03-2014,28.32000
03-03-2014,28.35000
28-02-2014,28.61000
26-02-2014,28.25000
25-02-2014,28.20000
24-02-2014,27.95000
21-02-2014,28.04000
20-02-2014,27.74000
19-02-2014,27.88000
18-02-2014,27.55000
17-02-2014,27.54000
14-02-2014,27.56000
13-02-2014,27.25000
12-02-2014,27.38000
11-02-2014,27.27000
10-02-2014,27.04000
07-02-2014,27.19000
06-02-2014,27.33000
05-02-2014,27.39000
04-02-2014,27.18000
03-02-2014,27.47000
31-01-2014,27.90000
30-01-2014,27.58000
29-01-2014,27.59000
28-01-2014,27.50000
27-01-2014,27.76000
24-01-2014,28.07000
23-01-2014,28.28000
22-01-2014,28.32000
21-01-2014,28.19000
20-01-2014,28.37000
17-01-2014,27.71000
16-01-2014,28.33000
15-01-2014,28.31000
14-01-2014,28.16000
13-01-2014,28.30000
10-01-2014,27.66000
09-01-2014,27.19000
08-01-2014,27.11000
07-01-2014,27.11000
06-01-2014,27.30000
03-01-2014,27.40000
02-01-2014,26.98000
01-01-2014,27.12000
31-12-2013,27.15000
30-12-2013,27.08000
27-12-2013,27.25000
26-12-2013,26.91000
24-12-2013,26.80000
23-12-2013,26.79000
20-12-2013,27.02000
19-12-2013,26.61000
18-12-2013,26.28000
17-12-2013,26.14000
16-12-2013,26.00000
13-12-2013,25.74000
12-12-2013,25.79000
11-12-2013,25.93000
10-12-2013,25.99000
09-12-2013,25.63000
06-12-2013,25.47000
05-12-2013,25.43000
04-12-2013,25.55000
03-12-2013,25.49000
02-12-2013,25.48000
29-11-2013,25.29000
28-11-2013,25.06000
27-11-2013,24.89000
26-11-2013,25.05000
25-11-2013,25.14000
22-11-2013,25.13000
21-11-2013,25.11000
20-11-2013,25.55000
19-11-2013,25.85000
18-11-2013,25.68000
14-11-2013,25.34000
13-11-2013,25.21000
12-11-2013,25.38000
11-11-2013,25.55000
08-11-2013,25.57000
07-11-2013,25.51000
06-11-2013,25.30000
05-11-2013,25.10000
01-11-2013,25.31000
31-10-2013,25.46000
30-10-2013,25.31000
29-10-2013,25.12000
28-10-2013,24.96000
25-10-2013,25.15000
24-10-2013,24.91000
23-10-2013,25.24000
22-10-2013,25.36000
21-10-2013,25.25000
18-10-2013,25.31000
17-10-2013,25.04000
15-10-2013,25.64000
14-10-2013,25.48000
11-10-2013,25.12000
10-10-2013,24.51000
09-10-2013,24.41000
08-10-2013,24.07000
07-10-2013,24.04000
04-10-2013,23.81000
03-10-2013,23.75000
01-10-2013,23.27000
30-09-2013,23.19000
27-09-2013,23.27000
26-09-2013,23.31000
25-09-2013,23.36000
24-09-2013,23.19000
23-09-2013,23.24000
20-09-2013,23.14000
19-09-2013,23.27000
18-09-2013,23.13000
17-09-2013,23.06000
16-09-2013,22.78000
13-09-2013,23.03000
12-09-2013,23.27000
11-09-2013,23.53000
10-09-2013,23.64000
06-09-2013,22.98000
05-09-2013,22.82000
04-09-2013,23.31000
03-09-2013,22.78000
02-09-2013,23.27000
30-08-2013,23.23000
29-08-2013,22.93000
28-08-2013,22.61000
27-08-2013,22.29000
26-08-2013,22.42000
23-08-2013,22.24000
22-08-2013,22.04000
21-08-2013,21.57000
20-08-2013,21.97000
19-08-2013,22.24000
16-08-2013,22.39000
14-08-2013,22.88000
13-08-2013,22.85000
12-08-2013,22.45000
08-08-2013,22.25000
07-08-2013,22.03000
06-08-2013,22.29000
05-08-2013,22.54000
02-08-2013,22.48000
01-08-2013,22.34000
31-07-2013,22.43000
30-07-2013,21.98000
29-07-2013,22.02000
26-07-2013,21.99000
25-07-2013,22.04000
24-07-2013,22.00000
23-07-2013,21.76000
22-07-2013,21.69000
19-07-2013,21.52000
18-07-2013,21.04000
17-07-2013,20.92000
16-07-2013,20.86000
15-07-2013,20.83000
12-07-2013,20.77000
11-07-2013,19.79000
10-07-2013,19.53000
09-07-2013,19.46000
08-07-2013,19.34000
05-07-2013,19.29000
04-07-2013,19.42000
03-07-2013,18.94000
02-07-2013,19.07000
01-07-2013,19.18000
28-06-2013,19.32000
27-06-2013,19.14000
26-06-2013,18.59000
25-06-2013,18.47000
24-06-2013,18.48000
21-06-2013,18.73000
20-06-2013,18.55000
19-06-2013,19.02000
18-06-2013,18.94000
17-06-2013,18.86000
14-06-2013,18.64000
13-06-2013,18.55000
12-06-2013,18.68000
11-06-2013,18.88000
10-06-2013,19.02000
07-06-2013,18.90000
06-06-2013,18.78000
05-06-2013,18.79000
04-06-2013,18.93000
03-06-2013,19.00000
31-05-2013,18.87000
30-05-2013,18.87000
29-05-2013,18.88000
28-05-2013,18.96000
27-05-2013,18.82000
24-05-2013,18.55000
23-05-2013,18.66000
22-05-2013,18.88000
21-05-2013,18.84000
20-05-2013,18.73000
17-05-2013,18.74000
16-05-2013,18.72000
15-05-2013,18.87000
14-05-2013,18.72000
13-05-2013,18.66000
10-05-2013,19.01000
09-05-2013,19.01000
08-05-2013,18.96000
07-05-2013,18.97000
06-05-2013,18.86000
03-05-2013,18.58000
02-05-2013,18.55000
30-04-2013,18.21000
29-04-2013,18.07000
26-04-2013,17.95000
25-04-2013,18.03000
23-04-2013,18.14000
22-04-2013,18.08000
18-04-2013,18.26000
17-04-2013,18.12000
16-04-2013,18.23000
15-04-2013,18.26000
12-04-2013,18.30000
11-04-2013,19.98000
10-04-2013,19.67000
09-04-2013,19.33000
08-04-2013,19.54000
05-04-2013,19.58000
04-04-2013,19.65000
03-04-2013,20.19000
02-04-2013,20.40000
01-04-2013,20.33000
28-03-2013,20.19000
26-03-2013,19.98000
25-03-2013,19.83000
22-03-2013,19.87000
21-03-2013,19.98000
20-03-2013,19.88000
19-03-2013,20.06000
18-03-2013,20.31000
15-03-2013,20.35000
14-03-2013,20.37000
13-03-2013,20.29000
12-03-2013,20.49000
11-03-2013,20.66000
08-03-2013,20.75000
07-03-2013,20.81000
06-03-2013,20.53000
05-03-2013,20.28000
04-03-2013,20.03000
01-03-2013,20.10000
28-02-2013,20.10000
27-02-2013,20.06000
26-02-2013,20.18000
25-02-2013,20.09000
22-02-2013,19.85000
21-02-2013,19.69000
20-02-2013,19.86000
19-02-2013,19.77000
18-02-2013,19.55000
15-02-2013,19.58000
14-02-2013,19.68000
13-02-2013,19.76000
12-02-2013,19.56000
11-02-2013,19.65000
08-02-2013,19.72000
07-02-2013,19.62000
06-02-2013,19.59000
05-02-2013,19.44000
04-02-2013,19.55000
01-02-2013,19.57000
31-01-2013,19.69000
30-01-2013,19.72000
29-01-2013,19.79000
28-01-2013,19.93000
25-01-2013,19.90000
24-01-2013,19.73000
23-01-2013,19.80000
22-01-2013,19.83000
21-01-2013,20.00000
18-01-2013,19.99000
17-01-2013,20.16000
16-01-2013,19.85000
15-01-2013,19.94000
14-01-2013,19.90000
11-01-2013,19.52000
10-01-2013,18.34000
09-01-2013,18.39000
08-01-2013,18.50000
07-01-2013,18.57000
04-01-2013,18.53000
03-01-2013,18.39000
02-01-2013,18.16000
01-01-2013,18.17000
31-12-2012,18.07000
28-12-2012,18.08000
27-12-2012,17.86000
26-12-2012,18.02000
24-12-2012,18.01000
21-12-2012,17.88000
20-12-2012,18.05000
19-12-2012,18.00000
18-12-2012,17.82000
17-12-2012,17.66000
14-12-2012,17.87000
13-12-2012,17.75000
12-12-2012,17.84000
11-12-2012,17.80000
10-12-2012,17.96000
07-12-2012,18.07000
06-12-2012,18.26000
05-12-2012,18.50000
04-12-2012,18.67000
03-12-2012,18.70000
30-11-2012,18.71000
29-11-2012,18.59000
27-11-2012,18.65000
26-11-2012,18.39000
23-11-2012,18.15000
22-11-2012,18.13000
21-11-2012,18.06000
20-11-2012,17.93000
19-11-2012,17.97000
16-11-2012,18.08000
15-11-2012,18.03000
12-11-2012,18.27000
09-11-2012,18.18000
08-11-2012,18.31000
07-11-2012,18.39000
06-11-2012,18.24000
05-11-2012,18.19000
02-11-2012,18.25000
01-11-2012,18.09000
31-10-2012,18.06000
30-10-2012,17.93000
29-10-2012,17.86000
26-10-2012,17.90000
25-10-2012,17.98000
23-10-2012,17.95000
22-10-2012,18.08000
19-10-2012,17.95000
18-10-2012,18.06000
17-10-2012,17.91000
16-10-2012,17.91000
15-10-2012,17.92000
12-10-2012,18.01000
11-10-2012,18.37000
10-10-2012,18.27000
09-10-2012,18.38000
08-10-2012,18.22000
05-10-2012,18.41000
04-10-2012,18.73000
03-10-2012,18.79000
01-10-2012,18.80000
28-09-2012,18.51000
27-09-2012,18.35000
26-09-2012,18.44000
25-09-2012,18.55000
24-09-2012,18.55000
21-09-2012,18.60000
20-09-2012,18.67000
18-09-2012,18.60000
17-09-2012,18.63000
14-09-2012,19.09000
13-09-2012,18.94000
12-09-2012,18.91000
11-09-2012,18.69000
10-09-2012,18.52000
07-09-2012,18.43000
06-09-2012,18.13000
05-09-2012,17.75000
04-09-2012,17.73000
03-09-2012,17.64000
31-08-2012,17.57000
30-08-2012,17.66000
29-08-2012,17.51000
28-08-2012,17.70000
27-08-2012,17.64000
24-08-2012,17.83000
23-08-2012,17.90000
22-08-2012,17.69000
21-08-2012,17.72000
17-08-2012,17.49000
16-08-2012,17.40000
14-08-2012,17.40000
13-08-2012,17.30000
10-08-2012,17.22000
09-08-2012,17.05000
08-08-2012,17.19000
07-08-2012,17.25000
06-08-2012,17.05000
03-08-2012,16.99000
02-08-2012,16.95000
01-08-2012,16.91000
31-07-2012,16.91000
30-07-2012,16.89000
27-07-2012,16.68000
26-07-2012,16.54000
25-07-2012,16.74000
24-07-2012,16.72000
23-07-2012,16.73000
20-07-2012,17.01000
19-07-2012,17.02000
18-07-2012,16.87000
17-07-2012,16.77000
16-07-2012,16.81000
13-07-2012,17.04000
12-07-2012,17.04000
11-07-2012,17.83000
10-07-2012,17.91000
09-07-2012,17.77000
06-07-2012,17.84000
05-07-2012,18.03000
04-07-2012,18.03000
03-07-2012,17.99000
02-07-2012,17.98000
29-06-2012,17.96000
28-06-2012,17.71000
27-06-2012,17.71000
26-06-2012,17.52000
25-06-2012,17.51000
22-06-2012,17.62000
21-06-2012,17.67000
20-06-2012,17.66000
19-06-2012,17.66000
18-06-2012,17.66000
15-06-2012,17.85000
14-06-2012,17.66000
13-06-2012,17.64000
12-06-2012,17.64000
11-06-2012,17.48000
08-06-2012,17.53000
07-06-2012,17.58000
06-06-2012,17.43000
05-06-2012,17.13000
04-06-2012,17.15000
01-06-2012,17.19000
31-05-2012,17.50000
30-05-2012,17.51000
29-05-2012,17.49000
28-05-2012,17.42000
25-05-2012,17.26000
24-05-2012,17.26000
23-05-2012,16.95000
22-05-2012,17.04000
21-05-2012,16.93000
18-05-2012,17.11000
17-05-2012,17.18000
16-05-2012,17.08000
15-05-2012,17.36000
14-05-2012,17.17000
11-05-2012,17.16000
10-05-2012,17.31000
09-05-2012,17.25000
08-05-2012,17.37000
07-05-2012,17.82000
04-05-2012,17.77000
03-05-2012,17.98000
02-05-2012,17.94000
30-04-2012,17.82000
27-04-2012,17.49000
26-04-2012,17.31000
25-04-2012,17.33000
24-04-2012,17.43000
23-04-2012,16.92000
20-04-2012,17.39000
19-04-2012,17.44000
18-04-2012,17.30000
17-04-2012,17.31000
16-04-2012,17.17000
13-04-2012,17.20000
12-04-2012,18.29000
11-04-2012,18.34000
10-04-2012,18.36000
09-04-2012,18.54000
04-04-2012,18.77000
03-04-2012,18.82000
02-04-2012,18.77000
30-03-2012,18.65000
29-03-2012,18.17000
28-03-2012,18.35000
27-03-2012,18.55000
26-03-2012,18.35000
23-03-2012,18.61000
22-03-2012,18.29000
21-03-2012,18.62000
20-03-2012,18.32000
19-03-2012,18.19000
16-03-2012,18.43000
15-03-2012,18.51000
14-03-2012,18.63000
13-03-2012,18.72000
12-03-2012,18.59000
09-03-2012,18.73000
07-03-2012,18.55000
06-03-2012,18.40000
05-03-2012,18.45000
02-03-2012,18.67000
01-03-2012,18.80000
29-02-2012,19.02000
28-02-2012,18.84000
27-02-2012,18.74000
24-02-2012,19.14000
23-02-2012,18.92000
22-02-2012,18.98000
21-02-2012,19.16000
17-02-2012,19.04000
16-02-2012,18.88000
15-02-2012,18.82000
14-02-2012,18.56000
13-02-2012,18.60000
10-02-2012,18.61000
09-02-2012,18.53000
08-02-2012,18.48000
07-02-2012,18.32000
06-02-2012,18.55000
03-02-2012,18.40000
02-02-2012,18.22000
01-02-2012,17.79000
31-01-2012,17.75000
30-01-2012,17.48000
27-01-2012,17.70000
25-01-2012,17.40000
24-01-2012,17.22000
23-01-2012,17.10000
20-01-2012,17.03000
19-01-2012,17.02000
18-01-2012,17.04000
17-01-2012,17.30000
16-01-2012,17.18000
13-01-2012,16.96000
12-01-2012,16.90000
11-01-2012,17.69000
10-01-2012,17.91000
09-01-2012,17.72000
06-01-2012,17.71000
05-01-2012,17.80000
04-01-2012,17.87000
03-01-2012,18.03000
02-01-2012,17.60000
30-12-2011,17.43000
29-12-2011,17.36000
28-12-2011,17.48000
27-12-2011,17.48000
26-12-2011,17.58000
23-12-2011,17.17000
22-12-2011,17.26000
21-12-2011,17.42000
20-12-2011,17.00000
19-12-2011,17.18000
16-12-2011,17.36000
15-12-2011,17.49000
14-12-2011,17.66000
13-12-2011,17.68000
12-12-2011,17.64000
09-12-2011,17.62000
08-12-2011,17.72000
07-12-2011,17.93000
05-12-2011,17.80000
02-12-2011,17.79000
01-12-2011,17.42000
30-11-2011,17.24000
29-11-2011,17.16000
28-11-2011,17.31000
25-11-2011,16.99000
24-11-2011,17.28000
23-11-2011,17.01000
22-11-2011,17.42000
21-11-2011,17.24000
18-11-2011,17.60000
17-11-2011,17.71000
16-11-2011,17.88000
15-11-2011,18.05000
14-11-2011,18.16000
11-11-2011,18.05000
09-11-2011,18.19000
08-11-2011,18.21000
04-11-2011,18.20000
03-11-2011,18.11000
02-11-2011,18.18000
01-11-2011,18.22000
31-10-2011,18.36000
28-10-2011,18.37000
25-10-2011,18.19000
24-10-2011,17.84000
21-10-2011,17.54000
20-10-2011,17.69000
19-10-2011,17.56000
18-10-2011,17.29000
17-10-2011,17.85000
14-10-2011,17.87000
13-10-2011,17.46000
12-10-2011,17.35000
11-10-2011,16.69000
10-10-2011,16.97000
07-10-2011,16.58000
05-10-2011,16.36000
04-10-2011,16.42000
03-10-2011,16.62000
30-09-2011,16.83000
29-09-2011,16.97000
28-09-2011,16.74000
27-09-2011,16.71000
26-09-2011,16.25000
23-09-2011,16.23000
22-09-2011,16.29000
21-09-2011,16.90000
20-09-2011,16.87000
19-09-2011,16.45000
16-09-2011,16.55000
15-09-2011,16.71000
14-09-2011,16.36000
13-09-2011,15.90000
12-09-2011,15.82000
09-09-2011,16.36000
08-09-2011,16.65000
07-09-2011,16.50000
06-09-2011,16.39000
05-09-2011,16.26000
02-09-2011,16.46000
30-08-2011,16.66000
29-08-2011,16.37000
26-08-2011,15.75000
25-08-2011,15.81000
24-08-2011,16.09000
23-08-2011,16.27000
22-08-2011,15.74000
19-08-2011,15.74000
18-08-2011,16.29000
17-08-2011,16.87000
16-08-2011,16.61000
12-08-2011,16.53000
11-08-2011,16.90000
10-08-2011,17.09000
09-08-2011,16.82000
08-08-2011,17.24000
05-08-2011,17.88000
04-08-2011,18.51000
03-08-2011,18.66000
02-08-2011,18.79000
01-08-2011,19.11000
29-07-2011,19.00000
28-07-2011,18.91000
27-07-2011,19.10000
26-07-2011,19.10000
25-07-2011,19.17000
22-07-2011,19.03000
21-07-2011,18.70000
20-07-2011,18.72000
19-07-2011,18.77000
18-07-2011,18.59000
15-07-2011,18.66000
14-07-2011,18.70000
13-07-2011,18.85000
12-07-2011,18.81000
11-07-2011,19.27000
08-07-2011,19.57000
07-07-2011,19.73000
06-07-2011,19.47000
05-07-2011,19.47000
04-07-2011,19.45000
01-07-2011,19.39000
30-06-2011,19.30000
29-06-2011,19.23000
28-06-2011,19.12000
27-06-2011,19.12000
24-06-2011,18.96000
23-06-2011,18.48000
22-06-2011,18.38000
21-06-2011,18.42000
20-06-2011,18.25000
17-06-2011,18.68000
16-06-2011,18.90000
15-06-2011,19.20000
14-06-2011,19.39000
13-06-2011,19.30000
10-06-2011,19.32000
09-06-2011,19.38000
08-06-2011,19.40000
07-06-2011,19.46000
06-06-2011,19.27000
03-06-2011,19.19000
02-06-2011,19.23000
01-06-2011,19.37000
31-05-2011,19.19000
30-05-2011,19.13000
27-05-2011,19.06000
26-05-2011,18.86000
25-05-2011,18.81000
24-05-2011,19.01000
23-05-2011,19.03000
20-05-2011,19.24000
19-05-2011,19.17000
18-05-2011,19.20000
17-05-2011,19.17000
16-05-2011,19.21000
13-05-2011,19.34000
12-05-2011,19.24000
11-05-2011,19.50000
10-05-2011,19.31000
09-05-2011,19.33000
06-05-2011,19.27000
05-05-2011,19.05000
04-05-2011,19.30000
03-05-2011,19.47000
02-05-2011,19.71000
29-04-2011,19.79000
28-04-2011,19.85000
27-04-2011,20.11000
26-04-2011,20.19000
25-04-2011,20.18000
21-04-2011,20.06000
20-04-2011,20.17000
19-04-2011,19.69000
18-04-2011,19.54000
15-04-2011,20.00000
13-04-2011,20.94000
11-04-2011,20.57000
08-04-2011,20.63000
07-04-2011,20.82000
06-04-2011,20.84000
05-04-2011,20.83000
04-04-2011,20.70000
01-04-2011,20.25000
31-03-2011,20.29000
30-03-2011,20.02000
29-03-2011,19.95000
28-03-2011,19.79000
25-03-2011,19.80000
24-03-2011,19.18000
23-03-2011,19.03000
22-03-2011,18.91000
21-03-2011,18.81000
18-03-2011,18.93000
17-03-2011,19.08000
16-03-2011,19.33000
15-03-2011,19.17000
14-03-2011,19.55000
11-03-2011,19.34000
10-03-2011,19.63000
09-03-2011,19.73000
08-03-2011,19.79000
07-03-2011,19.46000
04-03-2011,19.71000
03-03-2011,19.65000
01-03-2011,19.79000
28-02-2011,19.36000
25-02-2011,19.48000
24-02-2011,19.41000
23-02-2011,19.87000
22-02-2011,20.10000
21-02-2011,20.20000
18-02-2011,19.80000
17-02-2011,20.10000
16-02-2011,19.91000
15-02-2011,19.84000
14-02-2011,19.84000
11-02-2011,19.43000
10-02-2011,19.30000
09-02-2011,19.52000
08-02-2011,19.82000
07-02-2011,20.04000
04-02-2011,20.18000
03-02-2011,20.67000
02-02-2011,20.42000
01-02-2011,20.29000
31-01-2011,20.48000
28-01-2011,20.71000
27-01-2011,21.03000
25-01-2011,21.34000
24-01-2011,21.42000
21-01-2011,21.29000
20-01-2011,21.56000
19-01-2011,21.47000
18-01-2011,21.65000
17-01-2011,21.30000
14-01-2011,21.15000
13-01-2011,21.20000
12-01-2011,21.68000
11-01-2011,21.35000
10-01-2011,21.58000
07-01-2011,21.74000
06-01-2011,22.35000
05-01-2011,22.37000
04-01-2011,22.44000
03-01-2011,22.41000
31-12-2010,22.29000
30-12-2010,22.20000
29-12-2010,22.07000
28-12-2010,21.92000
27-12-2010,21.82000
24-12-2010,21.81000
23-12-2010,21.75000
22-12-2010,21.67000
21-12-2010,21.59000
20-12-2010,21.60000
16-12-2010,21.40000
15-12-2010,20.98000
14-12-2010,20.90000
13-12-2010,20.75000
10-12-2010,20.59000
09-12-2010,20.55000
08-12-2010,20.83000
07-12-2010,21.08000
06-12-2010,20.96000
03-12-2010,20.89000
02-12-2010,20.97000
01-12-2010,20.74000
30-11-2010,20.57000
29-11-2010,20.34000
26-11-2010,20.18000
25-11-2010,20.48000
24-11-2010,20.53000
23-11-2010,20.74000
22-11-2010,20.97000
19-11-2010,20.56000
18-11-2010,20.80000
16-11-2010,20.76000
15-11-2010,21.12000
12-11-2010,21.03000
11-11-2010,21.36000
10-11-2010,21.62000
09-11-2010,21.60000
08-11-2010,21.34000
04-11-2010,21.45000
03-11-2010,21.22000
02-11-2010,21.13000
01-11-2010,21.05000
29-10-2010,20.86000
28-10-2010,20.94000
27-10-2010,21.07000
26-10-2010,21.23000
25-10-2010,21.32000
22-10-2010,21.38000
21-10-2010,21.42000
20-10-2010,21.16000
19-10-2010,21.20000
18-10-2010,21.44000
15-10-2010,21.21000
14-10-2010,21.80000
13-10-2010,21.79000
12-10-2010,21.28000
11-10-2010,21.24000
08-10-2010,21.15000
07-10-2010,21.14000
06-10-2010,21.38000
05-10-2010,21.27000
04-10-2010,21.21000
01-10-2010,21.25000
30-09-2010,20.86000
29-09-2010,20.81000
28-09-2010,20.85000
27-09-2010,20.88000
24-09-2010,20.93000
23-09-2010,20.66000
22-09-2010,20.66000
21-09-2010,20.86000
20-09-2010,20.71000
17-09-2010,20.57000
16-09-2010,20.44000
15-09-2010,20.85000
14-09-2010,20.51000
13-09-2010,20.45000
09-09-2010,20.39000
08-09-2010,20.33000
07-09-2010,20.16000
06-09-2010,20.02000
03-09-2010,19.70000
02-09-2010,19.65000
01-09-2010,19.72000
31-08-2010,19.42000
30-08-2010,19.45000
27-08-2010,19.54000
26-08-2010,19.77000
25-08-2010,19.76000
24-08-2010,19.88000
23-08-2010,19.97000
20-08-2010,19.80000
19-08-2010,19.91000
18-08-2010,19.89000
17-08-2010,19.65000
16-08-2010,19.66000
13-08-2010,19.80000
12-08-2010,19.71000
11-08-2010,19.94000
10-08-2010,20.20000
09-08-2010,20.40000
06-08-2010,20.14000
05-08-2010,20.09000
04-08-2010,20.04000
03-08-2010,19.63000
02-08-2010,19.65000
30-07-2010,19.55000
29-07-2010,19.64000
28-07-2010,19.72000
27-07-2010,19.78000
26-07-2010,19.75000
23-07-2010,19.80000
22-07-2010,19.82000
21-07-2010,19.85000
20-07-2010,19.59000
19-07-2010,19.67000
16-07-2010,19.66000
15-07-2010,19.47000
14-07-2010,19.50000
13-07-2010,19.73000
12-07-2010,19.99000
09-07-2010,19.82000
08-07-2010,19.62000
07-07-2010,19.35000
06-07-2010,19.39000
05-07-2010,19.15000
02-07-2010,19.13000
01-07-2010,19.15000
30-06-2010,19.28000
29-06-2010,19.26000
28-06-2010,19.27000
25-06-2010,19.06000
24-06-2010,19.21000
23-06-2010,19.11000
22-06-2010,18.96000
21-06-2010,19.17000
18-06-2010,19.04000
17-06-2010,19.06000
16-06-2010,19.04000
15-06-2010,18.94000
14-06-2010,18.93000
11-06-2010,18.49000
10-06-2010,18.48000
09-06-2010,18.23000
08-06-2010,18.36000
07-06-2010,18.53000
04-06-2010,18.79000
03-06-2010,18.74000
02-06-2010,18.51000
01-06-2010,18.28000
31-05-2010,18.50000
28-05-2010,18.51000
27-05-2010,18.34000
26-05-2010,18.22000
25-05-2010,17.71000
24-05-2010,18.17000
21-05-2010,18.14000
20-05-2010,18.34000
19-05-2010,18.36000
18-05-2010,18.68000
17-05-2010,18.66000
14-05-2010,18.90000
13-05-2010,19.12000
12-05-2010,18.95000
11-05-2010,18.82000
10-05-2010,19.08000
07-05-2010,18.61000
06-05-2010,19.10000
05-05-2010,19.24000
04-05-2010,19.13000
03-05-2010,19.39000
30-04-2010,19.61000
29-04-2010,19.46000
28-04-2010,19.39000
27-04-2010,19.72000
26-04-2010,19.76000
23-04-2010,19.62000
22-04-2010,19.54000
21-04-2010,19.40000
20-04-2010,19.27000
19-04-2010,19.31000
16-04-2010,19.52000
15-04-2010,19.59000
13-04-2010,19.54000
12-04-2010,19.20000
09-04-2010,19.13000
08-04-2010,19.12000
07-04-2010,19.08000
06-04-2010,19.11000
05-04-2010,19.20000
01-04-2010,19.09000
31-03-2010,18.73000
30-03-2010,18.85000
29-03-2010,19.17000
26-03-2010,19.51000
25-03-2010,19.57000
23-03-2010,19.45000
22-03-2010,19.44000
19-03-2010,19.52000
18-03-2010,19.57000
17-03-2010,19.46000
16-03-2010,19.41000
15-03-2010,19.20000
12-03-2010,19.07000
11-03-2010,19.02000
10-03-2010,18.89000
09-03-2010,19.00000
08-03-2010,18.98000
05-03-2010,18.85000
04-03-2010,18.75000
03-03-2010,18.80000
02-03-2010,18.63000
26-02-2010,18.35000
25-02-2010,18.29000
24-02-2010,18.36000
23-02-2010,18.42000
22-02-2010,18.44000
19-02-2010,18.34000
18-02-2010,18.47000
17-02-2010,18.54000
16-02-2010,18.47000
15-02-2010,18.33000
11-02-2010,18.36000
10-02-2010,18.20000
09-02-2010,18.23000
08-02-2010,17.90000
05-02-2010,17.61000
04-02-2010,18.03000
03-02-2010,18.44000
02-02-2010,18.13000
01-02-2010,18.34000
29-01-2010,18.28000
28-01-2010,18.26000
27-01-2010,18.19000
25-01-2010,18.79000
22-01-2010,18.98000
21-01-2010,19.23000
20-01-2010,19.61000
19-01-2010,19.62000
18-01-2010,19.86000
15-01-2010,19.70000
14-01-2010,19.82000
13-01-2010,19.66000
12-01-2010,19.09000
11-01-2010,18.77000
08-01-2010,18.59000
07-01-2010,18.80000
06-01-2010,19.14000
05-01-2010,19.35000
04-01-2010,19.27000
31-12-2009,19.12000
30-12-2009,18.98000
29-12-2009,18.87000
24-12-2009,18.99000
23-12-2009,18.93000
22-12-2009,18.57000
21-12-2009,18.51000
18-12-2009,18.48000
17-12-2009,18.56000
16-12-2009,18.37000
15-12-2009,18.19000
14-12-2009,18.23000
11-12-2009,18.14000
10-12-2009,18.14000
09-12-2009,18.10000
08-12-2009,17.99000
07-12-2009,17.81000
04-12-2009,17.89000
03-12-2009,17.86000
02-12-2009,17.66000
01-12-2009,17.61000
30-11-2009,17.45000
27-11-2009,17.08000
26-11-2009,17.39000
25-11-2009,17.71000
24-11-2009,17.72000
23-11-2009,17.68000
20-11-2009,17.74000
19-11-2009,17.65000
18-11-2009,17.88000
17-11-2009,17.83000
16-11-2009,17.63000
13-11-2009,17.61000
12-11-2009,17.49000
11-11-2009,17.41000
10-11-2009,16.90000
09-11-2009,17.02000
06-11-2009,16.87000
05-11-2009,16.60000
04-11-2009,16.54000
03-11-2009,16.00000
30-10-2009,16.56000
29-10-2009,16.75000
28-10-2009,16.96000
27-10-2009,16.92000
26-10-2009,17.36000
23-10-2009,17.28000
22-10-2009,17.13000
21-10-2009,17.11000
20-10-2009,17.04000
16-10-2009,16.86000
15-10-2009,16.90000
14-10-2009,17.03000
12-10-2009,17.00000
09-10-2009,16.65000
08-10-2009,16.75000
07-10-2009,17.03000
06-10-2009,17.32000
05-10-2009,17.75000
01-10-2009,18.14000
30-09-2009,18.05000
29-09-2009,17.83000
25-09-2009,17.47000
24-09-2009,17.63000
23-09-2009,17.70000
22-09-2009,18.02000
18-09-2009,17.84000
17-09-2009,17.81000
16-09-2009,17.62000
15-09-2009,17.46000
14-09-2009,17.27000
11-09-2009,17.34000
10-09-2009,17.33000
09-09-2009,17.28000
08-09-2009,17.36000
07-09-2009,17.40000
04-09-2009,17.09000
03-09-2009,16.98000
02-09-2009,16.91000
01-09-2009,16.91000
31-08-2009,16.94000
28-08-2009,17.24000
27-08-2009,17.24000
26-08-2009,17.25000
25-08-2009,16.80000
24-08-2009,16.54000
21-08-2009,16.15000
20-08-2009,15.89000
19-08-2009,15.85000
18-08-2009,15.88000
17-08-2009,15.58000
14-08-2009,16.00000
13-08-2009,15.97000
12-08-2009,15.54000
11-08-2009,15.50000
10-08-2009,15.38000
07-08-2009,15.24000
06-08-2009,15.49000
05-08-2009,15.80000
04-08-2009,15.64000
03-08-2009,15.84000
31-07-2009,15.59000
30-07-2009,15.48000
29-07-2009,15.19000
28-07-2009,15.15000
27-07-2009,15.11000
24-07-2009,14.99000
23-07-2009,14.68000
22-07-2009,14.49000
21-07-2009,14.73000
20-07-2009,15.01000
17-07-2009,14.28000
16-07-2009,13.75000
15-07-2009,13.74000
14-07-2009,13.44000
13-07-2009,13.07000
10-07-2009,13.18000
09-07-2009,13.26000
08-07-2009,13.18000
07-07-2009,13.51000
06-07-2009,13.39000
03-07-2009,13.89000
02-07-2009,13.81000
01-07-2009,13.91000
30-06-2009,13.81000
29-06-2009,14.06000
26-06-2009,14.19000
25-06-2009,13.83000
24-06-2009,13.88000
23-06-2009,13.61000
22-06-2009,13.74000
19-06-2009,13.85000
18-06-2009,13.70000
17-06-2009,13.81000
16-06-2009,14.16000
15-06-2009,14.06000
12-06-2009,14.25000
11-06-2009,14.57000
10-06-2009,14.66000
09-06-2009,14.48000
08-06-2009,14.07000
05-06-2009,14.30000
04-06-2009,14.18000
03-06-2009,14.12000
02-06-2009,13.92000
01-06-2009,13.81000
29-05-2009,13.54000
28-05-2009,13.21000
27-05-2009,13.20000
26-05-2009,12.87000
25-05-2009,13.27000
22-05-2009,13.24000
21-05-2009,13.01000
20-05-2009,13.02000
19-05-2009,12.99000
15-05-2009,12.00000
14-05-2009,11.66000
13-05-2009,11.82000
12-05-2009,11.90000
11-05-2009,11.41000
08-05-2009,11.64000
07-05-2009,11.78000
06-05-2009,11.58000
05-05-2009,11.66000
04-05-2009,11.68000
29-04-2009,11.12000
28-04-2009,10.78000
27-04-2009,10.93000
24-04-2009,11.01000
23-04-2009,10.79000
22-04-2009,10.58000
21-04-2009,10.63000
20-04-2009,10.55000
17-04-2009,10.42000
16-04-2009,10.25000
15-04-2009,10.61000
13-04-2009,10.45000
09-04-2009,10.29000
08-04-2009,10.22000
06-04-2009,10.03000
02-04-2009,9.73000
01-04-2009,9.34000
31-03-2009,9.20000
30-03-2009,9.02000
27-03-2009,9.31000
26-03-2009,9.22000
25-03-2009,9.00000
24-03-2009,8.98000
23-03-2009,8.99000
20-03-2009,8.78000
19-03-2009,8.82000
18-03-2009,8.74000
17-03-2009,8.64000
16-03-2009,8.69000
13-03-2009,8.54000
12-03-2009,8.25000
09-03-2009,8.25000
06-03-2009,8.44000
05-03-2009,8.32000
04-03-2009,8.46000
03-03-2009,8.45000
02-03-2009,8.62000
27-02-2009,8.81000
26-02-2009,8.92000
25-02-2009,8.89000
24-02-2009,8.82000
20-02-2009,8.92000
19-02-2009,9.12000
18-02-2009,9.04000
17-02-2009,9.03000
16-02-2009,9.26000
13-02-2009,9.52000
12-02-2009,9.42000
11-02-2009,9.55000
10-02-2009,9.52000
09-02-2009,9.49000
06-02-2009,9.28000
05-02-2009,9.11000
04-02-2009,9.24000
03-02-2009,9.24000
02-02-2009,9.19000
30-01-2009,9.41000
29-01-2009,9.31000
28-01-2009,9.40000
27-01-2009,9.24000
23-01-2009,9.01000
22-01-2009,9.16000
21-01-2009,9.07000
20-01-2009,9.33000
19-01-2009,9.55000
16-01-2009,9.44000
15-01-2009,9.30000
14-01-2009,9.60000
13-01-2009,9.32000
12-01-2009,9.33000
09-01-2009,9.49000
07-01-2009,9.70000
06-01-2009,10.51000
05-01-2009,10.65000
02-01-2009,10.57000
01-01-2009,10.55000
31-12-2008,10.32000
30-12-2008,10.31000
29-12-2008,10.04000
26-12-2008,9.82000
24-12-2008,9.98000
23-12-2008,10.19000
22-12-2008,10.36000
19-12-2008,10.40000
18-12-2008,10.34000
17-12-2008,10.12000
16-12-2008,10.65000
15-12-2008,10.38000
12-12-2008,10.26000
11-12-2008,10.26000
10-12-2008,10.28000
08-12-2008,10.00000
05-12-2008,9.85000
04-12-2008,10.01000
03-12-2008,9.75000
02-12-2008,9.83000
01-12-2008,9.82000
28-11-2008,9.92000
26-11-2008,9.83000
25-11-2008,9.72000
24-11-2008,9.84000
21-11-2008,9.81000
20-11-2008,9.51000
19-11-2008,9.78000
18-11-2008,9.99000
17-11-2008,10.33000
14-11-2008,10.40000
12-11-2008,10.47000
11-11-2008,10.68000
10-11-2008,11.19000
07-11-2008,10.69000
06-11-2008,10.57000
05-11-2008,10.93000
04-11-2008,11.22000
03-11-2008,11.17000
31-10-2008,10.89000
29-10-2008,10.46000
27-10-2008,10.15000
24-10-2008,10.18000
23-10-2008,10.95000
22-10-2008,11.20000
21-10-2008,11.62000
20-10-2008,11.29000
17-10-2008,11.16000
16-10-2008,11.65000
15-10-2008,11.72000
14-10-2008,12.31000
13-10-2008,12.05000
10-10-2008,11.52000
08-10-2008,12.45000
07-10-2008,12.92000
06-10-2008,13.13000
03-10-2008,13.82000
01-10-2008,14.24000
30-09-2008,14.10000
29-09-2008,13.81000
26-09-2008,14.48000
25-09-2008,14.82000
24-09-2008,15.04000
23-09-2008,15.03000
22-09-2008,15.36000
19-09-2008,15.46000
18-09-2008,14.93000
17-09-2008,15.11000
16-09-2008,15.37000
15-09-2008,15.44000
12-09-2008,16.13000
11-09-2008,16.46000
10-09-2008,16.67000
09-09-2008,16.74000
08-09-2008,16.71000
05-09-2008,16.52000
04-09-2008,16.73000
02-09-2008,16.77000
01-09-2008,16.48000
29-08-2008,16.54000
28-08-2008,16.16000
27-08-2008,16.32000
26-08-2008,16.37000
25-08-2008,16.35000
22-08-2008,16.25000
21-08-2008,16.20000
20-08-2008,16.53000
19-08-2008,16.41000
18-08-2008,16.58000
14-08-2008,16.66000
13-08-2008,16.66000
12-08-2008,16.57000
11-08-2008,16.78000
08-08-2008,16.67000
07-08-2008,16.75000
06-08-2008,16.80000
05-08-2008,16.74000
04-08-2008,16.55000
01-08-2008,16.57000
31-07-2008,16.56000
30-07-2008,16.66000
29-07-2008,16.39000
28-07-2008,16.64000
25-07-2008,16.47000
24-07-2008,16.42000
23-07-2008,16.69000
22-07-2008,16.12000
21-07-2008,15.93000
18-07-2008,15.95000
17-07-2008,15.88000
16-07-2008,15.45000
15-07-2008,15.56000
14-07-2008,16.05000
11-07-2008,16.52000
10-07-2008,16.95000
09-07-2008,16.88000
08-07-2008,16.37000
07-07-2008,16.62000
04-07-2008,16.49000
03-07-2008,16.13000
02-07-2008,16.60000
01-07-2008,16.10000
30-06-2008,16.53000
27-06-2008,16.92000
26-06-2008,17.49000
25-06-2008,17.31000
24-06-2008,17.06000
23-06-2008,17.40000
20-06-2008,17.68000
19-06-2008,18.33000
18-06-2008,18.57000
17-06-2008,18.62000
16-06-2008,18.58000
13-06-2008,18.39000
12-06-2008,18.29000
11-06-2008,18.16000
10-06-2008,17.93000
09-06-2008,18.25000
06-06-2008,18.76000
05-06-2008,18.85000
04-06-2008,18.56000
03-06-2008,18.93000
02-06-2008,19.24000
30-05-2008,19.72000
29-05-2008,19.39000
28-05-2008,19.43000
27-05-2008,19.10000
26-05-2008,19.06000
23-05-2008,19.14000
22-05-2008,19.24000
21-05-2008,19.41000
20-05-2008,19.38000
16-05-2008,19.51000
15-05-2008,19.53000
14-05-2008,19.27000
13-05-2008,18.94000
12-05-2008,18.96000
09-05-2008,18.93000
08-05-2008,19.17000
07-05-2008,19.39000
06-05-2008,19.44000
05-05-2008,19.56000
02-05-2008,19.61000
30-04-2008,19.54000
29-04-2008,19.56000
28-04-2008,19.18000
25-04-2008,19.28000
24-04-2008,18.94000
23-04-2008,18.86000
22-04-2008,18.84000
21-04-2008,19.11000
17-04-2008,18.87000
16-04-2008,18.45000
15-04-2008,18.34000
11-04-2008,17.98000
10-04-2008,17.98000
09-04-2008,18.02000
08-04-2008,17.89000
07-04-2008,17.97000
04-04-2008,17.75000
03-04-2008,18.04000
02-04-2008,18.00000
01-04-2008,17.80000
31-03-2008,17.93000
28-03-2008,18.12000
27-03-2008,17.51000
26-03-2008,17.53000
25-03-2008,17.46000
24-03-2008,16.64000
19-03-2008,16.91000
18-03-2008,16.87000
17-03-2008,16.83000
14-03-2008,17.64000
13-03-2008,17.42000
12-03-2008,18.29000
11-03-2008,18.41000
10-03-2008,18.27000
07-03-2008,18.40000
05-03-2008,18.94000
04-03-2008,18.91000
03-03-2008,19.21000
29-02-2008,19.95000
28-02-2008,20.15000
27-02-2008,20.02000
26-02-2008,20.21000
25-02-2008,20.07000
22-02-2008,19.97000
21-02-2008,20.33000
20-02-2008,19.98000
19-02-2008,20.11000
18-02-2008,19.79000
15-02-2008,19.78000
14-02-2008,19.57000
13-02-2008,18.92000
12-02-2008,19.06000
11-02-2008,19.33000
08-02-2008,19.82000
07-02-2008,19.95000
06-02-2008,20.64000
05-02-2008,21.15000
04-02-2008,21.32000
01-02-2008,20.58000
31-01-2008,20.15000
30-01-2008,20.11000
29-01-2008,20.25000
28-01-2008,20.18000
25-01-2008,20.51000
24-01-2008,19.69000
23-01-2008,19.91000
22-01-2008,19.07000
21-01-2008,20.18000
18-01-2008,21.79000
17-01-2008,22.45000
16-01-2008,22.51000
15-01-2008,22.76000
14-01-2008,22.97000
11-01-2008,23.21000
10-01-2008,23.46000
09-01-2008,24.14000
08-01-2008,23.94000
07-01-2008,24.15000
04-01-2008,24.25000
03-01-2008,24.23000
02-01-2008,24.37000
01-01-2008,24.25000
31-12-2007,24.07000
28-12-2007,23.52000
27-12-2007,23.58000
26-12-2007,23.58000
24-12-2007,23.24000
20-12-2007,22.69000
19-12-2007,22.29000
18-12-2007,22.14000
17-12-2007,22.11000
14-12-2007,22.79000
13-12-2007,22.82000
12-12-2007,23.02000
11-12-2007,22.70000
10-12-2007,22.56000
07-12-2007,22.67000
06-12-2007,21.99000
05-12-2007,21.80000
04-12-2007,21.80000
03-12-2007,21.68000
30-11-2007,21.17000
29-11-2007,20.86000
28-11-2007,20.88000
27-11-2007,20.93000
26-11-2007,21.01000
23-11-2007,20.58000
22-11-2007,20.35000
21-11-2007,20.44000
20-11-2007,20.96000
19-11-2007,21.14000
16-11-2007,20.85000
15-11-2007,20.82000
14-11-2007,20.57000
13-11-2007,20.05000
12-11-2007,19.95000
08-11-2007,20.11000
07-11-2007,20.43000
06-11-2007,20.85000
05-11-2007,21.19000
02-11-2007,21.12000
01-11-2007,21.33000
31-10-2007,21.87000
30-10-2007,21.84000
29-10-2007,21.87000
26-10-2007,21.74000
25-10-2007,21.59000
24-10-2007,21.47000
23-10-2007,21.58000
22-10-2007,21.00000
19-10-2007,21.03000
18-10-2007,21.32000
17-10-2007,21.55000
16-10-2007,21.70000
15-10-2007,21.87000
12-10-2007,21.41000
11-10-2007,21.80000
10-10-2007,22.10000
09-10-2007,21.57000
08-10-2007,20.94000
05-10-2007,21.24000
04-10-2007,21.32000
03-10-2007,21.29000
01-10-2007,20.94000
28-09-2007,20.82000
27-09-2007,20.80000
26-09-2007,20.62000
25-09-2007,20.40000
24-09-2007,20.39000
21-09-2007,20.43000
20-09-2007,20.28000
19-09-2007,20.52000
18-09-2007,20.08000
17-09-2007,19.97000
14-09-2007,20.34000
13-09-2007,20.66000
12-09-2007,20.57000
11-09-2007,20.71000
10-09-2007,20.90000
07-09-2007,21.08000
06-09-2007,21.15000
05-09-2007,21.08000
04-09-2007,20.99000
03-09-2007,20.97000
31-08-2007,20.79000
30-08-2007,20.47000
29-08-2007,20.41000
28-08-2007,20.42000
27-08-2007,20.23000
24-08-2007,19.86000
23-08-2007,19.61000
22-08-2007,19.76000
21-08-2007,19.56000
20-08-2007,20.20000
17-08-2007,20.09000
16-08-2007,20.41000
14-08-2007,21.12000
13-08-2007,21.15000
10-08-2007,21.08000
09-08-2007,21.19000
08-08-2007,21.58000
07-08-2007,21.03000
06-08-2007,20.95000
03-08-2007,21.28000
02-08-2007,21.05000
01-08-2007,21.00000
31-07-2007,21.74000
30-07-2007,21.49000
27-07-2007,21.53000
26-07-2007,22.19000
25-07-2007,22.07000
24-07-2007,22.21000
23-07-2007,22.30000
20-07-2007,22.33000
19-07-2007,22.35000
18-07-2007,22.18000
17-07-2007,22.12000
16-07-2007,22.29000
13-07-2007,22.39000
12-07-2007,22.46000
11-07-2007,22.28000
10-07-2007,22.43000
09-07-2007,22.50000
06-07-2007,22.31000
05-07-2007,21.93000
04-07-2007,22.13000
03-07-2007,22.29000
02-07-2007,22.16000
29-06-2007,22.14000
28-06-2007,22.01000
27-06-2007,21.95000
26-06-2007,21.91000
25-06-2007,21.81000
22-06-2007,21.89000
21-06-2007,21.94000
20-06-2007,21.89000
19-06-2007,21.68000
18-06-2007,21.64000
15-06-2007,21.82000
14-06-2007,21.95000
13-06-2007,21.58000
12-06-2007,21.73000
11-06-2007,21.91000
08-06-2007,21.98000
07-06-2007,22.03000
06-06-2007,21.89000
05-06-2007,22.01000
04-06-2007,21.80000
01-06-2007,22.00000
31-05-2007,21.80000
30-05-2007,21.59000
29-05-2007,21.82000
28-05-2007,21.69000
25-05-2007,21.69000
24-05-2007,21.42000
23-05-2007,21.54000
22-05-2007,21.79000
21-05-2007,21.81000
18-05-2007,21.88000
17-05-2007,21.80000
16-05-2007,21.64000
15-05-2007,21.43000
14-05-2007,21.51000
11-05-2007,21.36000
10-05-2007,21.14000
09-05-2007,21.15000
08-05-2007,21.16000
07-05-2007,21.44000
04-05-2007,21.55000
03-05-2007,21.68000
30-04-2007,21.44000
27-04-2007,21.07000
26-04-2007,21.33000
25-04-2007,21.39000
24-04-2007,21.45000
23-04-2007,21.34000
20-04-2007,21.41000
19-04-2007,20.90000
18-04-2007,21.00000
17-04-2007,20.84000
16-04-2007,21.19000
13-04-2007,20.80000
12-04-2007,20.19000
11-04-2007,20.05000
10-04-2007,19.93000
09-04-2007,20.00000
05-04-2007,19.70000
04-04-2007,19.66000
03-04-2007,19.44000
02-04-2007,19.29000
30-03-2007,20.03000
29-03-2007,19.90000
28-03-2007,19.65000
26-03-2007,20.26000
23-03-2007,20.42000
22-03-2007,20.36000
21-03-2007,20.01000
20-03-2007,19.86000
19-03-2007,19.82000
16-03-2007,19.50000
15-03-2007,19.76000
14-03-2007,19.53000
13-03-2007,20.14000
12-03-2007,19.92000
09-03-2007,19.74000
08-03-2007,19.84000
07-03-2007,19.20000
06-03-2007,19.58000
05-03-2007,19.08000
02-03-2007,20.01000
01-03-2007,20.47000
28-02-2007,20.06000
27-02-2007,20.89000
26-02-2007,21.00000
23-02-2007,21.11000
22-02-2007,21.78000
21-02-2007,21.82000
20-02-2007,21.76000
19-02-2007,22.01000
15-02-2007,21.89000
14-02-2007,21.12000
13-02-2007,20.94000
12-02-2007,21.03000
09-02-2007,21.74000
08-02-2007,22.15000
07-02-2007,22.27000
06-02-2007,22.10000
05-02-2007,22.01000
02-02-2007,21.81000
01-02-2007,21.59000
31-01-2007,21.41000
29-01-2007,21.55000
25-01-2007,21.64000
24-01-2007,21.37000
23-01-2007,21.21000
22-01-2007,21.21000
19-01-2007,21.18000
18-01-2007,21.24000
17-01-2007,21.15000
16-01-2007,21.01000
15-01-2007,20.95000
12-01-2007,20.79000
11-01-2007,20.44000
10-01-2007,19.94000
09-01-2007,20.18000
08-01-2007,20.27000
05-01-2007,20.50000
04-01-2007,20.51000
03-01-2007,20.55000
02-01-2007,20.26000
29-12-2006,19.93000
28-12-2006,19.91000
27-12-2006,19.80000
26-12-2006,19.55000
22-12-2006,19.20000
21-12-2006,18.99000
20-12-2006,18.68000
19-12-2006,18.56000
18-12-2006,19.00000
15-12-2006,18.96000
14-12-2006,18.79000
13-12-2006,18.20000
12-12-2006,17.86000
11-12-2006,18.50000
08-12-2006,19.03000
07-12-2006,19.09000
06-12-2006,19.21000
05-12-2006,19.24000
04-12-2006,19.10000
01-12-2006,19.16000
30-11-2006,19.01000
29-11-2006,18.81000
28-11-2006,18.71000
27-11-2006,19.02000
24-11-2006,18.92000
23-11-2006,18.92000
22-11-2006,18.99000
21-11-2006,18.80000
20-11-2006,18.47000
17-11-2006,18.34000
16-11-2006,18.47000
15-11-2006,18.37000
14-11-2006,18.35000
13-11-2006,18.26000
12-11-2006,18.50000
10-11-2006,18.00000
09-11-2006,17.84000
08-11-2006,17.70000
07-11-2006,17.78000
06-11-2006,17.70000
03-11-2006,17.64000
02-11-2006,17.61000
01-11-2006,17.61000
31-10-2006,17.46000
30-10-2006,17.65000
27-10-2006,17.63000
26-10-2006,17.37000
23-10-2006,17.20000
20-10-2006,17.11000
19-10-2006,17.16000
18-10-2006,17.13000
17-10-2006,17.18000
16-10-2006,17.18000
13-10-2006,17.10000
12-10-2006,16.81000
11-10-2006,16.49000
10-10-2006,16.37000
09-10-2006,16.37000
06-10-2006,16.26000
05-10-2006,16.15000
04-10-2006,15.98000
03-10-2006,16.18000
29-09-2006,16.26000
28-09-2006,16.19000
27-09-2006,16.18000
26-09-2006,16.25000
25-09-2006,16.11000
22-09-2006,16.11000
21-09-2006,16.27000
20-09-2006,16.16000
19-09-2006,15.93000
18-09-2006,15.99000
15-09-2006,15.89000
14-09-2006,15.92000
13-09-2006,15.89000
12-09-2006,15.61000
11-09-2006,15.35000
08-09-2006,15.79000
07-09-2006,15.72000
06-09-2006,15.87000
05-09-2006,15.87000
04-09-2006,15.86000
01-09-2006,15.61000
31-08-2006,15.66000
30-08-2006,15.84000
29-08-2006,15.79000
28-08-2006,15.73000
25-08-2006,15.66000
24-08-2006,15.59000
23-08-2006,15.39000
22-08-2006,15.62000
21-08-2006,15.53000
18-08-2006,15.36000
17-08-2006,15.37000
16-08-2006,15.45000
14-08-2006,15.41000
11-08-2006,15.15000
10-08-2006,14.99000
09-08-2006,14.68000
08-08-2006,14.51000
07-08-2006,14.26000
04-08-2006,14.41000
03-08-2006,14.37000
02-08-2006,14.25000
01-08-2006,14.11000
31-07-2006,14.19000
28-07-2006,14.05000
27-07-2006,14.22000
26-07-2006,14.12000
25-07-2006,13.71000
24-07-2006,13.55000
21-07-2006,13.39000
20-07-2006,13.71000
19-07-2006,13.40000
18-07-2006,13.80000
17-07-2006,13.77000
14-07-2006,14.09000
13-07-2006,14.18000
12-07-2006,14.34000
11-07-2006,13.81000
10-07-2006,13.93000
07-07-2006,13.60000
06-07-2006,13.86000
05-07-2006,14.00000
04-07-2006,13.85000
03-07-2006,13.93000
30-06-2006,13.75000
29-06-2006,13.41000
28-06-2006,13.30000
27-06-2006,13.28000
26-06-2006,13.21000
23-06-2006,13.67000
22-06-2006,13.58000
21-06-2006,13.45000
20-06-2006,13.09000
19-06-2006,13.14000
16-06-2006,12.89000
15-06-2006,12.34000
14-06-2006,11.57000
13-06-2006,11.90000
12-06-2006,12.56000
09-06-2006,12.87000
08-06-2006,12.11000
07-06-2006,12.83000
06-06-2006,13.41000
05-06-2006,13.84000
02-06-2006,14.03000
01-06-2006,13.82000
31-05-2006,14.26000
30-05-2006,14.78000
29-05-2006,14.73000
26-05-2006,14.69000
25-05-2006,14.47000
24-05-2006,14.31000
23-05-2006,14.43000
22-05-2006,14.10000
19-05-2006,14.73000
18-05-2006,15.29000
17-05-2006,16.14000
16-05-2006,15.71000
15-05-2006,15.82000
12-05-2006,16.23000
11-05-2006,16.22000
10-05-2006,16.37000
09-05-2006,16.11000
08-05-2006,16.12000
05-05-2006,15.96000
04-05-2006,16.01000
03-05-2006,15.99000
02-05-2006,15.80000
28-04-2006,15.74000
27-04-2006,15.73000
26-04-2006,15.76000
25-04-2006,15.41000
24-04-2006,15.51000
21-04-2006,15.63000
20-04-2006,15.73000
19-04-2006,15.62000
18-04-2006,15.81000
17-04-2006,15.43000
13-04-2006,14.89000
12-04-2006,15.27000
10-04-2006,15.78000
07-04-2006,15.87000
05-04-2006,16.13000
04-04-2006,16.09000
03-04-2006,16.02000
