date,nav
29-09-2026,260.32440
28-09-2026,260.05010
25-09-2026,263.73860
24-09-2026,262.99630
23-09-2026,268.61690
22-09-2026,267.80410
21-09-2026,267.35820
18-09-2026,266.95400
17-09-2026,263.29790
16-09-2026,260.07620
15-09-2026,259.43240
11-09-2026,266.94760
10-09-2026,266.92590
09-09-2026,267.42490
08-09-2026,268.25950
07-09-2026,267.41020
04-09-2026,266.67530
03-09-2026,266.38630
02-09-2026,264.43290
01-09-2026,266.18240
31-08-2026,267.83680
28-08-2026,267.60280
27-08-2026,268.21620
26-08-2026,268.55690
25-08-2026,267.78950
24-08-2026,267.62810
21-08-2026,268.39280
20-08-2026,268.18370
19-08-2026,267.80100
18-08-2026,268.96890
17-08-2026,268.99340
14-08-2026,267.94840
13-08-2026,267.89830
12-08-2026,268.15140
11-08-2026,268.93620
10-08-2026,268.05770
07-08-2026,266.69480
06-08-2026,267.23810
05-08-2026,265.95770
04-08-2026,264.79030
03-08-2026,265.47140
31-07-2026,260.54870
30-07-2026,259.91030
29-07-2026,259.80260
28-07-2026,257.64900
27-07-2026,258.21170
24-07-2026,255.27560
23-07-2026,256.54020
22-07-2026,257.40130
21-07-2026,259.43990
20-07-2026,258.00460
17-07-2026,258.75290
16-07-2026,260.25070
15-07-2026,260.60200
14-07-2026,259.34920
13-07-2026,262.09340
10-07-2026,262.10060
09-07-2026,258.67140
08-07-2026,255.40550
07-07-2026,259.80860
06-07-2026,261.11400
03-07-2026,259.76950
02-07-2026,260.47470
01-07-2026,260.27300
30-06-2026,259.45120
29-06-2026,257.58300
25-06-2026,259.17290
24-06-2026,259.76800
23-06-2026,258.74700
22-06-2026,260.20260
19-06-2026,256.62490
18-06-2026,256.48080
17-06-2026,254.61880
16-06-2026,253.16140
15-06-2026,253.03320
12-06-2026,249.61790
11-06-2026,244.71180
10-06-2026,245.87240
09-06-2026,248.09320
08-06-2026,245.18560
05-06-2026,247.69700
04-06-2026,247.80120
03-06-2026,246.73650
02-06-2026,246.31900
01-06-2026,246.03890
29-05-2026,249.21070
27-05-2026,250.80460
26-05-2026,249.27690
25-05-2026,248.52650
22-05-2026,245.75220
21-05-2026,244.79650
20-05-2026,243.62320
19-05-2026,242.11460
18-05-2026,241.57010
15-05-2026,245.12020
14-05-2026,245.97720
13-05-2026,244.87600
12-05-2026,244.22670
11-05-2026,250.31760
08-05-2026,254.02400
07-05-2026,254.98340
06-05-2026,252.64990
05-05-2026,249.29960
04-05-2026,249.12530
30-04-2026,246.51400
29-04-2026,248.50660
28-04-2026,248.17440
27-04-2026,249.65520
24-04-2026,247.61470
23-04-2026,250.02370
22-04-2026,251.99310
21-04-2026,251.38500
20-04-2026,249.84770
17-04-2026,250.03420
16-04-2026,247.98410
15-04-2026,246.14190
13-04-2026,240.78070
10-04-2026,242.58380
09-04-2026,238.54990
08-04-2026,239.75840
07-04-2026,229.90300
06-04-2026,229.67770
02-04-2026,227.22720
01-04-2026,228.17230
31-03-2026,223.54600
30-03-2026,223.15950
27-03-2026,228.62260
25-03-2026,233.17290
24-03-2026,228.16600
23-03-2026,224.04130
20-03-2026,231.04230
19-03-2026,230.47260
18-03-2026,237.73660
17-03-2026,234.84720
16-03-2026,232.36850
13-03-2026,231.59870
12-03-2026,237.70880
11-03-2026,240.14400
10-03-2026,243.29410
09-03-2026,239.26410
06-03-2026,244.95300
05-03-2026,246.57500
04-03-2026,244.06460
02-03-2026,249.23530
27-02-2026,253.32850
26-02-2026,255.45000
25-02-2026,254.98930
24-02-2026,254.04050
23-02-2026,255.56370
20-02-2026,256.11850
19-02-2026,255.94900
18-02-2026,258.79550
17-02-2026,258.02860
16-02-2026,257.39000
13-02-2026,256.76340
12-02-2026,259.68950
11-02-2026,260.75430
10-02-2026,259.15180
09-02-2026,257.10640
06-02-2026,252.51360
05-02-2026,252.05650
04-02-2026,253.69600
03-02-2026,253.54700
02-02-2026,247.93500
30-01-2026,251.73520
29-01-2026,250.27380
28-01-2026,250.24740
27-01-2026,248.35820
23-01-2026,247.01730
22-01-2026,251.27090
21-01-2026,249.25320
20-01-2026,250.24560
19-01-2026,255.00460
16-01-2026,256.73140
14-01-2026,256.70000
13-01-2026,256.13060
12-01-2026,256.39110
09-01-2026,256.51600
08-01-2026,258.85930
07-01-2026,262.04650
06-01-2026,262.63360
05-01-2026,263.06840
02-01-2026,261.99890
01-01-2026,259.65350
31-12-2025,259.02940
30-12-2025,256.59370
29-12-2025,257.02310
26-12-2025,258.39550
24-12-2025,258.95740
23-12-2025,259.72100
22-12-2025,259.56310
19-12-2025,257.97620
18-12-2025,255.34140
17-12-2025,254.81280
16-12-2025,255.07310
15-12-2025,257.51090
12-12-2025,257.40720
11-12-2025,256.21840
10-12-2025,255.22330
09-12-2025,256.66140
08-12-2025,254.70690
05-12-2025,258.83840
04-12-2025,259.13530
03-12-2025,259.04290
02-12-2025,260.71340
01-12-2025,261.42510
28-11-2025,261.39080
27-11-2025,261.02720
26-11-2025,262.30650
25-11-2025,259.57630
24-11-2025,259.14660
21-11-2025,260.85960
20-11-2025,262.23110
19-11-2025,262.22010
18-11-2025,261.74590
17-11-2025,262.98590
14-11-2025,261.52540
13-11-2025,260.86110
12-11-2025,262.26580
11-11-2025,260.23700
10-11-2025,259.85140
07-11-2025,259.99110
06-11-2025,260.28650
04-11-2025,262.33780
03-11-2025,263.50380
31-10-2025,262.09770
30-10-2025,264.42370
29-10-2025,264.81700
28-10-2025,264.07060
27-10-2025,263.66500
24-10-2025,261.18830
23-10-2025,262.52010
20-10-2025,262.06520
17-10-2025,259.86070
16-10-2025,259.97750
15-10-2025,258.95110
14-10-2025,257.18150
13-10-2025,258.50930
10-10-2025,259.00410
09-10-2025,257.55060
08-10-2025,257.25910
07-10-2025,257.95950
06-10-2025,257.54610
03-10-2025,256.16810
01-10-2025,255.29920
30-09-2025,253.23740
26-09-2025,253.83890
25-09-2025,258.00780
24-09-2025,259.70490
23-09-2025,260.39970
22-09-2025,260.98560
19-09-2025,262.36320
18-09-2025,261.53700
17-09-2025,260.22580
16-09-2025,260.29390
15-09-2025,258.70980
12-09-2025,258.69670
11-09-2025,258.85980
10-09-2025,258.96850
09-09-2025,258.11660
08-09-2025,256.87010
05-09-2025,255.79800
04-09-2025,255.57420
03-09-2025,255.35700
02-09-2025,254.18880
01-09-2025,254.39620
29-08-2025,251.69590
28-08-2025,252.92220
26-08-2025,254.42210
25-08-2025,257.01890
22-08-2025,256.26990
21-08-2025,256.70510
20-08-2025,256.29820
19-08-2025,255.00750
18-08-2025,253.62890
14-08-2025,250.01450
13-08-2025,249.77190
12-08-2025,248.24280
11-08-2025,248.43290
08-08-2025,247.00790
07-08-2025,249.30240
06-08-2025,248.97690
05-08-2025,250.32020
04-08-2025,251.07470
01-08-2025,249.39760
31-07-2025,252.60960
30-07-2025,253.28460
29-07-2025,252.54150
28-07-2025,251.31630
25-07-2025,251.72460
24-07-2025,254.59120
23-07-2025,255.40830
22-07-2025,254.95790
21-07-2025,254.31060
18-07-2025,253.44330
17-07-2025,255.49440
16-07-2025,255.82700
15-07-2025,255.36510
14-07-2025,254.14310
11-07-2025,253.31450
10-07-2025,254.61950
09-07-2025,255.04460
08-07-2025,254.39390
07-07-2025,253.89710
04-07-2025,253.68770
03-07-2025,252.89190
02-07-2025,252.19020
01-07-2025,252.92750
30-06-2025,252.36080
27-06-2025,252.91210
26-06-2025,251.99970
25-06-2025,250.38120
24-06-2025,247.54610
23-06-2025,246.68690
20-06-2025,247.30780
19-06-2025,245.45010
18-06-2025,246.92570
17-06-2025,247.66180
16-06-2025,248.75070
13-06-2025,246.48140
12-06-2025,247.65390
11-06-2025,250.73170
10-06-2025,250.54430
09-06-2025,250.73860
06-06-2025,249.32650
05-06-2025,247.81030
04-06-2025,246.07140
03-06-2025,244.57930
02-06-2025,245.68140
30-05-2025,245.78880
29-05-2025,245.78100
28-05-2025,244.58450
27-05-2025,245.09740
26-05-2025,246.30920
23-05-2025,245.64310
22-05-2025,244.28390
21-05-2025,245.27580
20-05-2025,243.68530
19-05-2025,246.18540
16-05-2025,247.41770
15-05-2025,246.49970
14-05-2025,242.87680
13-05-2025,241.42420
12-05-2025,242.41570
09-05-2025,233.62920
08-05-2025,235.38990
07-05-2025,237.80960
06-05-2025,235.85190
05-05-2025,238.80940
02-05-2025,236.23360
30-04-2025,236.68510
29-04-2025,236.82920
28-04-2025,236.88120
25-04-2025,235.18490
24-04-2025,238.57220
23-04-2025,239.20000
22-04-2025,237.96380
21-04-2025,236.99450
17-04-2025,233.61340
16-04-2025,231.44790
15-04-2025,229.83480
11-04-2025,224.02900
09-04-2025,219.16930
08-04-2025,220.62470
07-04-2025,216.43710
04-04-2025,223.11600
03-04-2025,227.62420
02-04-2025,227.71970
01-04-2025,225.51090
31-03-2025,227.07300
28-03-2025,227.09300
27-03-2025,227.73380
26-03-2025,226.41560
25-03-2025,228.27440
24-03-2025,229.60580
21-03-2025,227.81340
20-03-2025,225.12960
19-03-2025,223.51870
18-03-2025,220.61730
17-03-2025,215.86060
13-03-2025,214.62110
12-03-2025,216.83340
11-03-2025,217.67040
10-03-2025,217.30350
07-03-2025,219.51840
06-03-2025,219.57120
05-03-2025,217.22690
04-03-2025,213.41340
03-03-2025,212.77580
28-02-2025,212.83840
27-02-2025,218.16380
25-02-2025,219.88750
24-02-2025,219.97550
21-02-2025,222.36160
20-02-2025,224.13080
19-02-2025,222.42960
18-02-2025,220.24700
17-02-2025,221.23170
14-02-2025,222.18120
13-02-2025,226.81480
12-02-2025,226.78700
11-02-2025,227.70700
10-02-2025,234.39510
07-02-2025,237.79620
06-02-2025,238.33070
05-02-2025,239.23530
04-02-2025,238.47020
03-02-2025,236.29660
31-01-2025,235.86540
30-01-2025,233.28520
29-01-2025,234.22010
28-01-2025,228.55510
27-01-2025,229.44710
24-01-2025,234.00660
23-01-2025,237.39130
22-01-2025,235.02460
21-01-2025,237.01000
20-01-2025,241.67510
17-01-2025,240.99980
16-01-2025,241.20230
15-01-2025,239.54460
14-01-2025,238.34180
13-01-2025,235.23300
10-01-2025,242.50740
09-01-2025,246.15660
08-01-2025,248.54640
07-01-2025,250.71350
06-01-2025,249.56110
03-01-2025,254.51170
02-01-2025,255.37700
01-01-2025,252.35050
31-12-2024,251.15030
30-12-2024,251.05630
27-12-2024,251.14830
26-12-2024,250.27790
24-12-2024,250.00040
23-12-2024,250.40420
20-12-2024,249.67410
19-12-2024,254.27470
18-12-2024,255.44230
17-12-2024,256.21430
16-12-2024,257.18490
13-12-2024,256.85470
12-12-2024,256.28770
11-12-2024,258.04610
10-12-2024,257.54890
09-12-2024,256.54890
06-12-2024,256.34120
05-12-2024,255.38000
04-12-2024,253.55450
03-12-2024,253.10310
02-12-2024,252.58160
29-11-2024,250.82030
28-11-2024,248.50710
27-11-2024,249.69940
26-11-2024,246.97650
25-11-2024,246.07730
22-11-2024,241.87880
21-11-2024,238.57200
19-11-2024,240.39490
18-11-2024,239.49210
14-11-2024,240.20610
13-11-2024,238.71620
12-11-2024,243.61680
11-11-2024,246.97600
08-11-2024,248.13300
07-11-2024,250.16930
06-11-2024,251.36890
05-11-2024,246.51590
04-11-2024,246.11140
31-10-2024,247.07600
30-10-2024,245.45200
29-10-2024,245.20150
28-10-2024,244.09690
25-10-2024,242.00010
24-10-2024,244.88220
23-10-2024,245.16590
22-10-2024,245.03880
21-10-2024,251.14300
18-10-2024,252.85130
17-10-2024,252.79170
16-10-2024,256.09170
15-10-2024,256.46580
14-10-2024,255.20100
11-10-2024,254.72060
10-10-2024,252.72800
09-10-2024,253.17350
08-10-2024,251.22820
07-10-2024,247.24730
04-10-2024,251.50320
03-10-2024,253.77930
01-10-2024,258.54610
30-09-2024,257.95400
27-09-2024,259.20020
26-09-2024,258.90650
25-09-2024,259.19230
24-09-2024,260.04350
23-09-2024,261.13030
20-09-2024,259.10670
19-09-2024,256.21450
18-09-2024,258.03210
17-09-2024,258.80840
16-09-2024,257.99490
13-09-2024,257.81390
12-09-2024,258.39530
11-09-2024,255.00390
10-09-2024,256.12570
09-09-2024,253.41350
06-09-2024,253.96800
05-09-2024,256.13830
04-09-2024,255.95250
03-09-2024,255.18830
02-09-2024,254.94860
30-08-2024,256.24540
29-08-2024,253.62180
28-08-2024,254.37300
27-08-2024,254.00510
26-08-2024,254.10610
23-08-2024,253.19810
22-08-2024,253.51090
21-08-2024,253.18580
20-08-2024,251.42230
19-08-2024,250.39420
16-08-2024,249.36750
14-08-2024,243.61540
13-08-2024,244.68440
12-08-2024,246.89270
09-08-2024,246.60660
08-08-2024,244.51750
07-08-2024,245.54630
06-08-2024,240.40670
05-08-2024,241.86080
02-08-2024,249.79640
01-08-2024,251.40620
31-07-2024,251.97900
30-07-2024,251.16550
29-07-2024,250.22900
26-07-2024,249.82320
25-07-2024,245.88700
24-07-2024,246.16400
23-07-2024,244.75770
22-07-2024,245.02970
19-07-2024,242.86230
18-07-2024,248.00600
16-07-2024,248.42750
15-07-2024,249.32850
12-07-2024,248.18130
11-07-2024,247.69380
10-07-2024,247.06100
09-07-2024,248.27700
08-07-2024,247.23310
05-07-2024,246.60480
04-07-2024,246.32660
03-07-2024,245.79450
02-07-2024,245.08510
01-07-2024,245.70920
28-06-2024,243.28100
27-06-2024,243.34380
26-06-2024,244.32780
25-06-2024,242.88490
24-06-2024,242.31260
21-06-2024,241.38690
20-06-2024,240.85310
19-06-2024,238.94040
18-06-2024,239.35360
14-06-2024,237.92380
13-06-2024,236.40350
12-06-2024,234.20370
11-06-2024,232.16170
10-06-2024,230.97660
07-06-2024,229.92930
06-06-2024,226.25290
05-06-2024,222.07230
04-06-2024,216.24230
03-06-2024,230.84190
31-05-2024,226.54880
30-05-2024,224.40200
29-05-2024,226.53780
28-05-2024,226.89080
27-05-2024,229.22590
24-05-2024,230.18970
23-05-2024,230.01080
22-05-2024,229.46230
21-05-2024,229.24900
17-05-2024,227.44280
16-05-2024,224.09430
15-05-2024,220.53890
14-05-2024,216.94560
13-05-2024,215.07090
10-05-2024,214.14880
09-05-2024,212.87420
08-05-2024,215.76990
07-05-2024,213.51990
06-05-2024,216.52950
03-05-2024,217.69490
02-05-2024,218.80080
30-04-2024,217.34480
29-04-2024,217.06080
26-04-2024,216.20600
25-04-2024,214.01850
24-04-2024,212.17960
23-04-2024,211.14830
22-04-2024,209.57970
19-04-2024,207.04790
18-04-2024,206.96810
16-04-2024,206.43960
15-04-2024,205.46260
12-04-2024,207.33990
10-04-2024,208.13160
09-04-2024,207.07320
08-04-2024,206.84280
05-04-2024,205.05690
04-04-2024,203.87560
03-04-2024,203.13240
02-04-2024,202.14780
01-04-2024,200.65210
31-03-2024,197.31650
28-03-2024,197.34080
27-03-2024,195.92680
26-03-2024,195.67800
22-03-2024,195.18930
21-03-2024,193.54850
20-03-2024,190.16630
19-03-2024,189.44190
18-03-2024,190.87620
15-03-2024,190.59100
14-03-2024,191.09120
13-03-2024,187.82190
12-03-2024,195.11730
11-03-2024,196.77170
07-03-2024,199.37040
06-03-2024,198.35980
05-03-2024,199.61390
04-03-2024,200.57560
01-03-2024,199.95820
29-02-2024,197.91570
28-02-2024,197.25400
27-02-2024,199.25630
26-02-2024,199.00010
23-02-2024,199.47840
22-02-2024,198.94070
21-02-2024,197.20500
20-02-2024,198.96110
19-02-2024,198.69150
16-02-2024,197.08480
15-02-2024,195.01490
14-02-2024,193.06670
13-02-2024,191.41590
12-02-2024,191.00480
09-02-2024,193.26210
08-02-2024,194.93980
07-02-2024,194.72610
06-02-2024,194.40030
05-02-2024,193.27230
02-02-2024,193.36590
01-02-2024,192.31460
31-01-2024,193.10800
30-01-2024,189.90760
29-01-2024,190.84150
25-01-2024,188.17210
24-01-2024,187.67780
23-01-2024,184.85070
19-01-2024,188.24660
18-01-2024,186.34780
17-01-2024,186.42570
16-01-2024,188.14610
15-01-2024,188.28820
12-01-2024,187.47420
11-01-2024,187.07320
10-01-2024,185.67400
09-01-2024,184.79890
08-01-2024,184.46940
05-01-2024,185.07790
04-01-2024,184.07160
03-01-2024,182.81510
02-01-2024,182.76830
01-01-2024,183.65220
29-12-2023,182.93680
28-12-2023,182.19050
27-12-2023,181.96760
26-12-2023,181.46360
22-12-2023,180.39910
21-12-2023,178.60770
19-12-2023,181.41620
18-12-2023,181.40930
15-12-2023,180.90450
14-12-2023,179.58760
13-12-2023,178.06050
12-12-2023,176.45240
11-12-2023,177.45270
08-12-2023,176.22980
07-12-2023,176.48130
06-12-2023,175.45550
05-12-2023,174.02720
04-12-2023,173.42880
01-12-2023,171.69840
30-11-2023,170.27670
29-11-2023,165.88360
28-11-2023,164.40970
24-11-2023,163.48690
23-11-2023,162.98690
22-11-2023,162.55610
21-11-2023,162.81930
20-11-2023,162.62330
17-11-2023,162.15930
16-11-2023,161.88530
15-11-2023,160.72550
13-11-2023,159.04740
10-11-2023,157.71430
09-11-2023,156.99460
08-11-2023,157.70470
07-11-2023,156.94110
06-11-2023,156.26610
03-11-2023,154.32110
02-11-2023,153.06040
01-11-2023,151.53740
31-10-2023,151.88990
30-10-2023,151.81490
27-10-2023,151.89150
26-10-2023,149.88320
25-10-2023,151.61170
23-10-2023,153.00700
20-10-2023,157.78160
19-10-2023,158.02290
18-10-2023,158.65600
17-10-2023,159.06400
16-10-2023,158.33110
13-10-2023,157.74020
12-10-2023,158.06690
11-10-2023,157.34600
10-10-2023,156.93000
09-10-2023,155.08420
06-10-2023,156.73410
05-10-2023,156.33800
04-10-2023,155.50450
03-10-2023,157.12840
29-09-2023,156.37770
27-09-2023,154.35560
26-09-2023,153.49280
25-09-2023,152.65200
22-09-2023,152.68890
21-09-2023,152.94730
20-09-2023,154.52440
18-09-2023,155.11250
15-09-2023,155.31470
14-09-2023,155.33980
13-09-2023,154.27710
12-09-2023,154.61710
11-09-2023,159.58480
08-09-2023,158.66570
07-09-2023,156.70310
06-09-2023,155.60320
05-09-2023,155.72720
04-09-2023,155.19840
01-09-2023,153.96450
31-08-2023,152.39800
30-08-2023,151.19630
29-08-2023,150.18860
28-08-2023,149.76880
25-08-2023,149.02920
24-08-2023,149.89540
23-08-2023,149.61580
22-08-2023,148.38110
21-08-2023,147.93740
18-08-2023,148.56120
17-08-2023,148.43820
16-08-2023,148.24100
14-08-2023,148.43270
11-08-2023,148.67420
10-08-2023,148.36570
09-08-2023,148.42420
08-08-2023,147.98930
07-08-2023,148.26220
04-08-2023,147.96730
03-08-2023,146.84500
02-08-2023,146.67760
01-08-2023,149.30950
31-07-2023,149.12330
28-07-2023,147.78040
27-07-2023,146.56780
26-07-2023,146.23970
25-07-2023,146.47080
24-07-2023,145.64860
21-07-2023,145.18970
20-07-2023,145.31230
19-07-2023,145.29880
18-07-2023,144.52690
17-07-2023,144.37780
14-07-2023,143.92900
13-07-2023,143.00090
12-07-2023,143.04650
11-07-2023,142.24440
10-07-2023,140.48340
07-07-2023,140.12040
06-07-2023,140.19230
05-07-2023,138.68500
04-07-2023,138.31350
03-07-2023,138.56210
30-06-2023,138.21860
28-06-2023,137.33020
27-06-2023,136.85990
26-06-2023,136.45260
23-06-2023,135.43900
22-06-2023,137.45110
21-06-2023,138.37820
20-06-2023,137.83630
19-06-2023,137.70770
16-06-2023,138.10510
15-06-2023,137.08440
14-06-2023,137.35630
13-06-2023,136.82670
12-06-2023,135.92890
09-06-2023,135.81870
08-06-2023,134.98010
07-06-2023,135.60020
06-06-2023,134.38510
05-06-2023,133.24320
02-06-2023,131.91560
01-06-2023,131.24440
31-05-2023,131.23990
30-05-2023,130.44350
29-05-2023,130.02790
26-05-2023,130.42440
25-05-2023,129.19620
24-05-2023,128.80310
23-05-2023,129.46290
22-05-2023,129.64210
19-05-2023,128.95350
18-05-2023,129.04210
17-05-2023,129.25540
16-05-2023,129.11890
15-05-2023,129.03710
12-05-2023,127.82670
11-05-2023,127.68940
10-05-2023,126.74980
09-05-2023,126.30750
08-05-2023,126.53940
05-05-2023,125.26340
04-05-2023,125.04880
03-05-2023,123.69280
02-05-2023,123.71540
28-04-2023,123.06290
27-04-2023,121.93130
26-04-2023,121.82510
25-04-2023,121.78410
24-04-2023,122.05450
21-04-2023,121.22860
20-04-2023,121.66190
19-04-2023,121.36120
18-04-2023,121.49240
17-04-2023,122.00070
13-04-2023,122.14810
12-04-2023,121.76370
11-04-2023,121.32110
10-04-2023,120.56630
06-04-2023,120.76180
05-04-2023,120.53300
03-04-2023,120.93490
31-03-2023,121.03150
29-03-2023,119.04450
28-03-2023,117.54160
27-03-2023,117.63750
24-03-2023,118.06090
23-03-2023,118.89250
22-03-2023,119.34510
21-03-2023,119.00690
20-03-2023,117.67800
17-03-2023,118.83380
16-03-2023,117.91400
15-03-2023,117.94460
14-03-2023,117.80050
13-03-2023,118.55080
10-03-2023,120.94760
09-03-2023,122.23870
08-03-2023,122.91870
06-03-2023,120.75090
03-03-2023,119.73590
02-03-2023,118.70420
01-03-2023,119.08880
28-02-2023,118.12510
27-02-2023,117.49510
24-02-2023,118.13880
23-02-2023,117.98850
22-02-2023,118.04330
21-02-2023,119.42840
20-02-2023,118.47580
17-02-2023,118.53360
16-02-2023,119.03740
15-02-2023,118.05380
14-02-2023,117.63610
13-02-2023,117.52210
10-02-2023,118.08430
09-02-2023,117.08250
08-02-2023,116.12420
07-02-2023,115.46050
06-02-2023,115.91270
03-02-2023,114.94650
02-02-2023,114.94850
01-02-2023,114.67450
31-01-2023,116.33010
30-01-2023,113.88910
27-01-2023,113.52580
25-01-2023,115.38750
24-01-2023,116.75250
23-01-2023,117.31630
20-01-2023,117.28820
19-01-2023,117.44560
18-01-2023,117.62600
17-01-2023,117.40820
16-01-2023,117.42710
13-01-2023,117.88610
12-01-2023,117.58720
11-01-2023,117.82870
10-01-2023,118.04210
09-01-2023,118.79910
06-01-2023,117.90000
05-01-2023,118.35640
04-01-2023,118.18090
03-01-2023,119.21990
02-01-2023,119.22570
30-12-2022,119.13080
29-12-2022,118.86890
28-12-2022,118.91290
27-12-2022,119.00950
26-12-2022,117.69830
23-12-2022,115.35090
22-12-2022,118.80180
21-12-2022,119.73260
20-12-2022,121.88280
19-12-2022,121.55370
16-12-2022,120.94300
15-12-2022,122.66100
14-12-2022,123.84190
13-12-2022,123.72890
12-12-2022,123.72700
09-12-2022,123.62840
08-12-2022,124.12650
07-12-2022,123.68890
06-12-2022,124.24250
05-12-2022,125.16050
02-12-2022,124.57860
01-12-2022,124.24930
30-11-2022,123.78070
29-11-2022,123.17900
28-11-2022,123.46650
25-11-2022,122.32420
24-11-2022,121.68920
23-11-2022,121.04390
22-11-2022,120.87530
21-11-2022,120.45850
18-11-2022,120.98740
17-11-2022,121.24660
16-11-2022,120.91330
15-11-2022,120.04570
14-11-2022,119.69180
11-11-2022,119.63800
10-11-2022,118.74550
09-11-2022,119.65270
07-11-2022,120.44880
04-11-2022,119.53430
03-11-2022,119.74240
02-11-2022,119.62660
01-11-2022,119.90380
31-10-2022,119.64600
28-10-2022,118.26440
27-10-2022,118.83650
25-10-2022,118.48690
21-10-2022,117.39570
20-10-2022,118.63000
19-10-2022,118.92700
18-10-2022,118.73000
17-10-2022,117.04140
14-10-2022,116.22970
13-10-2022,116.70270
12-10-2022,117.60900
11-10-2022,116.70440
10-10-2022,118.44200
07-10-2022,119.42880
06-10-2022,119.49000
04-10-2022,117.94390
03-10-2022,115.81460
30-09-2022,117.71860
29-09-2022,115.96380
28-09-2022,115.54120
27-09-2022,116.47250
26-09-2022,116.36450
23-09-2022,119.55980
22-09-2022,121.93670
21-09-2022,121.76760
20-09-2022,122.29220
19-09-2022,120.97900
16-09-2022,120.75720
15-09-2022,123.19650
14-09-2022,123.47500
13-09-2022,123.81250
12-09-2022,123.52260
09-09-2022,122.22160
08-09-2022,122.11590
07-09-2022,120.98930
06-09-2022,120.81170
05-09-2022,120.49990
02-09-2022,120.07400
01-09-2022,119.94840
30-08-2022,119.72130
29-08-2022,117.70840
26-08-2022,118.30120
25-08-2022,117.44990
24-08-2022,116.85550
23-08-2022,116.46510
22-08-2022,115.43880
19-08-2022,116.95380
18-08-2022,118.45270
17-08-2022,118.44880
16-08-2022,117.96590
12-08-2022,116.25990
11-08-2022,115.52320
10-08-2022,114.05970
08-08-2022,113.43160
05-08-2022,112.92860
04-08-2022,112.93510
03-08-2022,112.80940
02-08-2022,113.36380
01-08-2022,113.14780
29-07-2022,111.75610
28-07-2022,110.72020
27-07-2022,109.60320
26-07-2022,108.87730
25-07-2022,109.66100
22-07-2022,110.63540
21-07-2022,110.70700
20-07-2022,109.35910
19-07-2022,109.02480
18-07-2022,108.05150
15-07-2022,106.41370
14-07-2022,105.78590
13-07-2022,105.64200
12-07-2022,105.56120
11-07-2022,106.57310
08-07-2022,105.91880
07-07-2022,105.38060
06-07-2022,104.55430
05-07-2022,103.29120
04-07-2022,103.01110
01-07-2022,102.03650
30-06-2022,102.35340
29-06-2022,102.48900
28-06-2022,102.55800
27-06-2022,102.48190
24-06-2022,101.63020
23-06-2022,99.92400
22-06-2022,98.64810
21-06-2022,99.53150
20-06-2022,97.28100
17-06-2022,98.36390
16-06-2022,98.59700
15-06-2022,100.50990
14-06-2022,100.16060
13-06-2022,100.37390
10-06-2022,102.89300
09-06-2022,103.83920
08-06-2022,103.14630
07-06-2022,103.51670
06-06-2022,104.66110
03-06-2022,105.19270
02-06-2022,105.84650
01-06-2022,105.95870
31-05-2022,105.51650
30-05-2022,104.59140
27-05-2022,101.96620
26-05-2022,100.28220
25-05-2022,99.26970
24-05-2022,100.83670
23-05-2022,100.88020
20-05-2022,100.46280
19-05-2022,98.03440
18-05-2022,100.43010
17-05-2022,100.71980
16-05-2022,98.23270
13-05-2022,97.68360
12-05-2022,97.26180
11-05-2022,99.53150
10-05-2022,100.10810
09-05-2022,101.08240
06-05-2022,102.52640
05-05-2022,104.64610
04-05-2022,105.27940
02-05-2022,107.66300
29-04-2022,108.46000
28-04-2022,109.46270
27-04-2022,108.45680
26-04-2022,109.64090
25-04-2022,108.85350
22-04-2022,110.47860
21-04-2022,111.77160
20-04-2022,110.43880
19-04-2022,109.66870
18-04-2022,111.27160
13-04-2022,113.34260
12-04-2022,113.71980
11-04-2022,114.86270
08-04-2022,115.34910
07-04-2022,114.35400
06-04-2022,114.89270
05-04-2022,115.57460
04-04-2022,115.39710
01-04-2022,112.81560
31-03-2022,111.07760
30-03-2022,111.40100
29-03-2022,109.88890
28-03-2022,109.27270
25-03-2022,109.50070
24-03-2022,110.08600
23-03-2022,110.63260
22-03-2022,111.37230
21-03-2022,110.29260
17-03-2022,111.32710
16-03-2022,109.77530
15-03-2022,107.90350
14-03-2022,109.28810
11-03-2022,108.52060
10-03-2022,108.31610
09-03-2022,106.82770
08-03-2022,105.15380
07-03-2022,104.15500
04-03-2022,106.93140
03-03-2022,108.63610
02-03-2022,108.98780
28-02-2022,110.37460
25-02-2022,110.16720
24-02-2022,107.18620
23-02-2022,112.97700
22-02-2022,113.00280
21-02-2022,113.97850
18-02-2022,114.37130
17-02-2022,115.03770
16-02-2022,115.48980
15-02-2022,115.55840
14-02-2022,112.55170
11-02-2022,116.41330
10-02-2022,118.72690
09-02-2022,117.94210
08-02-2022,116.53880
07-02-2022,116.65780
04-02-2022,118.47790
03-02-2022,119.18120
02-02-2022,120.71440
01-02-2022,119.11260
31-01-2022,117.85580
28-01-2022,115.66350
27-01-2022,115.60120
25-01-2022,117.13530
24-01-2022,115.79320
21-01-2022,120.21880
20-01-2022,122.58990
19-01-2022,123.44880
18-01-2022,125.17400
17-01-2022,126.88460
14-01-2022,126.85960
13-01-2022,126.49730
12-01-2022,126.30760
11-01-2022,125.41590
10-01-2022,125.29670
07-01-2022,123.88560
06-01-2022,123.60480
05-01-2022,124.66290
04-01-2022,123.97780
03-01-2022,123.20720
31-12-2021,121.38360
30-12-2021,120.03210
29-12-2021,120.06360
28-12-2021,120.20100
27-12-2021,119.33820
24-12-2021,118.56100
23-12-2021,119.36590
22-12-2021,118.51850
21-12-2021,116.66780
20-12-2021,115.33210
17-12-2021,118.96880
16-12-2021,121.01030
15-12-2021,121.02800
14-12-2021,121.34810
13-12-2021,121.59760
10-12-2021,122.23350
09-12-2021,122.27150
08-12-2021,122.19240
07-12-2021,120.23050
06-12-2021,118.60700
03-12-2021,121.03570
02-12-2021,121.97920
01-12-2021,120.94380
30-11-2021,119.97950
29-11-2021,120.08360
26-11-2021,120.54320
25-11-2021,123.88060
24-11-2021,123.59940
23-11-2021,123.53560
22-11-2021,123.08380
18-11-2021,126.16830
17-11-2021,128.10860
16-11-2021,128.66490
15-11-2021,128.74000
12-11-2021,128.93930
11-11-2021,127.11430
10-11-2021,127.75810
09-11-2021,126.61960
08-11-2021,126.11220
03-11-2021,123.93810
02-11-2021,124.33040
01-11-2021,124.37520
29-10-2021,122.47420
28-10-2021,122.91210
27-10-2021,125.34150
26-10-2021,125.67560
25-10-2021,124.46840
22-10-2021,125.42080
21-10-2021,126.88250
20-10-2021,126.74720
19-10-2021,127.55430
18-10-2021,128.94440
14-10-2021,128.62740
13-10-2021,127.76140
12-10-2021,126.09640
11-10-2021,125.72870
08-10-2021,124.59040
07-10-2021,123.67410
06-10-2021,121.92670
05-10-2021,122.08110
04-10-2021,121.45390
01-10-2021,120.39440
30-09-2021,120.27880
29-09-2021,120.77680
28-09-2021,121.40450
27-09-2021,122.17520
24-09-2021,121.62140
23-09-2021,121.41200
22-09-2021,119.81530
21-09-2021,119.70220
20-09-2021,118.95940
17-09-2021,120.53100
16-09-2021,121.23190
15-09-2021,120.51920
14-09-2021,119.98650
13-09-2021,119.75550
09-09-2021,119.58900
08-09-2021,119.05630
07-09-2021,117.90850
06-09-2021,118.67200
03-09-2021,118.09570
02-09-2021,117.53760
01-09-2021,116.56800
31-08-2021,116.32230
30-08-2021,115.16700
27-08-2021,113.22530
26-08-2021,112.97130
25-08-2021,112.98780
24-08-2021,112.90710
23-08-2021,111.58480
20-08-2021,112.46260
18-08-2021,113.91930
17-08-2021,114.39280
16-08-2021,114.55910
13-08-2021,114.79340
12-08-2021,113.62400
11-08-2021,112.95890
10-08-2021,113.44890
09-08-2021,113.87760
06-08-2021,113.53130
05-08-2021,113.69250
04-08-2021,113.77090
03-08-2021,113.39100
02-08-2021,112.51550
30-07-2021,111.42780
29-07-2021,111.67100
28-07-2021,111.08840
27-07-2021,111.49820
26-07-2021,112.42170
23-07-2021,111.70320
22-07-2021,110.30290
20-07-2021,109.21670
19-07-2021,110.05650
16-07-2021,110.91160
15-07-2021,111.35760
14-07-2021,110.78190
13-07-2021,110.31900
12-07-2021,110.18370
09-07-2021,109.71120
08-07-2021,109.69550
07-07-2021,110.40610
06-07-2021,109.84680
05-07-2021,110.19230
02-07-2021,109.29200
01-07-2021,108.82610
30-06-2021,108.32420
29-06-2021,108.35330
28-06-2021,108.82960
25-06-2021,108.82030
24-06-2021,107.68680
23-06-2021,106.91680
22-06-2021,107.43360
21-06-2021,107.43080
18-06-2021,107.17690
17-06-2021,107.54340
16-06-2021,108.02070
15-06-2021,108.43200
14-06-2021,107.75600
11-06-2021,107.91880
10-06-2021,107.49700
09-06-2021,106.91500
08-06-2021,107.30740
07-06-2021,107.00460
04-06-2021,106.03940
03-06-2021,105.81640
02-06-2021,105.01320
01-06-2021,104.81550
31-05-2021,105.27400
28-05-2021,104.92370
27-05-2021,104.69370
26-05-2021,104.44620
25-05-2021,104.00170
24-05-2021,104.00950
21-05-2021,103.48530
20-05-2021,102.24690
19-05-2021,102.32150
18-05-2021,102.63690
17-05-2021,101.15130
14-05-2021,99.74560
12-05-2021,100.23900
11-05-2021,100.99680
10-05-2021,101.50820
07-05-2021,100.56100
06-05-2021,100.40880
05-05-2021,99.83960
04-05-2021,98.85670
03-05-2021,99.60870
30-04-2021,99.64830
29-04-2021,101.03550
28-04-2021,101.16980
27-04-2021,99.99120
26-04-2021,99.27500
23-04-2021,98.80220
22-04-2021,99.07040
20-04-2021,98.42200
19-04-2021,98.40500
16-04-2021,99.64200
15-04-2021,98.86630
13-04-2021,98.77570
12-04-2021,97.86800
09-04-2021,101.50990
08-04-2021,101.55570
07-04-2021,100.85680
06-04-2021,99.64580
05-04-2021,99.28440
01-04-2021,100.48560
31-03-2021,99.35910
30-03-2021,99.85440
26-03-2021,98.51180
25-03-2021,97.41660
24-03-2021,99.08270
23-03-2021,100.85130
22-03-2021,100.20900
19-03-2021,100.21800
18-03-2021,99.33170
17-03-2021,101.16410
16-03-2021,102.63050
15-03-2021,102.78410
12-03-2021,103.52120
10-03-2021,104.06210
09-03-2021,103.23770
08-03-2021,103.03130
05-03-2021,102.66200
04-03-2021,103.85050
03-03-2021,104.35380
02-03-2021,103.14560
01-03-2021,101.58910
26-02-2021,100.11370
25-02-2021,103.19210
24-02-2021,102.21290
23-02-2021,100.74350
22-02-2021,100.55710
19-02-2021,102.45090
18-02-2021,103.83370
17-02-2021,103.46410
16-02-2021,104.15030
15-02-2021,105.08450
12-02-2021,104.00830
11-02-2021,103.79020
10-02-2021,103.22790
09-02-2021,103.05170
08-02-2021,103.08180
05-02-2021,101.33430
04-02-2021,101.56650
03-02-2021,100.97980
02-02-2021,100.02020
01-02-2021,97.05830
29-01-2021,93.40110
28-01-2021,94.51130
27-01-2021,94.89800
25-01-2021,96.86090
22-01-2021,98.02570
21-01-2021,99.03850
20-01-2021,99.25870
19-01-2021,97.79760
18-01-2021,96.64590
15-01-2021,98.41370
14-01-2021,99.74600
13-01-2021,99.98330
12-01-2021,99.49230
11-01-2021,99.44090
08-01-2021,98.20250
07-01-2021,96.91180
06-01-2021,96.23300
05-01-2021,96.72210
04-01-2021,95.20940
01-01-2021,93.99850
31-12-2020,93.62050
30-12-2020,93.53370
29-12-2020,92.80930
28-12-2020,92.18030
24-12-2020,91.31300
23-12-2020,90.63350
22-12-2020,88.92320
21-12-2020,87.45480
18-12-2020,90.74500
17-12-2020,90.13010
16-12-2020,90.01390
15-12-2020,89.50140
14-12-2020,89.63940
11-12-2020,89.06010
10-12-2020,89.17550
09-12-2020,89.45130
08-12-2020,88.44960
07-12-2020,88.53890
04-12-2020,87.87560
03-12-2020,86.94400
02-12-2020,86.69300
01-12-2020,86.56560
27-11-2020,85.99390
26-11-2020,85.19800
25-11-2020,84.27940
24-11-2020,85.68320
23-11-2020,84.88330
20-11-2020,84.31530
19-11-2020,83.32900
18-11-2020,84.36750
17-11-2020,83.73660
13-11-2020,82.51910
12-11-2020,81.95740
11-11-2020,81.81870
10-11-2020,80.74500
09-11-2020,80.75510
06-11-2020,79.49960
05-11-2020,79.08660
04-11-2020,77.80100
03-11-2020,77.44560
02-11-2020,76.66540
30-10-2020,76.36160
29-10-2020,76.63080
28-10-2020,76.89010
27-10-2020,77.74060
26-10-2020,76.60130
23-10-2020,77.53620
22-10-2020,76.77070
21-10-2020,77.09500
20-10-2020,76.44660
19-10-2020,75.67290
16-10-2020,75.20910
15-10-2020,74.20200
14-10-2020,75.63210
13-10-2020,75.24000
12-10-2020,75.04040
09-10-2020,75.00630
08-10-2020,74.44150
07-10-2020,73.90190
06-10-2020,73.87650
05-10-2020,73.24490
01-10-2020,72.91080
30-09-2020,72.16500
29-09-2020,72.35580
28-09-2020,72.73980
25-09-2020,71.25330
24-09-2020,69.64500
23-09-2020,71.45210
22-09-2020,71.45810
21-09-2020,72.01800
18-09-2020,73.86590
17-09-2020,73.79030
16-09-2020,73.97650
15-09-2020,73.38690
14-09-2020,72.73800
11-09-2020,71.98420
10-09-2020,71.91430
09-09-2020,70.95260
08-09-2020,71.63170
07-09-2020,71.78320
04-09-2020,71.86930
03-09-2020,73.07280
02-09-2020,73.02900
01-09-2020,71.72900
31-08-2020,71.40940
28-08-2020,73.03660
27-08-2020,72.54450
26-08-2020,72.28150
25-08-2020,72.07210
24-08-2020,71.68740
21-08-2020,71.21480
20-08-2020,70.88120
19-08-2020,70.99820
18-08-2020,70.79070
17-08-2020,69.95970
14-08-2020,69.70810
13-08-2020,70.32340
12-08-2020,69.93570
11-08-2020,70.21390
10-08-2020,70.35900
07-08-2020,69.58130
06-08-2020,69.32450
05-08-2020,68.91510
04-08-2020,68.37260
03-08-2020,67.81190
31-07-2020,68.27560
30-07-2020,67.87040
29-07-2020,68.48940
28-07-2020,68.59880
27-07-2020,67.70070
24-07-2020,68.28840
23-07-2020,68.99920
22-07-2020,68.48320
21-07-2020,68.67110
20-07-2020,68.03470
17-07-2020,66.97290
16-07-2020,65.78440
15-07-2020,65.00200
14-07-2020,64.75670
13-07-2020,65.78160
10-07-2020,65.78580
09-07-2020,66.25790
08-07-2020,65.80170
07-07-2020,66.44260
06-07-2020,65.90890
03-07-2020,65.15990
02-07-2020,65.11820
01-07-2020,64.50110
30-06-2020,64.11660
29-06-2020,64.21830
26-06-2020,64.60430
25-06-2020,63.88110
24-06-2020,63.96570
23-06-2020,65.40300
22-06-2020,64.27940
19-06-2020,63.37530
18-06-2020,62.87380
17-06-2020,61.83660
16-06-2020,61.87280
15-06-2020,61.52470
12-06-2020,62.52900
11-06-2020,61.92210
10-06-2020,63.13500
09-06-2020,62.82040
08-06-2020,63.69010
05-06-2020,62.89320
04-06-2020,61.58470
03-06-2020,62.10710
02-06-2020,61.65080
01-06-2020,60.73370
29-05-2020,59.58730
28-05-2020,58.95200
27-05-2020,57.90350
26-05-2020,56.34520
22-05-2020,56.15830
21-05-2020,56.35750
20-05-2020,56.26990
19-05-2020,55.24430
18-05-2020,54.91750
15-05-2020,56.76060
14-05-2020,57.10200
13-05-2020,58.06250
12-05-2020,56.68390
11-05-2020,56.94320
08-05-2020,57.26680
07-05-2020,57.39990
06-05-2020,57.91860
05-05-2020,57.36850
04-05-2020,57.68920
30-04-2020,60.58330
29-04-2020,58.95070
28-04-2020,58.37150
27-04-2020,57.80020
24-04-2020,57.25840
23-04-2020,58.63520
22-04-2020,57.69750
21-04-2020,57.08840
20-04-2020,58.83200
17-04-2020,58.80330
16-04-2020,56.88820
15-04-2020,56.32960
13-04-2020,56.23680
09-04-2020,56.22890
08-04-2020,54.45430
07-04-2020,54.48190
03-04-2020,50.12740
01-04-2020,50.99880
31-03-2020,52.56250
30-03-2020,51.01710
27-03-2020,52.39650
26-03-2020,52.24860
25-03-2020,50.64970
24-03-2020,48.41770
23-03-2020,47.91970
20-03-2020,54.28780
19-03-2020,52.23230
18-03-2020,53.91780
17-03-2020,57.09910
16-03-2020,58.61000
13-03-2020,61.89940
12-03-2020,60.07180
11-03-2020,65.28900
09-03-2020,65.71950
06-03-2020,67.65920
05-03-2020,69.13960
04-03-2020,68.90370
03-03-2020,69.48390
02-03-2020,68.35930
28-02-2020,68.81160
27-02-2020,71.08040
26-02-2020,71.34780
25-02-2020,72.01950
24-02-2020,72.50660
20-02-2020,73.92150
19-02-2020,73.94760
18-02-2020,72.92730
17-02-2020,73.40890
14-02-2020,73.84760
13-02-2020,74.45530
12-02-2020,74.69430
11-02-2020,74.58360
10-02-2020,74.48330
07-02-2020,75.44090
06-02-2020,75.54470
05-02-2020,75.40990
04-02-2020,74.54700
03-02-2020,72.90340
31-01-2020,74.18320
30-01-2020,74.63310
29-01-2020,75.17520
28-01-2020,74.69710
27-01-2020,74.79240
24-01-2020,75.14780
23-01-2020,74.23800
22-01-2020,73.43400
21-01-2020,73.86410
20-01-2020,74.09590
17-01-2020,74.57760
16-01-2020,74.53980
15-01-2020,74.59490
14-01-2020,74.59430
13-01-2020,74.36120
10-01-2020,74.03080
09-01-2020,73.69710
08-01-2020,72.58940
07-01-2020,72.80160
06-01-2020,72.52670
03-01-2020,73.97490
02-01-2020,74.35060
01-01-2020,73.71060
31-12-2019,73.51780
30-12-2019,73.76550
27-12-2019,73.49240
26-12-2019,72.70920
24-12-2019,73.12570
23-12-2019,73.54990
20-12-2019,73.51370
19-12-2019,73.43880
18-12-2019,73.45840
17-12-2019,73.18340
16-12-2019,72.73150
13-12-2019,72.95980
12-12-2019,72.48800
11-12-2019,72.10460
10-12-2019,71.86180
09-12-2019,72.18240
06-12-2019,72.06170
05-12-2019,72.45180
04-12-2019,72.78180
03-12-2019,72.36070
02-12-2019,73.08280
29-11-2019,73.29810
28-11-2019,73.49760
27-11-2019,73.06160
26-11-2019,72.88890
25-11-2019,73.46150
22-11-2019,72.54030
21-11-2019,72.82640
20-11-2019,73.27510
19-11-2019,72.92660
18-11-2019,72.67590
15-11-2019,72.32130
14-11-2019,72.08870
13-11-2019,71.95880
11-11-2019,72.92850
08-11-2019,72.72500
07-11-2019,73.23780
06-11-2019,73.27320
05-11-2019,72.73560
04-11-2019,73.27520
01-11-2019,73.28070
31-10-2019,73.12710
30-10-2019,72.68890
29-10-2019,72.40080
25-10-2019,70.92500
24-10-2019,71.08560
23-10-2019,71.94440
22-10-2019,72.20850
18-10-2019,72.39660
17-10-2019,71.88140
16-10-2019,71.41920
15-10-2019,71.14570
14-10-2019,70.56050
11-10-2019,70.38080
10-10-2019,70.24030
09-10-2019,70.61820
07-10-2019,69.21990
04-10-2019,69.52560
03-10-2019,70.35440
01-10-2019,70.37680
30-09-2019,70.77620
27-09-2019,71.44090
26-09-2019,71.81780
25-09-2019,71.05150
24-09-2019,72.03100
23-09-2019,72.52120
20-09-2019,70.61290
19-09-2019,66.93350
18-09-2019,67.60960
17-09-2019,67.26080
16-09-2019,68.34460
13-09-2019,69.08940
12-09-2019,68.46910
11-09-2019,68.77740
09-09-2019,68.26290
06-09-2019,68.14610
05-09-2019,67.63600
04-09-2019,67.13510
03-09-2019,66.66270
30-08-2019,67.68770
29-08-2019,67.32400
28-08-2019,67.83420
27-08-2019,68.28930
26-08-2019,67.91110
23-08-2019,66.72660
22-08-2019,66.43090
21-08-2019,67.61640
20-08-2019,68.48680
19-08-2019,68.67380
16-08-2019,68.81920
14-08-2019,68.32670
13-08-2019,67.56900
09-08-2019,69.15310
08-08-2019,68.81110
07-08-2019,67.93240
06-08-2019,68.60410
05-08-2019,67.98700
02-08-2019,69.20840
01-08-2019,69.31970
31-07-2019,70.18230
30-07-2019,69.62500
29-07-2019,70.56530
26-07-2019,71.84500
25-07-2019,71.41100
24-07-2019,71.42240
23-07-2019,71.88590
22-07-2019,72.05440
19-07-2019,72.28230
18-07-2019,73.55800
17-07-2019,74.42450
16-07-2019,74.14490
15-07-2019,73.61500
12-07-2019,73.30020
11-07-2019,73.58410
10-07-2019,72.99200
09-07-2019,73.43430
08-07-2019,73.23350
05-07-2019,74.84820
04-07-2019,75.70740
03-07-2019,75.52600
02-07-2019,75.46430
01-07-2019,75.43820
28-06-2019,75.16800
27-06-2019,75.25980
26-06-2019,75.10800
25-06-2019,74.48880
24-06-2019,73.79480
21-06-2019,74.07590
20-06-2019,74.46800
19-06-2019,73.44140
18-06-2019,74.02890
17-06-2019,73.95090
14-06-2019,75.05810
13-06-2019,75.72010
12-06-2019,75.44990
11-06-2019,75.99060
10-06-2019,75.75000
07-06-2019,75.87330
06-06-2019,75.72240
04-06-2019,76.91360
03-06-2019,77.43800
31-05-2019,76.17600
30-05-2019,76.54430
29-05-2019,75.93240
28-05-2019,76.46150
27-05-2019,76.42330
24-05-2019,75.10470
23-05-2019,73.32020
22-05-2019,73.37070
21-05-2019,73.00200
20-05-2019,73.95470
17-05-2019,71.28680
16-05-2019,70.91250
15-05-2019,70.35990
14-05-2019,70.92000
13-05-2019,70.74020
10-05-2019,71.69920
09-05-2019,71.86740
08-05-2019,72.15020
07-05-2019,73.10450
06-05-2019,73.79420
03-05-2019,74.36920
02-05-2019,74.32350
30-04-2019,74.68070
26-04-2019,74.97210
25-04-2019,74.57510
24-04-2019,74.71860
23-04-2019,73.77530
22-04-2019,73.91880
18-04-2019,75.14660
16-04-2019,75.50180
15-04-2019,75.05470
12-04-2019,74.51480
11-04-2019,74.21990
10-04-2019,74.21620
09-04-2019,74.56590
08-04-2019,74.24960
05-04-2019,74.60220
04-04-2019,74.01560
03-04-2019,74.35790
02-04-2019,75.28280
01-04-2019,75.36650
29-03-2019,75.40760
28-03-2019,74.72070
27-03-2019,74.08860
26-03-2019,74.04410
25-03-2019,73.29580
22-03-2019,73.94900
20-03-2019,74.24080
19-03-2019,74.44460
18-03-2019,74.06500
15-03-2019,73.82340
14-03-2019,73.29430
13-03-2019,73.23090
12-03-2019,72.95770
11-03-2019,72.20020
08-03-2019,71.11300
07-03-2019,71.35130
06-03-2019,71.34830
05-03-2019,70.98520
01-03-2019,69.46840
28-02-2019,68.77370
27-02-2019,68.72000
26-02-2019,68.72120
25-02-2019,68.97100
22-02-2019,68.53990
21-02-2019,68.22850
20-02-2019,67.72320
19-02-2019,66.81790
18-02-2019,66.81350
15-02-2019,67.32700
14-02-2019,67.84150
13-02-2019,67.63260
12-02-2019,68.00020
11-02-2019,68.38790
08-02-2019,69.04640
07-02-2019,70.12380
06-02-2019,69.75640
05-02-2019,69.16510
04-02-2019,68.98300
01-02-2019,69.40800
31-01-2019,69.27230
30-01-2019,68.26610
29-01-2019,67.86360
28-01-2019,67.99840
25-01-2019,69.04260
24-01-2019,69.44010
23-01-2019,69.32080
22-01-2019,69.66300
21-01-2019,69.77350
18-01-2019,70.05640
17-01-2019,70.55100
16-01-2019,70.47480
15-01-2019,70.23180
14-01-2019,69.43270
11-01-2019,69.58050
10-01-2019,69.67150
09-01-2019,69.95350
08-01-2019,69.88880
07-01-2019,69.42130
04-01-2019,69.05070
03-01-2019,68.58150
02-01-2019,69.17230
01-01-2019,69.94090
31-12-2018,69.75540
28-12-2018,69.73220
27-12-2018,69.23810
26-12-2018,69.41930
24-12-2018,69.16390
21-12-2018,69.72950
20-12-2018,70.60840
19-12-2018,70.43440
18-12-2018,69.87220
17-12-2018,69.55650
14-12-2018,69.34370
13-12-2018,69.13240
12-12-2018,68.63910
11-12-2018,67.58840
10-12-2018,66.93280
07-12-2018,67.92260
06-12-2018,67.54070
05-12-2018,68.73160
04-12-2018,69.52270
03-12-2018,69.38490
30-11-2018,69.43410
29-11-2018,69.23680
28-11-2018,68.32230
27-11-2018,68.72360
26-11-2018,68.48530
22-11-2018,68.13190
21-11-2018,68.87130
20-11-2018,68.45770
19-11-2018,69.20020
16-11-2018,68.80510
15-11-2018,68.59500
14-11-2018,68.83520
13-11-2018,68.66310
12-11-2018,67.96110
09-11-2018,68.58980
06-11-2018,67.86480
05-11-2018,68.19090
02-11-2018,68.32000
01-11-2018,67.39180
31-10-2018,67.15270
30-10-2018,66.21810
29-10-2018,66.07720
26-10-2018,64.71730
25-10-2018,65.94030
24-10-2018,66.26960
23-10-2018,65.93070
22-10-2018,66.38300
19-10-2018,66.85030
17-10-2018,67.49340
16-10-2018,68.67930
15-10-2018,68.06680
12-10-2018,67.87040
11-10-2018,66.43090
10-10-2018,67.33200
09-10-2018,65.81770
08-10-2018,65.72260
05-10-2018,65.88620
04-10-2018,67.68390
03-10-2018,69.19320
01-10-2018,70.06120
28-09-2018,69.89080
27-09-2018,70.47280
26-09-2018,71.59840
25-09-2018,71.53960
24-09-2018,71.14610
21-09-2018,72.67950
19-09-2018,73.84060
18-09-2018,73.93620
17-09-2018,74.87630
14-09-2018,75.48040
12-09-2018,74.57790
11-09-2018,74.66190
10-09-2018,75.46100
07-09-2018,76.36400
06-09-2018,75.88610
05-09-2018,75.51720
04-09-2018,75.71870
03-09-2018,76.70720
31-08-2018,76.82270
30-08-2018,76.50230
29-08-2018,76.61090
28-08-2018,76.76760
27-08-2018,76.79160
24-08-2018,76.01010
23-08-2018,76.27850
21-08-2018,76.38270
20-08-2018,76.09680
17-08-2018,75.53940
16-08-2018,74.66540
14-08-2018,74.89990
13-08-2018,74.63510
10-08-2018,75.36620
09-08-2018,75.61680
08-08-2018,75.35260
07-08-2018,75.40670
06-08-2018,75.29300
03-08-2018,74.99740
02-08-2018,74.32000
01-08-2018,74.35930
31-07-2018,74.34500
30-07-2018,74.56660
27-07-2018,74.38540
26-07-2018,73.92290
25-07-2018,73.73210
24-07-2018,73.71460
23-07-2018,72.74530
20-07-2018,72.25590
19-07-2018,72.40120
18-07-2018,72.64890
17-07-2018,72.94090
16-07-2018,72.03550
13-07-2018,73.21610
12-07-2018,73.62220
11-07-2018,73.45550
10-07-2018,73.67860
09-07-2018,73.33710
06-07-2018,72.54380
05-07-2018,72.20700
04-07-2018,72.11990
03-07-2018,71.90180
02-07-2018,71.71980
29-06-2018,72.07820
28-06-2018,71.27120
27-06-2018,72.04280
26-06-2018,73.00990
25-06-2018,72.87360
22-06-2018,73.68890
21-06-2018,73.21010
20-06-2018,73.47510
19-06-2018,73.35890
18-06-2018,74.14560
15-06-2018,74.13020
14-06-2018,74.53640
13-06-2018,74.66260
12-06-2018,74.41320
11-06-2018,74.14390
08-06-2018,74.10810
07-06-2018,74.05070
06-06-2018,73.39590
05-06-2018,72.83170
04-06-2018,73.76690
01-06-2018,74.20560
31-05-2018,74.79600
30-05-2018,74.29980
29-05-2018,74.25120
28-05-2018,74.50720
25-05-2018,73.31700
24-05-2018,72.41630
23-05-2018,71.92560
22-05-2018,72.29810
21-05-2018,71.91260
18-05-2018,72.89800
17-05-2018,73.81400
16-05-2018,74.11720
15-05-2018,74.41070
14-05-2018,74.66410
11-05-2018,74.86940
10-05-2018,74.38540
09-05-2018,74.74060
08-05-2018,74.63760
07-05-2018,74.57000
04-05-2018,74.01070
03-05-2018,74.41620
02-05-2018,74.88400
30-04-2018,75.17430
27-04-2018,74.54990
26-04-2018,73.63160
25-04-2018,73.40550
24-04-2018,73.90160
23-04-2018,73.82790
20-04-2018,73.49390
19-04-2018,73.74710
18-04-2018,73.75130
17-04-2018,74.24800
16-04-2018,74.03960
13-04-2018,73.89500
12-04-2018,74.02350
11-04-2018,73.87690
10-04-2018,74.16190
09-04-2018,73.95960
06-04-2018,73.59010
05-04-2018,73.43800
04-04-2018,72.23480
03-04-2018,73.06770
02-04-2018,72.56880
28-03-2018,71.86350
27-03-2018,72.36180
26-03-2018,71.78050
23-03-2018,70.87260
22-03-2018,71.81570
21-03-2018,72.40150
20-03-2018,72.24310
19-03-2018,72.12760
16-03-2018,72.95970
15-03-2018,73.83510
14-03-2018,73.92520
13-03-2018,73.88010
12-03-2018,73.43810
09-03-2018,72.74810
08-03-2018,73.05910
07-03-2018,72.43230
06-03-2018,73.03610
05-03-2018,73.75820
01-03-2018,74.53360
28-02-2018,74.62380
27-02-2018,74.92450
26-02-2018,75.02960
23-02-2018,74.13210
22-02-2018,73.42450
21-02-2018,73.63120
20-02-2018,73.62180
19-02-2018,73.73120
16-02-2018,74.33100
15-02-2018,74.97460
14-02-2018,75.12730
12-02-2018,75.83510
09-02-2018,75.51610
08-02-2018,75.90250
07-02-2018,74.86280
06-02-2018,74.76670
05-02-2018,75.96340
02-02-2018,76.55130
01-02-2018,78.78040
31-01-2018,78.65310
30-01-2018,78.84880
29-01-2018,79.26630
25-01-2018,79.58260
24-01-2018,79.84580
23-01-2018,80.25580
22-01-2018,79.89630
19-01-2018,79.10110
18-01-2018,78.50160
17-01-2018,78.85430
16-01-2018,78.40940
15-01-2018,78.71110
12-01-2018,78.79200
11-01-2018,78.77980
10-01-2018,78.59470
09-01-2018,78.83320
08-01-2018,78.96110
05-01-2018,78.43120
04-01-2018,77.47530
03-01-2018,77.00670
02-01-2018,76.78570
01-01-2018,77.07940
29-12-2017,77.58370
28-12-2017,77.03440
27-12-2017,77.15000
26-12-2017,77.37190
22-12-2017,76.81650
21-12-2017,76.57270
20-12-2017,76.27280
19-12-2017,76.24220
18-12-2017,75.56220
15-12-2017,74.98040
14-12-2017,74.08740
13-12-2017,73.77220
12-12-2017,74.18760
11-12-2017,74.88690
08-12-2017,74.80030
07-12-2017,74.30290
06-12-2017,73.40860
05-12-2017,74.08400
04-12-2017,74.24440
01-12-2017,74.35930
30-11-2017,75.36900
29-11-2017,75.93870
28-11-2017,75.86390
27-11-2017,75.87890
24-11-2017,75.51540
23-11-2017,75.21380
22-11-2017,75.14240
21-11-2017,74.81420
20-11-2017,74.64440
17-11-2017,74.25810
16-11-2017,73.74840
15-11-2017,73.14930
14-11-2017,73.65950
13-11-2017,73.64280
10-11-2017,74.34310
09-11-2017,74.03420
08-11-2017,74.10180
07-11-2017,74.37540
06-11-2017,74.90960
03-11-2017,74.86600
02-11-2017,74.61600
01-11-2017,74.07300
31-10-2017,73.52170
30-10-2017,73.36270
27-10-2017,72.78110
26-10-2017,72.83890
25-10-2017,72.86700
24-10-2017,71.67140
23-10-2017,71.28800
18-10-2017,71.21060
17-10-2017,71.80110
16-10-2017,71.79990
13-10-2017,71.56500
12-10-2017,71.10050
11-10-2017,70.59770
10-10-2017,71.21280
09-10-2017,71.16780
06-10-2017,70.98900
05-10-2017,70.57040
04-10-2017,70.44050
03-10-2017,70.19290
29-09-2017,69.80880
28-09-2017,69.49880
27-09-2017,69.17270
26-09-2017,70.13810
25-09-2017,70.09330
22-09-2017,70.78940
21-09-2017,72.07630
20-09-2017,72.32080
19-09-2017,72.63400
18-09-2017,72.62550
15-09-2017,71.44290
14-09-2017,71.31840
13-09-2017,70.93170
12-09-2017,71.01270
11-09-2017,70.36510
08-09-2017,70.00160
07-09-2017,70.08300
06-09-2017,69.81740
05-09-2017,69.93760
04-09-2017,69.53350
01-09-2017,69.90440
31-08-2017,69.46050
30-08-2017,69.24140
29-08-2017,68.55920
28-08-2017,69.23440
24-08-2017,68.77190
23-08-2017,68.60310
22-08-2017,68.17690
21-08-2017,68.16020
18-08-2017,68.62860
17-08-2017,69.20920
16-08-2017,69.30890
14-08-2017,68.88770
11-08-2017,68.16180
10-08-2017,68.45200
09-08-2017,69.59240
08-08-2017,70.33540
07-08-2017,71.12770
04-08-2017,71.01530
03-08-2017,70.55140
02-08-2017,71.11250
01-08-2017,71.13380
31-07-2017,71.15730
28-07-2017,70.89650
27-07-2017,70.98660
26-07-2017,70.90240
25-07-2017,70.67610
24-07-2017,70.40680
21-07-2017,70.32350
20-07-2017,70.23480
19-07-2017,70.29580
18-07-2017,69.62790
17-07-2017,69.68370
14-07-2017,69.45200
13-07-2017,69.63180
12-07-2017,69.01120
11-07-2017,68.66670
10-07-2017,68.78590
07-07-2017,68.32030
06-07-2017,68.37050
05-07-2017,68.26380
04-07-2017,67.64890
03-07-2017,67.88980
30-06-2017,67.50970
29-06-2017,67.16910
28-06-2017,66.99820
27-06-2017,66.88010
23-06-2017,67.36760
22-06-2017,67.92820
21-06-2017,67.90100
20-06-2017,68.12220
19-06-2017,67.96350
16-06-2017,67.73090
15-06-2017,67.52620
14-06-2017,67.81320
13-06-2017,67.68740
12-06-2017,67.79070
09-06-2017,68.13860
08-06-2017,68.20410
07-06-2017,68.27420
06-06-2017,68.06420
05-06-2017,68.42160
02-06-2017,67.94850
01-06-2017,67.56100
31-05-2017,67.49350
30-05-2017,67.32810
29-05-2017,66.89430
26-05-2017,67.21940
25-05-2017,66.54870
24-05-2017,65.49970
23-05-2017,65.78680
22-05-2017,66.24110
19-05-2017,66.83060
18-05-2017,67.06040
17-05-2017,68.11280
16-05-2017,68.19300
15-05-2017,67.91250
12-05-2017,67.46050
11-05-2017,67.93740
10-05-2017,67.72320
09-05-2017,67.31700
08-05-2017,67.22020
05-05-2017,67.03660
04-05-2017,67.58250
03-05-2017,67.05700
02-05-2017,66.65080
28-04-2017,66.60710
27-04-2017,66.77480
26-04-2017,66.75490
25-04-2017,66.75630
24-04-2017,66.31290
21-04-2017,65.61860
20-04-2017,65.62900
19-04-2017,65.26640
18-04-2017,65.16860
17-04-2017,65.46870
13-04-2017,65.69160
12-04-2017,65.87710
11-04-2017,65.98420
10-04-2017,65.50920
07-04-2017,65.40960
06-04-2017,65.68150
05-04-2017,65.78840
03-04-2017,65.12390
31-03-2017,64.82310
30-03-2017,64.86680
29-03-2017,64.62050
28-03-2017,64.43440
27-03-2017,63.94650
24-03-2017,64.10090
23-03-2017,64.07510
22-03-2017,63.54850
21-03-2017,64.10800
20-03-2017,64.39780
17-03-2017,64.45560
16-03-2017,64.68490
15-03-2017,64.23410
14-03-2017,64.03140
10-03-2017,63.17510
09-03-2017,63.22390
08-03-2017,63.29820
07-03-2017,63.41050
06-03-2017,63.49370
03-03-2017,63.20120
02-03-2017,62.95980
01-03-2017,63.53290
28-02-2017,63.13690
27-02-2017,63.19190
23-02-2017,63.66110
22-02-2017,63.76360
21-02-2017,63.94780
20-02-2017,63.73910
17-02-2017,63.49080
16-02-2017,63.07790
15-02-2017,62.26660
14-02-2017,62.92210
13-02-2017,63.10100
10-02-2017,63.09670
09-02-2017,63.00310
08-02-2017,62.89820
07-02-2017,62.51410
06-02-2017,62.69780
03-02-2017,62.32320
02-02-2017,62.09300
01-02-2017,61.57940
31-01-2017,60.54220
30-01-2017,61.33210
27-01-2017,61.11640
25-01-2017,60.62360
24-01-2017,59.86320
23-01-2017,59.34400
20-01-2017,59.07070
19-01-2017,59.70630
18-01-2017,59.53720
17-01-2017,59.13520
16-01-2017,59.00170
13-01-2017,58.71580
12-01-2017,58.75040
11-01-2017,58.66370
10-01-2017,58.01920
09-01-2017,57.87960
06-01-2017,58.10970
05-01-2017,58.22800
04-01-2017,57.76050
03-01-2017,57.62610
02-01-2017,57.44090
30-12-2016,57.19840
29-12-2016,56.75900
28-12-2016,56.16230
27-12-2016,55.98480
26-12-2016,55.32110
23-12-2016,55.89630
22-12-2016,55.87380
21-12-2016,56.52200
20-12-2016,56.62930
19-12-2016,57.04710
16-12-2016,57.43920
15-12-2016,57.50860
14-12-2016,57.67960
13-12-2016,57.87580
12-12-2016,57.72350
09-12-2016,58.49520
08-12-2016,58.51360
07-12-2016,57.69160
06-12-2016,57.73970
05-12-2016,57.57800
02-12-2016,57.29520
01-12-2016,57.87540
30-11-2016,58.38760
29-11-2016,57.70050
28-11-2016,57.57450
25-11-2016,57.54700
24-11-2016,56.84780
23-11-2016,57.12470
22-11-2016,56.84420
21-11-2016,56.49940
18-11-2016,57.68230
17-11-2016,57.75170
16-11-2016,58.13690
15-11-2016,57.91710
11-11-2016,59.75210
10-11-2016,61.44170
09-11-2016,60.45120
08-11-2016,61.01440
07-11-2016,60.73790
04-11-2016,60.31490
03-11-2016,60.93720
02-11-2016,61.39350
01-11-2016,62.44030
28-10-2016,62.43330
27-10-2016,62.17420
26-10-2016,62.38770
25-10-2016,63.03610
24-10-2016,62.82500
21-10-2016,62.94840
20-10-2016,62.84550
19-10-2016,62.55280
18-10-2016,62.47770
17-10-2016,61.88390
14-10-2016,62.26850
13-10-2016,62.02330
10-10-2016,62.79130
07-10-2016,62.79310
06-10-2016,62.88190
05-10-2016,62.94970
04-10-2016,62.89250
03-10-2016,62.39280
30-09-2016,61.37450
29-09-2016,60.70670
28-09-2016,61.96240
27-09-2016,61.55390
26-09-2016,61.74720
23-09-2016,62.28980
22-09-2016,62.51000
21-09-2016,61.91210
20-09-2016,61.91260
19-09-2016,61.98690
16-09-2016,61.79780
15-09-2016,61.71980
14-09-2016,61.84060
12-09-2016,61.49800
09-09-2016,62.73730
08-09-2016,63.17090
07-09-2016,63.00550
06-09-2016,63.21810
02-09-2016,62.30940
01-09-2016,61.86960
31-08-2016,62.07950
30-08-2016,61.85180
29-08-2016,61.12540
26-08-2016,61.01230
25-08-2016,61.11520
24-08-2016,61.39710
23-08-2016,61.23180
22-08-2016,61.24500
19-08-2016,61.63260
18-08-2016,61.34030
17-08-2016,60.79310
16-08-2016,60.76700
12-08-2016,60.72910
11-08-2016,60.29820
10-08-2016,60.31470
09-08-2016,61.13310
08-08-2016,61.29070
05-08-2016,60.99200
04-08-2016,59.84050
03-08-2016,59.84040
02-08-2016,60.34010
01-08-2016,60.65060
29-07-2016,60.69760
28-07-2016,60.80140
27-07-2016,60.41050
26-07-2016,60.49450
25-07-2016,60.53410
22-07-2016,59.97560
21-07-2016,59.74780
20-07-2016,59.94070
19-07-2016,59.54830
18-07-2016,59.62070
15-07-2016,59.98870
14-07-2016,59.98100
13-07-2016,59.60000
12-07-2016,59.72330
11-07-2016,59.46720
08-07-2016,58.71470
07-07-2016,58.75730
05-07-2016,58.90340
04-07-2016,59.11370
01-07-2016,58.71060
30-06-2016,58.34970
29-06-2016,57.62480
28-06-2016,56.93480
27-06-2016,56.75690
24-06-2016,56.58240
23-06-2016,57.74130
22-06-2016,57.29080
21-06-2016,57.36080
20-06-2016,57.37950
17-06-2016,56.91550
16-06-2016,56.75760
15-06-2016,57.20550
14-06-2016,56.57920
13-06-2016,56.52610
10-06-2016,56.99350
09-06-2016,57.18700
08-06-2016,57.39170
07-06-2016,57.31360
06-06-2016,56.95040
03-06-2016,56.93620
02-06-2016,57.01370
01-06-2016,56.68570
31-05-2016,56.65930
30-05-2016,56.52110
27-05-2016,56.23980
26-05-2016,55.82540
25-05-2016,54.88260
24-05-2016,53.93220
23-05-2016,54.00850
20-05-2016,54.28120
19-05-2016,54.54500
18-05-2016,54.95610
17-05-2016,54.93960
16-05-2016,54.75050
13-05-2016,54.58710
12-05-2016,54.82630
11-05-2016,54.39500
10-05-2016,54.47140
09-05-2016,54.38120
06-05-2016,53.73640
05-05-2016,53.66580
04-05-2016,53.58610
03-05-2016,54.04340
02-05-2016,54.43870
29-04-2016,54.67590
28-04-2016,54.75240
27-04-2016,55.40970
26-04-2016,55.40100
25-04-2016,54.74560
22-04-2016,54.97090
21-04-2016,54.83520
20-04-2016,54.81130
18-04-2016,54.77510
13-04-2016,54.09960
12-04-2016,53.33340
11-04-2016,53.03650
08-04-2016,52.30480
07-04-2016,52.24380
06-04-2016,52.55900
05-04-2016,52.36050
04-04-2016,53.51170
01-04-2016,53.06430
31-03-2016,53.22120
30-03-2016,53.17850
29-03-2016,52.11710
28-03-2016,51.95700
23-03-2016,52.68030
22-03-2016,52.68850
21-03-2016,52.65440
18-03-2016,51.87850
17-03-2016,51.22830
16-03-2016,50.90320
15-03-2016,50.80940
14-03-2016,51.00930
11-03-2016,50.73470
10-03-2016,50.58150
09-03-2016,50.80410
08-03-2016,50.47560
04-03-2016,50.71770
03-03-2016,50.60660
02-03-2016,49.81980
01-03-2016,48.81750
29-02-2016,47.32140
26-02-2016,47.65550
25-02-2016,47.40060
24-02-2016,47.98300
23-02-2016,48.43410
22-02-2016,49.14920
19-02-2016,48.93830
18-02-2016,48.72460
17-02-2016,48.13500
16-02-2016,48.00930
15-02-2016,48.93730
12-02-2016,47.61610
11-02-2016,47.86270
10-02-2016,49.35710
09-02-2016,49.80900
08-02-2016,50.40500
05-02-2016,50.85770
04-02-2016,50.18780
03-02-2016,50.14260
02-02-2016,51.03820
01-02-2016,51.54680
29-01-2016,51.54900
28-01-2016,50.73130
27-01-2016,51.03830
25-01-2016,51.07420
22-01-2016,50.93730
21-01-2016,49.83360
20-01-2016,49.86990
19-01-2016,50.78190
18-01-2016,50.12800
15-01-2016,51.02020
14-01-2016,51.75550
13-01-2016,52.21430
12-01-2016,52.05530
11-01-2016,52.60500
08-01-2016,52.92300
07-01-2016,52.53750
06-01-2016,53.78260
05-01-2016,54.20430
04-01-2016,54.11030
01-01-2016,55.12500
31-12-2015,54.91590
30-12-2015,54.76760
29-12-2015,54.98370
28-12-2015,54.96540
24-12-2015,54.64010
23-12-2015,54.60140
22-12-2015,54.24690
21-12-2015,54.51510
18-12-2015,54.14350
17-12-2015,54.52890
16-12-2015,54.00680
15-12-2015,53.74640
14-12-2015,53.38670
11-12-2015,53.22110
10-12-2015,53.90530
09-12-2015,53.52640
08-12-2015,54.23220
07-12-2015,54.66200
04-12-2015,54.62220
03-12-2015,55.04460
02-12-2015,55.47460
01-12-2015,55.73480
30-11-2015,55.74930
27-11-2015,55.73840
26-11-2015,55.20360
24-11-2015,54.92620
23-11-2015,55.06390
20-11-2015,55.11270
19-11-2015,54.87970
18-11-2015,54.24910
17-11-2015,54.80970
16-11-2015,54.88200
13-11-2015,54.59400
10-11-2015,54.63100
09-11-2015,55.25390
06-11-2015,55.29440
05-11-2015,55.36960
04-11-2015,55.90370
03-11-2015,55.94870
02-11-2015,55.83960
30-10-2015,55.93600
29-10-2015,56.07800
28-10-2015,56.26930
27-10-2015,56.86320
26-10-2015,56.67190
23-10-2015,56.94310
21-10-2015,56.92750
20-10-2015,57.08270
19-10-2015,57.11000
16-10-2015,57.04260
15-10-2015,56.43960
14-10-2015,55.87580
13-10-2015,55.90240
12-10-2015,55.88580
09-10-2015,56.05740
08-10-2015,55.81030
07-10-2015,56.13490
06-10-2015,56.25350
05-10-2015,56.07420
01-10-2015,55.21280
30-09-2015,55.34370
29-09-2015,54.74360
28-09-2015,54.51010
24-09-2015,54.86780
23-09-2015,54.85400
22-09-2015,54.58790
21-09-2015,55.53900
18-09-2015,55.40360
16-09-2015,54.74880
15-09-2015,54.42560
14-09-2015,54.77260
11-09-2015,54.12940
10-09-2015,54.09020
09-09-2015,54.25130
08-09-2015,53.30670
07-09-2015,52.41330
04-09-2015,53.24410
03-09-2015,54.22290
02-09-2015,53.59280
01-09-2015,54.01670
31-08-2015,55.38310
28-08-2015,55.55180
27-08-2015,55.37900
26-08-2015,54.64820
25-08-2015,55.01360
24-08-2015,54.21140
21-08-2015,57.44010
20-08-2015,58.03350
19-08-2015,58.96110
18-08-2015,58.79070
17-08-2015,58.79080
14-08-2015,58.78100
13-08-2015,57.73970
12-08-2015,57.66670
11-08-2015,58.73740
10-08-2015,59.33060
07-08-2015,59.56240
06-08-2015,59.60990
05-08-2015,59.41640
04-08-2015,59.22010
03-08-2015,59.18580
31-07-2015,58.97530
30-07-2015,58.09590
29-07-2015,57.92530
28-07-2015,57.40890
27-07-2015,57.48470
24-07-2015,58.71150
23-07-2015,59.24190
22-07-2015,59.25040
21-07-2015,58.72050
20-07-2015,59.07950
17-07-2015,58.96700
16-07-2015,58.92310
15-07-2015,58.36870
14-07-2015,58.23910
13-07-2015,58.27710
10-07-2015,57.62020
09-07-2015,57.49320
08-07-2015,57.60800
07-07-2015,58.59300
06-07-2015,58.54390
03-07-2015,58.22180
02-07-2015,58.01560
01-07-2015,57.86280
30-06-2015,57.20670
29-06-2015,56.87020
26-06-2015,57.36470
25-06-2015,57.26050
24-06-2015,57.10220
23-06-2015,57.31470
22-06-2015,57.08040
19-06-2015,56.36850
18-06-2015,56.06400
17-06-2015,55.61600
16-06-2015,55.24540
15-06-2015,55.07830
12-06-2015,54.99890
11-06-2015,55.03810
10-06-2015,56.12280
09-06-2015,55.40900
08-06-2015,55.54960
05-06-2015,55.92610
04-06-2015,56.09080
03-06-2015,56.05570
02-06-2015,56.63130
01-06-2015,57.88030
29-05-2015,57.95890
28-05-2015,56.99420
27-05-2015,57.20220
26-05-2015,56.88820
25-05-2015,56.91320
22-05-2015,57.05040
21-05-2015,56.76720
20-05-2015,56.82120
19-05-2015,56.67840
18-05-2015,56.71100
15-05-2015,56.11610
14-05-2015,55.71010
13-05-2015,55.49000
12-05-2015,54.87700
11-05-2015,55.84510
08-05-2015,55.24060
07-05-2015,54.44060
06-05-2015,54.93580
05-05-2015,56.49580
04-05-2015,56.41070
30-04-2015,55.67150
29-04-2015,55.73150
28-04-2015,55.70660
27-04-2015,54.94770
24-04-2015,55.78240
23-04-2015,56.55250
22-04-2015,56.46470
21-04-2015,56.14480
20-04-2015,56.44780
17-04-2015,57.30920
16-04-2015,58.40680
15-04-2015,58.90780
13-04-2015,59.57720
10-04-2015,59.49110
09-04-2015,59.57330
08-04-2015,59.10420
07-04-2015,58.83330
06-04-2015,58.92910
01-04-2015,58.62790
31-03-2015,57.88240
30-03-2015,57.73280
27-03-2015,56.76000
26-03-2015,56.75810
25-03-2015,57.40060
24-03-2015,57.43430
23-03-2015,57.44250
20-03-2015,57.77380
19-03-2015,58.18310
18-03-2015,58.65350
17-03-2015,58.65210
16-03-2015,58.10060
13-03-2015,58.16400
12-03-2015,58.67050
11-03-2015,58.45060
10-03-2015,58.41130
09-03-2015,58.49480
05-03-2015,59.69960
04-03-2015,59.43520
03-03-2015,60.04970
02-03-2015,59.89610
27-02-2015,57.98620
26-02-2015,56.86480
25-02-2015,57.29470
24-02-2015,57.45060
23-02-2015,57.37060
20-02-2015,57.80440
19-02-2015,58.06930
18-02-2015,57.91280
16-02-2015,57.64330
13-02-2015,57.82930
12-02-2015,57.23050
11-02-2015,56.45440
10-02-2015,55.85030
09-02-2015,55.48910
06-02-2015,56.36720
05-02-2015,56.87480
04-02-2015,56.84470
03-02-2015,57.00250
02-02-2015,57.55140
30-01-2015,57.62180
29-01-2015,58.18350
28-01-2015,57.94540
27-01-2015,58.01620
23-01-2015,57.30060
22-01-2015,56.77230
21-01-2015,56.49980
20-01-2015,56.31940
19-01-2015,55.76680
16-01-2015,55.36620
15-01-2015,55.30670
14-01-2015,54.31590
13-01-2015,54.14330
12-01-2015,54.02710
09-01-2015,53.69460
08-01-2015,53.51980
07-01-2015,52.58390
06-01-2015,52.84680
05-01-2015,54.33610
02-01-2015,54.38690
01-01-2015,53.78640
31-12-2014,53.67890
30-12-2014,53.27440
29-12-2014,52.90570
26-12-2014,52.82680
24-12-2014,52.66480
23-12-2014,53.04980
22-12-2014,53.36160
19-12-2014,52.85630
18-12-2014,52.07860
17-12-2014,51.01020
16-12-2014,51.48090
15-12-2014,52.29390
12-12-2014,52.41020
11-12-2014,52.59720
10-12-2014,53.05720
09-12-2014,52.76260
08-12-2014,53.41400
05-12-2014,54.16390
04-12-2014,54.48440
03-12-2014,54.34770
02-12-2014,53.98660
01-12-2014,54.09580
28-11-2014,53.98520
27-11-2014,53.21850
26-11-2014,53.02320
25-11-2014,53.26320
24-11-2014,53.68990
21-11-2014,53.37120
20-11-2014,52.90680
19-11-2014,52.98920
18-11-2014,52.89110
17-11-2014,52.64520
14-11-2014,52.34930
13-11-2014,52.32580
12-11-2014,52.44540
11-11-2014,52.02930
10-11-2014,51.77930
07-11-2014,51.86960
05-11-2014,51.59380
03-11-2014,51.36460
31-10-2014,51.30010
30-10-2014,50.45930
29-10-2014,49.98270
28-10-2014,49.89210
27-10-2014,49.80680
22-10-2014,49.62040
21-10-2014,49.12280
20-10-2014,48.65570
17-10-2014,47.89780
16-10-2014,47.41770
14-10-2014,48.05950
13-10-2014,48.13250
10-10-2014,47.86450
09-10-2014,48.21370
08-10-2014,47.38140
07-10-2014,47.54800
01-10-2014,48.18970
30-09-2014,48.22620
29-09-2014,48.21450
26-09-2014,48.23610
25-09-2014,47.77740
24-09-2014,48.44090
23-09-2014,48.91650
22-09-2014,49.74230
19-09-2014,49.83530
18-09-2014,49.73700
17-09-2014,48.80400
16-09-2014,48.59480
15-09-2014,49.60810
12-09-2014,49.80460
11-09-2014,49.46780
10-09-2014,49.40660
09-09-2014,49.64160
08-09-2014,49.55690
05-09-2014,48.94020
04-09-2014,48.81640
03-09-2014,48.90150
02-09-2014,48.53970
01-09-2014,48.02410
28-08-2014,47.22200
27-08-2014,47.00280
26-08-2014,46.74680
25-08-2014,46.76600
22-08-2014,46.77790
21-08-2014,46.61910
20-08-2014,46.55940
19-08-2014,46.42270
18-08-2014,45.93620
14-08-2014,44.81770
13-08-2014,44.55840
12-08-2014,44.65300
11-08-2014,44.18480
08-08-2014,43.91580
07-08-2014,44.29200
06-08-2014,44.25800
05-08-2014,44.51750
04-08-2014,44.32580
01-08-2014,43.90420
31-07-2014,44.33180
30-07-2014,44.58050
28-07-2014,44.22530
25-07-2014,44.44210
24-07-2014,44.55430
23-07-2014,44.33870
22-07-2014,44.29040
21-07-2014,44.09340
18-07-2014,44.02390
17-07-2014,43.82020
16-07-2014,43.55620
15-07-2014,42.87020
14-07-2014,42.38530
11-07-2014,42.38080
10-07-2014,43.08100
09-07-2014,43.08800
08-07-2014,43.39740
07-07-2014,44.39610
04-07-2014,44.41860
03-07-2014,44.25490
02-07-2014,44.30430
01-07-2014,43.75590
30-06-2014,43.47410
27-06-2014,42.86920
26-06-2014,42.80700
25-06-2014,42.97770
24-06-2014,43.20610
23-06-2014,42.74780
20-06-2014,42.65790
19-06-2014,42.78770
18-06-2014,42.93210
17-06-2014,43.07810
16-06-2014,42.47200
13-06-2014,42.46080
12-06-2014,43.16060
11-06-2014,43.23430
10-06-2014,43.18260
09-06-2014,43.17470
06-06-2014,42.80600
05-06-2014,42.27710
04-06-2014,42.05890
03-06-2014,41.96940
02-06-2014,41.73020
30-05-2014,40.73340
29-05-2014,40.73300
28-05-2014,41.12070
27-05-2014,40.71390
26-05-2014,40.83100
23-05-2014,40.89420
22-05-2014,40.65340
21-05-2014,40.61460
20-05-2014,40.87910
19-05-2014,40.86750
16-05-2014,40.03590
15-05-2014,39.17400
14-05-2014,39.39290
13-05-2014,39.48580
12-05-2014,38.91370
09-05-2014,38.24720
08-05-2014,36.92320
07-05-2014,36.74320
06-05-2014,37.01950
05-05-2014,36.98800
02-05-2014,37.12500
30-04-2014,37.01850
29-04-2014,37.22110
28-04-2014,37.36630
25-04-2014,37.45100
23-04-2014,37.67940
22-04-2014,37.44150
21-04-2014,37.32550
17-04-2014,36.95480
16-04-2014,36.53830
15-04-2014,37.01800
11-04-2014,37.28610
10-04-2014,37.29010
09-04-2014,37.21840
07-04-2014,36.76720
04-04-2014,36.85160
03-04-2014,36.96590
02-04-2014,37.03340
01-04-2014,36.61650
31-03-2014,36.72950
28-03-2014,36.71580
27-03-2014,36.38380
26-03-2014,36.20020
25-03-2014,35.97440
24-03-2014,35.77410
21-03-2014,35.29340
20-03-2014,35.18530
19-03-2014,35.42240
18-03-2014,35.30560
14-03-2014,35.22410
13-03-2014,35.33200
12-03-2014,35.33060
11-03-2014,35.32000
10-03-2014,35.48340
07-03-2014,35.21350
06-03-2014,34.54640
05-03-2014,34.02620
04-03-2014,33.85670
03-03-2014,33.37590
28-02-2014,33.59830
26-02-2014,33.46000
25-02-2014,33.22700
24-02-2014,33.08180
21-02-2014,33.01690
20-02-2014,32.75140
19-02-2014,32.94860
18-02-2014,32.82970
17-02-2014,32.58880
14-02-2014,32.48540
13-02-2014,32.31630
12-02-2014,32.86120
11-02-2014,32.78520
10-02-2014,32.66960
07-02-2014,32.66020
06-02-2014,32.52820
05-02-2014,32.49450
04-02-2014,32.28130
03-02-2014,32.12870
31-01-2014,32.48680
30-01-2014,32.18410
29-01-2014,32.42450
28-01-2014,32.51360
27-01-2014,32.47710
24-01-2014,33.31710
23-01-2014,33.78190
22-01-2014,33.75650
21-01-2014,33.54220
20-01-2014,33.38090
17-01-2014,33.13650
16-01-2014,33.43430
15-01-2014,33.45900
14-01-2014,33.24580
13-01-2014,33.39110
10-01-2014,33.09580
09-01-2014,33.26100
08-01-2014,33.35300
07-01-2014,33.35210
06-01-2014,33.44360
03-01-2014,33.52310
02-01-2014,33.46060
01-01-2014,33.94780
31-12-2013,33.85030
30-12-2013,33.82050
27-12-2013,34.03470
26-12-2013,33.99070
24-12-2013,33.97230
23-12-2013,33.98650
20-12-2013,33.82370
19-12-2013,33.39890
18-12-2013,33.67900
17-12-2013,33.28560
16-12-2013,33.25080
13-12-2013,33.30290
12-12-2013,33.79340
11-12-2013,34.05520
10-12-2013,34.09540
09-12-2013,34.45430
06-12-2013,33.92160
05-12-2013,33.69970
04-12-2013,33.20790
03-12-2013,33.35550
02-12-2013,33.40930
29-11-2013,33.10570
28-11-2013,32.70770
27-11-2013,32.46780
26-11-2013,32.53140
25-11-2013,32.75970
22-11-2013,32.25470
21-11-2013,32.35590
20-11-2013,32.88880
19-11-2013,33.17630
18-11-2013,33.12230
14-11-2013,32.57940
13-11-2013,32.10470
12-11-2013,32.19040
11-11-2013,32.48900
08-11-2013,32.76330
07-11-2013,32.89400
06-11-2013,33.13740
05-11-2013,33.26520
01-11-2013,33.27430
31-10-2013,33.07230
30-10-2013,32.89480
29-10-2013,32.58190
28-10-2013,31.98640
25-10-2013,32.20260
24-10-2013,32.32440
23-10-2013,32.45060
22-10-2013,32.54500
21-10-2013,32.46430
18-10-2013,32.18130
17-10-2013,31.57420
15-10-2013,31.75450
14-10-2013,31.99490
11-10-2013,31.88250
10-10-2013,31.55480
09-10-2013,31.43700
08-10-2013,30.97760
07-10-2013,30.90760
04-10-2013,30.95110
03-10-2013,30.87040
01-10-2013,30.23580
30-09-2013,29.93730
27-09-2013,30.42140
26-09-2013,30.64430
25-09-2013,30.58390
24-09-2013,30.66900
23-09-2013,30.59680
20-09-2013,31.19490
19-09-2013,31.72010
18-09-2013,30.61760
17-09-2013,30.32500
16-09-2013,30.21980
13-09-2013,30.05750
12-09-2013,30.08370
11-09-2013,30.46030
10-09-2013,30.30580
06-09-2013,29.44190
05-09-2013,28.92960
04-09-2013,28.11560
03-09-2013,27.53860
02-09-2013,28.35860
30-08-2013,28.09060
29-08-2013,27.78090
28-08-2013,27.19110
27-08-2013,27.40670
26-08-2013,28.38640
23-08-2013,28.31590
22-08-2013,27.99900
21-08-2013,27.79360
20-08-2013,28.07930
19-08-2013,28.19230
16-08-2013,28.80730
14-08-2013,29.92020
13-08-2013,29.72670
12-08-2013,29.20580
08-08-2013,28.84810
07-08-2013,28.68150
06-08-2013,28.59260
05-08-2013,29.40840
02-08-2013,29.46470
01-08-2013,29.72600
31-07-2013,29.83720
30-07-2013,29.78690
29-07-2013,30.29080
26-07-2013,30.44910
25-07-2013,30.62380
24-07-2013,30.90220
23-07-2013,31.60180
22-07-2013,31.47060
19-07-2013,31.51450
18-07-2013,31.65280
17-07-2013,31.32970
16-07-2013,31.48730
15-07-2013,32.07040
12-07-2013,31.84860
11-07-2013,31.55100
10-07-2013,31.10220
09-07-2013,31.34290
08-07-2013,31.10970
05-07-2013,31.28090
04-07-2013,31.25670
03-07-2013,30.93440
02-07-2013,31.36050
01-07-2013,31.41400
28-06-2013,31.06300
27-06-2013,30.23390
26-06-2013,29.89090
25-06-2013,30.09380
24-06-2013,29.95090
21-06-2013,30.42080
20-06-2013,30.48590
19-06-2013,31.28590
18-06-2013,31.16140
17-06-2013,31.29460
14-06-2013,31.06230
13-06-2013,30.49290
12-06-2013,30.76010
11-06-2013,30.77600
10-06-2013,31.19040
07-06-2013,31.31950
06-06-2013,31.52680
05-06-2013,31.55220
04-06-2013,31.58410
03-06-2013,31.62210
31-05-2013,31.68580
30-05-2013,32.26300
29-05-2013,32.16610
28-05-2013,32.25150
27-05-2013,32.12660
24-05-2013,31.68510
23-05-2013,31.49010
22-05-2013,32.06780
21-05-2013,32.25360
20-05-2013,32.55300
17-05-2013,32.76450
16-05-2013,32.77310
15-05-2013,32.64900
14-05-2013,31.95620
13-05-2013,31.93740
10-05-2013,32.41390
09-05-2013,32.20030
08-05-2013,32.21650
07-05-2013,32.04100
06-05-2013,31.72000
03-05-2013,31.54170
02-05-2013,31.73090
30-04-2013,31.46440
29-04-2013,31.30420
26-04-2013,31.12890
25-04-2013,31.25570
23-04-2013,30.96450
22-04-2013,30.92560
18-04-2013,30.66320
17-04-2013,30.22860
16-04-2013,30.29120
15-04-2013,29.79090
12-04-2013,29.61080
11-04-2013,29.95870
10-04-2013,29.80800
09-04-2013,29.52360
08-04-2013,29.75050
05-04-2013,29.80810
04-04-2013,29.90530
03-04-2013,30.31760
02-04-2013,30.71670
01-04-2013,30.43880
28-03-2013,30.30880
26-03-2013,30.04370
25-03-2013,29.90160
22-03-2013,30.02990
21-03-2013,30.13790
20-03-2013,30.27450
19-03-2013,30.68140
18-03-2013,31.18180
15-03-2013,31.38030
14-03-2013,31.58370
13-03-2013,31.31840
12-03-2013,31.71590
11-03-2013,31.91030
08-03-2013,31.96510
07-03-2013,31.59910
06-03-2013,31.43390
05-03-2013,31.28510
04-03-2013,30.87570
01-03-2013,31.00930
28-02-2013,30.88940
27-02-2013,31.33640
26-02-2013,31.09390
25-02-2013,31.62890
22-02-2013,31.73750
21-02-2013,31.68760
20-02-2013,32.25160
19-02-2013,32.25830
18-02-2013,32.01240
15-02-2013,32.00770
14-02-2013,32.04740
13-02-2013,32.47070
12-02-2013,32.43700
11-02-2013,32.29480
08-02-2013,32.39170
07-02-2013,32.55150
06-02-2013,32.77200
05-02-2013,32.80040
04-02-2013,32.98880
01-02-2013,33.11640
31-01-2013,33.26760
30-01-2013,33.30530
29-01-2013,33.36590
28-01-2013,33.53030
25-01-2013,33.50320
24-01-2013,33.12490
23-01-2013,33.46600
22-01-2013,33.51500
21-01-2013,33.76580
18-01-2013,33.65300
17-01-2013,33.60470
16-01-2013,33.36040
15-01-2013,33.77100
14-01-2013,33.56000
11-01-2013,33.12820
10-01-2013,33.51210
09-01-2013,33.51280
08-01-2013,33.52420
07-01-2013,33.62130
04-01-2013,33.70410
03-01-2013,33.74520
02-01-2013,33.77580
01-01-2013,33.49410
31-12-2012,33.14180
28-12-2012,33.16660
27-12-2012,33.07280
26-12-2012,33.13960
24-12-2012,32.76590
21-12-2012,32.62550
20-12-2012,33.06270
19-12-2012,33.11220
18-12-2012,33.00850
17-12-2012,32.71060
14-12-2012,32.64490
13-12-2012,32.40050
12-12-2012,32.61890
11-12-2012,32.66660
10-12-2012,32.76200
07-12-2012,32.72290
06-12-2012,32.91870
05-12-2012,32.70430
04-12-2012,32.66840
03-12-2012,32.55590
30-11-2012,32.57640
29-11-2012,32.28850
27-11-2012,31.84330
26-11-2012,31.34420
23-11-2012,31.06100
22-11-2012,31.07820
21-11-2012,30.91350
20-11-2012,30.75510
19-11-2012,30.80280
16-11-2012,30.94900
15-11-2012,31.17320
12-11-2012,31.34400
09-11-2012,31.22880
08-11-2012,31.42280
07-11-2012,31.52900
06-11-2012,31.35720
05-11-2012,31.16590
02-11-2012,31.17710
01-11-2012,30.95780
31-10-2012,30.67380
30-10-2012,30.48320
29-10-2012,30.92450
26-10-2012,31.00440
25-10-2012,31.36430
23-10-2012,31.30310
22-10-2012,31.32370
19-10-2012,31.16200
18-10-2012,31.26540
17-10-2012,30.89670
16-10-2012,30.78010
15-10-2012,31.04710
12-10-2012,31.03600
11-10-2012,31.11720
10-10-2012,30.84310
09-10-2012,31.19640
08-10-2012,31.05960
05-10-2012,31.30170
04-10-2012,31.53530
03-10-2012,31.28750
01-10-2012,31.24480
28-09-2012,31.14280
27-09-2012,30.85640
26-09-2012,30.88490
25-09-2012,30.84180
24-09-2012,30.78880
21-09-2012,30.82650
20-09-2012,30.27020
18-09-2012,30.47970
17-09-2012,30.40210
14-09-2012,30.23890
13-09-2012,29.70790
12-09-2012,29.77140
11-09-2012,29.48650
10-09-2012,29.26540
07-09-2012,29.13910
06-09-2012,28.67940
05-09-2012,28.58620
04-09-2012,28.91930
03-09-2012,28.81720
31-08-2012,28.86390
30-08-2012,28.99860
29-08-2012,28.86210
28-08-2012,29.01180
27-08-2012,29.15550
24-08-2012,29.37860
23-08-2012,29.45440
22-08-2012,29.49000
21-08-2012,29.57300
17-08-2012,29.39270
16-08-2012,29.33570
14-08-2012,29.43110
13-08-2012,29.23560
10-08-2012,29.08370
09-08-2012,29.19410
08-08-2012,29.30800
07-08-2012,29.34090
06-08-2012,29.08790
03-08-2012,28.80910
02-08-2012,28.84820
01-08-2012,28.81750
31-07-2012,28.68780
30-07-2012,28.57940
27-07-2012,28.09320
26-07-2012,27.91070
25-07-2012,28.22510
24-07-2012,28.31550
23-07-2012,28.24380
20-07-2012,28.70750
19-07-2012,28.83220
18-07-2012,28.73050
17-07-2012,28.58990
16-07-2012,28.62070
13-07-2012,28.71850
12-07-2012,28.77080
11-07-2012,29.04860
10-07-2012,29.21420
09-07-2012,28.91200
06-07-2012,29.15020
05-07-2012,29.23170
04-07-2012,29.05870
03-07-2012,29.01910
02-07-2012,28.86650
29-06-2012,28.82130
28-06-2012,28.20230
27-06-2012,28.19370
26-06-2012,28.15840
25-06-2012,28.09050
22-06-2012,28.20330
21-06-2012,28.26810
20-06-2012,28.03930
19-06-2012,27.93100
18-06-2012,27.71090
15-06-2012,28.04900
14-06-2012,27.70270
13-06-2012,28.11450
12-06-2012,28.10060
11-06-2012,27.79600
08-06-2012,27.82690
07-06-2012,27.72540
06-06-2012,27.45860
05-06-2012,26.87820
04-06-2012,26.76170
01-06-2012,26.86310
31-05-2012,27.17560
30-05-2012,27.15060
29-05-2012,27.42900
28-05-2012,27.49390
25-05-2012,27.15660
24-05-2012,27.09530
23-05-2012,26.76230
22-05-2012,26.94100
21-05-2012,27.09570
18-05-2012,27.01960
17-05-2012,27.00350
16-05-2012,27.00440
15-05-2012,27.40060
14-05-2012,27.25350
11-05-2012,27.40080
10-05-2012,27.55580
09-05-2012,27.58590
08-05-2012,27.71460
07-05-2012,28.27940
04-05-2012,28.13620
03-05-2012,28.62830
02-05-2012,28.91740
30-04-2012,28.98420
27-04-2012,28.74380
26-04-2012,28.73380
25-04-2012,28.84490
24-04-2012,28.94340
23-04-2012,28.99590
20-04-2012,29.44250
19-04-2012,29.66070
18-04-2012,29.54650
17-04-2012,29.45090
16-04-2012,29.18250
13-04-2012,29.06870
12-04-2012,29.32100
11-04-2012,29.13240
10-04-2012,29.31490
09-04-2012,29.28220
04-04-2012,29.74070
03-04-2012,29.83850
02-04-2012,29.64260
30-03-2012,29.30500
29-03-2012,28.75450
28-03-2012,28.78960
27-03-2012,29.04680
26-03-2012,28.76520
23-03-2012,29.30660
22-03-2012,29.06710
21-03-2012,29.81020
20-03-2012,29.24520
19-03-2012,29.11650
16-03-2012,29.48680
15-03-2012,29.84310
14-03-2012,30.34110
13-03-2012,30.15840
12-03-2012,29.88970
09-03-2012,29.62330
07-03-2012,28.91800
06-03-2012,28.93380
05-03-2012,29.19480
02-03-2012,29.67280
01-03-2012,29.58140
29-02-2012,29.80670
28-02-2012,29.73160
27-02-2012,29.03210
24-02-2012,29.92790
23-02-2012,30.29210
22-02-2012,30.33810
21-02-2012,31.22830
17-02-2012,31.02560
16-02-2012,30.79940
15-02-2012,30.87890
14-02-2012,30.15970
13-02-2012,29.99960
10-02-2012,29.92230
09-02-2012,30.06280
08-02-2012,29.73060
07-02-2012,29.58600
06-02-2012,29.74500
03-02-2012,29.48890
02-02-2012,29.17550
01-02-2012,28.99780
31-01-2012,28.76510
30-01-2012,28.11760
27-01-2012,28.71840
25-01-2012,28.44080
24-01-2012,28.24120
23-01-2012,27.80550
20-01-2012,27.77710
19-01-2012,27.56980
18-01-2012,27.25280
17-01-2012,27.40760
16-01-2012,26.98660
13-01-2012,26.98390
12-01-2012,26.84690
11-01-2012,27.00260
10-01-2012,26.94910
09-01-2012,26.47610
06-01-2012,26.51950
05-01-2012,26.51940
04-01-2012,26.51560
03-01-2012,26.59390
02-01-2012,26.03210
30-12-2011,25.99090
29-12-2011,26.11250
28-12-2011,26.35780
27-12-2011,26.57990
26-12-2011,26.73100
23-12-2011,26.41270
22-12-2011,26.52870
21-12-2011,26.27990
20-12-2011,25.54620
19-12-2011,25.93740
16-12-2011,26.13420
15-12-2011,26.64830
14-12-2011,26.70630
13-12-2011,26.86130
12-12-2011,26.71910
09-12-2011,27.25860
08-12-2011,27.64100
07-12-2011,28.23700
05-12-2011,28.22550
02-12-2011,28.23320
01-12-2011,27.63040
30-11-2011,27.19770
29-11-2011,27.09320
28-11-2011,27.31930
25-11-2011,26.69130
24-11-2011,26.89350
23-11-2011,26.67120
22-11-2011,27.16500
21-11-2011,27.06450
18-11-2011,27.65200
17-11-2011,27.76610
16-11-2011,28.23340
15-11-2011,28.43600
14-11-2011,28.83520
11-11-2011,28.91090
09-11-2011,29.18420
08-11-2011,29.46720
04-11-2011,29.44070
03-11-2011,29.27270
02-11-2011,29.22090
01-11-2011,29.25440
31-10-2011,29.58420
28-10-2011,29.72560
25-10-2011,28.99750
24-10-2011,28.62950
21-10-2011,28.43570
20-10-2011,28.62910
19-10-2011,28.83920
18-10-2011,28.35110
17-10-2011,28.78360
14-10-2011,28.79690
13-10-2011,28.53440
12-10-2011,28.67160
11-10-2011,28.00130
10-10-2011,27.92770
07-10-2011,27.50580
05-10-2011,26.94280
04-10-2011,27.03690
03-10-2011,27.49610
30-09-2011,28.02520
29-09-2011,28.30300
28-09-2011,28.04390
27-09-2011,28.23520
26-09-2011,27.61310
23-09-2011,27.91340
22-09-2011,28.20240
21-09-2011,29.30610
20-09-2011,29.22740
19-09-2011,28.67220
16-09-2011,28.95200
15-09-2011,28.87330
14-09-2011,28.51490
13-09-2011,28.27840
12-09-2011,28.33120
09-09-2011,28.91860
08-09-2011,29.43740
07-09-2011,29.27520
06-09-2011,28.95180
05-09-2011,28.74000
02-09-2011,28.81370
30-08-2011,28.59960
29-08-2011,28.16440
26-08-2011,27.34310
25-08-2011,27.83760
24-08-2011,28.05220
23-08-2011,28.36280
22-08-2011,28.07130
19-08-2011,27.81510
18-08-2011,28.28070
17-08-2011,28.85570
16-08-2011,28.70290
12-08-2011,28.88570
11-08-2011,29.18880
10-08-2011,29.25730
09-08-2011,28.85800
08-08-2011,29.18740
05-08-2011,29.65950
04-08-2011,30.20530
03-08-2011,30.47900
02-08-2011,30.69120
01-08-2011,30.99020
29-07-2011,30.78360
28-07-2011,30.79880
27-07-2011,31.06280
26-07-2011,31.10990
25-07-2011,31.60650
22-07-2011,31.37750
21-07-2011,30.85430
20-07-2011,30.95590
19-07-2011,31.25290
18-07-2011,31.04110
15-07-2011,31.11160
14-07-2011,31.20470
13-07-2011,31.13290
12-07-2011,30.78500
11-07-2011,31.17390
08-07-2011,31.35730
07-07-2011,31.73140
06-07-2011,31.20540
05-07-2011,31.21020
04-07-2011,31.31470
01-07-2011,31.16380
30-06-2011,31.21320
29-06-2011,31.06460
28-06-2011,30.83080
27-06-2011,30.70900
24-06-2011,30.43680
23-06-2011,29.78580
22-06-2011,29.63500
21-06-2011,29.74040
20-06-2011,29.67770
17-06-2011,30.11360
16-06-2011,30.27890
15-06-2011,30.50810
14-06-2011,30.69510
13-06-2011,30.59370
10-06-2011,30.55810
09-06-2011,30.71050
08-06-2011,30.68380
07-06-2011,30.79530
06-06-2011,30.61780
03-06-2011,30.50300
02-06-2011,30.72580
01-06-2011,30.88830
31-05-2011,30.82640
30-05-2011,30.39690
27-05-2011,30.30720
26-05-2011,29.94200
25-05-2011,29.72410
24-05-2011,29.85550
23-05-2011,29.73630
20-05-2011,30.16080
19-05-2011,29.95010
18-05-2011,29.94350
17-05-2011,30.04690
16-05-2011,30.27490
13-05-2011,30.45280
12-05-2011,30.15760
11-05-2011,30.53570
10-05-2011,30.35170
09-05-2011,30.45230
06-05-2011,30.43160
05-05-2011,29.96830
04-05-2011,30.30930
03-05-2011,30.43940
02-05-2011,31.06100
29-04-2011,31.32120
28-04-2011,31.64640
27-04-2011,31.87610
26-04-2011,32.03350
25-04-2011,32.07800
21-04-2011,32.04270
20-04-2011,32.00990
19-04-2011,31.58920
18-04-2011,31.53280
15-04-2011,31.95320
13-04-2011,32.26940
11-04-2011,31.71820
08-04-2011,31.96740
07-04-2011,32.24270
06-04-2011,32.22580
05-04-2011,32.29460
04-04-2011,32.18570
01-04-2011,31.73320
31-03-2011,31.67980
30-03-2011,31.57770
29-03-2011,31.26850
28-03-2011,31.10860
25-03-2011,30.89600
24-03-2011,30.30660
23-03-2011,30.11160
22-03-2011,29.79650
21-03-2011,29.58380
18-03-2011,29.59920
17-03-2011,29.97200
16-03-2011,30.19560
15-03-2011,29.86720
14-03-2011,30.28910
11-03-2011,29.93250
10-03-2011,30.23800
09-03-2011,30.42860
08-03-2011,30.34430
07-03-2011,30.02310
04-03-2011,30.41860
03-03-2011,30.41790
01-03-2011,30.36110
28-02-2011,29.39040
25-02-2011,29.32880
24-02-2011,29.13710
23-02-2011,30.06200
22-02-2011,30.28430
21-02-2011,30.55360
18-02-2011,30.21820
17-02-2011,30.69220
16-02-2011,30.37860
15-02-2011,30.35480
14-02-2011,30.26710
11-02-2011,29.44130
10-02-2011,28.97520
09-02-2011,29.15990
08-02-2011,29.55330
07-02-2011,30.07970
04-02-2011,30.13300
03-02-2011,30.67710
02-02-2011,30.26590
01-02-2011,30.16170
31-01-2011,30.62770
28-01-2011,30.51980
27-01-2011,31.15260
25-01-2011,31.67440
24-01-2011,31.95860
21-01-2011,31.69960
20-01-2011,31.73210
19-01-2011,31.62590
18-01-2011,31.73410
17-01-2011,31.42840
14-01-2011,31.43640
13-01-2011,31.93320
12-01-2011,32.37480
11-01-2011,31.74740
10-01-2011,31.80480
07-01-2011,32.52430
06-01-2011,33.33200
05-01-2011,33.54360
04-01-2011,33.93940
03-01-2011,34.08290
31-12-2010,33.89480
30-12-2010,33.65870
29-12-2010,33.41460
28-12-2010,33.14680
27-12-2010,33.19760
24-12-2010,33.28540
23-12-2010,33.19620
22-12-2010,33.28400
21-12-2010,33.37210
20-12-2010,33.11660
16-12-2010,33.10580
15-12-2010,32.93620
14-12-2010,33.31720
13-12-2010,33.05140
10-12-2010,32.78490
09-12-2010,32.26180
08-12-2010,33.25190
07-12-2010,33.60800
06-12-2010,33.81690
03-12-2010,33.95960
02-12-2010,34.23660
01-12-2010,34.04670
30-11-2010,33.54380
29-11-2010,33.20700
26-11-2010,32.84520
25-11-2010,33.16770
24-11-2010,33.66090
23-11-2010,34.04440
22-11-2010,34.37250
19-11-2010,33.79570
18-11-2010,34.38860
16-11-2010,34.35340
15-11-2010,34.99550
12-11-2010,34.71100
11-11-2010,35.50310
10-11-2010,36.00950
09-11-2010,36.01090
08-11-2010,35.85160
04-11-2010,35.82110
03-11-2010,35.27120
02-11-2010,35.08160
01-11-2010,34.96260
29-10-2010,34.33630
28-10-2010,34.19970
27-10-2010,34.39820
26-10-2010,34.61200
25-10-2010,34.68440
22-10-2010,34.38220
21-10-2010,34.30220
20-10-2010,33.62640
19-10-2010,33.76910
18-10-2010,34.01280
15-10-2010,34.01270
14-10-2010,34.63740
13-10-2010,34.84850
12-10-2010,34.35210
11-10-2010,34.62800
08-10-2010,34.40270
07-10-2010,34.64760
06-10-2010,35.03600
05-10-2010,34.76990
04-10-2010,34.62350
01-10-2010,34.47620
30-09-2010,33.84160
29-09-2010,33.81770
28-09-2010,33.91900
27-09-2010,33.89330
24-09-2010,33.77760
23-09-2010,33.46870
22-09-2010,33.62040
21-09-2010,33.74920
20-09-2010,33.98870
17-09-2010,33.72340
16-09-2010,33.30290
15-09-2010,33.55510
14-09-2010,33.49840
13-09-2010,33.51700
09-09-2010,33.00140
08-09-2010,32.83900
07-09-2010,32.80110
06-09-2010,32.72940
03-09-2010,32.19100
02-09-2010,32.00750
01-09-2010,31.85130
31-08-2010,31.32980
30-08-2010,31.59340
27-08-2010,31.56750
26-08-2010,31.83030
25-08-2010,31.79130
24-08-2010,32.18850
23-08-2010,32.46820
20-08-2010,32.21460
19-08-2010,32.27360
18-08-2010,31.97450
17-08-2010,31.72340
16-08-2010,31.67300
13-08-2010,31.66350
12-08-2010,31.38460
11-08-2010,31.24750
10-08-2010,31.40170
09-08-2010,31.56710
06-08-2010,31.18230
05-08-2010,31.18670
04-08-2010,31.19350
03-08-2010,31.13920
02-08-2010,30.99290
30-07-2010,30.61580
29-07-2010,30.53190
28-07-2010,30.42480
27-07-2010,30.50670
26-07-2010,30.45880
23-07-2010,30.63450
22-07-2010,30.61300
21-07-2010,30.44720
20-07-2010,30.30860
19-07-2010,30.42130
16-07-2010,30.46060
15-07-2010,30.26060
14-07-2010,30.27000
13-07-2010,30.33850
12-07-2010,30.19820
09-07-2010,30.13080
08-07-2010,29.80660
07-07-2010,29.44000
06-07-2010,29.62500
05-07-2010,29.36910
02-07-2010,29.34250
01-07-2010,29.46600
30-06-2010,29.70450
29-06-2010,29.52930
28-06-2010,29.75010
25-06-2010,29.34620
24-06-2010,29.57720
23-06-2010,29.63760
22-06-2010,29.60220
21-06-2010,29.79760
18-06-2010,29.40280
17-06-2010,29.48310
16-06-2010,29.32480
15-06-2010,29.11930
14-06-2010,29.10390
11-06-2010,28.77200
10-06-2010,28.63810
09-06-2010,28.15600
08-06-2010,28.00010
07-06-2010,28.22930
04-06-2010,28.71940
03-06-2010,28.62350
02-06-2010,28.19370
01-06-2010,27.97740
31-05-2010,28.53080
28-05-2010,28.31170
27-05-2010,27.93760
26-05-2010,27.52420
25-05-2010,27.02450
24-05-2010,27.78290
21-05-2010,27.71600
20-05-2010,27.95990
19-05-2010,27.86050
18-05-2010,28.70660
17-05-2010,28.68090
14-05-2010,28.87620
13-05-2010,29.22700
12-05-2010,28.92380
11-05-2010,28.74160
10-05-2010,29.10420
07-05-2010,28.25210
06-05-2010,28.84700
05-05-2010,29.08190
04-05-2010,29.14490
03-05-2010,29.60780
30-04-2010,29.89390
29-04-2010,29.70800
28-04-2010,29.42360
27-04-2010,29.90980
26-04-2010,29.97450
23-04-2010,29.81450
22-04-2010,29.63560
21-04-2010,29.61440
20-04-2010,29.47500
19-04-2010,29.25820
16-04-2010,29.55360
15-04-2010,29.69200
13-04-2010,29.91300
12-04-2010,30.02710
09-04-2010,30.14700
08-04-2010,29.82650
07-04-2010,30.19330
06-04-2010,30.11800
05-04-2010,30.07550
01-04-2010,29.72680
31-03-2010,29.40580
30-03-2010,29.49030
29-03-2010,29.56000
26-03-2010,29.56510
25-03-2010,29.44770
23-03-2010,29.30300
22-03-2010,29.10420
19-03-2010,29.38750
18-03-2010,29.33800
17-03-2010,29.20990
16-03-2010,29.03940
15-03-2010,28.72860
12-03-2010,28.81490
11-03-2010,28.82170
10-03-2010,28.71800
09-03-2010,28.68160
08-03-2010,28.86950
05-03-2010,28.71490
04-03-2010,28.61070
03-03-2010,28.58890
02-03-2010,28.23520
26-02-2010,27.63980
25-02-2010,27.25130
24-02-2010,27.23400
23-02-2010,27.30500
22-02-2010,27.34100
19-02-2010,27.39380
18-02-2010,27.67890
17-02-2010,27.85180
16-02-2010,27.57190
15-02-2010,27.38840
11-02-2010,27.57030
10-02-2010,27.32610
09-02-2010,27.43560
08-02-2010,27.18710
05-02-2010,26.86490
04-02-2010,27.56950
03-02-2010,28.09190
02-02-2010,27.58090
01-02-2010,27.97340
29-01-2010,27.81660
28-01-2010,27.70440
27-01-2010,27.58940
25-01-2010,28.58300
22-01-2010,28.90190
21-01-2010,29.26200
20-01-2010,29.98400
19-01-2010,29.97530
18-01-2010,30.30000
15-01-2010,30.15460
14-01-2010,30.19290
13-01-2010,29.98270
12-01-2010,29.83470
11-01-2010,30.07390
08-01-2010,29.89820
07-01-2010,30.03090
06-01-2010,30.15430
05-01-2010,30.12380
04-01-2010,29.84540
31-12-2009,29.59690
30-12-2009,29.46110
29-12-2009,29.45280
24-12-2009,29.39380
23-12-2009,29.20440
22-12-2009,28.50620
21-12-2009,28.29710
18-12-2009,28.49210
17-12-2009,28.75240
16-12-2009,28.63930
15-12-2009,28.57230
14-12-2009,28.99190
11-12-2009,29.05130
10-12-2009,29.15450
09-12-2009,29.04450
08-12-2009,29.27320
07-12-2009,28.86600
04-12-2009,29.16750
03-12-2009,29.31710
02-12-2009,29.23520
01-12-2009,29.15160
30-11-2009,28.53670
27-11-2009,28.06720
26-11-2009,28.47060
25-11-2009,28.95550
24-11-2009,28.89980
23-11-2009,28.96370
20-11-2009,28.84050
19-11-2009,28.53380
18-11-2009,29.00490
17-11-2009,29.01190
16-11-2009,28.95850
13-11-2009,28.63080
12-11-2009,28.37890
11-11-2009,28.71860
10-11-2009,28.07450
09-11-2009,28.14700
06-11-2009,27.49370
05-11-2009,27.15570
04-11-2009,26.81510
03-11-2009,26.04770
30-10-2009,26.76780
28-10-2009,27.26470
27-10-2009,27.36340
26-10-2009,28.10270
23-10-2009,28.32490
22-10-2009,28.13390
21-10-2009,28.63280
20-10-2009,29.02770
16-10-2009,29.07390
15-10-2009,28.88410
14-10-2009,28.83190
12-10-2009,28.31200
09-10-2009,27.72970
08-10-2009,27.96110
07-10-2009,27.82420
06-10-2009,27.77010
05-10-2009,27.64590
01-10-2009,28.11870
30-09-2009,28.14880
29-09-2009,27.72030
25-09-2009,27.53680
24-09-2009,27.55030
23-09-2009,27.46140
22-09-2009,27.73760
18-09-2009,27.56970
17-09-2009,27.48870
16-09-2009,27.37940
15-09-2009,27.04770
14-09-2009,26.54860
11-09-2009,26.56980
10-09-2009,26.62030
09-09-2009,26.63680
08-09-2009,26.73210
07-09-2009,26.73570
04-09-2009,26.09040
03-09-2009,25.73270
02-09-2009,25.79540
01-09-2009,25.97590
31-08-2009,26.28560
28-08-2009,26.48180
27-08-2009,26.26930
26-08-2009,26.19840
25-08-2009,26.00910
24-08-2009,25.91800
21-08-2009,25.31910
20-08-2009,24.95680
19-08-2009,24.67750
18-08-2009,24.93750
17-08-2009,24.52200
14-08-2009,25.57200
13-08-2009,25.65320
12-08-2009,24.86140
11-08-2009,24.92030
10-08-2009,24.80450
07-08-2009,25.05900
06-08-2009,25.66480
05-08-2009,26.26670
04-08-2009,26.23020
03-08-2009,26.39350
31-07-2009,25.91950
30-07-2009,25.54840
29-07-2009,25.28090
28-07-2009,25.56700
27-07-2009,25.51670
24-07-2009,25.45140
23-07-2009,25.24260
22-07-2009,24.75440
21-07-2009,25.20520
20-07-2009,25.38890
17-07-2009,24.68090
16-07-2009,23.94340
15-07-2009,23.95690
14-07-2009,23.30480
13-07-2009,22.52340
10-07-2009,22.75680
09-07-2009,23.18000
08-07-2009,23.11740
07-07-2009,23.75020
06-07-2009,23.50000
03-07-2009,25.04200
02-07-2009,24.69170
01-07-2009,24.66970
30-06-2009,24.41610
29-06-2009,25.06650
26-06-2009,24.82120
25-06-2009,24.13620
24-06-2009,24.16480
23-06-2009,23.86890
22-06-2009,23.87860
19-06-2009,24.13170
18-06-2009,23.73050
17-06-2009,24.19920
16-06-2009,25.01620
15-06-2009,24.68200
12-06-2009,25.24450
11-06-2009,25.63400
10-06-2009,25.80050
09-06-2009,25.22780
08-06-2009,24.50470
05-06-2009,25.49180
04-06-2009,25.31710
03-06-2009,25.00300
02-06-2009,24.89040
01-06-2009,24.90650
29-05-2009,24.59790
28-05-2009,24.03080
27-05-2009,23.86570
26-05-2009,22.91340
25-05-2009,23.56330
22-05-2009,23.50790
21-05-2009,23.18760
20-05-2009,23.71960
19-05-2009,23.80250
15-05-2009,20.40230
14-05-2009,19.94150
13-05-2009,20.06880
12-05-2009,20.17680
11-05-2009,19.48790
08-05-2009,19.81910
07-05-2009,20.09460
06-05-2009,19.81610
05-05-2009,20.11140
04-05-2009,20.04950
29-04-2009,19.04780
28-04-2009,18.49360
27-04-2009,19.08700
24-04-2009,19.05080
23-04-2009,18.73480
22-04-2009,18.27000
21-04-2009,18.46500
20-04-2009,18.60860
17-04-2009,18.57400
16-04-2009,18.44290
15-04-2009,19.06640
13-04-2009,18.49330
09-04-2009,18.22270
08-04-2009,18.09500
06-04-2009,17.77860
02-04-2009,17.52470
01-04-2009,16.87420
31-03-2009,16.66420
30-03-2009,16.38610
27-03-2009,17.06970
26-03-2009,16.94260
25-03-2009,16.45780
24-03-2009,16.17570
23-03-2009,16.12980
20-03-2009,15.46360
19-03-2009,15.55420
18-03-2009,15.55150
17-03-2009,15.39050
16-03-2009,15.53100
13-03-2009,15.24050
12-03-2009,14.71840
09-03-2009,14.49920
06-03-2009,14.71770
05-03-2009,14.57280
04-03-2009,14.94780
03-03-2009,14.91420
02-03-2009,15.16050
27-02-2009,15.56070
26-02-2009,15.63210
25-02-2009,15.55880
24-02-2009,15.44530
20-02-2009,15.49870
19-02-2009,15.76840
18-02-2009,15.73110
17-02-2009,15.71820
16-02-2009,16.10810
13-02-2009,16.62060
12-02-2009,16.36590
11-02-2009,16.55090
10-02-2009,16.57070
09-02-2009,16.46830
06-02-2009,16.11320
05-02-2009,15.81680
04-02-2009,15.93970
03-02-2009,15.89150
02-02-2009,15.79510
30-01-2009,16.26540
29-01-2009,16.00790
28-01-2009,16.07620
27-01-2009,15.71030
23-01-2009,15.27290
22-01-2009,15.50280
21-01-2009,15.49320
20-01-2009,15.93250
19-01-2009,16.22110
16-01-2009,16.18180
15-01-2009,15.79740
14-01-2009,16.28960
13-01-2009,15.84530
12-01-2009,15.93560
09-01-2009,16.39590
07-01-2009,16.77780
06-01-2009,18.09670
05-01-2009,17.99930
02-01-2009,17.55810
01-01-2009,17.43470
31-12-2008,17.04150
30-12-2008,17.13960
29-12-2008,16.83170
26-12-2008,16.48660
24-12-2008,16.85940
23-12-2008,16.97250
22-12-2008,17.39870
19-12-2008,17.68300
18-12-2008,17.57920
17-12-2008,16.96400
16-12-2008,17.43550
15-12-2008,17.20150
12-12-2008,16.92490
11-12-2008,16.88360
10-12-2008,16.93840
08-12-2008,16.25730
05-12-2008,15.96180
04-12-2008,16.36540
03-12-2008,15.66950
02-12-2008,15.65430
01-12-2008,15.76210
28-11-2008,16.19460
26-11-2008,16.06120
25-11-2008,15.59130
24-11-2008,15.87810
21-11-2008,15.85540
20-11-2008,15.19380
19-11-2008,15.64290
18-11-2008,15.88650
17-11-2008,16.44760
14-11-2008,16.69260
12-11-2008,16.98190
11-11-2008,17.46680
10-11-2008,18.52550
07-11-2008,17.67140
06-11-2008,17.34090
05-11-2008,17.90410
04-11-2008,18.72280
03-11-2008,18.18740
31-10-2008,17.35890
29-10-2008,16.31220
27-10-2008,15.60660
24-10-2008,15.95630
23-10-2008,17.47850
22-10-2008,18.03770
21-10-2008,18.82840
20-10-2008,18.27540
17-10-2008,17.95300
16-10-2008,18.81550
15-10-2008,19.12050
14-10-2008,20.02000
13-10-2008,19.81010
10-10-2008,18.62910
08-10-2008,19.96680
07-10-2008,20.60600
06-10-2008,20.79600
03-10-2008,21.94700
01-10-2008,22.71450
30-09-2008,22.40800
29-09-2008,21.94950
26-09-2008,22.73240
25-09-2008,23.39080
24-09-2008,23.57560
23-09-2008,23.40370
22-09-2008,23.95830
19-09-2008,24.03420
18-09-2008,22.99690
17-09-2008,22.86590
16-09-2008,23.34340
15-09-2008,23.36280
12-09-2008,24.12330
11-09-2008,24.56880
10-09-2008,25.05880
09-09-2008,25.37190
08-09-2008,25.48440
05-09-2008,24.83000
04-09-2008,25.42370
02-09-2008,25.62610
01-09-2008,24.78240
29-08-2008,24.83850
28-08-2008,24.05140
27-08-2008,24.42210
26-08-2008,24.69070
25-08-2008,24.66780
22-08-2008,24.62940
21-08-2008,24.42990
20-08-2008,25.03280
19-08-2008,24.83730
18-08-2008,25.03410
14-08-2008,25.20000
13-08-2008,25.84010
12-08-2008,26.04800
11-08-2008,26.49240
08-08-2008,25.95360
07-08-2008,25.82510
06-08-2008,25.78790
05-08-2008,25.71510
04-08-2008,25.17250
01-08-2008,25.21100
31-07-2008,24.78710
30-07-2008,24.69130
29-07-2008,23.97680
28-07-2008,24.84450
25-07-2008,24.74930
24-07-2008,25.51400
23-07-2008,25.80800
22-07-2008,24.41240
21-07-2008,23.99230
18-07-2008,23.94020
17-07-2008,23.12950
16-07-2008,22.73050
15-07-2008,23.14250
14-07-2008,24.29050
11-07-2008,24.45560
10-07-2008,24.83270
09-07-2008,24.88660
08-07-2008,23.91780
07-07-2008,24.10750
04-07-2008,23.99670
03-07-2008,23.40460
02-07-2008,24.57530
01-07-2008,23.34360
30-06-2008,24.25880
27-06-2008,24.97490
26-06-2008,25.95610
25-06-2008,25.76170
24-06-2008,25.10920
23-06-2008,25.49690
20-06-2008,26.41360
19-06-2008,27.51790
18-06-2008,27.85430
17-06-2008,28.26120
16-06-2008,27.85450
13-06-2008,27.57370
12-06-2008,27.60220
11-06-2008,27.08670
10-06-2008,26.70300
09-06-2008,27.03680
06-06-2008,27.92900
05-06-2008,28.20310
04-06-2008,28.15170
03-06-2008,29.10680
02-06-2008,29.58360
30-05-2008,30.22660
29-05-2008,30.09400
28-05-2008,30.30370
27-05-2008,29.98470
26-05-2008,30.10010
23-05-2008,30.84480
22-05-2008,31.21170
21-05-2008,31.80950
20-05-2008,31.62040
16-05-2008,31.56980
15-05-2008,31.26670
14-05-2008,30.77620
13-05-2008,30.29480
12-05-2008,30.49010
09-05-2008,30.62180
08-05-2008,31.17390
07-05-2008,31.33270
06-05-2008,31.70080
05-05-2008,32.04040
02-05-2008,32.15980
30-04-2008,31.88670
29-04-2008,31.76300
28-04-2008,31.27760
25-04-2008,31.20960
24-04-2008,30.46070
23-04-2008,30.69140
22-04-2008,30.76170
21-04-2008,30.49280
17-04-2008,29.93430
16-04-2008,29.36250
15-04-2008,29.21800
11-04-2008,28.73600
10-04-2008,28.39100
09-04-2008,28.26710
08-04-2008,28.00430
07-04-2008,28.09700
04-04-2008,27.53360
03-04-2008,28.06540
02-04-2008,27.92970
01-04-2008,27.88720
31-03-2008,28.22150
28-03-2008,28.91800
27-03-2008,27.89930
26-03-2008,27.98080
25-03-2008,27.83950
24-03-2008,26.32490
19-03-2008,26.57560
18-03-2008,26.42560
17-03-2008,26.66070
14-03-2008,28.84100
13-03-2008,28.19130
12-03-2008,30.06260
11-03-2008,30.14330
10-03-2008,29.01450
07-03-2008,28.98040
05-03-2008,30.15900
04-03-2008,30.21950
03-03-2008,30.87010
29-02-2008,32.80220
28-02-2008,33.28510
27-02-2008,33.14080
26-02-2008,32.77580
25-02-2008,32.40750
22-02-2008,32.17770
21-02-2008,32.68260
20-02-2008,32.50380
19-02-2008,33.17160
18-02-2008,33.05320
15-02-2008,33.05050
14-02-2008,32.32660
13-02-2008,30.80930
12-02-2008,30.20270
11-02-2008,30.43370
08-02-2008,32.00020
07-02-2008,32.59730
06-02-2008,33.91050
05-02-2008,34.58620
04-02-2008,34.37770
01-02-2008,33.22610
31-01-2008,32.83490
30-01-2008,33.24400
29-01-2008,34.31390
28-01-2008,34.32980
25-01-2008,34.70090
24-01-2008,32.73040
23-01-2008,34.13550
22-01-2008,31.80090
21-01-2008,32.41660
18-01-2008,36.28690
17-01-2008,38.06970
16-01-2008,38.23170
15-01-2008,39.00470
14-01-2008,39.76590
11-01-2008,39.60030
10-01-2008,39.11120
09-01-2008,40.26670
08-01-2008,40.12620
07-01-2008,41.18760
04-01-2008,41.52000
03-01-2008,41.18650
02-01-2008,40.98780
01-01-2008,40.70660
31-12-2007,40.61550
28-12-2007,39.65650
27-12-2007,39.25450
26-12-2007,39.05300
24-12-2007,38.34890
20-12-2007,37.56680
19-12-2007,37.61140
18-12-2007,37.43970
17-12-2007,37.31960
14-12-2007,39.18700
13-12-2007,38.72810
12-12-2007,39.00570
11-12-2007,38.71590
10-12-2007,38.44030
07-12-2007,38.24040
06-12-2007,38.02320
05-12-2007,37.66100
04-12-2007,37.03490
03-12-2007,36.74050
30-11-2007,36.10800
29-11-2007,35.12240
28-11-2007,35.10100
27-11-2007,35.75780
26-11-2007,35.69530
23-11-2007,35.04970
22-11-2007,34.46060
21-11-2007,34.91740
20-11-2007,36.36000
19-11-2007,36.96770
16-11-2007,36.61510
15-11-2007,36.26320
14-11-2007,35.40050
13-11-2007,34.23400
12-11-2007,33.94610
08-11-2007,34.17810
07-11-2007,34.77760
06-11-2007,34.75130
05-11-2007,35.24630
02-11-2007,35.46480
01-11-2007,35.31830
31-10-2007,36.22270
30-10-2007,35.78470
29-10-2007,35.85590
26-10-2007,35.26010
25-10-2007,34.52160
24-10-2007,34.02400
23-10-2007,33.94500
22-10-2007,32.34230
19-10-2007,32.09640
18-10-2007,33.23120
17-10-2007,34.48920
16-10-2007,35.05050
15-10-2007,34.66480
12-10-2007,33.60420
11-10-2007,33.99040
10-10-2007,33.27430
09-10-2007,32.82320
08-10-2007,31.81170
05-10-2007,32.63190
04-10-2007,33.09930
03-10-2007,32.50990
01-10-2007,32.37230
28-09-2007,31.61830
27-09-2007,31.26700
26-09-2007,31.30890
25-09-2007,31.36800
24-09-2007,31.65920
21-09-2007,31.38600
20-09-2007,31.18840
19-09-2007,30.99280
18-09-2007,30.39780
17-09-2007,30.03710
14-09-2007,30.08360
12-09-2007,29.81380
11-09-2007,29.73450
10-09-2007,29.69360
07-09-2007,29.36290
06-09-2007,29.63770
05-09-2007,29.39660
04-09-2007,29.41950
03-09-2007,29.10510
31-08-2007,28.72010
30-08-2007,28.09400
29-08-2007,28.01280
28-08-2007,27.95420
27-08-2007,27.69480
24-08-2007,26.90960
23-08-2007,26.52090
22-08-2007,26.61040
21-08-2007,26.28720
20-08-2007,27.24500
17-08-2007,26.74550
16-08-2007,27.09140
14-08-2007,28.15870
13-08-2007,28.39120
10-08-2007,27.87470
09-08-2007,28.34370
08-08-2007,28.85790
07-08-2007,28.38550
06-08-2007,28.26030
03-08-2007,28.50280
02-08-2007,28.13020
01-08-2007,28.04110
31-07-2007,29.51040
30-07-2007,29.02280
27-07-2007,28.86770
26-07-2007,30.19170
25-07-2007,29.88110
24-07-2007,30.07310
23-07-2007,30.21120
20-07-2007,29.90020
19-07-2007,30.00330
18-07-2007,29.83950
17-07-2007,29.90630
16-07-2007,30.37900
13-07-2007,30.18930
12-07-2007,29.94880
11-07-2007,29.45820
10-07-2007,29.36060
09-07-2007,29.39520
06-07-2007,29.26810
05-07-2007,29.10270
04-07-2007,29.26730
03-07-2007,29.22820
02-07-2007,28.86730
29-06-2007,28.62540
28-06-2007,28.51890
27-06-2007,28.30840
26-06-2007,28.45800
25-06-2007,28.20960
22-06-2007,28.07650
21-06-2007,27.92340
20-06-2007,27.82840
19-06-2007,27.52720
18-06-2007,27.18900
15-06-2007,27.19240
14-06-2007,27.24180
13-06-2007,26.68910
12-06-2007,26.75650
11-06-2007,26.83450
08-06-2007,26.85810
07-06-2007,26.93580
06-06-2007,27.09680
05-06-2007,27.68020
04-06-2007,27.60670
01-06-2007,27.88780
31-05-2007,27.82520
30-05-2007,27.64830
29-05-2007,27.80350
28-05-2007,27.51160
25-05-2007,26.99300
24-05-2007,26.94410
23-05-2007,26.93060
22-05-2007,27.14580
21-05-2007,26.96430
18-05-2007,26.67640
17-05-2007,26.76840
16-05-2007,26.49600
15-05-2007,26.04850
14-05-2007,26.04590
11-05-2007,25.71060
10-05-2007,25.53320
09-05-2007,25.52500
08-05-2007,25.45520
07-05-2007,25.65510
04-05-2007,25.79640
03-05-2007,25.85300
30-04-2007,25.70290
27-04-2007,25.71430
26-04-2007,26.08370
25-04-2007,26.05360
24-04-2007,25.63040
23-04-2007,25.46510
20-04-2007,25.48790
19-04-2007,25.14310
18-04-2007,25.18290
17-04-2007,25.10120
16-04-2007,25.38490
13-04-2007,24.99420
12-04-2007,24.64100
11-04-2007,24.47010
10-04-2007,24.42060
09-04-2007,24.12350
05-04-2007,23.62100
04-04-2007,23.41970
03-04-2007,23.45910
02-04-2007,23.37630
30-03-2007,24.10000
29-03-2007,23.88000
28-03-2007,23.69000
26-03-2007,24.02000
23-03-2007,24.20000
22-03-2007,24.15000
21-03-2007,23.87000
20-03-2007,23.63000
19-03-2007,23.38000
16-03-2007,23.16000
15-03-2007,23.44000
14-03-2007,23.28000
13-03-2007,23.67000
12-03-2007,23.34000
09-03-2007,22.94000
08-03-2007,23.14000
07-03-2007,22.18000
06-03-2007,22.78000
05-03-2007,22.56000
02-03-2007,23.63000
01-03-2007,23.93000
28-02-2007,23.91000
27-02-2007,25.02000
26-02-2007,25.06000
23-02-2007,24.81000
22-02-2007,25.59000
21-02-2007,25.82000
20-02-2007,25.89000
19-02-2007,26.31000
15-02-2007,26.36000
14-02-2007,25.81000
13-02-2007,25.82000
12-02-2007,25.98000
09-02-2007,27.09000
08-02-2007,27.67000
07-02-2007,27.78000
06-02-2007,27.66000
05-02-2007,27.23000
02-02-2007,27.15000
01-02-2007,27.02000
31-01-2007,26.97000
29-01-2007,27.42000
25-01-2007,27.43000
24-01-2007,27.17000
23-01-2007,27.08000
22-01-2007,27.52000
19-01-2007,27.55000
18-01-2007,27.42000
17-01-2007,27.41000
16-01-2007,27.52000
15-01-2007,27.37000
12-01-2007,27.08000
11-01-2007,26.76000
10-01-2007,26.55000
09-01-2007,26.86000
08-01-2007,26.88000
05-01-2007,27.15000
04-01-2007,27.10000
03-01-2007,27.10000
02-01-2007,26.71000
29-12-2006,26.41000
28-12-2006,26.35000
27-12-2006,26.41000
26-12-2006,26.01000
22-12-2006,25.58000
21-12-2006,25.26000
20-12-2006,25.13000
19-12-2006,25.40000
18-12-2006,25.92000
15-12-2006,25.92000
14-12-2006,25.74000
13-12-2006,25.11000
12-12-2006,24.52000
11-12-2006,25.68000
08-12-2006,26.34000
07-12-2006,26.73000
06-12-2006,26.31000
05-12-2006,26.58000
04-12-2006,26.69000
01-12-2006,26.78000
29-11-2006,26.47000
28-11-2006,26.25000
27-11-2006,26.45000
24-11-2006,26.53000
23-11-2006,26.27000
22-11-2006,26.25000
21-11-2006,25.85000
20-11-2006,24.96000
17-11-2006,25.11000
16-11-2006,25.51000
15-11-2006,25.57000
14-11-2006,25.64000
13-11-2006,25.85000
10-11-2006,25.66000
09-11-2006,25.56000
08-11-2006,25.39000
07-11-2006,25.63000
06-11-2006,25.36000
03-11-2006,24.82000
02-11-2006,24.56000
01-11-2006,24.51000
31-10-2006,24.33000
30-10-2006,24.31000
27-10-2006,23.97000
26-10-2006,23.82000
23-10-2006,23.63000
20-10-2006,23.68000
19-10-2006,23.71000
18-10-2006,23.96000
17-10-2006,24.01000
16-10-2006,24.01000
13-10-2006,23.95000
12-10-2006,23.78000
11-10-2006,23.38000
10-10-2006,23.70000
09-10-2006,23.83000
06-10-2006,23.63000
05-10-2006,23.45000
04-10-2006,23.02000
03-10-2006,23.25000
29-09-2006,23.01000
28-09-2006,22.71000
27-09-2006,22.60000
26-09-2006,22.56000
25-09-2006,22.42000
22-09-2006,22.52000
21-09-2006,22.63000
20-09-2006,22.37000
19-09-2006,22.10000
18-09-2006,22.43000
15-09-2006,22.31000
13-09-2006,22.31000
12-09-2006,21.99000
11-09-2006,21.66000
08-09-2006,22.69000
07-09-2006,22.46000
06-09-2006,22.52000
05-09-2006,22.34000
04-09-2006,21.96000
01-09-2006,21.56000
31-08-2006,21.32000
30-08-2006,21.64000
29-08-2006,21.70000
28-08-2006,21.70000
25-08-2006,21.64000
24-08-2006,21.21000
23-08-2006,20.94000
22-08-2006,21.26000
21-08-2006,21.25000
18-08-2006,20.97000
17-08-2006,20.98000
16-08-2006,20.89000
14-08-2006,20.60000
11-08-2006,20.35000
10-08-2006,20.22000
09-08-2006,19.95000
08-08-2006,19.69000
07-08-2006,19.23000
04-08-2006,19.22000
03-08-2006,19.33000
02-08-2006,19.26000
01-08-2006,18.80000
31-07-2006,18.93000
28-07-2006,18.83000
27-07-2006,18.59000
26-07-2006,18.40000
25-07-2006,17.92000
24-07-2006,17.57000
21-07-2006,17.47000
20-07-2006,17.83000
19-07-2006,17.40000
18-07-2006,17.86000
17-07-2006,18.22000
14-07-2006,18.66000
13-07-2006,18.82000
12-07-2006,18.85000
11-07-2006,18.54000
10-07-2006,18.60000
07-07-2006,18.38000
06-07-2006,18.79000
05-07-2006,18.86000
04-07-2006,18.68000
03-07-2006,18.62000
30-06-2006,18.46000
29-06-2006,17.59000
28-06-2006,17.54000
27-06-2006,17.51000
26-06-2006,17.66000
23-06-2006,18.48000
22-06-2006,18.30000
21-06-2006,17.77000
20-06-2006,17.23000
19-06-2006,17.22000
16-06-2006,16.82000
15-06-2006,16.16000
14-06-2006,15.11000
13-06-2006,15.62000
12-06-2006,16.72000
09-06-2006,17.12000
08-06-2006,16.12000
07-06-2006,17.48000
06-06-2006,18.45000
05-06-2006,18.99000
02-06-2006,19.34000
01-06-2006,18.96000
31-05-2006,19.79000
30-05-2006,20.51000
29-05-2006,20.84000
26-05-2006,20.51000
25-05-2006,19.92000
24-05-2006,19.98000
23-05-2006,20.47000
22-05-2006,19.41000
19-05-2006,20.57000
18-05-2006,21.56000
17-05-2006,23.17000
16-05-2006,22.66000
15-05-2006,22.76000
12-05-2006,23.86000
11-05-2006,24.24000
10-05-2006,24.38000
09-05-2006,24.17000
08-05-2006,23.90000
05-05-2006,23.93000
04-05-2006,24.03000
03-05-2006,24.22000
02-05-2006,24.05000
28-04-2006,23.29000
27-04-2006,23.17000
26-04-2006,23.19000
25-04-2006,22.76000
24-04-2006,23.19000
21-04-2006,23.01000
20-04-2006,23.12000
19-04-2006,22.81000
18-04-2006,22.91000
17-04-2006,22.51000
13-04-2006,21.95000
12-04-2006,22.46000
10-04-2006,22.88000
07-04-2006,22.63000
05-04-2006,22.87000
04-04-2006,22.13000
03-04-2006,21.99000
