date,nav
29-09-2026,114.17860
28-09-2026,114.20510
25-09-2026,116.04950
24-09-2026,115.94370
23-09-2026,117.51910
22-09-2026,116.15200
21-09-2026,115.80280
18-09-2026,116.50250
17-09-2026,114.78020
16-09-2026,114.39560
15-09-2026,114.54680
11-09-2026,117.23960
10-09-2026,118.74520
09-09-2026,119.31740
08-09-2026,119.23680
07-09-2026,119.08210
04-09-2026,119.83810
03-09-2026,119.22890
02-09-2026,118.69340
01-09-2026,118.38660
31-08-2026,118.37970
28-08-2026,118.58480
27-08-2026,118.15970
26-08-2026,118.87480
25-08-2026,117.93530
24-08-2026,117.94360
21-08-2026,117.25440
20-08-2026,117.49300
19-08-2026,117.05900
18-08-2026,117.49620
17-08-2026,118.14570
14-08-2026,117.51720
13-08-2026,117.80200
12-08-2026,117.70300
11-08-2026,118.15930
10-08-2026,118.54210
07-08-2026,117.76610
06-08-2026,117.75940
05-08-2026,118.13690
04-08-2026,117.25090
03-08-2026,117.04910
31-07-2026,116.08220
30-07-2026,115.42660
29-07-2026,116.01430
28-07-2026,114.82650
27-07-2026,115.25690
24-07-2026,114.83490
23-07-2026,114.98160
22-07-2026,115.65120
21-07-2026,116.63850
20-07-2026,116.06990
17-07-2026,115.42260
16-07-2026,116.01360
15-07-2026,115.85170
14-07-2026,115.05130
13-07-2026,115.04770
10-07-2026,114.73360
09-07-2026,113.59540
08-07-2026,113.01060
07-07-2026,114.83850
06-07-2026,115.44130
03-07-2026,115.30020
02-07-2026,114.97640
01-07-2026,114.07430
30-06-2026,114.63460
29-06-2026,113.71540
25-06-2026,113.91580
24-06-2026,115.27880
23-06-2026,114.68540
22-06-2026,116.21910
19-06-2026,115.51570
18-06-2026,116.02830
17-06-2026,115.27850
16-06-2026,115.27710
15-06-2026,115.46010
12-06-2026,114.30240
11-06-2026,112.77970
10-06-2026,113.27400
09-06-2026,114.35840
08-06-2026,114.25180
05-06-2026,115.74090
04-06-2026,116.79880
03-06-2026,117.14320
02-06-2026,117.19580
01-06-2026,116.72230
31-05-2026,116.71090
29-05-2026,116.72300
27-05-2026,118.65440
26-05-2026,118.19390
25-05-2026,117.99370
22-05-2026,117.25220
21-05-2026,117.19750
20-05-2026,116.85130
19-05-2026,116.49320
18-05-2026,116.25190
15-05-2026,117.04870
14-05-2026,118.47130
13-05-2026,117.78020
12-05-2026,115.69750
11-05-2026,116.74720
08-05-2026,118.11740
07-05-2026,119.10850
06-05-2026,117.93750
05-05-2026,117.69340
04-05-2026,118.12260
30-04-2026,117.45620
29-04-2026,118.27120
28-04-2026,118.01110
27-04-2026,117.30460
24-04-2026,115.42580
23-04-2026,116.10820
22-04-2026,116.44000
21-04-2026,115.63990
20-04-2026,115.56140
17-04-2026,115.33810
16-04-2026,114.40110
15-04-2026,113.78020
13-04-2026,112.16910
10-04-2026,112.45970
09-04-2026,111.66130
08-04-2026,111.52440
07-04-2026,108.98590
06-04-2026,108.10990
02-04-2026,107.28370
01-04-2026,107.25700
31-03-2026,105.38380
30-03-2026,105.38930
27-03-2026,106.40150
25-03-2026,107.84560
24-03-2026,106.15280
23-03-2026,104.55360
20-03-2026,108.13860
19-03-2026,107.15560
18-03-2026,109.21080
17-03-2026,108.55190
16-03-2026,107.24310
13-03-2026,107.55430
12-03-2026,110.74740
11-03-2026,110.28700
10-03-2026,110.41880
09-03-2026,109.15040
06-03-2026,111.52580
05-03-2026,112.36810
04-03-2026,110.68650
02-03-2026,113.79010
28-02-2026,115.03670
27-02-2026,115.04330
26-02-2026,116.04740
25-02-2026,115.44430
24-02-2026,114.41700
23-02-2026,114.07670
20-02-2026,113.99690
19-02-2026,113.31330
18-02-2026,114.43290
17-02-2026,113.48490
16-02-2026,113.60730
13-02-2026,112.69880
12-02-2026,114.73500
11-02-2026,115.19990
10-02-2026,115.22870
09-02-2026,114.57880
06-02-2026,113.50290
05-02-2026,113.48200
04-02-2026,113.50430
03-02-2026,111.61710
02-02-2026,109.01780
31-01-2026,110.58950
30-01-2026,110.59620
29-01-2026,112.58760
28-01-2026,110.83500
27-01-2026,108.43160
23-01-2026,106.85930
22-01-2026,108.17310
21-01-2026,107.29300
20-01-2026,107.20650
19-01-2026,109.63950
16-01-2026,110.67910
14-01-2026,110.75210
13-01-2026,109.45120
12-01-2026,108.97040
09-01-2026,107.73870
08-01-2026,108.30600
07-01-2026,111.20170
06-01-2026,111.19070
05-01-2026,111.82060
02-01-2026,111.83260
01-01-2026,110.57510
31-12-2025,110.37870
30-12-2025,108.68120
29-12-2025,107.54790
26-12-2025,107.63180
24-12-2025,107.47740
23-12-2025,107.64730
22-12-2025,107.06750
19-12-2025,106.26770
18-12-2025,105.71010
17-12-2025,105.92280
16-12-2025,106.20720
15-12-2025,106.93230
12-12-2025,106.45230
11-12-2025,105.04020
10-12-2025,104.21130
09-12-2025,103.93480
08-12-2025,104.10100
05-12-2025,105.62640
04-12-2025,105.61230
03-12-2025,105.57460
02-12-2025,106.03490
01-12-2025,106.43750
30-11-2025,106.06470
28-11-2025,106.07690
27-11-2025,106.57500
26-11-2025,106.96020
25-11-2025,105.28820
24-11-2025,105.26840
21-11-2025,106.42630
20-11-2025,107.68810
19-11-2025,107.69640
18-11-2025,107.74640
17-11-2025,108.51060
14-11-2025,108.03690
13-11-2025,108.39350
12-11-2025,108.12960
11-11-2025,108.01950
10-11-2025,107.87860
07-11-2025,107.86030
06-11-2025,107.10960
04-11-2025,108.31090
03-11-2025,109.39510
31-10-2025,108.76370
30-10-2025,109.57880
29-10-2025,110.18850
28-10-2025,108.33350
27-10-2025,108.22320
24-10-2025,107.13590
23-10-2025,106.87480
20-10-2025,106.61970
17-10-2025,105.87550
16-10-2025,106.68370
15-10-2025,105.90160
14-10-2025,104.86060
13-10-2025,105.93050
10-10-2025,106.43480
09-10-2025,106.66000
08-10-2025,105.41340
07-10-2025,105.88450
06-10-2025,105.84430
03-10-2025,106.09110
01-10-2025,104.91390
30-09-2025,104.73480
26-09-2025,104.28380
25-09-2025,106.01970
24-09-2025,106.34350
23-09-2025,106.76690
22-09-2025,106.73870
19-09-2025,106.85260
18-09-2025,106.83300
17-09-2025,106.96010
16-09-2025,106.59710
15-09-2025,105.83610
12-09-2025,105.46990
11-09-2025,105.25720
10-09-2025,104.99390
09-09-2025,104.65840
08-09-2025,104.87830
05-09-2025,104.65420
04-09-2025,104.42800
03-09-2025,105.12780
02-09-2025,103.60190
01-09-2025,102.77260
31-08-2025,101.40080
29-08-2025,101.41400
28-08-2025,102.10050
26-08-2025,102.93900
25-08-2025,104.55290
22-08-2025,104.15670
21-08-2025,105.17760
20-08-2025,104.91380
19-08-2025,104.75240
18-08-2025,103.58170
14-08-2025,102.24860
13-08-2025,103.13330
12-08-2025,102.80170
11-08-2025,102.33020
08-08-2025,101.97640
07-08-2025,102.76970
06-08-2025,102.65050
05-08-2025,103.47030
04-08-2025,103.58410
01-08-2025,102.28990
31-07-2025,103.57310
30-07-2025,104.79850
29-07-2025,104.87780
28-07-2025,103.92500
25-07-2025,104.58440
24-07-2025,105.72480
23-07-2025,106.07970
22-07-2025,105.99660
21-07-2025,106.12950
18-07-2025,105.72210
17-07-2025,105.56800
16-07-2025,105.29440
15-07-2025,105.19210
14-07-2025,104.78260
11-07-2025,104.49970
10-07-2025,105.06440
09-07-2025,105.04430
08-07-2025,105.82160
07-07-2025,105.72940
04-07-2025,105.86630
03-07-2025,105.82390
02-07-2025,105.79810
01-07-2025,105.09870
30-06-2025,104.73130
27-06-2025,104.88920
26-06-2025,104.25430
25-06-2025,102.82310
24-06-2025,102.15010
23-06-2025,101.57250
20-06-2025,101.15140
19-06-2025,100.14930
18-06-2025,100.96140
17-06-2025,101.62780
16-06-2025,102.60380
13-06-2025,101.82320
12-06-2025,102.46670
11-06-2025,104.18190
10-06-2025,103.78940
09-06-2025,103.67640
06-06-2025,102.97880
05-06-2025,102.00250
04-06-2025,101.66510
03-06-2025,101.13760
02-06-2025,101.68060
31-05-2025,101.73760
30-05-2025,101.74400
29-05-2025,102.49560
28-05-2025,102.02740
27-05-2025,102.45010
26-05-2025,102.81660
23-05-2025,102.48780
22-05-2025,101.67910
21-05-2025,102.34850
20-05-2025,102.04010
19-05-2025,102.19510
16-05-2025,102.08190
15-05-2025,101.82260
14-05-2025,101.15050
13-05-2025,99.32640
12-05-2025,100.15000
09-05-2025,96.12430
08-05-2025,97.03910
07-05-2025,98.59850
06-05-2025,97.46450
05-05-2025,97.58920
02-05-2025,96.60770
30-04-2025,96.37260
29-04-2025,97.18610
28-04-2025,97.79200
25-04-2025,96.39010
24-04-2025,98.31960
23-04-2025,97.92920
22-04-2025,97.70560
21-04-2025,97.41850
17-04-2025,95.79640
16-04-2025,95.33380
15-04-2025,94.21990
11-04-2025,92.36740
09-04-2025,89.87110
08-04-2025,90.19560
07-04-2025,88.99010
04-04-2025,92.23930
03-04-2025,96.13840
02-04-2025,95.58210
01-04-2025,94.95940
31-03-2025,94.90400
28-03-2025,94.91890
27-03-2025,95.26160
26-03-2025,94.63170
25-03-2025,95.42030
24-03-2025,96.18690
21-03-2025,95.62900
20-03-2025,94.56610
19-03-2025,93.89730
18-03-2025,92.25190
17-03-2025,90.98090
13-03-2025,90.71050
12-03-2025,90.97290
11-03-2025,90.82360
10-03-2025,90.87130
07-03-2025,92.42960
06-03-2025,91.86650
05-03-2025,90.07410
04-03-2025,87.89750
03-03-2025,87.17400
28-02-2025,87.00730
27-02-2025,88.24500
25-02-2025,88.77620
24-02-2025,89.70920
21-02-2025,91.01230
20-02-2025,91.23320
19-02-2025,89.96720
18-02-2025,89.11760
17-02-2025,89.19350
14-02-2025,88.55070
13-02-2025,90.29230
12-02-2025,90.10990
11-02-2025,90.18180
10-02-2025,92.49690
07-02-2025,94.68670
06-02-2025,94.26120
05-02-2025,95.05700
04-02-2025,93.76810
03-02-2025,91.93660
31-01-2025,94.43250
30-01-2025,93.08960
29-01-2025,92.57810
28-01-2025,90.82340
27-01-2025,91.50570
24-01-2025,93.73160
23-01-2025,95.16820
22-01-2025,94.76010
21-01-2025,95.66880
20-01-2025,96.49880
17-01-2025,95.77090
16-01-2025,94.91160
15-01-2025,93.74090
14-01-2025,93.62810
13-01-2025,92.01200
10-01-2025,94.85250
09-01-2025,96.43720
08-01-2025,97.92010
07-01-2025,98.28190
06-01-2025,96.79230
03-01-2025,99.97380
02-01-2025,99.56270
01-01-2025,98.47540
31-12-2024,98.27070
30-12-2024,97.14850
27-12-2024,98.35670
26-12-2024,98.87170
24-12-2024,98.97100
23-12-2024,99.36160
20-12-2024,99.04070
19-12-2024,101.49930
18-12-2024,101.98180
17-12-2024,102.96590
16-12-2024,104.06860
13-12-2024,104.40750
12-12-2024,104.77820
11-12-2024,105.27530
10-12-2024,105.14340
09-12-2024,104.77050
06-12-2024,104.62980
05-12-2024,103.82350
04-12-2024,103.34220
03-12-2024,103.66300
02-12-2024,102.02830
30-11-2024,101.09470
29-11-2024,101.10020
28-11-2024,100.30090
27-11-2024,100.85360
26-11-2024,100.22410
25-11-2024,100.18210
22-11-2024,98.68100
21-11-2024,96.68230
19-11-2024,97.30510
18-11-2024,97.15170
14-11-2024,97.33300
13-11-2024,97.26870
12-11-2024,99.32320
11-11-2024,100.39100
08-11-2024,101.29500
07-11-2024,102.87590
06-11-2024,104.18670
05-11-2024,102.33930
04-11-2024,100.85420
31-10-2024,102.19150
30-10-2024,101.71770
29-10-2024,101.59470
28-10-2024,101.02710
25-10-2024,99.20160
24-10-2024,101.71690
23-10-2024,101.35330
22-10-2024,101.63190
21-10-2024,104.50610
18-10-2024,105.99900
17-10-2024,105.74830
16-10-2024,106.92200
15-10-2024,106.87130
14-10-2024,107.14560
11-10-2024,107.28850
10-10-2024,106.85100
09-10-2024,106.60640
08-10-2024,106.59850
07-10-2024,105.83120
04-10-2024,108.37660
03-10-2024,109.14480
01-10-2024,111.20100
30-09-2024,111.36250
27-09-2024,111.68860
26-09-2024,110.83230
25-09-2024,110.19680
24-09-2024,110.14140
23-09-2024,108.89260
20-09-2024,108.26210
19-09-2024,106.80160
18-09-2024,107.10350
17-09-2024,107.47790
16-09-2024,107.06390
13-09-2024,106.31240
12-09-2024,106.07650
11-09-2024,104.14320
10-09-2024,105.82120
09-09-2024,105.18180
06-09-2024,105.96820
05-09-2024,107.65600
04-09-2024,108.10170
03-09-2024,107.69790
02-09-2024,108.10770
31-08-2024,108.82980
30-08-2024,108.83640
29-08-2024,107.69180
28-08-2024,107.60640
27-08-2024,107.71340
26-08-2024,107.96990
23-08-2024,106.55600
22-08-2024,106.83370
21-08-2024,106.42620
20-08-2024,106.31320
19-08-2024,105.71760
16-08-2024,103.99810
14-08-2024,102.31980
13-08-2024,103.77530
12-08-2024,104.07020
09-08-2024,103.41440
08-08-2024,102.17040
07-08-2024,103.79600
06-08-2024,100.37220
05-08-2024,100.70320
02-08-2024,104.47500
01-08-2024,106.22500
31-07-2024,105.83170
30-07-2024,104.80720
29-07-2024,104.07350
26-07-2024,103.52350
25-07-2024,102.26680
24-07-2024,101.73030
23-07-2024,100.70840
22-07-2024,101.13190
19-07-2024,100.57220
18-07-2024,103.67760
16-07-2024,104.26520
15-07-2024,104.41300
12-07-2024,103.26370
11-07-2024,102.83290
10-07-2024,101.86760
09-07-2024,102.66210
08-07-2024,102.75220
05-07-2024,102.71320
04-07-2024,101.83500
03-07-2024,101.74650
02-07-2024,100.97390
01-07-2024,101.00130
30-06-2024,100.48490
28-06-2024,100.49610
27-06-2024,99.66880
26-06-2024,98.80350
25-06-2024,98.65980
24-06-2024,98.91170
21-06-2024,99.47540
20-06-2024,99.95030
19-06-2024,99.27960
18-06-2024,100.37680
14-06-2024,100.52880
13-06-2024,99.96110
12-06-2024,99.55860
11-06-2024,98.56550
10-06-2024,97.80680
07-06-2024,97.48880
06-06-2024,95.19600
05-06-2024,93.11920
04-06-2024,90.17600
03-06-2024,100.72280
31-05-2024,96.74090
30-05-2024,95.76850
29-05-2024,97.79000
28-05-2024,98.13920
27-05-2024,98.81810
24-05-2024,99.18280
23-05-2024,99.20820
22-05-2024,98.95420
21-05-2024,98.98080
17-05-2024,97.54820
16-05-2024,96.35320
15-05-2024,96.22370
14-05-2024,95.45980
13-05-2024,94.07660
10-05-2024,94.41150
09-05-2024,92.94590
08-05-2024,95.76580
07-05-2024,94.98220
06-05-2024,96.45980
03-05-2024,97.94350
02-05-2024,98.19110
30-04-2024,97.34270
29-04-2024,97.73920
26-04-2024,97.43320
25-04-2024,97.30230
24-04-2024,96.48770
23-04-2024,95.32200
22-04-2024,94.90700
19-04-2024,94.08340
18-04-2024,93.80880
16-04-2024,94.52330
15-04-2024,94.34180
12-04-2024,94.79460
10-04-2024,95.61780
09-04-2024,94.85680
08-04-2024,94.36430
05-04-2024,93.71590
04-04-2024,93.74080
03-04-2024,94.18750
02-04-2024,94.05880
01-04-2024,92.92980
31-03-2024,90.64510
28-03-2024,90.66150
27-03-2024,90.16170
26-03-2024,90.08920
22-03-2024,89.59900
21-03-2024,89.35730
20-03-2024,87.16810
19-03-2024,87.00010
18-03-2024,88.23350
15-03-2024,87.41760
14-03-2024,88.01370
13-03-2024,86.13500
12-03-2024,90.60450
11-03-2024,91.70360
07-03-2024,93.33550
06-03-2024,93.44310
05-03-2024,94.35890
04-03-2024,94.32690
01-03-2024,92.67100
29-02-2024,90.52770
28-02-2024,90.36420
27-02-2024,91.73920
26-02-2024,92.06300
23-02-2024,92.35360
22-02-2024,92.39490
21-02-2024,91.54490
20-02-2024,92.84760
19-02-2024,92.34240
16-02-2024,92.61150
15-02-2024,92.36180
14-02-2024,90.75950
13-02-2024,89.40800
12-02-2024,89.31010
09-02-2024,92.29620
08-02-2024,94.08840
07-02-2024,94.12870
06-02-2024,93.89510
05-02-2024,92.55060
02-02-2024,92.59210
01-02-2024,91.58060
31-01-2024,91.91210
30-01-2024,90.94710
29-01-2024,91.24960
25-01-2024,89.34970
24-01-2024,88.89370
23-01-2024,87.22820
19-01-2024,89.11780
18-01-2024,87.50080
17-01-2024,88.07170
16-01-2024,89.70240
15-01-2024,89.59280
12-01-2024,89.64770
11-01-2024,89.63180
10-01-2024,89.37880
09-01-2024,89.29400
08-01-2024,88.71910
05-01-2024,89.56280
04-01-2024,89.43780
03-01-2024,89.05620
02-01-2024,89.49130
01-01-2024,89.43730
29-12-2023,88.95210
28-12-2023,89.15180
27-12-2023,87.27590
26-12-2023,86.87260
22-12-2023,85.72330
21-12-2023,84.70210
20-12-2023,82.93460
19-12-2023,85.51710
18-12-2023,84.99300
15-12-2023,84.64900
14-12-2023,83.53650
13-12-2023,83.27470
12-12-2023,82.24320
11-12-2023,82.71520
08-12-2023,82.60770
07-12-2023,82.89510
06-12-2023,83.00890
05-12-2023,83.08920
04-12-2023,82.76280
01-12-2023,81.55270
30-11-2023,81.12160
29-11-2023,80.56570
28-11-2023,80.23860
24-11-2023,79.44770
23-11-2023,79.72450
22-11-2023,79.41810
21-11-2023,79.35280
20-11-2023,78.79670
17-11-2023,78.73510
16-11-2023,78.46320
15-11-2023,78.51570
13-11-2023,78.38500
10-11-2023,76.67860
09-11-2023,75.79270
08-11-2023,75.92940
07-11-2023,75.65750
06-11-2023,75.85110
03-11-2023,74.96810
02-11-2023,74.75350
01-11-2023,74.17790
31-10-2023,74.56190
30-10-2023,74.98630
27-10-2023,74.62770
26-10-2023,73.54050
25-10-2023,74.11590
23-10-2023,74.15430
20-10-2023,76.47450
19-10-2023,77.25450
18-10-2023,77.24810
17-10-2023,77.42090
16-10-2023,77.32290
13-10-2023,76.78490
12-10-2023,76.65040
11-10-2023,76.16380
10-10-2023,75.63140
09-10-2023,74.76200
06-10-2023,75.84620
05-10-2023,75.94620
04-10-2023,76.04360
03-10-2023,77.31940
29-09-2023,77.17460
27-09-2023,75.98630
26-09-2023,75.84870
25-09-2023,75.25390
22-09-2023,75.00360
21-09-2023,75.21530
20-09-2023,76.05670
18-09-2023,76.85980
15-09-2023,77.10810
14-09-2023,77.49850
13-09-2023,77.03050
12-09-2023,76.45670
11-09-2023,78.34990
08-09-2023,77.54720
07-09-2023,76.79000
06-09-2023,76.22910
05-09-2023,76.39640
04-09-2023,76.53140
01-09-2023,75.34700
31-08-2023,74.21590
30-08-2023,74.09240
29-08-2023,73.47310
28-08-2023,72.57390
25-08-2023,72.45930
24-08-2023,73.08130
23-08-2023,73.67050
22-08-2023,73.55040
21-08-2023,72.96390
18-08-2023,72.36500
17-08-2023,72.27930
16-08-2023,72.31930
14-08-2023,72.41710
11-08-2023,73.24740
10-08-2023,72.94260
09-08-2023,72.71070
08-08-2023,71.98330
07-08-2023,72.30550
04-08-2023,72.33310
03-08-2023,71.72750
02-08-2023,71.65710
01-08-2023,72.61220
31-07-2023,72.01080
28-07-2023,70.64090
27-07-2023,70.45440
26-07-2023,70.57470
25-07-2023,70.64790
24-07-2023,69.83970
21-07-2023,70.07870
20-07-2023,70.10930
19-07-2023,70.13260
18-07-2023,69.58450
17-07-2023,70.30920
14-07-2023,70.30210
13-07-2023,70.13540
12-07-2023,70.49970
11-07-2023,70.21220
10-07-2023,70.13290
07-07-2023,70.11480
06-07-2023,70.88810
05-07-2023,69.94480
04-07-2023,69.71570
03-07-2023,69.94940
30-06-2023,69.56200
28-06-2023,69.21020
27-06-2023,68.89480
26-06-2023,69.02350
23-06-2023,69.01290
22-06-2023,69.42810
21-06-2023,68.95180
20-06-2023,68.59540
19-06-2023,68.50140
16-06-2023,68.75710
15-06-2023,68.31810
14-06-2023,68.58390
13-06-2023,68.18150
12-06-2023,67.72540
09-06-2023,67.27980
08-06-2023,67.41910
07-06-2023,67.36620
06-06-2023,66.86620
05-06-2023,66.37930
02-06-2023,65.92640
01-06-2023,65.58690
31-05-2023,65.73030
30-05-2023,65.85930
29-05-2023,65.75030
26-05-2023,65.27640
25-05-2023,64.84640
24-05-2023,65.01250
23-05-2023,65.53610
22-05-2023,65.54800
19-05-2023,65.21550
18-05-2023,65.26710
17-05-2023,65.40490
16-05-2023,65.66410
15-05-2023,65.80590
12-05-2023,65.55530
11-05-2023,66.11550
10-05-2023,65.93650
09-05-2023,65.96060
08-05-2023,66.09550
05-05-2023,65.66530
04-05-2023,66.05730
03-05-2023,65.58300
02-05-2023,65.70310
28-04-2023,65.38480
27-04-2023,64.85880
26-04-2023,64.62770
25-04-2023,64.74300
24-04-2023,64.60470
21-04-2023,64.55470
20-04-2023,64.73700
19-04-2023,64.89360
18-04-2023,64.96830
17-04-2023,65.22600
13-04-2023,65.25740
12-04-2023,65.32370
11-04-2023,65.19450
10-04-2023,63.98690
06-04-2023,63.77130
05-04-2023,63.53930
03-04-2023,63.56920
31-03-2023,63.07400
29-03-2023,62.33670
28-03-2023,61.57770
27-03-2023,61.88090
24-03-2023,62.39500
23-03-2023,63.18160
22-03-2023,63.31110
21-03-2023,63.05360
20-03-2023,62.70710
17-03-2023,63.59520
16-03-2023,63.27060
15-03-2023,63.61460
14-03-2023,63.33110
13-03-2023,64.00280
10-03-2023,65.07620
09-03-2023,65.29600
08-03-2023,65.54760
06-03-2023,65.33860
03-03-2023,64.99200
02-03-2023,64.41180
01-03-2023,64.36980
28-02-2023,63.31520
27-02-2023,63.56440
24-02-2023,64.40910
23-02-2023,64.46700
22-02-2023,64.32310
21-02-2023,65.30440
20-02-2023,65.41800
17-02-2023,65.49160
16-02-2023,65.37950
15-02-2023,64.87200
14-02-2023,64.39840
13-02-2023,64.91900
10-02-2023,65.23760
09-02-2023,65.36760
08-02-2023,65.54390
07-02-2023,64.82000
06-02-2023,65.44150
03-02-2023,65.83660
02-02-2023,65.62270
01-02-2023,65.39170
31-01-2023,66.57720
30-01-2023,65.44680
27-01-2023,65.06270
25-01-2023,66.71160
24-01-2023,67.40060
23-01-2023,67.75930
20-01-2023,68.09580
19-01-2023,68.48630
18-01-2023,68.43010
17-01-2023,68.00840
16-01-2023,67.99840
13-01-2023,68.27870
12-01-2023,67.50880
11-01-2023,67.74670
10-01-2023,67.67780
09-01-2023,67.86690
06-01-2023,67.26330
05-01-2023,67.70320
04-01-2023,67.30760
03-01-2023,68.00690
02-01-2023,68.03270
30-12-2022,67.22040
29-12-2022,67.09230
28-12-2022,66.93320
27-12-2022,66.88520
26-12-2022,65.43160
23-12-2022,63.80330
22-12-2022,66.62660
21-12-2022,67.33290
20-12-2022,68.44600
19-12-2022,68.65070
16-12-2022,68.28540
15-12-2022,69.10370
14-12-2022,69.79820
13-12-2022,69.30580
12-12-2022,69.33610
09-12-2022,69.11690
08-12-2022,69.87540
07-12-2022,69.60390
06-12-2022,70.16890
05-12-2022,70.41090
02-12-2022,70.08050
01-12-2022,69.97770
30-11-2022,69.55560
29-11-2022,69.11960
28-11-2022,69.13340
25-11-2022,68.97350
24-11-2022,68.48290
23-11-2022,68.13060
22-11-2022,67.85700
21-11-2022,67.73700
18-11-2022,68.23820
17-11-2022,68.38040
16-11-2022,68.77290
15-11-2022,69.28680
14-11-2022,68.80940
11-11-2022,68.39880
10-11-2022,68.10160
09-11-2022,68.86910
07-11-2022,69.65380
04-11-2022,69.54770
03-11-2022,68.88810
02-11-2022,69.11150
01-11-2022,69.07630
31-10-2022,68.39150
28-10-2022,67.87610
27-10-2022,67.98390
25-10-2022,67.31770
21-10-2022,66.83940
20-10-2022,67.30320
19-10-2022,66.83290
18-10-2022,66.96890
17-10-2022,66.87460
14-10-2022,66.47230
13-10-2022,66.64900
12-10-2022,66.80890
11-10-2022,66.33590
10-10-2022,67.82620
07-10-2022,68.14260
06-10-2022,68.03200
04-10-2022,67.11320
03-10-2022,65.97720
30-09-2022,66.95270
29-09-2022,65.91500
28-09-2022,65.53070
27-09-2022,66.11990
26-09-2022,66.00600
23-09-2022,68.28560
22-09-2022,69.56440
21-09-2022,69.42600
20-09-2022,70.89140
19-09-2022,70.63950
16-09-2022,70.49250
15-09-2022,72.16090
14-09-2022,72.02020
13-09-2022,70.74300
12-09-2022,70.11510
09-09-2022,69.42430
08-09-2022,69.76200
07-09-2022,69.72920
06-09-2022,68.88120
05-09-2022,68.60700
02-09-2022,68.22910
01-09-2022,68.35940
30-08-2022,68.40800
29-08-2022,67.41850
26-08-2022,67.54350
25-08-2022,67.06230
24-08-2022,67.14290
23-08-2022,66.57270
22-08-2022,65.87710
19-08-2022,66.42260
18-08-2022,66.99820
17-08-2022,66.63020
16-08-2022,66.29700
12-08-2022,65.97030
11-08-2022,65.34200
10-08-2022,65.29520
08-08-2022,65.26000
05-08-2022,65.06620
04-08-2022,64.74690
03-08-2022,65.01710
02-08-2022,65.09790
01-08-2022,65.11590
29-07-2022,64.48820
28-07-2022,63.14240
27-07-2022,62.75840
26-07-2022,62.48790
25-07-2022,62.78870
22-07-2022,62.59580
21-07-2022,62.43110
20-07-2022,61.94600
19-07-2022,61.37590
18-07-2022,60.93400
15-07-2022,59.90410
14-07-2022,59.98100
13-07-2022,60.13370
12-07-2022,59.92370
11-07-2022,60.10640
08-07-2022,60.00510
07-07-2022,59.70980
06-07-2022,58.96760
05-07-2022,58.81610
04-07-2022,58.75600
01-07-2022,58.84200
30-06-2022,59.47750
29-06-2022,59.77580
28-06-2022,59.41920
27-06-2022,58.89650
24-06-2022,57.97960
23-06-2022,57.54950
22-06-2022,57.58360
21-06-2022,58.76040
20-06-2022,57.27370
17-06-2022,59.30200
16-06-2022,59.87680
15-06-2022,62.05430
14-06-2022,62.17520
13-06-2022,62.45890
10-06-2022,64.35780
09-06-2022,65.10980
08-06-2022,65.34730
07-06-2022,65.54750
06-06-2022,65.67870
03-06-2022,65.71730
02-06-2022,66.33930
01-06-2022,65.97520
31-05-2022,65.91430
30-05-2022,65.15250
27-05-2022,64.14810
26-05-2022,63.80140
25-05-2022,63.34010
24-05-2022,64.00370
23-05-2022,64.53580
20-05-2022,65.81770
19-05-2022,64.56160
18-05-2022,65.93760
17-05-2022,66.00200
16-05-2022,63.40250
13-05-2022,63.36940
12-05-2022,63.95940
11-05-2022,65.13530
10-05-2022,65.87900
09-05-2022,67.59110
06-05-2022,68.82980
05-05-2022,69.98000
04-05-2022,70.05240
02-05-2022,71.61530
29-04-2022,71.48040
28-04-2022,72.44920
27-04-2022,71.94330
26-04-2022,72.29050
25-04-2022,71.56650
22-04-2022,73.49930
21-04-2022,74.43420
20-04-2022,73.83980
19-04-2022,73.31000
18-04-2022,73.55440
13-04-2022,73.83650
12-04-2022,73.68510
11-04-2022,75.40520
08-04-2022,75.32800
07-04-2022,74.66820
06-04-2022,75.33230
05-04-2022,74.53910
04-04-2022,74.53760
01-04-2022,73.41000
31-03-2022,72.25240
30-03-2022,72.43490
29-03-2022,72.89690
28-03-2022,72.84290
25-03-2022,72.81300
24-03-2022,73.23660
23-03-2022,72.83360
22-03-2022,72.36860
21-03-2022,72.07350
17-03-2022,71.70470
16-03-2022,70.93800
15-03-2022,69.33020
14-03-2022,71.08790
11-03-2022,71.64410
10-03-2022,71.19010
09-03-2022,70.20300
08-03-2022,69.69740
07-03-2022,69.78170
04-03-2022,70.14500
03-03-2022,71.18990
02-03-2022,71.15180
28-02-2022,70.43780
25-02-2022,68.83980
24-02-2022,66.73320
23-02-2022,70.30570
22-02-2022,70.13060
21-02-2022,70.96920
18-02-2022,72.17910
17-02-2022,72.76860
16-02-2022,72.74990
15-02-2022,72.86870
14-02-2022,71.35920
11-02-2022,74.36180
10-02-2022,75.27210
09-02-2022,75.18180
08-02-2022,74.33260
07-02-2022,74.99370
04-02-2022,75.32880
03-02-2022,75.11580
02-02-2022,75.28080
01-02-2022,74.41880
31-01-2022,73.03140
28-01-2022,72.66930
27-01-2022,72.09810
25-01-2022,72.36270
24-01-2022,71.56880
21-01-2022,74.92820
20-01-2022,76.27900
19-01-2022,76.27040
18-01-2022,76.04500
17-01-2022,77.91810
14-01-2022,77.48490
13-01-2022,76.98750
12-01-2022,76.41050
11-01-2022,75.56840
10-01-2022,76.09010
07-01-2022,75.59190
06-01-2022,74.42690
05-01-2022,74.68410
04-01-2022,74.53460
03-01-2022,73.02760
31-12-2021,71.94090
30-12-2021,70.89980
29-12-2021,71.06530
28-12-2021,71.03890
27-12-2021,70.16040
24-12-2021,69.56550
23-12-2021,70.31380
22-12-2021,69.83330
21-12-2021,68.61050
20-12-2021,67.68780
17-12-2021,69.65530
16-12-2021,71.16650
15-12-2021,71.28480
14-12-2021,71.67560
13-12-2021,71.65010
10-12-2021,71.56200
09-12-2021,71.35020
08-12-2021,71.17470
07-12-2021,70.46960
06-12-2021,68.75340
03-12-2021,70.00910
02-12-2021,69.39810
01-12-2021,68.42660
30-11-2021,67.92720
29-11-2021,67.81620
26-11-2021,68.83880
25-11-2021,71.65240
24-11-2021,70.93570
23-11-2021,70.89900
22-11-2021,69.57310
18-11-2021,71.04670
17-11-2021,72.10110
16-11-2021,72.61180
15-11-2021,72.83880
12-11-2021,73.78370
11-11-2021,73.16180
10-11-2021,73.40500
09-11-2021,73.90500
08-11-2021,73.91970
03-11-2021,72.23260
02-11-2021,72.23130
01-11-2021,72.21860
29-10-2021,71.52930
28-10-2021,71.60090
27-10-2021,72.85070
26-10-2021,73.19070
25-10-2021,71.37680
22-10-2021,72.19290
21-10-2021,73.29240
20-10-2021,74.21550
19-10-2021,76.12680
18-10-2021,77.56910
14-10-2021,76.36270
13-10-2021,75.89840
12-10-2021,75.35220
11-10-2021,75.21680
08-10-2021,74.63820
07-10-2021,74.35630
06-10-2021,74.35990
05-10-2021,74.76040
04-10-2021,74.44410
01-10-2021,72.70010
30-09-2021,72.53050
29-09-2021,72.73080
28-09-2021,72.11520
27-09-2021,71.71170
24-09-2021,71.50580
23-09-2021,72.35090
22-09-2021,71.18740
21-09-2021,70.74850
20-09-2021,70.12020
17-09-2021,71.76300
16-09-2021,72.75500
15-09-2021,72.86950
14-09-2021,71.97660
13-09-2021,71.80600
09-09-2021,71.24220
08-09-2021,71.17300
07-09-2021,70.78380
06-09-2021,70.67610
03-09-2021,70.53000
02-09-2021,70.07470
01-09-2021,69.20950
31-08-2021,69.62240
30-08-2021,69.07240
27-08-2021,67.45270
26-08-2021,66.91880
25-08-2021,67.35710
24-08-2021,66.95720
23-08-2021,65.47130
20-08-2021,66.60270
18-08-2021,68.35800
17-08-2021,68.74940
16-08-2021,69.39610
13-08-2021,69.24400
12-08-2021,69.17970
11-08-2021,68.50710
10-08-2021,67.59830
09-08-2021,69.01380
06-08-2021,69.78190
05-08-2021,69.67650
04-08-2021,70.00350
03-08-2021,70.55960
02-08-2021,70.23650
30-07-2021,69.79230
29-07-2021,69.73760
28-07-2021,68.00420
27-07-2021,68.68710
26-07-2021,67.96460
23-07-2021,67.80920
22-07-2021,67.68800
20-07-2021,66.51460
19-07-2021,67.17690
16-07-2021,67.12720
15-07-2021,66.93530
14-07-2021,66.79060
13-07-2021,66.87110
12-07-2021,66.22860
09-07-2021,66.23330
08-07-2021,65.88720
07-07-2021,66.36690
06-07-2021,65.83330
05-07-2021,65.94760
02-07-2021,65.01540
01-07-2021,64.93800
30-06-2021,64.64110
29-06-2021,64.71320
28-06-2021,65.22440
25-06-2021,64.90910
24-06-2021,64.36370
23-06-2021,64.43960
22-06-2021,64.80240
21-06-2021,64.21450
18-06-2021,63.79660
17-06-2021,64.85880
16-06-2021,65.45940
15-06-2021,65.82100
14-06-2021,65.50630
11-06-2021,65.68840
10-06-2021,65.53630
09-06-2021,65.23160
08-06-2021,65.67670
07-06-2021,65.78030
04-06-2021,65.32800
03-06-2021,65.29680
02-06-2021,64.67450
01-06-2021,64.32360
31-05-2021,64.46130
28-05-2021,64.30410
27-05-2021,64.66080
26-05-2021,64.42780
25-05-2021,64.70700
24-05-2021,64.35510
21-05-2021,63.94190
20-05-2021,63.67880
19-05-2021,64.13120
18-05-2021,63.97100
17-05-2021,63.11910
14-05-2021,62.44210
12-05-2021,63.43700
11-05-2021,64.95110
10-05-2021,64.58990
07-05-2021,63.26850
06-05-2021,61.60620
05-05-2021,60.78700
04-05-2021,60.22930
03-05-2021,60.67960
30-04-2021,59.56220
29-04-2021,59.56750
28-04-2021,58.48680
27-04-2021,57.98100
26-04-2021,56.59960
23-04-2021,56.22330
22-04-2021,56.14070
20-04-2021,55.68280
19-04-2021,55.78020
16-04-2021,56.87780
15-04-2021,56.30780
13-04-2021,56.01370
12-04-2021,54.34870
09-04-2021,57.36000
08-04-2021,57.57110
07-04-2021,56.03610
06-04-2021,55.53490
05-04-2021,55.27360
01-04-2021,55.61840
31-03-2021,54.52180
30-03-2021,54.25600
26-03-2021,53.61690
25-03-2021,52.75510
24-03-2021,53.49940
23-03-2021,54.48830
22-03-2021,54.15880
19-03-2021,53.90810
18-03-2021,53.07340
17-03-2021,53.18060
16-03-2021,54.45720
15-03-2021,54.41470
12-03-2021,54.72200
10-03-2021,55.05330
09-03-2021,54.94020
08-03-2021,55.36510
05-03-2021,55.11370
04-03-2021,55.70910
03-03-2021,55.44190
02-03-2021,54.53500
01-03-2021,53.95220
26-02-2021,52.64690
25-02-2021,53.77280
24-02-2021,52.88810
23-02-2021,52.64840
22-02-2021,51.42080
19-02-2021,51.53290
18-02-2021,51.84860
17-02-2021,51.24390
16-02-2021,50.77850
15-02-2021,49.95620
12-02-2021,50.11940
11-02-2021,50.43240
10-02-2021,49.91970
09-02-2021,50.13030
08-02-2021,49.88220
05-02-2021,49.19350
04-02-2021,49.14470
03-02-2021,48.56330
02-02-2021,48.17580
01-02-2021,46.96750
29-01-2021,45.39190
28-01-2021,45.93420
27-01-2021,45.93630
25-01-2021,46.78740
22-01-2021,47.28450
21-01-2021,48.15590
20-01-2021,48.98110
19-01-2021,48.82080
18-01-2021,47.97680
15-01-2021,49.01710
14-01-2021,49.38810
13-01-2021,49.35560
12-01-2021,49.23350
11-01-2021,48.93070
08-01-2021,49.10280
07-01-2021,48.62640
06-01-2021,48.14830
05-01-2021,48.01070
04-01-2021,48.54000
01-01-2021,47.66110
31-12-2020,47.32860
30-12-2020,47.52010
29-12-2020,46.93270
28-12-2020,46.89280
24-12-2020,46.58620
23-12-2020,46.08390
22-12-2020,45.35130
21-12-2020,45.21300
18-12-2020,47.31670
17-12-2020,47.39930
16-12-2020,47.51010
15-12-2020,47.28010
14-12-2020,47.20810
11-12-2020,46.81350
10-12-2020,46.65910
09-12-2020,46.95070
08-12-2020,46.96980
07-12-2020,47.15490
04-12-2020,46.84990
03-12-2020,46.48040
02-12-2020,45.95160
01-12-2020,45.69030
27-11-2020,44.87240
26-11-2020,44.74660
25-11-2020,44.08400
24-11-2020,44.51380
23-11-2020,44.39600
20-11-2020,43.79940
19-11-2020,43.63240
18-11-2020,43.77220
17-11-2020,43.87260
13-11-2020,43.28370
12-11-2020,43.08000
11-11-2020,42.93550
10-11-2020,42.47790
09-11-2020,42.47350
06-11-2020,42.09660
05-11-2020,41.91660
04-11-2020,40.89650
03-11-2020,40.63830
02-11-2020,40.72890
30-10-2020,41.33330
29-10-2020,41.01370
28-10-2020,41.02110
27-10-2020,41.36030
26-10-2020,41.11810
23-10-2020,41.71010
22-10-2020,41.78680
21-10-2020,41.50210
20-10-2020,41.34120
19-10-2020,41.24290
16-10-2020,40.76310
15-10-2020,40.22770
14-10-2020,40.81980
13-10-2020,40.82790
12-10-2020,40.71100
09-10-2020,41.04840
08-10-2020,41.01990
07-10-2020,41.12260
06-10-2020,41.21650
05-10-2020,41.08580
01-10-2020,41.11590
30-09-2020,41.16310
29-09-2020,41.35020
28-09-2020,41.15510
25-09-2020,40.10500
24-09-2020,39.20690
23-09-2020,40.19620
22-09-2020,40.46420
21-09-2020,40.87230
18-09-2020,42.37310
17-09-2020,42.31490
16-09-2020,42.67080
15-09-2020,42.61840
14-09-2020,42.12400
11-09-2020,41.34420
10-09-2020,41.23640
09-09-2020,40.43730
08-09-2020,40.47520
07-09-2020,40.78880
04-09-2020,41.12360
03-09-2020,41.67210
02-09-2020,41.69830
01-09-2020,40.98010
31-08-2020,40.76830
28-08-2020,42.45850
27-08-2020,42.78480
26-08-2020,42.68960
25-08-2020,42.64420
24-08-2020,43.12690
21-08-2020,42.14890
20-08-2020,41.73130
19-08-2020,41.50090
18-08-2020,41.10940
17-08-2020,40.57470
14-08-2020,40.25450
13-08-2020,40.71210
12-08-2020,40.47650
11-08-2020,40.54230
10-08-2020,40.36450
07-08-2020,40.31480
06-08-2020,40.41820
05-08-2020,39.86860
04-08-2020,39.36920
03-08-2020,38.80680
31-07-2020,38.77090
30-07-2020,38.56310
29-07-2020,38.99950
28-07-2020,39.00220
27-07-2020,38.58050
24-07-2020,38.61460
23-07-2020,38.67820
22-07-2020,37.49050
21-07-2020,37.71860
20-07-2020,37.17280
17-07-2020,36.90930
16-07-2020,35.86180
15-07-2020,35.63750
14-07-2020,36.15100
13-07-2020,36.42880
10-07-2020,36.16190
09-07-2020,36.40010
08-07-2020,36.06060
07-07-2020,36.22500
06-07-2020,36.32700
03-07-2020,35.52270
02-07-2020,35.41870
01-07-2020,34.97010
30-06-2020,34.72040
29-06-2020,34.94820
26-06-2020,35.53030
25-06-2020,34.91980
24-06-2020,35.18220
23-06-2020,35.94520
22-06-2020,35.40030
19-06-2020,35.05670
18-06-2020,34.58390
17-06-2020,34.09870
16-06-2020,34.13870
15-06-2020,33.84050
12-06-2020,34.27250
11-06-2020,34.07440
10-06-2020,34.35750
09-06-2020,34.29130
08-06-2020,34.69800
05-06-2020,34.47670
04-06-2020,33.48070
03-06-2020,33.40570
02-06-2020,33.14380
01-06-2020,32.91790
29-05-2020,32.41250
28-05-2020,31.90660
27-05-2020,31.50790
26-05-2020,31.07610
22-05-2020,30.75390
21-05-2020,30.74340
20-05-2020,30.56410
19-05-2020,29.90080
18-05-2020,29.96700
15-05-2020,31.03520
14-05-2020,30.88070
13-05-2020,31.17250
12-05-2020,30.61540
11-05-2020,30.84150
08-05-2020,30.86670
07-05-2020,30.95470
06-05-2020,31.06320
05-05-2020,31.08270
04-05-2020,31.09690
30-04-2020,32.71340
29-04-2020,31.58330
28-04-2020,31.10070
27-04-2020,30.98010
24-04-2020,30.57860
23-04-2020,31.16200
22-04-2020,31.10410
21-04-2020,30.60530
20-04-2020,31.47530
17-04-2020,31.23610
16-04-2020,30.92390
15-04-2020,30.37970
13-04-2020,30.19290
09-04-2020,30.22620
08-04-2020,29.38620
07-04-2020,29.14640
03-04-2020,27.31360
01-04-2020,27.35750
31-03-2020,28.00480
30-03-2020,26.58940
27-03-2020,27.22020
26-03-2020,27.41430
25-03-2020,26.80650
24-03-2020,25.84370
23-03-2020,25.80200
20-03-2020,28.60050
19-03-2020,27.20870
18-03-2020,28.44400
17-03-2020,29.65100
16-03-2020,30.05870
13-03-2020,31.57180
12-03-2020,30.64650
11-03-2020,33.32980
09-03-2020,33.82440
06-03-2020,35.18860
05-03-2020,35.74520
04-03-2020,35.85100
03-03-2020,36.10990
02-03-2020,35.35940
28-02-2020,35.74350
27-02-2020,37.25420
26-02-2020,37.47460
25-02-2020,37.38010
24-02-2020,37.45670
20-02-2020,38.24060
19-02-2020,38.25700
18-02-2020,37.78590
17-02-2020,37.87440
14-02-2020,38.26930
13-02-2020,38.33120
12-02-2020,38.48010
11-02-2020,38.48980
10-02-2020,38.63010
07-02-2020,38.78370
06-02-2020,38.83730
05-02-2020,38.53100
04-02-2020,38.07270
03-02-2020,37.41960
31-01-2020,37.92370
30-01-2020,38.65080
29-01-2020,38.94110
28-01-2020,38.91960
27-01-2020,39.00340
24-01-2020,39.25100
23-01-2020,39.20540
22-01-2020,38.79330
21-01-2020,38.95550
20-01-2020,39.07680
17-01-2020,39.35850
16-01-2020,39.27630
15-01-2020,39.62010
14-01-2020,39.45610
13-01-2020,39.22940
10-01-2020,38.98370
09-01-2020,38.89560
08-01-2020,38.31940
07-01-2020,38.25570
06-01-2020,37.89910
03-01-2020,38.75120
02-01-2020,38.88800
01-01-2020,38.27800
31-12-2019,38.20940
30-12-2019,38.25190
27-12-2019,37.97170
26-12-2019,37.55670
24-12-2019,37.51180
23-12-2019,37.56340
20-12-2019,37.70100
19-12-2019,37.57300
18-12-2019,37.42740
17-12-2019,37.45480
16-12-2019,37.19970
13-12-2019,37.33520
12-12-2019,37.07190
11-12-2019,36.66850
10-12-2019,36.52440
09-12-2019,36.86410
06-12-2019,36.73050
05-12-2019,36.77630
04-12-2019,36.93850
03-12-2019,36.76260
02-12-2019,37.02550
29-11-2019,37.22800
28-11-2019,37.46510
27-11-2019,37.22730
26-11-2019,36.96340
25-11-2019,37.35530
22-11-2019,37.10830
21-11-2019,37.06880
20-11-2019,37.61180
19-11-2019,37.33960
18-11-2019,37.29720
15-11-2019,36.94200
14-11-2019,37.01080
13-11-2019,37.35150
11-11-2019,37.62690
08-11-2019,37.46900
07-11-2019,37.92650
06-11-2019,37.89930
05-11-2019,37.97120
04-11-2019,38.12930
01-11-2019,37.93060
31-10-2019,38.11540
30-10-2019,37.93320
29-10-2019,37.90550
25-10-2019,37.33510
24-10-2019,37.44780
23-10-2019,37.50160
22-10-2019,37.52560
18-10-2019,37.08770
17-10-2019,36.54960
16-10-2019,36.41790
15-10-2019,36.25040
14-10-2019,35.98820
11-10-2019,35.62480
10-10-2019,35.49300
09-10-2019,35.53700
07-10-2019,35.14080
04-10-2019,35.71190
03-10-2019,36.01210
01-10-2019,35.79140
30-09-2019,35.80460
27-09-2019,35.95570
26-09-2019,36.12250
25-09-2019,35.58830
24-09-2019,35.65680
23-09-2019,35.55410
20-09-2019,34.57100
19-09-2019,33.26910
18-09-2019,33.91690
17-09-2019,33.73930
16-09-2019,34.10130
13-09-2019,34.30190
12-09-2019,33.79300
11-09-2019,33.85140
09-09-2019,33.60360
06-09-2019,33.46270
05-09-2019,33.00070
04-09-2019,32.59290
03-09-2019,32.51920
30-08-2019,33.17390
29-08-2019,33.02090
28-08-2019,33.19640
27-08-2019,33.49350
26-08-2019,33.11560
23-08-2019,32.70620
22-08-2019,32.25070
21-08-2019,32.88410
20-08-2019,33.27400
19-08-2019,33.65710
16-08-2019,33.79810
14-08-2019,33.71860
13-08-2019,33.44760
09-08-2019,33.89480
08-08-2019,34.01850
07-08-2019,33.80230
06-08-2019,34.01430
05-08-2019,33.47610
02-08-2019,33.95050
01-08-2019,34.01910
31-07-2019,34.24400
30-07-2019,33.96300
29-07-2019,34.68330
26-07-2019,35.17430
25-07-2019,35.17630
24-07-2019,35.18670
23-07-2019,35.68530
22-07-2019,35.76240
19-07-2019,35.73790
18-07-2019,36.10590
17-07-2019,36.36200
16-07-2019,36.25870
15-07-2019,36.04940
12-07-2019,35.95050
11-07-2019,36.06350
10-07-2019,35.97390
09-07-2019,36.21570
08-07-2019,35.70850
05-07-2019,36.39160
04-07-2019,36.93770
03-07-2019,36.97080
02-07-2019,37.11600
01-07-2019,36.81270
28-06-2019,36.88170
27-06-2019,36.79070
26-06-2019,36.62820
25-06-2019,36.34530
24-06-2019,35.99910
21-06-2019,36.23020
20-06-2019,36.46400
19-06-2019,36.20520
18-06-2019,36.29820
17-06-2019,36.07970
14-06-2019,36.68260
13-06-2019,36.89270
12-06-2019,36.84490
11-06-2019,36.71920
10-06-2019,36.63740
07-06-2019,36.98060
06-06-2019,37.23080
04-06-2019,37.75180
03-06-2019,37.96360
31-05-2019,37.68840
30-05-2019,37.53010
29-05-2019,37.36610
28-05-2019,37.63460
27-05-2019,37.64660
24-05-2019,36.76800
23-05-2019,36.01140
22-05-2019,36.02460
21-05-2019,35.81360
20-05-2019,36.19700
17-05-2019,34.95440
16-05-2019,34.84000
15-05-2019,34.47160
14-05-2019,34.61330
13-05-2019,34.44990
10-05-2019,35.09070
09-05-2019,35.34640
08-05-2019,35.57360
07-05-2019,35.82120
06-05-2019,36.03660
03-05-2019,36.23730
02-05-2019,36.21510
30-04-2019,36.29630
26-04-2019,36.19260
25-04-2019,35.94230
24-04-2019,35.81320
23-04-2019,35.31480
22-04-2019,35.32870
18-04-2019,36.00030
16-04-2019,36.09090
15-04-2019,35.93850
12-04-2019,35.70860
11-04-2019,35.65310
10-04-2019,35.68330
09-04-2019,35.87300
08-04-2019,35.78370
05-04-2019,36.12780
04-04-2019,35.78350
03-04-2019,35.86550
02-04-2019,36.14540
01-04-2019,36.23100
29-03-2019,35.88430
28-03-2019,35.57500
27-03-2019,35.48940
26-03-2019,35.63780
25-03-2019,35.24700
22-03-2019,35.43250
20-03-2019,35.59720
19-03-2019,35.91590
18-03-2019,35.61480
15-03-2019,35.34320
14-03-2019,35.14800
13-03-2019,35.19690
12-03-2019,35.41060
11-03-2019,35.07970
08-03-2019,34.53700
07-03-2019,34.52030
06-03-2019,34.43570
05-03-2019,34.12100
01-03-2019,33.38080
28-02-2019,33.03940
27-02-2019,32.81580
26-02-2019,32.67280
25-02-2019,32.67350
22-02-2019,32.57810
21-02-2019,32.40330
20-02-2019,32.14190
19-02-2019,31.62610
18-02-2019,31.54630
15-02-2019,31.90410
14-02-2019,31.84300
13-02-2019,31.79360
12-02-2019,32.04860
11-02-2019,32.09260
08-02-2019,32.52580
07-02-2019,32.97060
06-02-2019,32.94890
05-02-2019,32.61780
04-02-2019,32.74800
01-02-2019,32.86320
31-01-2019,32.90560
30-01-2019,32.34650
29-01-2019,32.34690
28-01-2019,32.38370
25-01-2019,32.85650
24-01-2019,33.29070
23-01-2019,33.44650
22-01-2019,33.47470
21-01-2019,33.68260
18-01-2019,33.74300
17-01-2019,33.70980
16-01-2019,33.64140
15-01-2019,33.49300
14-01-2019,33.19140
11-01-2019,33.33980
10-01-2019,33.42910
09-01-2019,33.54850
08-01-2019,33.77270
07-01-2019,33.79290
04-01-2019,33.72600
03-01-2019,33.50310
02-01-2019,33.94250
01-01-2019,34.30430
31-12-2018,34.18510
28-12-2018,34.10510
27-12-2018,33.89700
26-12-2018,33.72020
24-12-2018,33.71420
21-12-2018,34.05250
20-12-2018,34.47840
19-12-2018,34.56310
18-12-2018,34.31240
17-12-2018,34.17160
14-12-2018,34.04190
13-12-2018,33.95920
12-12-2018,33.77100
11-12-2018,33.06990
10-12-2018,32.86210
07-12-2018,33.27340
06-12-2018,33.30810
05-12-2018,33.79480
04-12-2018,34.28140
03-12-2018,34.32750
30-11-2018,34.01380
29-11-2018,33.86960
28-11-2018,33.76070
27-11-2018,34.05310
26-11-2018,33.94190
22-11-2018,34.19720
21-11-2018,34.34740
20-11-2018,34.35980
19-11-2018,34.70750
16-11-2018,34.49830
15-11-2018,34.75070
14-11-2018,34.78290
13-11-2018,34.81350
12-11-2018,34.46860
09-11-2018,34.85110
06-11-2018,34.56380
05-11-2018,34.52080
02-11-2018,34.60470
01-11-2018,34.15690
31-10-2018,33.93920
30-10-2018,33.65160
29-10-2018,33.64330
26-10-2018,32.77090
25-10-2018,32.84260
24-10-2018,33.16600
23-10-2018,32.99090
22-10-2018,33.33740
19-10-2018,33.85030
17-10-2018,34.16920
16-10-2018,34.73830
15-10-2018,34.18960
12-10-2018,34.09250
11-10-2018,33.08030
10-10-2018,33.56580
09-10-2018,32.70660
08-10-2018,32.93290
05-10-2018,33.19490
04-10-2018,34.99600
03-10-2018,35.78650
01-10-2018,35.62120
28-09-2018,35.68540
27-09-2018,36.31800
26-09-2018,36.56030
25-09-2018,36.28850
24-09-2018,36.23410
21-09-2018,36.60620
19-09-2018,36.79670
18-09-2018,36.81930
17-09-2018,37.26410
14-09-2018,37.41270
12-09-2018,36.77720
11-09-2018,36.64740
10-09-2018,37.07510
07-09-2018,37.54180
06-09-2018,37.24000
05-09-2018,37.15090
04-09-2018,37.01640
03-09-2018,37.69740
31-08-2018,37.79140
30-08-2018,37.73370
29-08-2018,37.47860
28-08-2018,37.61940
27-08-2018,37.64400
24-08-2018,37.34240
23-08-2018,37.33390
21-08-2018,37.26700
20-08-2018,37.14480
17-08-2018,36.77150
16-08-2018,36.62330
14-08-2018,36.86260
13-08-2018,36.84210
10-08-2018,37.21950
09-08-2018,37.61250
08-08-2018,37.44830
07-08-2018,37.28580
06-08-2018,37.44700
03-08-2018,37.41890
02-08-2018,37.20660
01-08-2018,37.28550
31-07-2018,37.28090
30-07-2018,37.13470
27-07-2018,36.84270
26-07-2018,36.55370
25-07-2018,36.36650
24-07-2018,36.31270
23-07-2018,35.49420
20-07-2018,35.28880
19-07-2018,35.43190
18-07-2018,35.74790
17-07-2018,35.97100
16-07-2018,35.48140
13-07-2018,36.17940
12-07-2018,36.35860
11-07-2018,36.07560
10-07-2018,36.37980
09-07-2018,35.93270
06-07-2018,35.55560
05-07-2018,35.43880
04-07-2018,35.78980
03-07-2018,35.87950
02-07-2018,35.77160
29-06-2018,35.97110
28-06-2018,35.16410
27-06-2018,35.25360
26-06-2018,36.07920
25-06-2018,36.25940
22-06-2018,36.60170
21-06-2018,36.69080
20-06-2018,36.90530
19-06-2018,36.90040
18-06-2018,37.34390
15-06-2018,37.51410
14-06-2018,37.84050
13-06-2018,38.02490
12-06-2018,38.15290
11-06-2018,38.04670
08-06-2018,37.89780
07-06-2018,37.87000
06-06-2018,37.41890
05-06-2018,36.99470
04-06-2018,37.42820
01-06-2018,37.64520
31-05-2018,37.94220
30-05-2018,37.94620
29-05-2018,38.06230
28-05-2018,37.99270
25-05-2018,37.65270
24-05-2018,37.09710
23-05-2018,37.21330
22-05-2018,38.04320
21-05-2018,37.92150
18-05-2018,38.35220
17-05-2018,39.06960
16-05-2018,39.15930
15-05-2018,39.50700
14-05-2018,39.69820
11-05-2018,39.84810
10-05-2018,39.48120
09-05-2018,39.80870
08-05-2018,39.77320
07-05-2018,39.95790
04-05-2018,39.21230
03-05-2018,39.36690
02-05-2018,39.40390
30-04-2018,39.93910
27-04-2018,39.92430
26-04-2018,39.62290
25-04-2018,39.57920
24-04-2018,40.07710
23-04-2018,40.03310
20-04-2018,40.03550
19-04-2018,40.31580
18-04-2018,39.74790
17-04-2018,39.77410
16-04-2018,39.76040
13-04-2018,39.73460
12-04-2018,39.71960
11-04-2018,39.71350
10-04-2018,39.69240
09-04-2018,39.62750
06-04-2018,39.23770
05-04-2018,38.97360
04-04-2018,38.11700
03-04-2018,38.66720
02-04-2018,38.33350
28-03-2018,37.90480
27-03-2018,38.35070
26-03-2018,37.74870
23-03-2018,37.60720
22-03-2018,38.10960
21-03-2018,38.13650
20-03-2018,38.14410
19-03-2018,38.23190
16-03-2018,38.92990
15-03-2018,39.55630
14-03-2018,39.80730
13-03-2018,39.96130
12-03-2018,39.58860
09-03-2018,38.97060
08-03-2018,39.27050
07-03-2018,39.33150
06-03-2018,39.85250
05-03-2018,40.18010
01-03-2018,41.02620
28-02-2018,41.07000
27-02-2018,41.23220
26-02-2018,41.33370
23-02-2018,40.84700
22-02-2018,40.11520
21-02-2018,40.35170
20-02-2018,40.41160
19-02-2018,40.38870
16-02-2018,40.72800
15-02-2018,41.35200
14-02-2018,41.56500
12-02-2018,41.63460
09-02-2018,41.13460
08-02-2018,41.06160
07-02-2018,40.44410
06-02-2018,40.01160
05-02-2018,40.65310
02-02-2018,40.81940
01-02-2018,42.44290
31-01-2018,42.61920
30-01-2018,42.86120
29-01-2018,43.00780
25-01-2018,43.26640
24-01-2018,43.45340
23-01-2018,43.83140
22-01-2018,43.10190
19-01-2018,42.98480
18-01-2018,42.72560
17-01-2018,43.40380
16-01-2018,43.36260
15-01-2018,44.25370
12-01-2018,44.34260
11-01-2018,44.03160
10-01-2018,43.96740
09-01-2018,43.68100
08-01-2018,43.90850
05-01-2018,43.68860
04-01-2018,43.81170
03-01-2018,42.61180
02-01-2018,42.13370
01-01-2018,42.08230
29-12-2017,42.06790
28-12-2017,41.92450
27-12-2017,41.69090
26-12-2017,41.75000
22-12-2017,41.55390
21-12-2017,41.55040
20-12-2017,41.31440
19-12-2017,40.87740
18-12-2017,40.37470
15-12-2017,40.10190
14-12-2017,39.93170
13-12-2017,39.65200
12-12-2017,39.87840
11-12-2017,40.15330
08-12-2017,39.93150
07-12-2017,39.74940
06-12-2017,39.01200
05-12-2017,39.48930
04-12-2017,39.66550
01-12-2017,39.66330
30-11-2017,40.28220
29-11-2017,40.62180
28-11-2017,40.37470
27-11-2017,40.29170
24-11-2017,40.40870
23-11-2017,39.99250
22-11-2017,39.98260
21-11-2017,40.06960
20-11-2017,39.83430
17-11-2017,39.50450
16-11-2017,39.26520
15-11-2017,39.04080
14-11-2017,39.59260
13-11-2017,39.77870
10-11-2017,40.11030
09-11-2017,40.04350
08-11-2017,39.91590
07-11-2017,40.16700
06-11-2017,40.67010
03-11-2017,40.84210
02-11-2017,40.69850
01-11-2017,40.89890
31-10-2017,40.64690
30-10-2017,40.82460
27-10-2017,40.54800
26-10-2017,40.61820
25-10-2017,40.22660
24-10-2017,40.19720
23-10-2017,40.11460
18-10-2017,40.11990
17-10-2017,39.84010
16-10-2017,39.75660
13-10-2017,39.13120
12-10-2017,39.12350
11-10-2017,38.67950
10-10-2017,38.74530
09-10-2017,38.57520
06-10-2017,38.62210
05-10-2017,37.94950
04-10-2017,37.92730
03-10-2017,37.89100
29-09-2017,37.39900
28-09-2017,37.04590
27-09-2017,36.82310
26-09-2017,37.33290
25-09-2017,37.02020
22-09-2017,37.44970
21-09-2017,38.42140
20-09-2017,38.58090
19-09-2017,38.52050
18-09-2017,38.36910
15-09-2017,38.21890
14-09-2017,38.16970
13-09-2017,38.13490
12-09-2017,38.53590
11-09-2017,38.14050
08-09-2017,37.74640
07-09-2017,37.76580
06-09-2017,37.60510
05-09-2017,37.51640
04-09-2017,37.13750
01-09-2017,37.41140
31-08-2017,37.16170
30-08-2017,36.97730
29-08-2017,36.34580
28-08-2017,36.66950
24-08-2017,36.56180
23-08-2017,36.51500
22-08-2017,36.14400
21-08-2017,36.16140
18-08-2017,36.71710
17-08-2017,36.81480
16-08-2017,36.69880
14-08-2017,36.50580
11-08-2017,35.50600
10-08-2017,35.81000
09-08-2017,36.47900
08-08-2017,36.83310
07-08-2017,37.00580
04-08-2017,36.66850
03-08-2017,36.47390
02-08-2017,36.67010
01-08-2017,36.56440
31-07-2017,36.49410
28-07-2017,36.29810
27-07-2017,36.33110
26-07-2017,36.59300
25-07-2017,36.40850
24-07-2017,36.26630
21-07-2017,36.39980
20-07-2017,36.20150
19-07-2017,36.27130
18-07-2017,36.00910
17-07-2017,36.27250
14-07-2017,36.09990
13-07-2017,36.16770
12-07-2017,36.03680
11-07-2017,35.82320
10-07-2017,35.82870
07-07-2017,35.59850
06-07-2017,35.58700
05-07-2017,35.62870
04-07-2017,35.34440
03-07-2017,35.26430
30-06-2017,34.78970
29-06-2017,34.74410
28-06-2017,34.55560
27-06-2017,34.59900
23-06-2017,34.80970
22-06-2017,35.22510
21-06-2017,35.57870
20-06-2017,35.77910
19-06-2017,35.55750
16-06-2017,35.31200
15-06-2017,35.19190
14-06-2017,35.42920
13-06-2017,35.44940
12-06-2017,35.51930
09-06-2017,35.60690
08-06-2017,35.59520
07-06-2017,35.69610
06-06-2017,35.69050
05-06-2017,35.80510
02-06-2017,35.68920
01-06-2017,35.44470
31-05-2017,35.48820
30-05-2017,35.42260
29-05-2017,35.10240
26-05-2017,35.22000
25-05-2017,34.53930
24-05-2017,34.11070
23-05-2017,34.41780
22-05-2017,34.89950
19-05-2017,35.32010
18-05-2017,35.52910
17-05-2017,36.14050
16-05-2017,35.91550
15-05-2017,35.66250
12-05-2017,35.15520
11-05-2017,35.29430
10-05-2017,35.42310
09-05-2017,35.28340
08-05-2017,35.09250
05-05-2017,35.09990
04-05-2017,35.61540
03-05-2017,35.72190
02-05-2017,35.75000
28-04-2017,35.65840
27-04-2017,35.45880
26-04-2017,35.55260
25-04-2017,35.65000
24-04-2017,35.38720
21-04-2017,35.03160
20-04-2017,35.08950
19-04-2017,34.87110
18-04-2017,34.56550
17-04-2017,34.60720
13-04-2017,34.64450
12-04-2017,34.73550
11-04-2017,34.80920
10-04-2017,34.77280
07-04-2017,34.64150
06-04-2017,34.75640
05-04-2017,34.77320
03-04-2017,34.58690
31-03-2017,34.45760
30-03-2017,34.08750
29-03-2017,34.06060
28-03-2017,34.02730
27-03-2017,33.86060
24-03-2017,34.08200
23-03-2017,34.00150
22-03-2017,33.72350
21-03-2017,33.97360
20-03-2017,33.95080
17-03-2017,33.93710
16-03-2017,33.98180
15-03-2017,33.59250
14-03-2017,33.57590
10-03-2017,33.24060
09-03-2017,33.45130
08-03-2017,33.59470
07-03-2017,33.97310
06-03-2017,34.09400
03-03-2017,33.93780
02-03-2017,33.72800
01-03-2017,34.08930
28-02-2017,34.03910
27-02-2017,34.05200
23-02-2017,34.03610
22-02-2017,34.16230
21-02-2017,34.21960
20-02-2017,34.09580
17-02-2017,33.86160
16-02-2017,33.73350
15-02-2017,33.35260
14-02-2017,33.67450
13-02-2017,33.89670
10-02-2017,33.89130
09-02-2017,33.91960
08-02-2017,33.99510
07-02-2017,33.86610
06-02-2017,34.26120
03-02-2017,34.08740
02-02-2017,34.00100
01-02-2017,33.74630
31-01-2017,33.16140
30-01-2017,33.49010
27-01-2017,33.53040
25-01-2017,33.31750
24-01-2017,32.92510
23-01-2017,32.44500
20-01-2017,32.01780
19-01-2017,32.50760
18-01-2017,32.32040
17-01-2017,32.04570
16-01-2017,32.16240
13-01-2017,32.10750
12-01-2017,32.27290
11-01-2017,32.11650
10-01-2017,31.59100
09-01-2017,31.30510
06-01-2017,31.40050
05-01-2017,31.40250
04-01-2017,30.84720
03-01-2017,30.93820
02-01-2017,30.57740
30-12-2016,30.21770
29-12-2016,29.92920
28-12-2016,29.55680
27-12-2016,29.54540
26-12-2016,29.08450
23-12-2016,29.69870
22-12-2016,29.59960
21-12-2016,30.06690
20-12-2016,29.96020
19-12-2016,30.23840
16-12-2016,30.35410
15-12-2016,30.53420
14-12-2016,30.42930
13-12-2016,30.64460
12-12-2016,30.88310
09-12-2016,31.03350
08-12-2016,31.06050
07-12-2016,30.67970
06-12-2016,30.52800
05-12-2016,30.18750
02-12-2016,30.09790
01-12-2016,30.43790
30-11-2016,30.78400
29-11-2016,30.51010
28-11-2016,30.63050
25-11-2016,30.02090
24-11-2016,29.66110
23-11-2016,29.54510
22-11-2016,29.19110
21-11-2016,28.63880
18-11-2016,29.39270
17-11-2016,29.14470
16-11-2016,29.02960
15-11-2016,29.14870
11-11-2016,30.37600
10-11-2016,31.22640
09-11-2016,30.36840
08-11-2016,30.95520
07-11-2016,30.80900
04-11-2016,30.42960
03-11-2016,30.77790
02-11-2016,31.13260
01-11-2016,31.71200
28-10-2016,31.32330
27-10-2016,31.09840
26-10-2016,31.33600
25-10-2016,31.55800
24-10-2016,31.60350
21-10-2016,31.49420
20-10-2016,31.53370
19-10-2016,31.49230
18-10-2016,31.34910
17-10-2016,31.10250
14-10-2016,31.40540
13-10-2016,31.13570
10-10-2016,31.58480
07-10-2016,31.34090
06-10-2016,31.32150
05-10-2016,31.23520
04-10-2016,30.94130
03-10-2016,30.68220
30-09-2016,29.83460
29-09-2016,29.39310
28-09-2016,30.14910
27-09-2016,29.95060
26-09-2016,29.97390
23-09-2016,30.13830
22-09-2016,30.01780
21-09-2016,29.66860
20-09-2016,29.53590
19-09-2016,29.45530
16-09-2016,29.16960
15-09-2016,29.25810
14-09-2016,29.04970
12-09-2016,28.68610
09-09-2016,29.47330
08-09-2016,29.72380
07-09-2016,29.61410
06-09-2016,29.58940
02-09-2016,29.28130
01-09-2016,29.14270
31-08-2016,29.28070
30-08-2016,29.30940
29-08-2016,29.00270
26-08-2016,28.96300
25-08-2016,28.80570
24-08-2016,29.01220
23-08-2016,28.79370
22-08-2016,29.06170
19-08-2016,29.22730
18-08-2016,28.96280
17-08-2016,28.66010
16-08-2016,28.50360
12-08-2016,28.28750
11-08-2016,28.17260
10-08-2016,28.21900
09-08-2016,28.60350
08-08-2016,28.77940
05-08-2016,28.47680
04-08-2016,27.83880
03-08-2016,27.66600
02-08-2016,27.86590
01-08-2016,28.11110
29-07-2016,27.98260
28-07-2016,27.95730
27-07-2016,28.06310
26-07-2016,27.82090
25-07-2016,27.93910
22-07-2016,27.73080
21-07-2016,27.47120
20-07-2016,27.60100
19-07-2016,27.35110
18-07-2016,27.18250
15-07-2016,27.57190
14-07-2016,27.60570
13-07-2016,27.48830
12-07-2016,27.47390
11-07-2016,27.11220
08-07-2016,26.69500
07-07-2016,26.82830
05-07-2016,26.87770
04-07-2016,27.02030
01-07-2016,26.72910
30-06-2016,26.52250
29-06-2016,26.30010
28-06-2016,26.00360
27-06-2016,25.73820
24-06-2016,25.45090
23-06-2016,25.95930
22-06-2016,25.90610
21-06-2016,26.04970
20-06-2016,26.10560
17-06-2016,25.72450
16-06-2016,25.59160
15-06-2016,25.71670
14-06-2016,25.42940
13-06-2016,25.40650
10-06-2016,25.55240
09-06-2016,25.50270
08-06-2016,25.39840
07-06-2016,25.18650
06-06-2016,24.93210
03-06-2016,24.88370
02-06-2016,24.87250
01-06-2016,24.72180
31-05-2016,24.72750
30-05-2016,24.71740
27-05-2016,24.59870
26-05-2016,24.50040
25-05-2016,24.24710
24-05-2016,23.84590
23-05-2016,23.87760
20-05-2016,23.91800
19-05-2016,24.10670
18-05-2016,24.42430
17-05-2016,24.16680
16-05-2016,24.01410
13-05-2016,23.85600
12-05-2016,24.09570
11-05-2016,23.96710
10-05-2016,24.01670
09-05-2016,24.14550
06-05-2016,24.04480
05-05-2016,23.89890
04-05-2016,24.01300
03-05-2016,24.44920
02-05-2016,24.49240
29-04-2016,24.34390
28-04-2016,24.25260
27-04-2016,24.73260
26-04-2016,24.68430
25-04-2016,24.39560
22-04-2016,24.74250
21-04-2016,24.73070
20-04-2016,24.84100
18-04-2016,24.54280
13-04-2016,24.41990
12-04-2016,23.79800
11-04-2016,23.72010
08-04-2016,23.31150
07-04-2016,22.92490
06-04-2016,22.96930
05-04-2016,22.69310
04-04-2016,23.07040
01-04-2016,22.99860
31-03-2016,23.03400
30-03-2016,22.94400
29-03-2016,22.46150
28-03-2016,22.42510
23-03-2016,22.90870
22-03-2016,22.93900
21-03-2016,22.77310
18-03-2016,22.51190
17-03-2016,22.14290
16-03-2016,21.96730
15-03-2016,22.07180
14-03-2016,22.03880
11-03-2016,21.92450
10-03-2016,21.99000
09-03-2016,22.02590
08-03-2016,22.01760
04-03-2016,21.85950
03-03-2016,21.63680
02-03-2016,21.29030
01-03-2016,20.96570
29-02-2016,20.55460
26-02-2016,20.65410
25-02-2016,20.49420
24-02-2016,20.59100
23-02-2016,20.86870
22-02-2016,21.20670
19-02-2016,21.00210
18-02-2016,21.00630
17-02-2016,20.84400
16-02-2016,20.69030
15-02-2016,21.02630
12-02-2016,20.13020
11-02-2016,20.30800
10-02-2016,21.03670
09-02-2016,21.19650
08-02-2016,21.28300
05-02-2016,21.43680
04-02-2016,21.15230
03-02-2016,21.17000
02-02-2016,21.56990
01-02-2016,22.08420
29-01-2016,21.99430
28-01-2016,21.86950
27-01-2016,21.96320
25-01-2016,21.87630
22-01-2016,21.67650
21-01-2016,21.07430
20-01-2016,21.16200
19-01-2016,21.64530
18-01-2016,21.34130
15-01-2016,21.80680
14-01-2016,22.31380
13-01-2016,22.54720
12-01-2016,22.73270
11-01-2016,22.85960
08-01-2016,22.93110
07-01-2016,22.64960
06-01-2016,23.24400
05-01-2016,23.25550
04-01-2016,22.76310
01-01-2016,22.97300
31-12-2015,22.84880
30-12-2015,22.75540
29-12-2015,22.83670
28-12-2015,22.80250
24-12-2015,22.65070
23-12-2015,22.59600
22-12-2015,22.39030
21-12-2015,22.53880
18-12-2015,22.41410
17-12-2015,22.57110
16-12-2015,22.24470
15-12-2015,22.03640
14-12-2015,21.90260
11-12-2015,21.74550
10-12-2015,21.83930
09-12-2015,21.54860
08-12-2015,21.98020
07-12-2015,22.32030
04-12-2015,22.28610
03-12-2015,22.41910
02-12-2015,22.56460
01-12-2015,22.53030
30-11-2015,22.27130
27-11-2015,22.34620
26-11-2015,22.34990
24-11-2015,22.11050
23-11-2015,21.97120
20-11-2015,22.09600
19-11-2015,22.03420
18-11-2015,21.84080
17-11-2015,22.04390
16-11-2015,22.00530
13-11-2015,22.02620
10-11-2015,22.04260
09-11-2015,22.49960
06-11-2015,22.43820
05-11-2015,22.54470
04-11-2015,22.72490
03-11-2015,22.78510
02-11-2015,22.69790
30-10-2015,22.84390
29-10-2015,23.06700
28-10-2015,23.17150
27-10-2015,23.28040
26-10-2015,23.36150
23-10-2015,23.41860
21-10-2015,23.34850
20-10-2015,23.33370
19-10-2015,23.36090
16-10-2015,23.07080
15-10-2015,22.99490
14-10-2015,22.87520
13-10-2015,23.01730
12-10-2015,22.96520
09-10-2015,22.91930
08-10-2015,22.97410
07-10-2015,23.04580
06-10-2015,22.80110
05-10-2015,22.64910
01-10-2015,22.27420
30-09-2015,22.21380
29-09-2015,21.85540
28-09-2015,22.07750
24-09-2015,22.35880
23-09-2015,22.38120
22-09-2015,22.32880
21-09-2015,22.87540
18-09-2015,22.85690
16-09-2015,22.76840
15-09-2015,22.86420
14-09-2015,22.94570
11-09-2015,22.38280
10-09-2015,22.43900
09-09-2015,22.56720
08-09-2015,22.08490
07-09-2015,21.84320
04-09-2015,22.11880
03-09-2015,22.63140
02-09-2015,22.31670
01-09-2015,22.47890
31-08-2015,22.96530
28-08-2015,22.91510
27-08-2015,22.93990
26-08-2015,22.26810
25-08-2015,22.18380
24-08-2015,21.65580
21-08-2015,23.58230
20-08-2015,23.87490
19-08-2015,24.27780
18-08-2015,24.44380
17-08-2015,24.41440
14-08-2015,24.29960
13-08-2015,23.97690
12-08-2015,24.18530
11-08-2015,24.97540
10-08-2015,25.34750
07-08-2015,25.55080
06-08-2015,25.50520
05-08-2015,25.68510
04-08-2015,25.64120
03-08-2015,25.52430
31-07-2015,25.65250
30-07-2015,25.58180
29-07-2015,25.43370
28-07-2015,25.32660
27-07-2015,25.42810
24-07-2015,25.86370
23-07-2015,26.11860
22-07-2015,25.97800
21-07-2015,25.55100
20-07-2015,25.72130
17-07-2015,25.57320
16-07-2015,25.65050
15-07-2015,25.37420
14-07-2015,25.25790
13-07-2015,25.13770
10-07-2015,24.96900
09-07-2015,24.89430
08-07-2015,25.06500
07-07-2015,25.55280
06-07-2015,25.24570
03-07-2015,25.10340
02-07-2015,25.11380
01-07-2015,25.03650
30-06-2015,24.77420
29-06-2015,24.63040
26-06-2015,24.87310
25-06-2015,24.91450
24-06-2015,24.95860
23-06-2015,25.27350
22-06-2015,25.03590
19-06-2015,24.78590
18-06-2015,24.62770
17-06-2015,24.30010
16-06-2015,24.04760
15-06-2015,23.90960
12-06-2015,23.89510
11-06-2015,24.00700
10-06-2015,24.52240
09-06-2015,24.23730
08-06-2015,24.25370
05-06-2015,24.54410
04-06-2015,24.38290
03-06-2015,24.35290
02-06-2015,24.86520
01-06-2015,25.32730
29-05-2015,25.32710
28-05-2015,25.05980
27-05-2015,24.95780
26-05-2015,24.88380
25-05-2015,25.15420
22-05-2015,25.25770
21-05-2015,25.03830
20-05-2015,25.10460
19-05-2015,25.14660
18-05-2015,25.04020
15-05-2015,24.78890
14-05-2015,24.81960
13-05-2015,24.57140
12-05-2015,24.43260
11-05-2015,24.98750
08-05-2015,24.69930
07-05-2015,24.23760
06-05-2015,24.76570
05-05-2015,25.53980
04-05-2015,25.49020
30-04-2015,25.01700
29-04-2015,24.99990
28-04-2015,24.98650
27-04-2015,24.74240
24-04-2015,25.24040
23-04-2015,25.75380
22-04-2015,25.73410
21-04-2015,25.67310
20-04-2015,25.74390
17-04-2015,26.19710
16-04-2015,26.21260
15-04-2015,26.46020
13-04-2015,26.72260
10-04-2015,26.44970
09-04-2015,25.92450
08-04-2015,25.51060
07-04-2015,24.99970
06-04-2015,24.79700
01-04-2015,24.57160
31-03-2015,24.27000
30-03-2015,24.18390
27-03-2015,23.61140
26-03-2015,23.67650
25-03-2015,23.98140
24-03-2015,24.20740
23-03-2015,24.19790
20-03-2015,24.18260
19-03-2015,24.50820
18-03-2015,24.54670
17-03-2015,24.60480
16-03-2015,24.33620
13-03-2015,24.56940
12-03-2015,24.89830
11-03-2015,24.64560
10-03-2015,24.61310
09-03-2015,24.69150
05-03-2015,24.96400
04-03-2015,24.99040
03-03-2015,25.23190
02-03-2015,24.90270
27-02-2015,24.47160
26-02-2015,24.16310
25-02-2015,24.25020
24-02-2015,24.32840
23-02-2015,24.45280
20-02-2015,24.71740
19-02-2015,24.73600
18-02-2015,24.61510
16-02-2015,24.54290
13-02-2015,24.59600
12-02-2015,24.21810
11-02-2015,24.14080
10-02-2015,23.94210
09-02-2015,23.96660
06-02-2015,24.28500
05-02-2015,24.70790
04-02-2015,24.84950
03-02-2015,24.83020
02-02-2015,25.00600
30-01-2015,25.04020
29-01-2015,25.01090
28-01-2015,25.01680
27-01-2015,24.98090
23-01-2015,24.92330
22-01-2015,24.91790
21-01-2015,24.81880
20-01-2015,24.79010
19-01-2015,24.56790
16-01-2015,24.43230
15-01-2015,24.26990
14-01-2015,24.00890
13-01-2015,24.20010
12-01-2015,24.33150
09-01-2015,24.44480
08-01-2015,24.47150
07-01-2015,24.10440
06-01-2015,24.01090
05-01-2015,24.74730
02-01-2015,24.80310
01-01-2015,24.61310
31-12-2014,24.34470
30-12-2014,24.14990
29-12-2014,24.23620
26-12-2014,23.92320
24-12-2014,23.89890
23-12-2014,23.90390
22-12-2014,23.95440
19-12-2014,23.81950
18-12-2014,23.54960
17-12-2014,23.00640
16-12-2014,23.10270
15-12-2014,23.69380
12-12-2014,23.83640
11-12-2014,24.19810
10-12-2014,24.44510
09-12-2014,24.28090
08-12-2014,24.73510
05-12-2014,24.99810
04-12-2014,24.79760
03-12-2014,24.84870
02-12-2014,24.71880
01-12-2014,24.67780
28-11-2014,25.13430
27-11-2014,25.06810
26-11-2014,25.08190
25-11-2014,24.94620
24-11-2014,25.25590
21-11-2014,24.99800
20-11-2014,25.04890
19-11-2014,25.11090
18-11-2014,25.36650
17-11-2014,25.31870
14-11-2014,25.08260
13-11-2014,24.91070
12-11-2014,25.10930
11-11-2014,25.26710
10-11-2014,25.34020
07-11-2014,25.42430
05-11-2014,25.38560
03-11-2014,25.60700
31-10-2014,25.51840
30-10-2014,25.04160
29-10-2014,24.90240
28-10-2014,24.78650
27-10-2014,24.62930
22-10-2014,24.64210
21-10-2014,24.49450
20-10-2014,24.30300
17-10-2014,23.77830
16-10-2014,23.81260
14-10-2014,24.26080
13-10-2014,24.32210
10-10-2014,24.26570
09-10-2014,24.68410
08-10-2014,24.30380
07-10-2014,24.10490
01-10-2014,24.26270
30-09-2014,24.43540
29-09-2014,24.38410
26-09-2014,24.45860
25-09-2014,24.18410
24-09-2014,24.98790
23-09-2014,25.17560
22-09-2014,25.68990
19-09-2014,25.57450
18-09-2014,25.66620
17-09-2014,25.19400
16-09-2014,25.04050
15-09-2014,25.95950
12-09-2014,26.13290
11-09-2014,26.15360
10-09-2014,26.10270
09-09-2014,26.24690
08-09-2014,26.12660
05-09-2014,25.91150
04-09-2014,25.74450
03-09-2014,25.86980
02-09-2014,25.83770
01-09-2014,25.79450
28-08-2014,25.45750
27-08-2014,25.39290
26-08-2014,25.21820
25-08-2014,25.33100
22-08-2014,25.57540
21-08-2014,25.55790
20-08-2014,25.55840
19-08-2014,25.67880
18-08-2014,25.23630
14-08-2014,24.84970
13-08-2014,24.52950
12-08-2014,24.79580
11-08-2014,24.61500
08-08-2014,24.61510
07-08-2014,25.03510
06-08-2014,24.87540
05-08-2014,25.03620
04-08-2014,24.87470
01-08-2014,24.65690
31-07-2014,25.03900
30-07-2014,24.98460
28-07-2014,24.89170
25-07-2014,25.22060
24-07-2014,25.61480
23-07-2014,25.51130
22-07-2014,25.62810
21-07-2014,25.56290
18-07-2014,25.63250
17-07-2014,25.72420
16-07-2014,25.28880
15-07-2014,24.92870
14-07-2014,24.63130
11-07-2014,24.51660
10-07-2014,25.12390
09-07-2014,25.00750
08-07-2014,25.12700
07-07-2014,26.31500
04-07-2014,26.14290
03-07-2014,25.92550
02-07-2014,26.00810
01-07-2014,25.70260
30-06-2014,25.48000
27-06-2014,25.15170
26-06-2014,25.14510
25-06-2014,25.42840
24-06-2014,25.40240
23-06-2014,24.99730
20-06-2014,24.79660
19-06-2014,24.90410
18-06-2014,25.29830
17-06-2014,25.65040
16-06-2014,25.11010
13-06-2014,25.00720
12-06-2014,25.72640
11-06-2014,25.62740
10-06-2014,26.01770
09-06-2014,26.33400
06-06-2014,25.83040
05-06-2014,25.37450
04-06-2014,24.92090
03-06-2014,24.67190
02-06-2014,24.09820
30-05-2014,23.62520
29-05-2014,23.52360
28-05-2014,23.64950
27-05-2014,23.65650
26-05-2014,24.05390
23-05-2014,24.58000
22-05-2014,23.92660
21-05-2014,23.40490
20-05-2014,23.27580
19-05-2014,23.13790
16-05-2014,21.85640
15-05-2014,21.32820
14-05-2014,21.30520
13-05-2014,21.01400
12-05-2014,20.62510
09-05-2014,20.21810
08-05-2014,19.84200
07-05-2014,19.91970
06-05-2014,19.93860
05-05-2014,19.83020
02-05-2014,19.84170
30-04-2014,19.78120
29-04-2014,20.04400
28-04-2014,20.15310
25-04-2014,20.07930
23-04-2014,20.21460
22-04-2014,20.11930
21-04-2014,20.15190
17-04-2014,19.96970
16-04-2014,19.78880
15-04-2014,19.95480
11-04-2014,20.09060
10-04-2014,20.01950
09-04-2014,19.86080
07-04-2014,19.55860
04-04-2014,19.57830
03-04-2014,19.54850
02-04-2014,19.67040
01-04-2014,19.53110
31-03-2014,19.37000
28-03-2014,19.19070
27-03-2014,18.93330
26-03-2014,18.80200
25-03-2014,18.63640
24-03-2014,18.57940
21-03-2014,18.27760
20-03-2014,18.34290
19-03-2014,18.45260
18-03-2014,18.44260
14-03-2014,18.29820
13-03-2014,18.23350
12-03-2014,18.09510
11-03-2014,18.12710
10-03-2014,18.24410
07-03-2014,18.13760
06-03-2014,17.90220
05-03-2014,17.54070
04-03-2014,17.40110
03-03-2014,17.14840
28-02-2014,17.19460
26-02-2014,17.23100
25-02-2014,17.38570
24-02-2014,17.42650
21-02-2014,17.52250
20-02-2014,17.36540
19-02-2014,17.41790
18-02-2014,17.34070
17-02-2014,17.20440
14-02-2014,17.19730
13-02-2014,17.09220
12-02-2014,17.37910
11-02-2014,17.43570
10-02-2014,17.44880
07-02-2014,17.50970
06-02-2014,17.23410
05-02-2014,17.24280
04-02-2014,17.15200
03-02-2014,17.14740
31-01-2014,17.22620
30-01-2014,17.07550
29-01-2014,17.28400
28-01-2014,17.32010
27-01-2014,17.23310
24-01-2014,17.79340
23-01-2014,18.03800
22-01-2014,18.14960
21-01-2014,18.03990
20-01-2014,18.12310
17-01-2014,18.10780
16-01-2014,18.22180
15-01-2014,18.22090
14-01-2014,18.12610
13-01-2014,18.25000
10-01-2014,18.08520
09-01-2014,18.22390
08-01-2014,18.15610
07-01-2014,18.08460
06-01-2014,18.19730
03-01-2014,18.17200
02-01-2014,18.29390
01-01-2014,18.67270
31-12-2013,18.51670
30-12-2013,18.45840
27-12-2013,18.40660
26-12-2013,18.32800
24-12-2013,18.20730
23-12-2013,18.24640
20-12-2013,18.12960
19-12-2013,17.73230
18-12-2013,17.87140
17-12-2013,17.66510
16-12-2013,17.74570
13-12-2013,17.77310
12-12-2013,18.01500
11-12-2013,18.14390
10-12-2013,18.21650
09-12-2013,18.50970
06-12-2013,18.27710
05-12-2013,18.10970
04-12-2013,18.04290
03-12-2013,18.06520
02-12-2013,17.98050
29-11-2013,17.87810
28-11-2013,17.59370
27-11-2013,17.40980
26-11-2013,17.36460
25-11-2013,17.61690
22-11-2013,17.39270
21-11-2013,17.35840
20-11-2013,17.66000
19-11-2013,17.60970
18-11-2013,17.68500
14-11-2013,17.51770
13-11-2013,17.37710
12-11-2013,17.47380
11-11-2013,17.68360
08-11-2013,17.83220
07-11-2013,17.88960
06-11-2013,17.97970
05-11-2013,17.91650
01-11-2013,17.77850
31-10-2013,17.68680
30-10-2013,17.45620
29-10-2013,17.48400
28-10-2013,17.28960
25-10-2013,17.42040
24-10-2013,17.53670
23-10-2013,17.57750
22-10-2013,17.67840
21-10-2013,17.53840
18-10-2013,17.45580
17-10-2013,17.16920
15-10-2013,17.08960
14-10-2013,17.20570
11-10-2013,17.22420
10-10-2013,17.32690
09-10-2013,17.18290
08-10-2013,17.00520
07-10-2013,16.96160
04-10-2013,16.98260
03-10-2013,16.94540
01-10-2013,16.57450
30-09-2013,16.67440
27-09-2013,16.81600
26-09-2013,16.85690
25-09-2013,16.81980
24-09-2013,16.76720
23-09-2013,16.77880
20-09-2013,17.03960
19-09-2013,17.15000
18-09-2013,16.65980
17-09-2013,16.52840
16-09-2013,16.57790
13-09-2013,16.63360
12-09-2013,16.36290
11-09-2013,16.53280
10-09-2013,16.44130
06-09-2013,16.19770
05-09-2013,15.93150
04-09-2013,15.66050
03-09-2013,15.48640
02-09-2013,15.85310
30-08-2013,15.55300
29-08-2013,15.51960
28-08-2013,15.17550
27-08-2013,15.40570
26-08-2013,15.84590
23-08-2013,15.71900
22-08-2013,15.59420
21-08-2013,15.11460
20-08-2013,15.45000
19-08-2013,15.26180
16-08-2013,15.35630
14-08-2013,16.00590
13-08-2013,15.73320
12-08-2013,15.61650
08-08-2013,15.40260
07-08-2013,15.13330
06-08-2013,14.86320
05-08-2013,15.30370
02-08-2013,15.10200
01-08-2013,15.43280
31-07-2013,15.74930
30-07-2013,15.65170
29-07-2013,16.15140
26-07-2013,16.31450
25-07-2013,16.49980
24-07-2013,16.77300
23-07-2013,16.99100
22-07-2013,16.96010
19-07-2013,16.99180
18-07-2013,17.01490
17-07-2013,16.88790
16-07-2013,16.92740
15-07-2013,17.07560
12-07-2013,16.94770
11-07-2013,16.91790
10-07-2013,16.64470
09-07-2013,16.79940
08-07-2013,16.70200
05-07-2013,16.93570
04-07-2013,16.83280
03-07-2013,16.82370
02-07-2013,17.21230
01-07-2013,17.36870
28-06-2013,17.10950
27-06-2013,16.59120
26-06-2013,16.43680
25-06-2013,16.51890
24-06-2013,16.54800
21-06-2013,16.90360
20-06-2013,16.88070
19-06-2013,17.33810
18-06-2013,17.33180
17-06-2013,17.32120
14-06-2013,17.35880
13-06-2013,17.03500
12-06-2013,17.32640
11-06-2013,17.35470
10-06-2013,17.71950
07-06-2013,17.89640
06-06-2013,18.04550
05-06-2013,18.07420
04-06-2013,18.06250
03-06-2013,18.08250
31-05-2013,18.19590
30-05-2013,18.44190
29-05-2013,18.49520
28-05-2013,18.63750
27-05-2013,18.35480
24-05-2013,18.16400
23-05-2013,18.09110
22-05-2013,18.53650
21-05-2013,18.79970
20-05-2013,19.00440
17-05-2013,19.15310
16-05-2013,19.17490
15-05-2013,19.03830
14-05-2013,18.76790
13-05-2013,18.73780
10-05-2013,19.03280
09-05-2013,19.05820
08-05-2013,19.16740
07-05-2013,19.12050
06-05-2013,19.10290
03-05-2013,18.96480
02-05-2013,19.06970
30-04-2013,18.96240
29-04-2013,18.94130
26-04-2013,18.88080
25-04-2013,19.01700
23-04-2013,18.88030
22-04-2013,18.86040
18-04-2013,18.65680
17-04-2013,18.56670
16-04-2013,18.64620
15-04-2013,18.37920
12-04-2013,18.23200
11-04-2013,18.14480
10-04-2013,18.22780
09-04-2013,18.14880
08-04-2013,18.34770
05-04-2013,18.42540
04-04-2013,18.33880
03-04-2013,18.56200
02-04-2013,18.73860
01-04-2013,18.48740
28-03-2013,18.35760
26-03-2013,18.04880
25-03-2013,18.09700
22-03-2013,17.98660
21-03-2013,18.01150
20-03-2013,18.24270
19-03-2013,18.50490
18-03-2013,18.88200
15-03-2013,19.05550
14-03-2013,19.23430
13-03-2013,19.13330
12-03-2013,19.32590
11-03-2013,19.39400
08-03-2013,19.45230
07-03-2013,19.23690
06-03-2013,19.18430
05-03-2013,19.00070
04-03-2013,18.70450
01-03-2013,18.93220
28-02-2013,18.77490
27-02-2013,19.29440
26-02-2013,19.05090
25-02-2013,19.37590
22-02-2013,19.64060
21-02-2013,19.64620
20-02-2013,19.97850
19-02-2013,19.98300
18-02-2013,19.84390
15-02-2013,19.78530
14-02-2013,19.73070
13-02-2013,19.84870
12-02-2013,19.94220
11-02-2013,19.85000
08-02-2013,19.88000
07-02-2013,20.15000
06-02-2013,20.36000
05-02-2013,20.32000
04-02-2013,20.46000
01-02-2013,20.75000
31-01-2013,20.77000
30-01-2013,20.81000
29-01-2013,20.74000
28-01-2013,20.84000
25-01-2013,20.90000
24-01-2013,20.76000
23-01-2013,21.14000
22-01-2013,21.32000
21-01-2013,21.46000
18-01-2013,21.40000
17-01-2013,21.17000
16-01-2013,21.04000
15-01-2013,21.30000
14-01-2013,21.28000
11-01-2013,21.09000
10-01-2013,21.46000
09-01-2013,21.58000
08-01-2013,21.68000
07-01-2013,21.75000
04-01-2013,21.72000
03-01-2013,21.62000
02-01-2013,21.60000
01-01-2013,21.50000
31-12-2012,21.30000
28-12-2012,21.16000
27-12-2012,20.91000
26-12-2012,20.98000
24-12-2012,20.86000
21-12-2012,20.83000
20-12-2012,21.09000
19-12-2012,21.20000
18-12-2012,21.01000
17-12-2012,20.95000
14-12-2012,20.89000
13-12-2012,20.74000
12-12-2012,20.89000
11-12-2012,20.92000
10-12-2012,21.06000
07-12-2012,21.18000
06-12-2012,21.25000
05-12-2012,21.07000
04-12-2012,20.99000
03-12-2012,20.97000
30-11-2012,20.78000
29-11-2012,20.51000
27-11-2012,20.35000
26-11-2012,20.20000
23-11-2012,20.19000
22-11-2012,20.25000
21-11-2012,20.26000
20-11-2012,20.22000
19-11-2012,20.34000
16-11-2012,20.50000
15-11-2012,20.61000
12-11-2012,20.84000
09-11-2012,20.85000
08-11-2012,21.13000
07-11-2012,21.21000
06-11-2012,21.23000
05-11-2012,21.11000
02-11-2012,21.09000
01-11-2012,21.03000
31-10-2012,20.93000
30-10-2012,20.85000
29-10-2012,21.17000
26-10-2012,21.18000
25-10-2012,21.35000
23-10-2012,21.35000
22-10-2012,21.41000
19-10-2012,21.39000
18-10-2012,21.63000
17-10-2012,21.48000
16-10-2012,21.47000
15-10-2012,21.72000
12-10-2012,21.71000
11-10-2012,21.73000
10-10-2012,21.44000
09-10-2012,21.58000
08-10-2012,21.47000
05-10-2012,21.74000
04-10-2012,21.85000
03-10-2012,21.70000
01-10-2012,21.50000
28-09-2012,21.33000
27-09-2012,21.07000
26-09-2012,21.08000
25-09-2012,21.04000
24-09-2012,21.22000
21-09-2012,21.33000
20-09-2012,20.82000
18-09-2012,20.92000
17-09-2012,20.88000
14-09-2012,20.86000
13-09-2012,20.64000
12-09-2012,20.62000
11-09-2012,20.48000
10-09-2012,20.46000
07-09-2012,20.28000
06-09-2012,20.03000
05-09-2012,20.02000
04-09-2012,20.21000
03-09-2012,20.09000
31-08-2012,20.08000
30-08-2012,20.29000
29-08-2012,20.23000
28-08-2012,20.40000
27-08-2012,20.55000
24-08-2012,20.69000
23-08-2012,20.70000
22-08-2012,20.69000
21-08-2012,20.73000
17-08-2012,20.54000
16-08-2012,20.58000
14-08-2012,20.71000
13-08-2012,20.68000
10-08-2012,20.56000
09-08-2012,20.50000
08-08-2012,20.51000
07-08-2012,20.46000
06-08-2012,20.43000
03-08-2012,20.26000
02-08-2012,20.24000
01-08-2012,20.23000
31-07-2012,20.21000
30-07-2012,20.05000
27-07-2012,19.73000
26-07-2012,19.59000
25-07-2012,19.79000
24-07-2012,19.98000
23-07-2012,19.87000
20-07-2012,20.14000
19-07-2012,20.21000
18-07-2012,20.15000
17-07-2012,19.99000
16-07-2012,20.14000
13-07-2012,20.26000
12-07-2012,20.36000
11-07-2012,20.41000
10-07-2012,20.51000
09-07-2012,20.35000
06-07-2012,20.64000
05-07-2012,20.74000
04-07-2012,20.68000
03-07-2012,20.59000
29-06-2012,20.30000
28-06-2012,19.91000
27-06-2012,19.84000
26-06-2012,19.67000
25-06-2012,19.54000
22-06-2012,19.62000
21-06-2012,19.61000
20-06-2012,19.53000
19-06-2012,19.27000
18-06-2012,19.14000
15-06-2012,19.31000
14-06-2012,19.14000
13-06-2012,19.29000
12-06-2012,19.25000
11-06-2012,19.14000
08-06-2012,19.13000
07-06-2012,19.15000
06-06-2012,19.11000
05-06-2012,18.78000
04-06-2012,18.78000
01-06-2012,18.74000
31-05-2012,18.85000
30-05-2012,18.85000
29-05-2012,19.03000
28-05-2012,18.98000
25-05-2012,18.76000
24-05-2012,18.71000
23-05-2012,18.52000
22-05-2012,18.57000
21-05-2012,18.79000
18-05-2012,18.76000
17-05-2012,18.82000
16-05-2012,18.73000
15-05-2012,18.98000
14-05-2012,18.88000
11-05-2012,19.09000
10-05-2012,19.34000
09-05-2012,19.26000
08-05-2012,19.56000
07-05-2012,19.71000
04-05-2012,19.66000
03-05-2012,20.02000
02-05-2012,20.13000
30-04-2012,20.22000
27-04-2012,19.96000
26-04-2012,20.01000
25-04-2012,20.13000
24-04-2012,20.31000
23-04-2012,20.34000
20-04-2012,20.70000
19-04-2012,20.96000
18-04-2012,20.88000
17-04-2012,20.76000
16-04-2012,20.50000
13-04-2012,20.55000
12-04-2012,20.64000
11-04-2012,20.45000
10-04-2012,20.62000
09-04-2012,20.91000
04-04-2012,21.38000
03-04-2012,21.42000
30-03-2012,21.05000
29-03-2012,20.57000
28-03-2012,20.53000
27-03-2012,20.70000
26-03-2012,20.63000
22-03-2012,20.97000
21-03-2012,21.40000
20-03-2012,21.16000
19-03-2012,21.15000
16-03-2012,21.32000
15-03-2012,21.72000
14-03-2012,21.96000
13-03-2012,21.94000
12-03-2012,21.62000
09-03-2012,21.50000
07-03-2012,21.11000
06-03-2012,21.27000
05-03-2012,21.50000
02-03-2012,21.69000
01-03-2012,21.78000
29-02-2012,21.95000
28-02-2012,21.67000
27-02-2012,21.24000
24-02-2012,21.82000
23-02-2012,21.90000
22-02-2012,21.94000
21-02-2012,22.36000
17-02-2012,22.30000
15-02-2012,22.43000
14-02-2012,22.18000
13-02-2012,22.06000
10-02-2012,21.88000
09-02-2012,21.88000
08-02-2012,21.78000
07-02-2012,21.64000
06-02-2012,21.80000
03-02-2012,21.65000
02-02-2012,21.45000
01-02-2012,21.33000
31-01-2012,21.27000
30-01-2012,20.99000
27-01-2012,21.48000
25-01-2012,21.07000
24-01-2012,20.66000
23-01-2012,20.52000
20-01-2012,20.78000
19-01-2012,20.75000
18-01-2012,20.42000
17-01-2012,20.48000
16-01-2012,20.06000
13-01-2012,20.28000
12-01-2012,20.02000
11-01-2012,19.95000
10-01-2012,19.83000
09-01-2012,19.39000
06-01-2012,19.07000
05-01-2012,19.10000
04-01-2012,19.25000
03-01-2012,19.20000
02-01-2012,18.81000
30-12-2011,18.70000
29-12-2011,18.71000
28-12-2011,18.89000
27-12-2011,19.10000
26-12-2011,19.32000
23-12-2011,19.24000
22-12-2011,19.28000
21-12-2011,19.15000
20-12-2011,18.83000
19-12-2011,19.13000
16-12-2011,19.22000
15-12-2011,19.61000
14-12-2011,19.61000
13-12-2011,19.97000
12-12-2011,19.89000
09-12-2011,20.40000
08-12-2011,20.59000
07-12-2011,21.06000
05-12-2011,21.10000
02-12-2011,21.22000
01-12-2011,20.94000
30-11-2011,20.64000
29-11-2011,20.45000
28-11-2011,20.65000
25-11-2011,20.21000
24-11-2011,20.21000
23-11-2011,20.10000
22-11-2011,20.45000
21-11-2011,20.35000
18-11-2011,20.74000
17-11-2011,20.80000
16-11-2011,21.17000
15-11-2011,21.40000
14-11-2011,21.78000
11-11-2011,22.19000
09-11-2011,22.32000
08-11-2011,22.66000
04-11-2011,22.70000
03-11-2011,22.65000
02-11-2011,22.55000
01-11-2011,22.55000
31-10-2011,22.67000
28-10-2011,22.86000
25-10-2011,22.32000
24-10-2011,22.10000
21-10-2011,21.96000
20-10-2011,21.98000
19-10-2011,22.12000
18-10-2011,21.84000
17-10-2011,21.91000
14-10-2011,22.16000
13-10-2011,22.15000
12-10-2011,22.32000
11-10-2011,22.18000
10-10-2011,22.15000
07-10-2011,21.84000
05-10-2011,21.54000
04-10-2011,21.69000
03-10-2011,21.99000
29-09-2011,22.26000
28-09-2011,22.14000
27-09-2011,22.20000
26-09-2011,21.87000
23-09-2011,22.29000
22-09-2011,22.51000
21-09-2011,23.08000
20-09-2011,23.01000
19-09-2011,22.80000
16-09-2011,22.93000
15-09-2011,22.71000
14-09-2011,22.55000
13-09-2011,22.42000
12-09-2011,22.42000
09-09-2011,22.70000
08-09-2011,23.02000
07-09-2011,22.95000
06-09-2011,22.74000
05-09-2011,22.52000
02-09-2011,22.68000
30-08-2011,22.38000
29-08-2011,22.16000
26-08-2011,21.72000
25-08-2011,22.23000
24-08-2011,22.41000
23-08-2011,22.55000
22-08-2011,22.60000
18-08-2011,22.32000
17-08-2011,22.63000
16-08-2011,22.58000
12-08-2011,22.83000
11-08-2011,22.98000
10-08-2011,23.01000
09-08-2011,22.80000
08-08-2011,23.08000
05-08-2011,23.24000
04-08-2011,23.50000
03-08-2011,23.59000
02-08-2011,23.70000
01-08-2011,23.68000
29-07-2011,23.66000
28-07-2011,23.84000
27-07-2011,24.10000
26-07-2011,23.99000
25-07-2011,24.09000
22-07-2011,24.02000
21-07-2011,23.69000
20-07-2011,23.71000
19-07-2011,23.83000
18-07-2011,23.72000
15-07-2011,23.69000
14-07-2011,23.73000
13-07-2011,23.76000
12-07-2011,23.45000
11-07-2011,23.61000
08-07-2011,23.65000
07-07-2011,24.16000
06-07-2011,23.94000
05-07-2011,23.98000
04-07-2011,23.97000
30-06-2011,23.80000
29-06-2011,23.71000
28-06-2011,23.59000
27-06-2011,23.63000
24-06-2011,23.38000
23-06-2011,22.90000
22-06-2011,22.78000
21-06-2011,22.90000
20-06-2011,22.91000
17-06-2011,23.48000
16-06-2011,23.64000
15-06-2011,23.80000
14-06-2011,23.95000
13-06-2011,23.92000
10-06-2011,24.01000
09-06-2011,24.15000
08-06-2011,24.22000
07-06-2011,24.23000
06-06-2011,24.06000
03-06-2011,24.15000
02-06-2011,24.33000
01-06-2011,24.50000
31-05-2011,24.29000
30-05-2011,23.94000
27-05-2011,23.85000
26-05-2011,23.58000
25-05-2011,23.24000
24-05-2011,23.32000
23-05-2011,23.30000
20-05-2011,23.61000
19-05-2011,23.59000
18-05-2011,23.60000
16-05-2011,24.06000
13-05-2011,24.25000
12-05-2011,24.08000
11-05-2011,24.36000
10-05-2011,24.30000
09-05-2011,24.33000
06-05-2011,24.09000
05-05-2011,24.03000
04-05-2011,24.25000
03-05-2011,24.37000
02-05-2011,24.76000
29-04-2011,24.90000
28-04-2011,25.05000
27-04-2011,25.13000
26-04-2011,25.14000
25-04-2011,25.16000
21-04-2011,25.19000
20-04-2011,25.11000
19-04-2011,24.69000
18-04-2011,24.61000
15-04-2011,24.84000
13-04-2011,24.85000
11-04-2011,24.58000
08-04-2011,24.67000
07-04-2011,24.93000
06-04-2011,24.83000
05-04-2011,24.82000
31-03-2011,24.12000
30-03-2011,23.98000
29-03-2011,23.82000
28-03-2011,23.79000
25-03-2011,23.89000
24-03-2011,23.57000
23-03-2011,23.43000
22-03-2011,23.23000
21-03-2011,22.92000
18-03-2011,22.89000
17-03-2011,23.04000
16-03-2011,23.07000
15-03-2011,22.77000
14-03-2011,23.01000
11-03-2011,22.80000
10-03-2011,22.94000
09-03-2011,23.01000
08-03-2011,22.96000
07-03-2011,22.83000
04-03-2011,23.03000
03-03-2011,23.04000
01-03-2011,23.08000
28-02-2011,22.40000
25-02-2011,22.03000
24-02-2011,22.16000
23-02-2011,22.67000
22-02-2011,22.84000
21-02-2011,22.98000
18-02-2011,22.82000
17-02-2011,23.22000
15-02-2011,23.04000
14-02-2011,23.01000
11-02-2011,22.48000
10-02-2011,22.23000
09-02-2011,22.26000
08-02-2011,22.90000
07-02-2011,23.37000
04-02-2011,23.37000
03-02-2011,23.70000
02-02-2011,23.26000
01-02-2011,23.12000
31-01-2011,23.29000
28-01-2011,23.39000
27-01-2011,23.87000
25-01-2011,24.34000
24-01-2011,24.41000
21-01-2011,24.30000
20-01-2011,24.31000
19-01-2011,24.41000
18-01-2011,24.46000
17-01-2011,24.35000
14-01-2011,24.66000
13-01-2011,25.01000
12-01-2011,25.16000
11-01-2011,24.81000
10-01-2011,24.70000
07-01-2011,25.33000
06-01-2011,25.83000
05-01-2011,26.17000
04-01-2011,26.47000
03-01-2011,26.35000
31-12-2010,26.14000
30-12-2010,25.95000
29-12-2010,25.79000
28-12-2010,25.56000
27-12-2010,25.60000
24-12-2010,25.66000
23-12-2010,25.59000
22-12-2010,25.61000
21-12-2010,25.49000
20-12-2010,25.25000
16-12-2010,25.31000
15-12-2010,25.33000
14-12-2010,25.48000
13-12-2010,25.18000
10-12-2010,24.87000
09-12-2010,24.52000
08-12-2010,25.36000
07-12-2010,25.63000
06-12-2010,25.71000
03-12-2010,25.73000
02-12-2010,26.11000
01-12-2010,25.94000
30-11-2010,25.33000
29-11-2010,25.28000
26-11-2010,25.00000
25-11-2010,25.36000
24-11-2010,25.78000
23-11-2010,26.11000
22-11-2010,26.51000
19-11-2010,26.29000
18-11-2010,26.71000
16-11-2010,26.56000
15-11-2010,27.21000
12-11-2010,27.31000
11-11-2010,28.05000
10-11-2010,28.28000
09-11-2010,28.38000
08-11-2010,28.27000
04-11-2010,28.15000
03-11-2010,27.32000
02-11-2010,27.06000
01-11-2010,26.95000
29-10-2010,26.64000
28-10-2010,27.01000
27-10-2010,27.21000
26-10-2010,27.49000
25-10-2010,27.69000
22-10-2010,27.41000
21-10-2010,27.39000
20-10-2010,27.00000
19-10-2010,27.09000
18-10-2010,27.12000
15-10-2010,27.24000
14-10-2010,27.56000
13-10-2010,27.47000
12-10-2010,27.25000
11-10-2010,27.38000
08-10-2010,27.05000
07-10-2010,27.25000
06-10-2010,27.50000
05-10-2010,26.94000
04-10-2010,26.88000
01-10-2010,26.81000
29-09-2010,26.34000
28-09-2010,26.62000
27-09-2010,26.55000
24-09-2010,26.44000
23-09-2010,26.19000
22-09-2010,26.28000
21-09-2010,26.47000
20-09-2010,26.73000
17-09-2010,26.43000
16-09-2010,26.07000
15-09-2010,26.40000
14-09-2010,26.38000
13-09-2010,26.44000
09-09-2010,26.18000
08-09-2010,26.07000
07-09-2010,25.99000
06-09-2010,25.63000
03-09-2010,25.21000
02-09-2010,25.03000
01-09-2010,24.84000
31-08-2010,24.46000
30-08-2010,24.61000
27-08-2010,24.50000
26-08-2010,24.61000
25-08-2010,24.71000
24-08-2010,25.00000
23-08-2010,25.26000
20-08-2010,25.14000
18-08-2010,25.00000
17-08-2010,24.46000
16-08-2010,24.42000
13-08-2010,24.48000
12-08-2010,24.36000
11-08-2010,24.42000
10-08-2010,24.45000
09-08-2010,24.55000
06-08-2010,24.34000
05-08-2010,24.28000
04-08-2010,24.28000
03-08-2010,24.35000
02-08-2010,24.32000
30-07-2010,24.03000
29-07-2010,23.93000
28-07-2010,23.94000
27-07-2010,23.98000
26-07-2010,23.90000
23-07-2010,24.11000
22-07-2010,24.29000
21-07-2010,24.08000
20-07-2010,23.84000
19-07-2010,23.92000
16-07-2010,24.00000
15-07-2010,23.98000
14-07-2010,24.12000
13-07-2010,24.31000
12-07-2010,24.18000
09-07-2010,24.16000
08-07-2010,23.98000
07-07-2010,23.78000
06-07-2010,24.01000
05-07-2010,23.97000
02-07-2010,23.95000
30-06-2010,24.05000
29-06-2010,23.88000
28-06-2010,24.12000
25-06-2010,23.66000
24-06-2010,23.41000
23-06-2010,23.50000
22-06-2010,23.37000
21-06-2010,23.43000
18-06-2010,23.01000
17-06-2010,23.23000
16-06-2010,23.16000
15-06-2010,23.15000
14-06-2010,23.19000
11-06-2010,22.84000
10-06-2010,22.79000
09-06-2010,22.56000
08-06-2010,22.41000
07-06-2010,22.64000
04-06-2010,23.04000
03-06-2010,22.99000
02-06-2010,22.77000
01-06-2010,22.68000
31-05-2010,22.99000
28-05-2010,22.74000
26-05-2010,22.23000
25-05-2010,21.77000
24-05-2010,22.37000
21-05-2010,22.40000
20-05-2010,22.63000
19-05-2010,22.54000
18-05-2010,23.10000
17-05-2010,23.06000
14-05-2010,23.19000
13-05-2010,23.51000
12-05-2010,23.45000
11-05-2010,23.48000
10-05-2010,23.63000
07-05-2010,23.06000
06-05-2010,23.45000
05-05-2010,23.53000
04-05-2010,23.58000
03-05-2010,24.08000
30-04-2010,24.26000
29-04-2010,23.94000
28-04-2010,23.86000
27-04-2010,24.39000
26-04-2010,24.44000
23-04-2010,24.28000
22-04-2010,24.19000
21-04-2010,24.14000
20-04-2010,24.02000
19-04-2010,23.81000
16-04-2010,24.19000
15-04-2010,24.33000
13-04-2010,24.46000
12-04-2010,24.58000
09-04-2010,24.61000
08-04-2010,24.46000
07-04-2010,24.72000
06-04-2010,24.60000
05-04-2010,24.58000
31-03-2010,24.24000
30-03-2010,24.15000
29-03-2010,24.05000
26-03-2010,23.92000
25-03-2010,23.83000
23-03-2010,23.88000
22-03-2010,23.81000
19-03-2010,24.02000
18-03-2010,23.99000
17-03-2010,23.94000
15-03-2010,23.71000
12-03-2010,23.75000
11-03-2010,23.74000
10-03-2010,23.71000
09-03-2010,23.74000
08-03-2010,24.00000
05-03-2010,23.94000
04-03-2010,23.81000
03-03-2010,23.59000
02-03-2010,23.31000
26-02-2010,23.07000
25-02-2010,22.91000
24-02-2010,23.02000
23-02-2010,23.10000
22-02-2010,23.16000
19-02-2010,23.29000
18-02-2010,23.53000
17-02-2010,23.53000
16-02-2010,23.27000
15-02-2010,22.98000
11-02-2010,23.17000
10-02-2010,23.00000
09-02-2010,23.06000
08-02-2010,22.95000
05-02-2010,22.69000
04-02-2010,23.28000
03-02-2010,23.69000
02-02-2010,23.29000
01-02-2010,23.47000
29-01-2010,23.17000
28-01-2010,23.01000
27-01-2010,23.09000
25-01-2010,24.02000
22-01-2010,24.20000
21-01-2010,24.44000
20-01-2010,24.95000
19-01-2010,25.18000
18-01-2010,25.17000
15-01-2010,25.18000
14-01-2010,25.27000
13-01-2010,25.02000
12-01-2010,24.82000
11-01-2010,25.18000
08-01-2010,25.09000
07-01-2010,25.20000
06-01-2010,25.01000
05-01-2010,24.94000
04-01-2010,24.45000
31-12-2009,23.98000
30-12-2009,23.91000
29-12-2009,23.77000
24-12-2009,23.65000
23-12-2009,23.43000
22-12-2009,22.93000
21-12-2009,22.77000
18-12-2009,22.94000
17-12-2009,23.14000
16-12-2009,23.07000
15-12-2009,23.02000
14-12-2009,23.21000
11-12-2009,23.21000
10-12-2009,23.31000
09-12-2009,23.17000
08-12-2009,23.28000
07-12-2009,22.90000
04-12-2009,23.23000
03-12-2009,23.30000
02-12-2009,22.99000
01-12-2009,22.88000
30-11-2009,22.49000
27-11-2009,21.92000
26-11-2009,22.27000
25-11-2009,22.39000
24-11-2009,22.16000
23-11-2009,21.98000
20-11-2009,21.50000
19-11-2009,21.31000
18-11-2009,21.60000
17-11-2009,21.64000
16-11-2009,21.59000
13-11-2009,21.32000
12-11-2009,21.21000
11-11-2009,21.46000
10-11-2009,21.04000
09-11-2009,21.03000
06-11-2009,20.79000
05-11-2009,20.46000
04-11-2009,20.13000
03-11-2009,19.53000
30-10-2009,20.38000
29-10-2009,20.37000
28-10-2009,20.56000
27-10-2009,20.62000
26-10-2009,21.29000
23-10-2009,21.55000
22-10-2009,21.51000
21-10-2009,21.87000
20-10-2009,22.12000
16-10-2009,21.97000
15-10-2009,21.90000
14-10-2009,21.81000
12-10-2009,21.50000
09-10-2009,21.37000
08-10-2009,21.56000
07-10-2009,21.40000
06-10-2009,21.17000
05-10-2009,21.14000
01-10-2009,21.49000
29-09-2009,21.33000
25-09-2009,21.20000
24-09-2009,21.09000
23-09-2009,21.12000
22-09-2009,21.31000
18-09-2009,21.32000
17-09-2009,21.21000
16-09-2009,21.28000
15-09-2009,21.06000
14-09-2009,20.77000
11-09-2009,20.83000
10-09-2009,20.91000
09-09-2009,20.82000
08-09-2009,20.76000
07-09-2009,20.65000
04-09-2009,20.16000
03-09-2009,19.82000
02-09-2009,19.75000
01-09-2009,19.79000
31-08-2009,20.06000
28-08-2009,20.10000
27-08-2009,19.95000
26-08-2009,19.87000
25-08-2009,19.77000
24-08-2009,19.77000
21-08-2009,19.42000
20-08-2009,19.25000
18-08-2009,19.37000
17-08-2009,19.15000
14-08-2009,19.92000
13-08-2009,19.86000
12-08-2009,19.32000
11-08-2009,19.35000
10-08-2009,19.25000
07-08-2009,19.57000
06-08-2009,19.82000
05-08-2009,20.20000
04-08-2009,20.10000
03-08-2009,20.05000
31-07-2009,19.62000
30-07-2009,19.27000
29-07-2009,19.12000
28-07-2009,19.32000
27-07-2009,19.19000
24-07-2009,19.16000
23-07-2009,18.82000
22-07-2009,18.40000
21-07-2009,18.60000
20-07-2009,18.52000
17-07-2009,18.08000
16-07-2009,17.82000
15-07-2009,17.78000
14-07-2009,17.18000
13-07-2009,16.66000
10-07-2009,16.95000
09-07-2009,17.28000
08-07-2009,17.16000
07-07-2009,17.47000
06-07-2009,17.40000
03-07-2009,18.17000
02-07-2009,18.04000
30-06-2009,17.65000
29-06-2009,18.07000
26-06-2009,17.95000
25-06-2009,17.59000
24-06-2009,17.80000
23-06-2009,17.54000
22-06-2009,17.57000
19-06-2009,17.79000
18-06-2009,17.52000
17-06-2009,18.14000
16-06-2009,18.88000
15-06-2009,18.66000
12-06-2009,19.13000
11-06-2009,19.20000
10-06-2009,19.16000
09-06-2009,18.86000
08-06-2009,18.39000
05-06-2009,19.21000
04-06-2009,19.25000
03-06-2009,19.30000
02-06-2009,19.04000
01-06-2009,18.86000
29-05-2009,18.36000
28-05-2009,17.87000
27-05-2009,17.83000
26-05-2009,17.37000
25-05-2009,17.78000
22-05-2009,17.53000
21-05-2009,17.46000
20-05-2009,17.34000
19-05-2009,16.86000
15-05-2009,15.25000
14-05-2009,15.12000
13-05-2009,15.15000
12-05-2009,15.22000
11-05-2009,15.02000
08-05-2009,15.19000
07-05-2009,15.32000
06-05-2009,14.95000
05-05-2009,15.07000
04-05-2009,14.87000
29-04-2009,14.21000
28-04-2009,13.96000
27-04-2009,14.35000
24-04-2009,14.41000
23-04-2009,14.25000
22-04-2009,13.97000
21-04-2009,14.15000
20-04-2009,14.25000
17-04-2009,14.08000
16-04-2009,14.15000
15-04-2009,14.66000
13-04-2009,14.31000
09-04-2009,13.95000
08-04-2009,13.81000
06-04-2009,13.56000
02-04-2009,13.38000
01-04-2009,12.95000
31-03-2009,12.76000
30-03-2009,12.58000
27-03-2009,12.98000
26-03-2009,12.74000
25-03-2009,12.48000
24-03-2009,12.29000
23-03-2009,12.36000
20-03-2009,11.92000
19-03-2009,11.86000
18-03-2009,11.80000
17-03-2009,11.62000
16-03-2009,11.73000
13-03-2009,11.50000
12-03-2009,11.15000
09-03-2009,11.00000
06-03-2009,11.15000
05-03-2009,11.06000
04-03-2009,11.20000
03-03-2009,11.13000
02-03-2009,11.22000
27-02-2009,11.42000
26-02-2009,11.49000
25-02-2009,11.48000
24-02-2009,11.45000
20-02-2009,11.55000
19-02-2009,11.72000
18-02-2009,11.74000
17-02-2009,11.72000
16-02-2009,11.95000
13-02-2009,12.23000
12-02-2009,12.11000
11-02-2009,12.19000
10-02-2009,12.21000
09-02-2009,12.22000
06-02-2009,11.96000
05-02-2009,11.77000
04-02-2009,11.83000
03-02-2009,11.75000
02-02-2009,11.70000
30-01-2009,11.92000
29-01-2009,11.73000
28-01-2009,11.72000
27-01-2009,11.50000
23-01-2009,11.29000
22-01-2009,11.48000
21-01-2009,11.63000
20-01-2009,11.89000
19-01-2009,12.08000
16-01-2009,11.96000
15-01-2009,11.76000
14-01-2009,11.99000
13-01-2009,11.73000
12-01-2009,11.88000
09-01-2009,12.13000
07-01-2009,12.46000
06-01-2009,13.06000
05-01-2009,12.86000
02-01-2009,12.47000
01-01-2009,12.32000
31-12-2008,12.05000
30-12-2008,12.08000
29-12-2008,11.94000
26-12-2008,11.72000
24-12-2008,11.94000
23-12-2008,12.04000
22-12-2008,12.31000
19-12-2008,12.44000
18-12-2008,12.37000
17-12-2008,12.20000
16-12-2008,12.46000
15-12-2008,12.23000
12-12-2008,11.84000
11-12-2008,11.76000
10-12-2008,11.67000
08-12-2008,11.23000
05-12-2008,11.17000
04-12-2008,11.38000
03-12-2008,11.00000
02-12-2008,10.91000
01-12-2008,11.03000
28-11-2008,11.11000
26-11-2008,11.13000
25-11-2008,10.96000
24-11-2008,11.11000
21-11-2008,11.16000
20-11-2008,10.97000
19-11-2008,11.21000
18-11-2008,11.29000
17-11-2008,11.53000
14-11-2008,11.69000
12-11-2008,11.91000
11-11-2008,12.17000
10-11-2008,12.75000
07-11-2008,12.22000
06-11-2008,12.00000
05-11-2008,12.43000
04-11-2008,12.95000
03-11-2008,12.58000
31-10-2008,12.22000
29-10-2008,11.58000
27-10-2008,10.78000
24-10-2008,10.95000
23-10-2008,11.92000
22-10-2008,12.49000
21-10-2008,12.95000
20-10-2008,12.64000
17-10-2008,12.67000
16-10-2008,13.14000
15-10-2008,13.33000
14-10-2008,13.79000
13-10-2008,13.87000
10-10-2008,13.30000
08-10-2008,14.21000
07-10-2008,14.81000
06-10-2008,14.95000
03-10-2008,15.86000
01-10-2008,16.58000
30-09-2008,16.53000
29-09-2008,16.46000
26-09-2008,16.94000
25-09-2008,17.42000
24-09-2008,17.60000
23-09-2008,17.47000
22-09-2008,17.69000
19-09-2008,17.69000
18-09-2008,17.18000
17-09-2008,17.16000
16-09-2008,17.49000
15-09-2008,17.59000
12-09-2008,18.15000
11-09-2008,18.40000
10-09-2008,18.72000
09-09-2008,19.11000
08-09-2008,19.16000
05-09-2008,18.91000
04-09-2008,19.25000
02-09-2008,19.49000
01-09-2008,19.16000
29-08-2008,19.25000
28-08-2008,18.81000
27-08-2008,19.08000
26-08-2008,19.10000
25-08-2008,19.17000
22-08-2008,19.25000
21-08-2008,19.15000
20-08-2008,19.49000
19-08-2008,19.31000
18-08-2008,19.38000
14-08-2008,19.70000
13-08-2008,19.98000
12-08-2008,20.09000
11-08-2008,20.34000
08-08-2008,20.08000
07-08-2008,19.87000
06-08-2008,19.85000
05-08-2008,20.02000
04-08-2008,19.89000
01-08-2008,19.81000
31-07-2008,19.30000
30-07-2008,19.10000
29-07-2008,18.57000
28-07-2008,18.97000
25-07-2008,18.88000
24-07-2008,19.11000
23-07-2008,19.14000
22-07-2008,18.33000
21-07-2008,18.05000
18-07-2008,17.95000
17-07-2008,17.64000
16-07-2008,17.43000
15-07-2008,17.74000
14-07-2008,18.44000
11-07-2008,18.34000
10-07-2008,18.64000
09-07-2008,18.40000
08-07-2008,17.84000
07-07-2008,17.92000
04-07-2008,17.79000
03-07-2008,17.62000
02-07-2008,18.35000
01-07-2008,17.75000
30-06-2008,18.37000
27-06-2008,18.69000
26-06-2008,19.41000
25-06-2008,19.14000
24-06-2008,18.93000
23-06-2008,19.24000
20-06-2008,19.94000
19-06-2008,20.53000
18-06-2008,20.83000
17-06-2008,21.02000
16-06-2008,20.71000
13-06-2008,20.59000
12-06-2008,20.62000
11-06-2008,20.49000
10-06-2008,20.24000
09-06-2008,20.34000
06-06-2008,20.66000
05-06-2008,20.86000
04-06-2008,20.67000
03-06-2008,21.28000
02-06-2008,21.26000
30-05-2008,21.77000
29-05-2008,21.74000
28-05-2008,21.93000
27-05-2008,21.56000
26-05-2008,21.68000
23-05-2008,22.16000
22-05-2008,22.53000
21-05-2008,22.87000
20-05-2008,22.72000
16-05-2008,22.82000
15-05-2008,22.44000
14-05-2008,22.17000
13-05-2008,21.87000
12-05-2008,22.01000
09-05-2008,22.04000
08-05-2008,22.46000
07-05-2008,22.49000
06-05-2008,22.56000
05-05-2008,22.73000
02-05-2008,22.72000
30-04-2008,22.68000
29-04-2008,22.82000
28-04-2008,22.49000
25-04-2008,22.49000
24-04-2008,22.21000
23-04-2008,22.41000
22-04-2008,22.46000
21-04-2008,22.31000
17-04-2008,21.84000
16-04-2008,21.44000
15-04-2008,21.29000
11-04-2008,21.10000
10-04-2008,20.87000
09-04-2008,20.81000
08-04-2008,20.63000
07-04-2008,20.70000
04-04-2008,20.24000
03-04-2008,20.54000
02-04-2008,20.55000
01-04-2008,20.55000
31-03-2008,20.65000
28-03-2008,21.20000
27-03-2008,20.59000
26-03-2008,20.65000
25-03-2008,20.63000
24-03-2008,19.36000
19-03-2008,19.86000
18-03-2008,19.87000
17-03-2008,20.23000
14-03-2008,21.72000
13-03-2008,21.25000
12-03-2008,22.80000
11-03-2008,22.99000
10-03-2008,22.33000
07-03-2008,22.21000
05-03-2008,23.00000
04-03-2008,22.93000
03-03-2008,23.36000
29-02-2008,24.46000
28-02-2008,24.81000
27-02-2008,24.70000
26-02-2008,24.62000
25-02-2008,24.16000
22-02-2008,23.90000
21-02-2008,24.11000
20-02-2008,23.72000
19-02-2008,24.35000
18-02-2008,24.46000
15-02-2008,24.33000
14-02-2008,23.61000
13-02-2008,22.51000
12-02-2008,22.59000
11-02-2008,22.72000
08-02-2008,23.94000
07-02-2008,24.51000
06-02-2008,25.37000
05-02-2008,25.84000
04-02-2008,25.49000
01-02-2008,24.66000
31-01-2008,24.13000
30-01-2008,24.07000
29-01-2008,24.51000
28-01-2008,24.34000
25-01-2008,24.46000
24-01-2008,22.88000
23-01-2008,23.95000
22-01-2008,22.21000
21-01-2008,24.13000
18-01-2008,27.14000
17-01-2008,28.34000
16-01-2008,28.20000
15-01-2008,28.90000
14-01-2008,29.32000
11-01-2008,28.95000
10-01-2008,28.84000
09-01-2008,29.64000
08-01-2008,29.82000
07-01-2008,30.38000
04-01-2008,30.71000
03-01-2008,30.51000
02-01-2008,30.24000
01-01-2008,29.96000
31-12-2007,29.91000
28-12-2007,29.62000
27-12-2007,29.34000
26-12-2007,29.34000
24-12-2007,28.77000
20-12-2007,27.91000
19-12-2007,27.81000
18-12-2007,27.67000
17-12-2007,27.88000
14-12-2007,29.41000
13-12-2007,28.92000
12-12-2007,28.83000
11-12-2007,28.27000
10-12-2007,28.16000
07-12-2007,27.98000
06-12-2007,28.08000
05-12-2007,28.41000
04-12-2007,27.98000
03-12-2007,27.53000
30-11-2007,26.76000
29-11-2007,26.32000
28-11-2007,26.46000
27-11-2007,26.44000
26-11-2007,26.47000
23-11-2007,25.79000
22-11-2007,25.74000
21-11-2007,25.99000
20-11-2007,27.29000
19-11-2007,27.86000
16-11-2007,27.26000
15-11-2007,26.99000
14-11-2007,26.71000
13-11-2007,25.92000
12-11-2007,25.74000
09-11-2007,26.12000
08-11-2007,25.97000
07-11-2007,26.28000
06-11-2007,26.19000
05-11-2007,26.08000
02-11-2007,26.19000
01-11-2007,25.85000
31-10-2007,26.30000
30-10-2007,25.88000
29-10-2007,26.18000
26-10-2007,25.30000
25-10-2007,24.72000
24-10-2007,24.47000
23-10-2007,24.15000
22-10-2007,23.18000
19-10-2007,23.16000
18-10-2007,23.89000
17-10-2007,24.93000
16-10-2007,25.16000
15-10-2007,24.72000
12-10-2007,23.68000
11-10-2007,23.57000
10-10-2007,23.30000
09-10-2007,22.40000
08-10-2007,21.49000
05-10-2007,22.16000
04-10-2007,22.45000
03-10-2007,22.45000
01-10-2007,22.18000
28-09-2007,21.89000
27-09-2007,21.58000
26-09-2007,21.38000
25-09-2007,21.17000
24-09-2007,21.07000
21-09-2007,20.82000
20-09-2007,20.45000
19-09-2007,20.32000
18-09-2007,19.75000
17-09-2007,19.57000
14-09-2007,19.42000
13-09-2007,19.51000
12-09-2007,19.42000
11-09-2007,19.28000
10-09-2007,19.32000
07-09-2007,19.11000
06-09-2007,19.22000
05-09-2007,18.95000
04-09-2007,18.97000
03-09-2007,18.72000
31-08-2007,18.57000
30-08-2007,18.32000
29-08-2007,18.31000
28-08-2007,17.99000
27-08-2007,17.90000
24-08-2007,17.44000
23-08-2007,17.09000
22-08-2007,17.28000
21-08-2007,17.06000
20-08-2007,17.75000
17-08-2007,17.33000
16-08-2007,17.65000
14-08-2007,18.36000
13-08-2007,18.41000
10-08-2007,18.08000
09-08-2007,18.34000
08-08-2007,18.77000
07-08-2007,18.54000
06-08-2007,18.42000
03-08-2007,18.54000
02-08-2007,18.35000
01-08-2007,18.20000
31-07-2007,18.97000
30-07-2007,18.62000
27-07-2007,18.44000
26-07-2007,19.09000
25-07-2007,18.98000
24-07-2007,19.25000
23-07-2007,19.33000
20-07-2007,19.15000
19-07-2007,19.11000
18-07-2007,18.96000
17-07-2007,18.98000
16-07-2007,19.16000
13-07-2007,19.00000
12-07-2007,18.47000
11-07-2007,18.18000
10-07-2007,18.04000
09-07-2007,18.12000
06-07-2007,18.03000
05-07-2007,17.84000
04-07-2007,17.90000
03-07-2007,17.81000
02-07-2007,17.76000
29-06-2007,17.65000
28-06-2007,17.48000
27-06-2007,17.22000
26-06-2007,17.30000
25-06-2007,17.19000
22-06-2007,17.08000
21-06-2007,17.09000
20-06-2007,16.99000
19-06-2007,16.70000
18-06-2007,16.46000
15-06-2007,16.57000
14-06-2007,16.45000
13-06-2007,16.12000
12-06-2007,16.26000
11-06-2007,16.19000
08-06-2007,16.27000
07-06-2007,16.42000
06-06-2007,16.59000
05-06-2007,16.93000
04-06-2007,16.98000
01-06-2007,17.01000
31-05-2007,16.80000
30-05-2007,16.74000
29-05-2007,16.88000
28-05-2007,16.72000
25-05-2007,16.67000
24-05-2007,16.68000
23-05-2007,16.81000
22-05-2007,17.04000
21-05-2007,17.05000
18-05-2007,16.78000
17-05-2007,16.83000
16-05-2007,16.70000
15-05-2007,16.53000
14-05-2007,16.59000
11-05-2007,16.37000
10-05-2007,16.15000
09-05-2007,16.14000
08-05-2007,16.13000
07-05-2007,16.34000
04-05-2007,16.36000
03-05-2007,16.43000
30-04-2007,15.86000
27-04-2007,15.79000
26-04-2007,16.00000
25-04-2007,15.90000
24-04-2007,15.75000
23-04-2007,15.63000
20-04-2007,15.59000
19-04-2007,15.34000
18-04-2007,15.34000
17-04-2007,15.28000
16-04-2007,15.19000
13-04-2007,14.82000
12-04-2007,14.67000
11-04-2007,14.79000
10-04-2007,14.77000
09-04-2007,14.60000
05-04-2007,14.30000
04-04-2007,14.12000
03-04-2007,14.03000
02-04-2007,13.97000
30-03-2007,14.37000
29-03-2007,14.20000
28-03-2007,14.14000
26-03-2007,14.35000
23-03-2007,14.39000
22-03-2007,14.42000
21-03-2007,14.27000
20-03-2007,14.24000
19-03-2007,13.97000
16-03-2007,13.77000
15-03-2007,13.91000
14-03-2007,13.83000
13-03-2007,14.11000
12-03-2007,14.00000
09-03-2007,13.96000
08-03-2007,14.17000
07-03-2007,13.64000
06-03-2007,13.94000
05-03-2007,13.82000
02-03-2007,14.40000
01-03-2007,14.55000
28-02-2007,14.65000
27-02-2007,15.28000
26-02-2007,15.28000
23-02-2007,15.03000
22-02-2007,15.43000
21-02-2007,15.57000
20-02-2007,15.54000
19-02-2007,15.81000
15-02-2007,15.83000
14-02-2007,15.35000
13-02-2007,15.44000
12-02-2007,15.49000
09-02-2007,15.99000
08-02-2007,16.33000
07-02-2007,16.42000
06-02-2007,16.44000
05-02-2007,16.49000
02-02-2007,16.51000
01-02-2007,16.54000
31-01-2007,16.40000
29-01-2007,16.54000
25-01-2007,16.56000
24-01-2007,16.43000
23-01-2007,16.35000
22-01-2007,16.80000
19-01-2007,16.85000
18-01-2007,16.92000
17-01-2007,16.89000
16-01-2007,16.89000
15-01-2007,16.71000
12-01-2007,16.57000
11-01-2007,16.29000
10-01-2007,16.07000
09-01-2007,16.16000
08-01-2007,16.15000
05-01-2007,16.23000
04-01-2007,16.21000
03-01-2007,16.29000
02-01-2007,16.21000
29-12-2006,16.08000
28-12-2006,16.06000
27-12-2006,15.94000
26-12-2006,15.84000
22-12-2006,15.67000
21-12-2006,15.44000
20-12-2006,15.47000
19-12-2006,15.41000
18-12-2006,15.61000
15-12-2006,15.71000
14-12-2006,15.48000
13-12-2006,15.18000
12-12-2006,14.93000
11-12-2006,15.61000
08-12-2006,16.01000
07-12-2006,16.16000
06-12-2006,16.16000
05-12-2006,16.29000
04-12-2006,16.31000
01-12-2006,16.16000
30-11-2006,16.09000
29-11-2006,16.18000
28-11-2006,16.05000
27-11-2006,16.18000
24-11-2006,15.97000
23-11-2006,15.91000
22-11-2006,15.87000
21-11-2006,15.68000
20-11-2006,15.44000
17-11-2006,15.79000
16-11-2006,16.09000
15-11-2006,16.18000
14-11-2006,16.10000
13-11-2006,16.02000
10-11-2006,15.79000
09-11-2006,15.73000
08-11-2006,15.80000
07-11-2006,15.92000
06-11-2006,15.95000
03-11-2006,15.79000
02-11-2006,15.77000
01-11-2006,15.69000
31-10-2006,15.54000
30-10-2006,15.47000
27-10-2006,15.28000
26-10-2006,15.22000
23-10-2006,15.13000
20-10-2006,14.99000
19-10-2006,15.04000
18-10-2006,15.11000
17-10-2006,15.05000
16-10-2006,15.10000
13-10-2006,15.08000
12-10-2006,15.07000
11-10-2006,14.86000
10-10-2006,14.95000
09-10-2006,15.00000
06-10-2006,14.81000
05-10-2006,14.61000
04-10-2006,14.38000
03-10-2006,14.54000
29-09-2006,14.48000
28-09-2006,14.37000
27-09-2006,14.40000
26-09-2006,14.35000
25-09-2006,14.25000
22-09-2006,14.31000
21-09-2006,14.28000
20-09-2006,14.13000
19-09-2006,14.09000
18-09-2006,14.33000
15-09-2006,14.28000
14-09-2006,14.14000
13-09-2006,14.05000
12-09-2006,13.89000
11-09-2006,13.87000
08-09-2006,14.33000
07-09-2006,14.18000
06-09-2006,14.28000
05-09-2006,14.13000
04-09-2006,14.01000
01-09-2006,13.78000
31-08-2006,13.61000
30-08-2006,13.80000
29-08-2006,13.79000
28-08-2006,13.80000
25-08-2006,13.68000
24-08-2006,13.57000
23-08-2006,13.42000
22-08-2006,13.57000
21-08-2006,13.58000
18-08-2006,13.45000
17-08-2006,13.45000
16-08-2006,13.53000
14-08-2006,13.40000
11-08-2006,13.17000
10-08-2006,13.02000
09-08-2006,12.86000
08-08-2006,12.63000
07-08-2006,12.52000
04-08-2006,12.55000
03-08-2006,12.62000
02-08-2006,12.55000
01-08-2006,12.38000
31-07-2006,12.45000
28-07-2006,12.39000
27-07-2006,12.32000
26-07-2006,12.27000
25-07-2006,12.03000
24-07-2006,11.78000
21-07-2006,11.81000
20-07-2006,12.15000
19-07-2006,11.86000
18-07-2006,12.22000
17-07-2006,12.40000
14-07-2006,12.71000
13-07-2006,12.82000
12-07-2006,12.89000
11-07-2006,12.71000
10-07-2006,12.58000
07-07-2006,12.34000
06-07-2006,12.54000
05-07-2006,12.54000
04-07-2006,12.32000
03-07-2006,12.37000
30-06-2006,12.43000
29-06-2006,11.89000
28-06-2006,11.91000
27-06-2006,12.05000
26-06-2006,12.05000
23-06-2006,12.56000
22-06-2006,12.51000
21-06-2006,12.20000
20-06-2006,11.99000
19-06-2006,12.01000
16-06-2006,11.68000
15-06-2006,11.33000
14-06-2006,10.61000
13-06-2006,10.80000
12-06-2006,11.46000
09-06-2006,11.69000
08-06-2006,10.99000
07-06-2006,11.58000
06-06-2006,12.22000
05-06-2006,12.65000
02-06-2006,12.99000
01-06-2006,12.94000
31-05-2006,13.56000
30-05-2006,13.93000
29-05-2006,14.08000
26-05-2006,14.03000
25-05-2006,13.68000
24-05-2006,13.61000
23-05-2006,13.74000
22-05-2006,13.23000
19-05-2006,14.13000
18-05-2006,14.80000
17-05-2006,15.93000
16-05-2006,15.40000
15-05-2006,15.39000
12-05-2006,16.38000
11-05-2006,16.76000
10-05-2006,16.96000
09-05-2006,16.86000
08-05-2006,16.79000
05-05-2006,16.62000
04-05-2006,16.59000
03-05-2006,16.86000
02-05-2006,16.98000
28-04-2006,16.20000
27-04-2006,16.18000
26-04-2006,16.25000
25-04-2006,15.93000
24-04-2006,16.06000
21-04-2006,15.96000
20-04-2006,15.85000
19-04-2006,15.69000
18-04-2006,15.59000
17-04-2006,15.41000
13-04-2006,14.97000
12-04-2006,15.23000
10-04-2006,15.40000
07-04-2006,15.08000
05-04-2006,14.97000
04-04-2006,14.63000
03-04-2006,14.56000
