date,nav
29-09-2026,194.37000
28-09-2026,195.52000
25-09-2026,198.87000
24-09-2026,198.35000
23-09-2026,200.84000
22-09-2026,199.53000
21-09-2026,200.04000
18-09-2026,200.47000
17-09-2026,197.51000
16-09-2026,195.75000
15-09-2026,195.97000
11-09-2026,200.88000
10-09-2026,202.43000
09-09-2026,203.02000
08-09-2026,203.65000
07-09-2026,204.02000
04-09-2026,204.75000
03-09-2026,204.15000
02-09-2026,201.91000
01-09-2026,202.39000
31-08-2026,203.19000
28-08-2026,203.75000
27-08-2026,203.75000
26-08-2026,204.57000
25-08-2026,204.85000
24-08-2026,204.29000
21-08-2026,203.96000
20-08-2026,203.71000
19-08-2026,202.48000
18-08-2026,203.95000
17-08-2026,205.01000
14-08-2026,204.40000
13-08-2026,205.23000
12-08-2026,204.43000
11-08-2026,204.60000
10-08-2026,205.46000
07-08-2026,204.97000
06-08-2026,205.32000
05-08-2026,204.80000
04-08-2026,204.42000
03-08-2026,205.52000
31-07-2026,202.51000
30-07-2026,201.68000
29-07-2026,202.13000
28-07-2026,200.44000
27-07-2026,201.63000
24-07-2026,199.47000
23-07-2026,199.97000
22-07-2026,202.32000
21-07-2026,204.89000
20-07-2026,204.31000
17-07-2026,204.50000
16-07-2026,204.61000
15-07-2026,204.32000
14-07-2026,203.25000
13-07-2026,204.64000
10-07-2026,205.30000
09-07-2026,202.74000
08-07-2026,201.31000
07-07-2026,205.27000
06-07-2026,207.33000
03-07-2026,206.43000
02-07-2026,205.91000
01-07-2026,204.86000
30-06-2026,204.06000
29-06-2026,203.62000
25-06-2026,205.13000
24-06-2026,206.05000
23-06-2026,205.01000
22-06-2026,206.80000
19-06-2026,205.35000
18-06-2026,204.77000
17-06-2026,203.72000
16-06-2026,202.66000
15-06-2026,201.07000
12-06-2026,197.92000
11-06-2026,192.95000
10-06-2026,194.66000
09-06-2026,195.96000
08-06-2026,194.40000
05-06-2026,197.41000
04-06-2026,197.69000
03-06-2026,197.18000
02-06-2026,197.86000
01-06-2026,197.93000
29-05-2026,200.30000
27-05-2026,201.20000
26-05-2026,199.97000
25-05-2026,199.78000
22-05-2026,197.82000
21-05-2026,197.80000
20-05-2026,195.87000
19-05-2026,195.41000
18-05-2026,194.53000
15-05-2026,197.51000
14-05-2026,198.05000
13-05-2026,196.54000
12-05-2026,196.06000
11-05-2026,199.54000
08-05-2026,203.11000
07-05-2026,204.08000
06-05-2026,202.81000
05-05-2026,200.87000
04-05-2026,201.87000
30-04-2026,200.32000
29-04-2026,201.68000
28-04-2026,201.98000
27-04-2026,202.37000
24-04-2026,199.48000
23-04-2026,201.47000
22-04-2026,202.63000
21-04-2026,201.42000
20-04-2026,200.49000
17-04-2026,200.32000
16-04-2026,198.20000
15-04-2026,196.88000
13-04-2026,192.30000
10-04-2026,192.92000
09-04-2026,189.32000
08-04-2026,190.36000
07-04-2026,183.16000
06-04-2026,182.97000
02-04-2026,181.60000
01-04-2026,181.10000
31-03-2026,175.88000
30-03-2026,175.89000
27-03-2026,179.33000
25-03-2026,183.01000
24-03-2026,178.78000
23-03-2026,175.03000
20-03-2026,180.89000
19-03-2026,181.25000
18-03-2026,185.93000
17-03-2026,183.31000
16-03-2026,182.11000
13-03-2026,182.19000
12-03-2026,186.41000
11-03-2026,187.57000
10-03-2026,187.29000
09-03-2026,184.68000
06-03-2026,188.58000
05-03-2026,189.62000
04-03-2026,187.26000
02-03-2026,191.49000
27-02-2026,196.60000
26-02-2026,198.41000
25-02-2026,198.17000
24-02-2026,197.15000
23-02-2026,198.31000
20-02-2026,197.50000
19-02-2026,196.22000
18-02-2026,198.60000
17-02-2026,197.62000
16-02-2026,196.58000
13-02-2026,195.93000
12-02-2026,198.30000
11-02-2026,198.93000
10-02-2026,198.94000
09-02-2026,197.67000
06-02-2026,195.39000
05-02-2026,195.84000
04-02-2026,197.51000
03-02-2026,196.17000
02-02-2026,190.53000
30-01-2026,192.20000
29-01-2026,191.34000
28-01-2026,190.14000
27-01-2026,187.08000
23-01-2026,185.79000
22-01-2026,189.11000
21-01-2026,187.44000
20-01-2026,188.23000
19-01-2026,192.33000
16-01-2026,193.55000
14-01-2026,193.85000
13-01-2026,192.89000
12-01-2026,193.67000
09-01-2026,193.98000
08-01-2026,195.89000
07-01-2026,198.70000
06-01-2026,199.61000
05-01-2026,200.34000
02-01-2026,200.81000
01-01-2026,198.85000
31-12-2025,197.81000
30-12-2025,195.05000
29-12-2025,195.13000
26-12-2025,196.10000
24-12-2025,196.24000
23-12-2025,196.11000
22-12-2025,195.68000
19-12-2025,194.44000
18-12-2025,192.51000
17-12-2025,192.60000
16-12-2025,193.55000
15-12-2025,195.64000
12-12-2025,194.78000
11-12-2025,193.21000
10-12-2025,192.70000
09-12-2025,193.64000
08-12-2025,192.71000
05-12-2025,195.91000
04-12-2025,196.05000
03-12-2025,196.34000
02-12-2025,197.54000
01-12-2025,197.64000
28-11-2025,197.79000
27-11-2025,198.59000
26-11-2025,198.48000
25-11-2025,196.47000
24-11-2025,196.15000
21-11-2025,196.93000
20-11-2025,198.54000
19-11-2025,198.23000
18-11-2025,198.48000
17-11-2025,200.28000
14-11-2025,199.57000
13-11-2025,199.64000
12-11-2025,199.63000
11-11-2025,198.71000
10-11-2025,198.13000
07-11-2025,198.41000
06-11-2025,198.71000
04-11-2025,200.53000
03-11-2025,201.88000
31-10-2025,201.06000
30-10-2025,202.16000
29-10-2025,202.70000
28-10-2025,200.88000
27-10-2025,201.31000
24-10-2025,199.77000
23-10-2025,199.94000
20-10-2025,199.09000
17-10-2025,198.00000
16-10-2025,198.68000
15-10-2025,197.45000
14-10-2025,195.84000
13-10-2025,196.91000
10-10-2025,197.33000
09-10-2025,196.64000
08-10-2025,195.43000
07-10-2025,196.39000
06-10-2025,196.14000
03-10-2025,196.05000
01-10-2025,194.65000
30-09-2025,193.39000
26-09-2025,192.93000
25-09-2025,195.15000
24-09-2025,196.06000
23-09-2025,196.68000
22-09-2025,196.40000
19-09-2025,197.11000
18-09-2025,197.30000
17-09-2025,197.07000
16-09-2025,196.60000
15-09-2025,195.15000
12-09-2025,193.86000
11-09-2025,193.18000
10-09-2025,192.62000
09-09-2025,192.11000
08-09-2025,192.07000
05-09-2025,191.91000
04-09-2025,192.17000
03-09-2025,193.00000
02-09-2025,191.60000
01-09-2025,191.46000
29-08-2025,189.27000
28-08-2025,190.06000
26-08-2025,191.72000
25-08-2025,194.26000
22-08-2025,194.04000
21-08-2025,194.96000
20-08-2025,194.62000
19-08-2025,194.82000
18-08-2025,193.76000
14-08-2025,192.21000
13-08-2025,193.00000
12-08-2025,191.92000
11-08-2025,191.99000
08-08-2025,190.55000
07-08-2025,191.49000
06-08-2025,191.49000
05-08-2025,192.01000
04-08-2025,191.97000
01-08-2025,191.31000
31-07-2025,193.63000
30-07-2025,195.28000
29-07-2025,194.45000
28-07-2025,193.23000
25-07-2025,195.41000
24-07-2025,198.63000
23-07-2025,199.80000
22-07-2025,198.85000
21-07-2025,199.27000
18-07-2025,198.64000
17-07-2025,199.48000
16-07-2025,199.37000
15-07-2025,199.26000
14-07-2025,198.22000
11-07-2025,198.06000
10-07-2025,199.01000
09-07-2025,199.16000
08-07-2025,199.61000
07-07-2025,198.91000
04-07-2025,199.19000
03-07-2025,198.97000
02-07-2025,199.12000
01-07-2025,199.56000
30-06-2025,199.33000
27-06-2025,199.43000
26-06-2025,198.19000
25-06-2025,196.11000
24-06-2025,194.38000
23-06-2025,193.15000
20-06-2025,193.36000
19-06-2025,192.05000
18-06-2025,194.22000
17-06-2025,194.72000
16-06-2025,195.71000
13-06-2025,194.53000
12-06-2025,195.82000
11-06-2025,198.30000
10-06-2025,198.25000
09-06-2025,198.35000
06-06-2025,196.47000
05-06-2025,194.70000
04-06-2025,193.86000
03-06-2025,192.93000
02-06-2025,193.72000
30-05-2025,193.02000
29-05-2025,193.47000
28-05-2025,192.80000
27-05-2025,192.80000
26-05-2025,192.92000
23-05-2025,192.01000
22-05-2025,191.00000
21-05-2025,191.77000
20-05-2025,190.69000
19-05-2025,192.01000
16-05-2025,190.84000
15-05-2025,189.86000
14-05-2025,187.66000
13-05-2025,185.71000
12-05-2025,185.66000
09-05-2025,178.61000
08-05-2025,179.44000
07-05-2025,181.10000
06-05-2025,179.91000
05-05-2025,182.56000
02-05-2025,180.59000
30-04-2025,180.29000
29-04-2025,181.24000
28-04-2025,181.53000
25-04-2025,179.59000
24-04-2025,182.84000
23-04-2025,182.77000
22-04-2025,182.22000
21-04-2025,182.49000
17-04-2025,179.84000
16-04-2025,178.17000
15-04-2025,177.35000
11-04-2025,173.11000
09-04-2025,170.02000
08-04-2025,170.53000
07-04-2025,167.63000
04-04-2025,173.48000
03-04-2025,178.57000
02-04-2025,177.92000
01-04-2025,177.43000
31-03-2025,178.40000
28-03-2025,178.42000
27-03-2025,178.65000
26-03-2025,177.43000
25-03-2025,178.24000
24-03-2025,179.28000
21-03-2025,177.20000
20-03-2025,174.59000
19-03-2025,173.08000
18-03-2025,170.55000
17-03-2025,167.55000
13-03-2025,167.25000
12-03-2025,167.85000
11-03-2025,168.31000
10-03-2025,168.31000
07-03-2025,170.56000
06-03-2025,170.82000
05-03-2025,168.57000
04-03-2025,164.80000
03-03-2025,163.85000
28-02-2025,163.55000
27-02-2025,166.27000
25-02-2025,167.07000
24-02-2025,168.43000
21-02-2025,170.62000
20-02-2025,170.99000
19-02-2025,169.45000
18-02-2025,167.66000
17-02-2025,168.30000
14-02-2025,167.30000
13-02-2025,170.30000
12-02-2025,170.31000
11-02-2025,170.81000
10-02-2025,174.54000
07-02-2025,177.05000
06-02-2025,178.17000
05-02-2025,178.94000
04-02-2025,177.50000
03-02-2025,173.99000
31-01-2025,179.19000
30-01-2025,176.02000
29-01-2025,175.80000
28-01-2025,173.14000
27-01-2025,173.43000
24-01-2025,176.04000
23-01-2025,178.19000
22-01-2025,177.46000
21-01-2025,178.24000
20-01-2025,181.19000
17-01-2025,180.03000
16-01-2025,179.56000
15-01-2025,177.55000
14-01-2025,176.82000
13-01-2025,174.07000
10-01-2025,179.02000
09-01-2025,181.94000
08-01-2025,183.49000
07-01-2025,184.56000
06-01-2025,182.84000
03-01-2025,187.22000
02-01-2025,188.23000
01-01-2025,186.12000
31-12-2024,185.31000
30-12-2024,184.54000
27-12-2024,186.48000
26-12-2024,186.77000
24-12-2024,186.51000
23-12-2024,186.52000
20-12-2024,186.07000
19-12-2024,189.56000
18-12-2024,191.38000
17-12-2024,193.54000
16-12-2024,195.45000
13-12-2024,195.33000
12-12-2024,194.83000
11-12-2024,196.22000
10-12-2024,195.91000
09-12-2024,195.71000
06-12-2024,194.98000
05-12-2024,193.75000
04-12-2024,192.90000
03-12-2024,192.57000
02-12-2024,189.69000
29-11-2024,188.83000
28-11-2024,187.51000
27-11-2024,187.91000
26-11-2024,186.33000
25-11-2024,187.23000
22-11-2024,183.46000
21-11-2024,180.56000
19-11-2024,182.93000
18-11-2024,182.37000
14-11-2024,182.95000
13-11-2024,183.17000
12-11-2024,186.95000
11-11-2024,189.59000
08-11-2024,190.80000
07-11-2024,192.16000
06-11-2024,193.25000
05-11-2024,190.61000
04-11-2024,189.63000
31-10-2024,191.55000
30-10-2024,190.02000
29-10-2024,189.47000
28-10-2024,187.23000
25-10-2024,186.23000
24-10-2024,189.81000
23-10-2024,190.02000
22-10-2024,190.63000
21-10-2024,194.67000
18-10-2024,197.09000
17-10-2024,196.07000
16-10-2024,198.13000
15-10-2024,197.46000
14-10-2024,196.73000
11-10-2024,196.19000
10-10-2024,196.03000
09-10-2024,195.49000
08-10-2024,195.49000
07-10-2024,193.58000
04-10-2024,197.49000
03-10-2024,198.36000
01-10-2024,202.73000
30-09-2024,202.46000
27-09-2024,202.64000
26-09-2024,202.23000
25-09-2024,201.54000
24-09-2024,201.23000
23-09-2024,200.05000
20-09-2024,198.82000
19-09-2024,197.20000
18-09-2024,198.29000
17-09-2024,199.07000
16-09-2024,198.92000
13-09-2024,198.46000
12-09-2024,198.20000
11-09-2024,195.49000
10-09-2024,196.96000
09-09-2024,195.65000
06-09-2024,196.60000
05-09-2024,198.54000
04-09-2024,198.24000
03-09-2024,198.42000
02-09-2024,197.39000
30-08-2024,196.28000
29-08-2024,195.14000
28-08-2024,195.10000
27-08-2024,195.65000
26-08-2024,194.43000
23-08-2024,192.51000
22-08-2024,192.23000
21-08-2024,191.26000
20-08-2024,190.26000
19-08-2024,189.59000
16-08-2024,188.28000
14-08-2024,186.47000
13-08-2024,187.75000
12-08-2024,190.12000
09-08-2024,190.12000
08-08-2024,189.34000
07-08-2024,191.23000
06-08-2024,188.24000
05-08-2024,188.99000
02-08-2024,195.54000
01-08-2024,198.01000
31-07-2024,198.35000
30-07-2024,197.13000
29-07-2024,195.92000
26-07-2024,194.74000
25-07-2024,192.36000
24-07-2024,192.32000
23-07-2024,191.17000
22-07-2024,191.71000
19-07-2024,189.72000
18-07-2024,193.83000
16-07-2024,194.88000
15-07-2024,194.81000
12-07-2024,194.37000
11-07-2024,194.75000
10-07-2024,193.80000
09-07-2024,193.95000
08-07-2024,193.14000
05-07-2024,193.41000
04-07-2024,191.99000
03-07-2024,192.18000
02-07-2024,190.95000
01-07-2024,190.47000
28-06-2024,189.30000
27-06-2024,189.40000
26-06-2024,189.02000
25-06-2024,187.98000
24-06-2024,187.65000
21-06-2024,187.00000
20-06-2024,187.78000
19-06-2024,186.87000
18-06-2024,188.44000
14-06-2024,188.39000
13-06-2024,187.01000
12-06-2024,186.20000
11-06-2024,184.55000
10-06-2024,183.93000
07-06-2024,182.23000
06-06-2024,178.50000
05-06-2024,174.52000
04-06-2024,169.17000
03-06-2024,185.87000
31-05-2024,178.51000
30-05-2024,177.67000
29-05-2024,179.24000
28-05-2024,179.96000
27-05-2024,180.76000
24-05-2024,181.17000
23-05-2024,181.55000
22-05-2024,180.38000
21-05-2024,179.90000
17-05-2024,178.53000
16-05-2024,176.84000
15-05-2024,174.85000
14-05-2024,173.35000
13-05-2024,170.98000
10-05-2024,170.36000
09-05-2024,169.32000
08-05-2024,173.52000
07-05-2024,171.71000
06-05-2024,174.43000
03-05-2024,175.27000
02-05-2024,175.89000
30-04-2024,174.70000
29-04-2024,174.54000
26-04-2024,173.54000
25-04-2024,173.29000
24-04-2024,171.84000
23-04-2024,170.64000
22-04-2024,169.77000
19-04-2024,168.55000
18-04-2024,168.16000
16-04-2024,168.65000
15-04-2024,168.54000
12-04-2024,170.43000
10-04-2024,172.35000
09-04-2024,171.14000
08-04-2024,171.31000
05-04-2024,170.25000
04-04-2024,169.45000
03-04-2024,169.53000
02-04-2024,169.21000
01-04-2024,167.84000
31-03-2024,165.07000
28-03-2024,165.09000
27-03-2024,164.15000
26-03-2024,163.21000
22-03-2024,161.94000
21-03-2024,161.18000
20-03-2024,157.86000
19-03-2024,157.19000
18-03-2024,158.73000
15-03-2024,158.66000
14-03-2024,159.42000
13-03-2024,156.51000
12-03-2024,162.41000
11-03-2024,163.66000
07-03-2024,164.85000
06-03-2024,163.87000
05-03-2024,165.59000
04-03-2024,165.41000
01-03-2024,164.08000
29-02-2024,161.02000
28-02-2024,160.60000
27-02-2024,163.04000
26-02-2024,162.76000
23-02-2024,163.13000
22-02-2024,162.49000
21-02-2024,160.86000
20-02-2024,161.87000
19-02-2024,161.51000
16-02-2024,160.86000
15-02-2024,160.38000
14-02-2024,158.62000
13-02-2024,156.14000
12-02-2024,155.65000
09-02-2024,159.23000
08-02-2024,159.52000
07-02-2024,159.75000
06-02-2024,160.01000
05-02-2024,157.91000
02-02-2024,157.22000
01-02-2024,155.16000
31-01-2024,155.39000
30-01-2024,153.43000
29-01-2024,153.84000
25-01-2024,150.47000
24-01-2024,149.98000
23-01-2024,147.73000
19-01-2024,150.52000
18-01-2024,148.10000
17-01-2024,148.67000
16-01-2024,150.48000
15-01-2024,150.27000
12-01-2024,149.46000
11-01-2024,148.83000
10-01-2024,147.87000
09-01-2024,147.61000
08-01-2024,146.77000
05-01-2024,147.93000
04-01-2024,147.59000
03-01-2024,145.87000
02-01-2024,145.75000
01-01-2024,146.07000
29-12-2023,145.49000
28-12-2023,145.40000
27-12-2023,144.27000
26-12-2023,143.39000
22-12-2023,141.83000
21-12-2023,141.42000
20-12-2023,139.43000
19-12-2023,143.35000
18-12-2023,143.21000
15-12-2023,143.31000
14-12-2023,141.98000
13-12-2023,140.87000
12-12-2023,139.46000
11-12-2023,140.24000
08-12-2023,139.70000
07-12-2023,139.96000
06-12-2023,139.40000
05-12-2023,139.18000
04-12-2023,137.76000
01-12-2023,134.47000
30-11-2023,133.23000
29-11-2023,132.29000
28-11-2023,131.44000
24-11-2023,130.10000
23-11-2023,130.20000
22-11-2023,129.84000
21-11-2023,130.08000
20-11-2023,129.69000
17-11-2023,129.42000
16-11-2023,129.64000
15-11-2023,128.97000
13-11-2023,127.63000
10-11-2023,126.51000
09-11-2023,126.28000
08-11-2023,126.44000
07-11-2023,125.56000
06-11-2023,125.38000
03-11-2023,124.37000
02-11-2023,123.34000
01-11-2023,122.04000
31-10-2023,122.60000
30-10-2023,122.82000
27-10-2023,122.16000
26-10-2023,120.87000
25-10-2023,121.76000
23-10-2023,122.96000
20-10-2023,125.56000
19-10-2023,126.75000
18-10-2023,127.03000
17-10-2023,127.72000
16-10-2023,127.07000
13-10-2023,126.48000
12-10-2023,126.82000
11-10-2023,126.11000
10-10-2023,125.44000
09-10-2023,124.20000
06-10-2023,125.44000
05-10-2023,124.82000
04-10-2023,124.37000
03-10-2023,125.58000
29-09-2023,125.80000
27-09-2023,124.82000
26-09-2023,124.77000
25-09-2023,124.30000
22-09-2023,124.16000
21-09-2023,124.66000
20-09-2023,125.72000
18-09-2023,126.46000
15-09-2023,126.36000
14-09-2023,126.43000
13-09-2023,125.57000
12-09-2023,124.68000
11-09-2023,127.76000
08-09-2023,126.72000
07-09-2023,125.78000
06-09-2023,125.26000
05-09-2023,125.59000
04-09-2023,125.15000
01-09-2023,123.72000
31-08-2023,121.82000
30-08-2023,121.61000
29-08-2023,121.59000
28-08-2023,120.91000
25-08-2023,120.14000
24-08-2023,121.02000
23-08-2023,121.12000
22-08-2023,120.77000
21-08-2023,120.22000
18-08-2023,119.31000
17-08-2023,119.45000
16-08-2023,119.56000
14-08-2023,119.50000
11-08-2023,120.23000
10-08-2023,120.86000
09-08-2023,121.14000
08-08-2023,120.59000
07-08-2023,120.78000
04-08-2023,120.01000
03-08-2023,119.90000
02-08-2023,120.51000
01-08-2023,121.84000
31-07-2023,122.00000
28-07-2023,120.17000
27-07-2023,119.16000
26-07-2023,119.27000
25-07-2023,118.49000
24-07-2023,117.69000
21-07-2023,117.25000
20-07-2023,116.87000
19-07-2023,116.57000
18-07-2023,115.75000
17-07-2023,115.89000
14-07-2023,115.71000
13-07-2023,115.03000
12-07-2023,115.48000
11-07-2023,115.31000
10-07-2023,114.53000
07-07-2023,114.75000
06-07-2023,115.58000
05-07-2023,114.28000
04-07-2023,113.80000
03-07-2023,114.02000
30-06-2023,113.36000
28-06-2023,112.54000
27-06-2023,112.16000
26-06-2023,111.22000
23-06-2023,111.14000
22-06-2023,111.77000
21-06-2023,112.23000
20-06-2023,111.85000
19-06-2023,111.61000
16-06-2023,111.94000
15-06-2023,111.38000
14-06-2023,111.48000
13-06-2023,111.21000
12-06-2023,110.90000
09-06-2023,110.22000
08-06-2023,110.47000
07-06-2023,110.51000
06-06-2023,109.56000
05-06-2023,109.29000
02-06-2023,109.07000
01-06-2023,108.33000
31-05-2023,108.27000
30-05-2023,107.86000
29-05-2023,107.46000
26-05-2023,107.01000
25-05-2023,106.96000
24-05-2023,106.41000
23-05-2023,106.35000
22-05-2023,106.34000
19-05-2023,106.29000
18-05-2023,106.28000
17-05-2023,106.44000
16-05-2023,106.75000
15-05-2023,106.65000
12-05-2023,106.27000
11-05-2023,106.67000
10-05-2023,106.70000
09-05-2023,106.13000
08-05-2023,106.51000
05-05-2023,105.79000
04-05-2023,106.55000
03-05-2023,105.73000
02-05-2023,105.83000
28-04-2023,105.10000
27-04-2023,104.19000
26-04-2023,103.87000
25-04-2023,103.56000
24-04-2023,103.29000
21-04-2023,102.61000
20-04-2023,102.79000
19-04-2023,102.25000
18-04-2023,102.38000
17-04-2023,102.49000
13-04-2023,102.86000
12-04-2023,102.91000
11-04-2023,103.09000
10-04-2023,102.57000
06-04-2023,102.19000
05-04-2023,101.93000
03-04-2023,101.58000
31-03-2023,101.07000
29-03-2023,100.35000
28-03-2023,99.05000
27-03-2023,99.53000
24-03-2023,99.97000
23-03-2023,101.03000
22-03-2023,100.88000
21-03-2023,100.99000
20-03-2023,100.38000
17-03-2023,101.20000
16-03-2023,100.55000
15-03-2023,100.80000
14-03-2023,100.66000
13-03-2023,100.98000
10-03-2023,102.24000
09-03-2023,102.67000
08-03-2023,102.58000
06-03-2023,101.78000
03-03-2023,100.90000
02-03-2023,99.88000
01-03-2023,100.11000
28-02-2023,98.79000
27-02-2023,99.13000
24-02-2023,99.28000
23-02-2023,99.30000
22-02-2023,99.31000
21-02-2023,100.36000
20-02-2023,100.31000
17-02-2023,100.76000
16-02-2023,100.71000
15-02-2023,100.06000
14-02-2023,99.87000
13-02-2023,99.90000
10-02-2023,99.90000
09-02-2023,99.54000
08-02-2023,99.34000
07-02-2023,99.24000
06-02-2023,99.37000
03-02-2023,99.58000
02-02-2023,98.86000
01-02-2023,99.18000
31-01-2023,99.78000
30-01-2023,98.69000
27-01-2023,98.97000
25-01-2023,100.47000
24-01-2023,101.30000
23-01-2023,102.02000
20-01-2023,101.87000
19-01-2023,101.94000
18-01-2023,101.80000
17-01-2023,101.18000
16-01-2023,100.60000
13-01-2023,100.87000
12-01-2023,100.61000
11-01-2023,100.70000
10-01-2023,100.45000
09-01-2023,101.46000
06-01-2023,100.79000
05-01-2023,101.42000
04-01-2023,101.09000
03-01-2023,102.12000
02-01-2023,101.90000
30-12-2022,100.63000
29-12-2022,100.45000
28-12-2022,99.96000
27-12-2022,100.06000
26-12-2022,99.26000
23-12-2022,97.39000
22-12-2022,99.75000
21-12-2022,100.88000
20-12-2022,102.69000
19-12-2022,102.91000
16-12-2022,102.23000
15-12-2022,103.03000
14-12-2022,103.80000
13-12-2022,103.15000
12-12-2022,102.39000
09-12-2022,101.85000
08-12-2022,102.12000
07-12-2022,101.24000
06-12-2022,101.52000
05-12-2022,101.90000
02-12-2022,101.35000
01-12-2022,101.22000
30-11-2022,100.69000
29-11-2022,100.02000
28-11-2022,100.15000
25-11-2022,99.85000
24-11-2022,99.54000
23-11-2022,98.38000
22-11-2022,98.07000
21-11-2022,97.67000
18-11-2022,97.82000
17-11-2022,98.04000
16-11-2022,98.37000
15-11-2022,98.26000
14-11-2022,98.02000
11-11-2022,97.90000
10-11-2022,96.87000
09-11-2022,97.29000
07-11-2022,97.98000
04-11-2022,97.07000
03-11-2022,96.76000
02-11-2022,96.74000
01-11-2022,97.15000
31-10-2022,96.47000
28-10-2022,95.77000
27-10-2022,95.56000
25-10-2022,94.67000
21-10-2022,93.19000
20-10-2022,92.95000
19-10-2022,92.80000
18-10-2022,92.90000
17-10-2022,92.05000
14-10-2022,91.73000
13-10-2022,91.39000
12-10-2022,91.96000
11-10-2022,91.45000
10-10-2022,92.32000
07-10-2022,92.76000
06-10-2022,92.31000
04-10-2022,91.98000
03-10-2022,90.36000
30-09-2022,90.66000
29-09-2022,89.15000
28-09-2022,88.84000
27-09-2022,89.66000
26-09-2022,89.36000
23-09-2022,91.70000
22-09-2022,93.53000
21-09-2022,93.82000
20-09-2022,94.89000
19-09-2022,93.58000
16-09-2022,93.54000
15-09-2022,95.07000
14-09-2022,95.01000
13-09-2022,94.55000
12-09-2022,93.99000
09-09-2022,93.42000
08-09-2022,93.48000
07-09-2022,92.70000
06-09-2022,92.56000
05-09-2022,92.27000
02-09-2022,91.58000
01-09-2022,91.35000
30-08-2022,91.75000
29-08-2022,90.17000
26-08-2022,90.96000
25-08-2022,90.22000
24-08-2022,90.16000
23-08-2022,89.42000
22-08-2022,88.45000
19-08-2022,89.64000
18-08-2022,90.31000
17-08-2022,90.03000
16-08-2022,89.46000
12-08-2022,89.17000
11-08-2022,88.42000
10-08-2022,88.10000
08-08-2022,87.80000
05-08-2022,86.98000
04-08-2022,86.64000
03-08-2022,87.15000
02-08-2022,87.39000
01-08-2022,87.40000
29-07-2022,86.17000
28-07-2022,85.05000
27-07-2022,84.57000
26-07-2022,84.13000
25-07-2022,84.60000
22-07-2022,84.48000
21-07-2022,84.22000
20-07-2022,83.38000
19-07-2022,82.71000
18-07-2022,82.11000
15-07-2022,80.93000
14-07-2022,80.42000
13-07-2022,80.54000
12-07-2022,80.94000
11-07-2022,81.20000
08-07-2022,81.06000
07-07-2022,80.45000
06-07-2022,79.43000
05-07-2022,79.43000
04-07-2022,79.55000
01-07-2022,79.13000
30-06-2022,79.99000
29-06-2022,80.05000
28-06-2022,79.89000
27-06-2022,79.21000
24-06-2022,78.28000
23-06-2022,77.59000
22-06-2022,77.15000
21-06-2022,78.08000
20-06-2022,76.29000
17-06-2022,78.00000
16-06-2022,78.50000
15-06-2022,80.79000
14-06-2022,80.71000
13-06-2022,80.95000
10-06-2022,83.14000
09-06-2022,83.95000
08-06-2022,83.76000
07-06-2022,83.82000
06-06-2022,83.55000
03-06-2022,83.56000
02-06-2022,84.17000
01-06-2022,83.77000
31-05-2022,83.47000
30-05-2022,82.69000
27-05-2022,81.89000
26-05-2022,82.25000
25-05-2022,81.47000
24-05-2022,81.97000
23-05-2022,82.90000
20-05-2022,83.33000
19-05-2022,81.75000
18-05-2022,82.86000
17-05-2022,82.78000
16-05-2022,80.76000
13-05-2022,79.71000
12-05-2022,80.04000
11-05-2022,81.57000
10-05-2022,82.16000
09-05-2022,83.20000
06-05-2022,83.71000
05-05-2022,84.50000
04-05-2022,84.67000
02-05-2022,85.88000
29-04-2022,85.72000
28-04-2022,86.48000
27-04-2022,85.62000
26-04-2022,85.90000
25-04-2022,85.42000
22-04-2022,86.87000
21-04-2022,87.43000
20-04-2022,86.77000
19-04-2022,86.27000
18-04-2022,86.95000
13-04-2022,86.88000
12-04-2022,86.65000
11-04-2022,87.54000
08-04-2022,87.41000
07-04-2022,86.96000
06-04-2022,87.71000
05-04-2022,87.31000
04-04-2022,86.44000
01-04-2022,84.57000
31-03-2022,82.77000
30-03-2022,82.53000
29-03-2022,82.52000
28-03-2022,82.13000
25-03-2022,82.16000
24-03-2022,81.97000
23-03-2022,81.83000
22-03-2022,82.10000
21-03-2022,81.70000
17-03-2022,82.18000
16-03-2022,81.31000
15-03-2022,80.07000
14-03-2022,81.08000
11-03-2022,80.72000
10-03-2022,80.56000
09-03-2022,79.62000
08-03-2022,79.00000
07-03-2022,78.63000
04-03-2022,78.38000
03-03-2022,79.85000
02-03-2022,79.69000
28-02-2022,80.03000
25-02-2022,79.20000
24-02-2022,77.01000
23-02-2022,80.23000
22-02-2022,80.20000
21-02-2022,81.12000
18-02-2022,81.78000
17-02-2022,81.95000
16-02-2022,82.13000
15-02-2022,81.92000
14-02-2022,80.71000
11-02-2022,83.37000
10-02-2022,84.18000
09-02-2022,83.66000
08-02-2022,83.28000
07-02-2022,83.73000
04-02-2022,84.14000
03-02-2022,84.22000
02-02-2022,84.84000
01-02-2022,84.24000
31-01-2022,83.58000
28-01-2022,82.68000
27-01-2022,82.07000
25-01-2022,82.10000
24-01-2022,80.78000
21-01-2022,82.45000
20-01-2022,83.71000
19-01-2022,83.83000
18-01-2022,83.64000
17-01-2022,84.25000
14-01-2022,83.61000
13-01-2022,83.64000
12-01-2022,83.17000
11-01-2022,82.12000
10-01-2022,82.00000
07-01-2022,81.05000
06-01-2022,80.56000
05-01-2022,80.48000
04-01-2022,80.05000
03-01-2022,79.09000
31-12-2021,78.11000
30-12-2021,77.43000
29-12-2021,77.09000
28-12-2021,77.32000
27-12-2021,76.39000
24-12-2021,76.48000
23-12-2021,77.39000
22-12-2021,76.49000
21-12-2021,75.53000
20-12-2021,74.86000
17-12-2021,77.14000
16-12-2021,78.61000
15-12-2021,78.93000
14-12-2021,79.63000
13-12-2021,79.77000
10-12-2021,79.93000
09-12-2021,79.99000
08-12-2021,79.55000
07-12-2021,78.52000
06-12-2021,77.48000
03-12-2021,78.65000
02-12-2021,78.75000
01-12-2021,78.16000
30-11-2021,77.72000
29-11-2021,77.66000
26-11-2021,78.76000
25-11-2021,81.66000
24-11-2021,81.61000
23-11-2021,81.13000
22-11-2021,79.86000
18-11-2021,81.41000
17-11-2021,82.54000
16-11-2021,82.80000
15-11-2021,83.42000
12-11-2021,83.96000
11-11-2021,83.87000
10-11-2021,84.50000
09-11-2021,84.60000
08-11-2021,84.32000
03-11-2021,82.85000
02-11-2021,82.64000
01-11-2021,82.16000
29-10-2021,80.98000
28-10-2021,81.46000
27-10-2021,82.96000
26-10-2021,83.45000
25-10-2021,82.75000
22-10-2021,82.91000
21-10-2021,83.15000
20-10-2021,83.41000
19-10-2021,84.22000
18-10-2021,85.31000
14-10-2021,84.36000
13-10-2021,83.58000
12-10-2021,83.13000
11-10-2021,82.98000
08-10-2021,82.11000
07-10-2021,82.18000
06-10-2021,82.22000
05-10-2021,82.74000
04-10-2021,81.42000
01-10-2021,80.49000
30-09-2021,80.75000
29-09-2021,80.41000
28-09-2021,79.31000
27-09-2021,79.01000
24-09-2021,78.79000
23-09-2021,79.36000
22-09-2021,78.20000
21-09-2021,77.75000
20-09-2021,76.96000
17-09-2021,78.52000
16-09-2021,79.09000
15-09-2021,78.92000
14-09-2021,77.45000
13-09-2021,76.91000
09-09-2021,76.62000
08-09-2021,76.24000
07-09-2021,75.94000
06-09-2021,76.13000
03-09-2021,76.15000
02-09-2021,75.76000
01-09-2021,75.19000
31-08-2021,74.96000
30-08-2021,73.88000
27-08-2021,72.28000
26-08-2021,71.76000
25-08-2021,72.01000
24-08-2021,71.68000
23-08-2021,70.80000
20-08-2021,71.10000
18-08-2021,72.93000
17-08-2021,73.28000
16-08-2021,73.75000
13-08-2021,73.74000
12-08-2021,73.25000
11-08-2021,72.48000
10-08-2021,72.26000
09-08-2021,72.71000
06-08-2021,73.17000
05-08-2021,72.99000
04-08-2021,72.92000
03-08-2021,73.24000
02-08-2021,72.66000
30-07-2021,72.04000
29-07-2021,72.05000
28-07-2021,71.42000
27-07-2021,71.18000
26-07-2021,71.28000
23-07-2021,71.24000
22-07-2021,71.33000
20-07-2021,70.22000
19-07-2021,71.35000
16-07-2021,71.68000
15-07-2021,71.59000
14-07-2021,71.24000
13-07-2021,71.10000
12-07-2021,70.45000
09-07-2021,70.22000
08-07-2021,69.97000
07-07-2021,70.48000
06-07-2021,70.20000
05-07-2021,70.05000
02-07-2021,69.33000
01-07-2021,69.37000
30-06-2021,69.35000
29-06-2021,69.34000
28-06-2021,69.76000
25-06-2021,69.63000
24-06-2021,69.11000
23-06-2021,69.09000
22-06-2021,69.37000
21-06-2021,69.25000
18-06-2021,68.60000
17-06-2021,69.40000
16-06-2021,70.24000
15-06-2021,70.44000
14-06-2021,70.08000
11-06-2021,70.21000
10-06-2021,70.13000
09-06-2021,69.46000
08-06-2021,70.07000
07-06-2021,69.96000
04-06-2021,69.19000
03-06-2021,69.09000
02-06-2021,68.24000
01-06-2021,67.76000
31-05-2021,67.92000
28-05-2021,67.36000
27-05-2021,67.52000
26-05-2021,67.33000
25-05-2021,67.32000
24-05-2021,67.28000
21-05-2021,66.59000
20-05-2021,65.60000
19-05-2021,66.20000
18-05-2021,66.15000
17-05-2021,65.25000
14-05-2021,64.38000
12-05-2021,65.20000
11-05-2021,65.53000
10-05-2021,64.93000
07-05-2021,63.78000
06-05-2021,62.93000
05-05-2021,62.84000
04-05-2021,62.20000
03-05-2021,62.05000
30-04-2021,61.47000
29-04-2021,61.69000
28-04-2021,61.39000
27-04-2021,60.81000
26-04-2021,59.84000
23-04-2021,59.19000
22-04-2021,59.16000
20-04-2021,58.87000
19-04-2021,58.76000
16-04-2021,60.31000
15-04-2021,60.10000
13-04-2021,59.78000
12-04-2021,58.28000
09-04-2021,61.53000
08-04-2021,62.01000
07-04-2021,61.75000
06-04-2021,61.20000
05-04-2021,61.00000
01-04-2021,62.04000
31-03-2021,61.07000
30-03-2021,60.94000
26-03-2021,60.21000
25-03-2021,59.18000
24-03-2021,59.98000
23-03-2021,61.25000
22-03-2021,61.14000
19-03-2021,61.01000
18-03-2021,60.40000
17-03-2021,61.03000
16-03-2021,62.51000
15-03-2021,62.47000
12-03-2021,62.73000
10-03-2021,63.08000
09-03-2021,62.93000
08-03-2021,63.55000
05-03-2021,62.90000
04-03-2021,63.52000
03-03-2021,64.03000
02-03-2021,63.33000
01-03-2021,62.35000
26-02-2021,61.47000
25-02-2021,62.93000
24-02-2021,61.70000
23-02-2021,61.04000
22-02-2021,59.81000
19-02-2021,60.51000
18-02-2021,61.27000
17-02-2021,60.23000
16-02-2021,59.65000
15-02-2021,59.14000
12-02-2021,58.72000
11-02-2021,59.24000
10-02-2021,58.86000
09-02-2021,58.93000
08-02-2021,58.88000
05-02-2021,57.48000
04-02-2021,57.51000
03-02-2021,56.57000
02-02-2021,55.78000
01-02-2021,54.26000
29-01-2021,52.10000
28-01-2021,52.54000
27-01-2021,52.34000
25-01-2021,53.39000
22-01-2021,53.50000
21-01-2021,54.34000
20-01-2021,55.21000
19-01-2021,55.09000
18-01-2021,54.17000
15-01-2021,55.67000
14-01-2021,56.44000
13-01-2021,56.34000
12-01-2021,55.88000
11-01-2021,55.08000
08-01-2021,55.10000
07-01-2021,54.67000
06-01-2021,53.92000
05-01-2021,53.38000
04-01-2021,53.41000
01-01-2021,52.39000
31-12-2020,52.05000
30-12-2020,52.08000
29-12-2020,51.98000
28-12-2020,52.00000
24-12-2020,51.28000
23-12-2020,50.56000
22-12-2020,49.88000
21-12-2020,49.10000
18-12-2020,52.32000
17-12-2020,52.51000
16-12-2020,52.77000
15-12-2020,52.29000
14-12-2020,52.32000
11-12-2020,51.64000
10-12-2020,50.80000
09-12-2020,51.00000
08-12-2020,50.79000
07-12-2020,51.05000
04-12-2020,50.31000
03-12-2020,49.51000
02-12-2020,48.48000
01-12-2020,47.98000
27-11-2020,47.00000
26-11-2020,46.77000
25-11-2020,46.37000
24-11-2020,46.58000
23-11-2020,46.24000
20-11-2020,45.85000
19-11-2020,45.49000
18-11-2020,45.79000
17-11-2020,45.18000
13-11-2020,44.41000
12-11-2020,44.22000
11-11-2020,44.21000
10-11-2020,43.58000
09-11-2020,42.72000
06-11-2020,42.12000
05-11-2020,42.19000
04-11-2020,41.09000
03-11-2020,41.19000
02-11-2020,41.00000
30-10-2020,40.69000
29-10-2020,40.48000
28-10-2020,40.83000
27-10-2020,41.04000
26-10-2020,40.80000
23-10-2020,41.31000
22-10-2020,41.27000
21-10-2020,40.74000
20-10-2020,40.18000
19-10-2020,40.28000
16-10-2020,39.63000
15-10-2020,38.97000
14-10-2020,39.49000
13-10-2020,39.80000
12-10-2020,39.81000
09-10-2020,40.48000
08-10-2020,40.31000
07-10-2020,40.51000
06-10-2020,40.87000
05-10-2020,40.63000
01-10-2020,40.55000
30-09-2020,40.25000
29-09-2020,40.54000
28-09-2020,40.67000
25-09-2020,39.89000
24-09-2020,38.90000
23-09-2020,40.09000
22-09-2020,40.37000
21-09-2020,41.09000
18-09-2020,42.63000
17-09-2020,42.35000
16-09-2020,42.82000
15-09-2020,42.83000
14-09-2020,42.49000
11-09-2020,42.23000
10-09-2020,42.17000
09-09-2020,41.96000
08-09-2020,42.34000
07-09-2020,43.15000
04-09-2020,43.39000
03-09-2020,44.15000
02-09-2020,44.51000
01-09-2020,44.27000
31-08-2020,43.81000
28-08-2020,45.45000
27-08-2020,45.33000
26-08-2020,45.24000
25-08-2020,45.19000
24-08-2020,45.22000
21-08-2020,45.29000
20-08-2020,44.78000
19-08-2020,43.99000
18-08-2020,43.43000
17-08-2020,43.09000
14-08-2020,42.16000
13-08-2020,42.42000
12-08-2020,41.80000
11-08-2020,41.79000
10-08-2020,41.65000
07-08-2020,41.12000
06-08-2020,41.06000
05-08-2020,40.80000
04-08-2020,40.44000
03-08-2020,40.09000
31-07-2020,40.29000
30-07-2020,40.13000
29-07-2020,40.69000
28-07-2020,40.65000
27-07-2020,40.43000
24-07-2020,40.80000
23-07-2020,41.32000
22-07-2020,41.15000
21-07-2020,41.10000
20-07-2020,40.69000
17-07-2020,40.59000
16-07-2020,39.98000
15-07-2020,40.02000
14-07-2020,40.37000
13-07-2020,41.04000
10-07-2020,41.00000
09-07-2020,41.42000
08-07-2020,41.04000
07-07-2020,41.20000
06-07-2020,41.36000
03-07-2020,40.63000
02-07-2020,40.29000
01-07-2020,39.84000
30-06-2020,39.63000
29-06-2020,39.76000
26-06-2020,40.61000
25-06-2020,40.04000
24-06-2020,40.23000
23-06-2020,41.10000
22-06-2020,40.14000
19-06-2020,39.60000
18-06-2020,39.17000
17-06-2020,38.45000
16-06-2020,38.36000
15-06-2020,38.38000
12-06-2020,38.72000
11-06-2020,38.69000
10-06-2020,39.46000
09-06-2020,39.19000
08-06-2020,39.76000
05-06-2020,39.04000
04-06-2020,37.80000
03-06-2020,37.72000
02-06-2020,37.61000
01-06-2020,37.00000
29-05-2020,36.28000
28-05-2020,35.80000
27-05-2020,35.30000
26-05-2020,34.79000
22-05-2020,34.58000
21-05-2020,34.77000
20-05-2020,34.66000
19-05-2020,34.16000
18-05-2020,33.50000
15-05-2020,34.70000
14-05-2020,34.52000
13-05-2020,35.26000
12-05-2020,34.39000
11-05-2020,34.02000
08-05-2020,34.06000
07-05-2020,34.45000
06-05-2020,35.05000
05-05-2020,34.87000
04-05-2020,35.14000
30-04-2020,36.78000
29-04-2020,35.27000
28-04-2020,34.56000
27-04-2020,34.62000
24-04-2020,34.47000
23-04-2020,35.30000
22-04-2020,35.24000
21-04-2020,35.26000
20-04-2020,36.58000
17-04-2020,36.67000
16-04-2020,35.88000
15-04-2020,35.19000
13-04-2020,34.89000
09-04-2020,34.64000
08-04-2020,33.46000
07-04-2020,33.06000
03-04-2020,31.37000
01-04-2020,31.73000
31-03-2020,32.71000
30-03-2020,31.33000
27-03-2020,32.14000
26-03-2020,32.13000
25-03-2020,31.21000
24-03-2020,30.59000
23-03-2020,30.48000
20-03-2020,34.37000
19-03-2020,32.70000
18-03-2020,33.98000
17-03-2020,35.35000
16-03-2020,36.08000
13-03-2020,38.54000
12-03-2020,37.09000
11-03-2020,40.78000
09-03-2020,41.47000
06-03-2020,43.79000
05-03-2020,45.06000
04-03-2020,45.15000
03-03-2020,45.45000
02-03-2020,44.27000
28-02-2020,45.21000
27-02-2020,46.72000
26-02-2020,47.16000
25-02-2020,47.79000
24-02-2020,48.01000
20-02-2020,49.24000
19-02-2020,49.09000
18-02-2020,48.59000
17-02-2020,49.02000
14-02-2020,49.59000
13-02-2020,50.01000
12-02-2020,50.22000
11-02-2020,50.35000
10-02-2020,50.14000
07-02-2020,50.90000
06-02-2020,50.76000
05-02-2020,50.19000
04-02-2020,49.67000
03-02-2020,48.69000
31-01-2020,50.17000
30-01-2020,50.69000
29-01-2020,51.17000
28-01-2020,50.97000
27-01-2020,51.46000
24-01-2020,52.09000
23-01-2020,51.67000
22-01-2020,51.09000
21-01-2020,51.70000
20-01-2020,51.96000
17-01-2020,52.43000
16-01-2020,52.34000
15-01-2020,52.48000
14-01-2020,52.11000
13-01-2020,51.81000
10-01-2020,51.28000
09-01-2020,50.72000
08-01-2020,50.09000
07-01-2020,50.16000
06-01-2020,49.92000
03-01-2020,51.01000
02-01-2020,51.24000
01-01-2020,50.40000
31-12-2019,50.24000
30-12-2019,50.03000
27-12-2019,49.76000
26-12-2019,49.23000
24-12-2019,49.33000
23-12-2019,49.24000
20-12-2019,49.25000
19-12-2019,49.19000
18-12-2019,49.09000
17-12-2019,49.40000
16-12-2019,48.88000
13-12-2019,49.20000
12-12-2019,48.67000
11-12-2019,48.04000
10-12-2019,48.03000
09-12-2019,48.56000
06-12-2019,48.66000
05-12-2019,49.33000
04-12-2019,49.77000
03-12-2019,49.50000
02-12-2019,49.96000
29-11-2019,50.26000
28-11-2019,50.29000
27-11-2019,49.98000
26-11-2019,49.84000
25-11-2019,50.19000
22-11-2019,49.45000
21-11-2019,49.44000
20-11-2019,49.69000
19-11-2019,49.69000
18-11-2019,49.41000
15-11-2019,49.09000
14-11-2019,48.72000
13-11-2019,48.91000
11-11-2019,49.72000
08-11-2019,49.60000
07-11-2019,50.17000
06-11-2019,50.19000
05-11-2019,50.36000
04-11-2019,50.57000
01-11-2019,50.11000
31-10-2019,49.91000
30-10-2019,49.25000
29-10-2019,48.65000
25-10-2019,48.14000
24-10-2019,48.10000
23-10-2019,48.56000
22-10-2019,48.70000
18-10-2019,48.81000
17-10-2019,48.19000
16-10-2019,47.85000
15-10-2019,48.01000
14-10-2019,47.65000
11-10-2019,47.47000
10-10-2019,47.31000
09-10-2019,47.56000
07-10-2019,46.82000
04-10-2019,47.17000
03-10-2019,47.75000
01-10-2019,48.23000
30-09-2019,49.15000
27-09-2019,49.20000
26-09-2019,49.49000
25-09-2019,48.84000
24-09-2019,49.83000
23-09-2019,50.58000
20-09-2019,49.25000
19-09-2019,47.12000
18-09-2019,47.59000
17-09-2019,47.39000
16-09-2019,48.33000
13-09-2019,48.52000
12-09-2019,47.98000
11-09-2019,48.19000
09-09-2019,47.87000
06-09-2019,47.54000
05-09-2019,46.82000
04-09-2019,46.27000
03-09-2019,45.62000
30-08-2019,46.71000
29-08-2019,46.57000
28-08-2019,46.68000
27-08-2019,47.30000
26-08-2019,46.81000
23-08-2019,46.12000
22-08-2019,45.61000
21-08-2019,46.58000
20-08-2019,47.39000
19-08-2019,47.63000
16-08-2019,47.43000
14-08-2019,47.43000
13-08-2019,46.92000
09-08-2019,47.89000
08-08-2019,47.79000
07-08-2019,47.46000
06-08-2019,47.94000
05-08-2019,47.30000
02-08-2019,47.77000
01-08-2019,47.98000
31-07-2019,48.96000
30-07-2019,48.65000
29-07-2019,49.38000
26-07-2019,49.85000
25-07-2019,50.05000
24-07-2019,50.16000
23-07-2019,50.78000
22-07-2019,50.64000
19-07-2019,50.65000
18-07-2019,51.04000
17-07-2019,51.81000
16-07-2019,51.55000
15-07-2019,51.22000
12-07-2019,51.58000
11-07-2019,51.73000
10-07-2019,51.43000
09-07-2019,52.01000
08-07-2019,51.59000
05-07-2019,53.21000
04-07-2019,54.21000
03-07-2019,54.06000
02-07-2019,53.98000
01-07-2019,53.71000
28-06-2019,53.61000
27-06-2019,53.67000
26-06-2019,53.35000
25-06-2019,52.86000
24-06-2019,52.49000
21-06-2019,52.65000
20-06-2019,52.70000
19-06-2019,51.92000
18-06-2019,52.18000
17-06-2019,52.10000
14-06-2019,52.89000
13-06-2019,53.21000
12-06-2019,53.29000
11-06-2019,53.34000
10-06-2019,53.06000
07-06-2019,53.05000
06-06-2019,52.97000
04-06-2019,53.90000
03-06-2019,53.98000
31-05-2019,53.58000
30-05-2019,53.87000
29-05-2019,53.58000
28-05-2019,54.30000
27-05-2019,54.24000
24-05-2019,52.92000
23-05-2019,51.39000
22-05-2019,51.51000
21-05-2019,51.20000
20-05-2019,51.84000
17-05-2019,49.40000
16-05-2019,49.14000
15-05-2019,48.83000
14-05-2019,49.30000
13-05-2019,48.48000
10-05-2019,49.39000
09-05-2019,49.27000
08-05-2019,49.61000
07-05-2019,50.21000
06-05-2019,50.48000
03-05-2019,50.94000
02-05-2019,50.81000
30-04-2019,50.89000
26-04-2019,51.11000
25-04-2019,51.00000
24-04-2019,51.23000
23-04-2019,50.84000
22-04-2019,51.03000
18-04-2019,51.65000
16-04-2019,52.31000
15-04-2019,52.07000
12-04-2019,51.92000
11-04-2019,51.73000
10-04-2019,51.63000
09-04-2019,52.02000
08-04-2019,51.81000
05-04-2019,51.98000
04-04-2019,51.81000
03-04-2019,51.80000
02-04-2019,52.51000
01-04-2019,52.32000
29-03-2019,51.91000
28-03-2019,51.44000
27-03-2019,51.28000
26-03-2019,51.23000
25-03-2019,50.58000
22-03-2019,50.92000
20-03-2019,50.86000
19-03-2019,51.23000
18-03-2019,50.71000
15-03-2019,50.66000
14-03-2019,50.36000
13-03-2019,50.17000
12-03-2019,50.46000
11-03-2019,49.66000
08-03-2019,48.50000
07-03-2019,48.43000
06-03-2019,48.59000
05-03-2019,48.00000
01-03-2019,46.73000
28-02-2019,46.16000
27-02-2019,45.60000
26-02-2019,45.58000
25-02-2019,45.81000
22-02-2019,45.70000
21-02-2019,45.08000
20-02-2019,44.78000
19-02-2019,44.01000
18-02-2019,43.83000
15-02-2019,44.10000
14-02-2019,43.98000
13-02-2019,44.30000
12-02-2019,44.81000
11-02-2019,44.96000
08-02-2019,45.68000
07-02-2019,46.49000
06-02-2019,46.44000
05-02-2019,45.95000
04-02-2019,46.18000
01-02-2019,46.55000
31-01-2019,46.89000
30-01-2019,46.42000
29-01-2019,46.29000
28-01-2019,46.18000
25-01-2019,46.71000
24-01-2019,46.85000
23-01-2019,47.03000
22-01-2019,47.21000
21-01-2019,47.65000
18-01-2019,48.05000
17-01-2019,48.48000
16-01-2019,48.70000
15-01-2019,48.58000
14-01-2019,48.11000
11-01-2019,48.45000
10-01-2019,48.61000
09-01-2019,48.64000
08-01-2019,48.75000
07-01-2019,48.57000
04-01-2019,48.58000
03-01-2019,48.10000
02-01-2019,48.65000
01-01-2019,49.20000
31-12-2018,48.99000
28-12-2018,49.01000
27-12-2018,48.68000
26-12-2018,48.63000
24-12-2018,48.21000
21-12-2018,48.55000
20-12-2018,49.06000
19-12-2018,49.32000
18-12-2018,48.63000
17-12-2018,48.31000
14-12-2018,48.08000
13-12-2018,47.68000
12-12-2018,47.44000
11-12-2018,46.15000
10-12-2018,45.94000
07-12-2018,46.42000
06-12-2018,46.48000
05-12-2018,47.06000
04-12-2018,47.94000
03-12-2018,47.90000
30-11-2018,47.33000
29-11-2018,47.47000
28-11-2018,47.23000
27-11-2018,47.84000
26-11-2018,47.78000
22-11-2018,47.85000
21-11-2018,48.28000
20-11-2018,48.16000
19-11-2018,48.70000
16-11-2018,48.57000
15-11-2018,48.18000
14-11-2018,48.09000
13-11-2018,47.91000
12-11-2018,47.41000
09-11-2018,48.03000
06-11-2018,47.62000
05-11-2018,47.70000
02-11-2018,47.81000
01-11-2018,46.97000
31-10-2018,46.33000
30-10-2018,45.84000
29-10-2018,45.67000
26-10-2018,44.63000
25-10-2018,44.88000
24-10-2018,45.71000
23-10-2018,44.92000
22-10-2018,45.26000
19-10-2018,45.61000
17-10-2018,45.76000
16-10-2018,46.54000
15-10-2018,46.21000
12-10-2018,45.98000
11-10-2018,45.15000
10-10-2018,45.84000
09-10-2018,44.54000
08-10-2018,44.81000
05-10-2018,45.28000
04-10-2018,47.09000
03-10-2018,47.62000
01-10-2018,47.67000
28-09-2018,47.36000
27-09-2018,48.25000
26-09-2018,48.69000
25-09-2018,48.71000
24-09-2018,48.50000
21-09-2018,49.25000
19-09-2018,49.50000
18-09-2018,49.42000
17-09-2018,50.36000
14-09-2018,50.65000
12-09-2018,49.71000
11-09-2018,49.65000
10-09-2018,50.18000
07-09-2018,50.95000
06-09-2018,50.75000
05-09-2018,50.56000
04-09-2018,50.62000
03-09-2018,51.49000
31-08-2018,51.71000
30-08-2018,51.48000
29-08-2018,51.12000
28-08-2018,51.03000
27-08-2018,51.12000
24-08-2018,50.52000
23-08-2018,50.45000
21-08-2018,50.45000
20-08-2018,50.22000
17-08-2018,49.79000
16-08-2018,49.41000
14-08-2018,49.65000
13-08-2018,49.55000
10-08-2018,50.02000
09-08-2018,50.64000
08-08-2018,50.46000
07-08-2018,50.23000
06-08-2018,50.35000
03-08-2018,50.20000
02-08-2018,49.54000
01-08-2018,49.74000
31-07-2018,49.78000
30-07-2018,49.81000
27-07-2018,49.26000
26-07-2018,48.71000
25-07-2018,48.18000
24-07-2018,48.18000
23-07-2018,47.26000
20-07-2018,46.81000
19-07-2018,46.91000
18-07-2018,47.09000
17-07-2018,47.47000
16-07-2018,47.04000
13-07-2018,47.76000
12-07-2018,48.41000
11-07-2018,48.48000
10-07-2018,48.87000
09-07-2018,48.33000
06-07-2018,47.70000
05-07-2018,47.59000
04-07-2018,47.71000
03-07-2018,47.75000
02-07-2018,47.65000
29-06-2018,48.17000
28-06-2018,47.17000
27-06-2018,47.65000
26-06-2018,48.56000
25-06-2018,48.64000
22-06-2018,49.14000
21-06-2018,48.92000
20-06-2018,49.25000
19-06-2018,49.39000
18-06-2018,49.88000
15-06-2018,50.15000
14-06-2018,50.66000
13-06-2018,51.06000
12-06-2018,51.09000
11-06-2018,51.01000
08-06-2018,50.77000
07-06-2018,50.79000
06-06-2018,50.31000
05-06-2018,49.82000
04-06-2018,50.41000
01-06-2018,51.04000
31-05-2018,51.52000
30-05-2018,51.46000
29-05-2018,51.81000
28-05-2018,52.08000
25-05-2018,51.63000
24-05-2018,50.99000
23-05-2018,50.93000
22-05-2018,51.11000
21-05-2018,50.81000
18-05-2018,51.31000
17-05-2018,51.97000
16-05-2018,52.26000
15-05-2018,52.67000
14-05-2018,53.01000
11-05-2018,53.05000
10-05-2018,53.08000
09-05-2018,53.37000
08-05-2018,53.53000
07-05-2018,53.16000
04-05-2018,52.71000
03-05-2018,52.93000
02-05-2018,52.85000
30-04-2018,53.33000
27-04-2018,53.18000
26-04-2018,52.61000
25-04-2018,52.72000
24-04-2018,53.15000
23-04-2018,52.99000
20-04-2018,53.12000
19-04-2018,53.44000
18-04-2018,52.89000
17-04-2018,52.84000
16-04-2018,52.60000
13-04-2018,52.39000
12-04-2018,52.46000
11-04-2018,52.58000
10-04-2018,52.74000
09-04-2018,52.42000
06-04-2018,52.31000
05-04-2018,52.22000
04-04-2018,51.38000
03-04-2018,51.96000
02-04-2018,51.57000
28-03-2018,51.46000
27-03-2018,51.67000
26-03-2018,51.19000
23-03-2018,50.78000
22-03-2018,51.37000
21-03-2018,51.59000
20-03-2018,51.32000
19-03-2018,51.38000
16-03-2018,51.75000
15-03-2018,52.64000
14-03-2018,52.85000
13-03-2018,53.02000
12-03-2018,52.69000
09-03-2018,52.02000
08-03-2018,52.21000
07-03-2018,51.79000
06-03-2018,52.52000
05-03-2018,53.15000
01-03-2018,53.83000
28-02-2018,54.07000
27-02-2018,54.34000
26-02-2018,54.58000
23-02-2018,54.06000
22-02-2018,53.44000
21-02-2018,53.81000
20-02-2018,53.94000
19-02-2018,53.94000
16-02-2018,54.48000
15-02-2018,55.17000
14-02-2018,55.27000
12-02-2018,55.52000
09-02-2018,55.05000
08-02-2018,55.35000
07-02-2018,54.70000
06-02-2018,54.04000
05-02-2018,54.66000
02-02-2018,54.98000
01-02-2018,56.72000
31-01-2018,56.81000
30-01-2018,57.09000
29-01-2018,57.36000
25-01-2018,57.86000
24-01-2018,58.04000
23-01-2018,58.26000
22-01-2018,57.64000
19-01-2018,57.47000
18-01-2018,57.21000
17-01-2018,57.75000
16-01-2018,57.47000
15-01-2018,58.17000
12-01-2018,58.09000
11-01-2018,57.77000
10-01-2018,57.74000
09-01-2018,57.60000
08-01-2018,57.78000
05-01-2018,57.71000
04-01-2018,57.55000
03-01-2018,57.05000
02-01-2018,56.69000
01-01-2018,56.87000
29-12-2017,56.94000
28-12-2017,56.91000
27-12-2017,56.99000
26-12-2017,57.48000
22-12-2017,56.89000
21-12-2017,56.47000
20-12-2017,55.81000
19-12-2017,55.65000
18-12-2017,55.15000
15-12-2017,54.76000
14-12-2017,54.54000
13-12-2017,54.47000
12-12-2017,54.83000
11-12-2017,55.22000
08-12-2017,55.05000
07-12-2017,54.84000
06-12-2017,53.93000
05-12-2017,54.44000
04-12-2017,54.51000
01-12-2017,54.40000
30-11-2017,55.26000
29-11-2017,55.60000
28-11-2017,55.64000
27-11-2017,55.83000
24-11-2017,55.53000
23-11-2017,55.40000
22-11-2017,55.43000
21-11-2017,55.14000
20-11-2017,54.73000
17-11-2017,54.53000
16-11-2017,54.03000
15-11-2017,53.53000
14-11-2017,54.08000
13-11-2017,54.29000
10-11-2017,54.91000
09-11-2017,54.58000
08-11-2017,54.44000
07-11-2017,55.00000
06-11-2017,55.77000
03-11-2017,55.70000
02-11-2017,55.54000
01-11-2017,55.16000
31-10-2017,54.45000
30-10-2017,54.38000
27-10-2017,54.12000
26-10-2017,54.10000
25-10-2017,53.77000
24-10-2017,51.76000
23-10-2017,51.17000
18-10-2017,50.91000
17-10-2017,51.11000
16-10-2017,51.03000
13-10-2017,50.78000
12-10-2017,50.44000
11-10-2017,50.15000
10-10-2017,50.45000
09-10-2017,50.34000
06-10-2017,50.38000
05-10-2017,49.82000
04-10-2017,49.69000
03-10-2017,49.56000
29-09-2017,49.57000
28-09-2017,49.01000
27-09-2017,48.78000
26-09-2017,49.47000
25-09-2017,49.21000
22-09-2017,49.67000
21-09-2017,50.81000
20-09-2017,51.02000
19-09-2017,51.08000
18-09-2017,51.06000
15-09-2017,50.97000
14-09-2017,50.99000
13-09-2017,50.93000
12-09-2017,50.99000
11-09-2017,50.59000
08-09-2017,49.99000
07-09-2017,49.85000
06-09-2017,49.89000
05-09-2017,49.95000
04-09-2017,49.76000
01-09-2017,50.13000
31-08-2017,49.88000
30-08-2017,49.65000
29-08-2017,49.00000
28-08-2017,49.58000
24-08-2017,49.42000
23-08-2017,49.34000
22-08-2017,49.05000
21-08-2017,49.10000
18-08-2017,49.59000
17-08-2017,49.74000
16-08-2017,49.64000
14-08-2017,49.27000
11-08-2017,48.34000
10-08-2017,48.57000
09-08-2017,49.28000
08-08-2017,49.82000
07-08-2017,50.26000
04-08-2017,49.93000
03-08-2017,49.69000
02-08-2017,50.17000
01-08-2017,50.22000
31-07-2017,50.24000
28-07-2017,49.77000
27-07-2017,50.04000
26-07-2017,50.42000
25-07-2017,50.32000
24-07-2017,50.14000
21-07-2017,50.12000
20-07-2017,50.22000
19-07-2017,50.24000
18-07-2017,49.93000
17-07-2017,50.09000
14-07-2017,50.05000
13-07-2017,50.20000
12-07-2017,50.00000
11-07-2017,49.57000
10-07-2017,49.79000
07-07-2017,49.36000
06-07-2017,49.30000
05-07-2017,49.13000
04-07-2017,48.88000
03-07-2017,48.86000
30-06-2017,48.47000
29-06-2017,48.43000
28-06-2017,48.24000
27-06-2017,47.99000
23-06-2017,48.45000
22-06-2017,48.85000
21-06-2017,49.15000
20-06-2017,49.33000
19-06-2017,49.33000
16-06-2017,49.07000
15-06-2017,48.76000
14-06-2017,48.85000
13-06-2017,48.67000
12-06-2017,48.65000
09-06-2017,49.02000
08-06-2017,48.89000
07-06-2017,48.91000
06-06-2017,48.64000
05-06-2017,49.14000
02-06-2017,48.87000
01-06-2017,48.81000
31-05-2017,48.91000
30-05-2017,48.70000
29-05-2017,48.73000
26-05-2017,48.99000
25-05-2017,48.38000
24-05-2017,47.73000
23-05-2017,48.26000
22-05-2017,48.69000
19-05-2017,49.11000
18-05-2017,49.23000
17-05-2017,49.99000
16-05-2017,49.67000
15-05-2017,49.37000
12-05-2017,49.02000
11-05-2017,49.27000
10-05-2017,49.46000
09-05-2017,49.06000
08-05-2017,48.96000
05-05-2017,48.79000
04-05-2017,49.24000
03-05-2017,48.72000
02-05-2017,48.71000
28-04-2017,48.79000
27-04-2017,48.60000
26-04-2017,48.56000
25-04-2017,48.72000
24-04-2017,48.56000
21-04-2017,48.14000
20-04-2017,48.22000
19-04-2017,48.26000
18-04-2017,47.80000
17-04-2017,47.95000
13-04-2017,47.94000
12-04-2017,47.93000
11-04-2017,48.12000
10-04-2017,47.65000
07-04-2017,47.52000
06-04-2017,47.68000
05-04-2017,47.78000
03-04-2017,47.42000
31-03-2017,47.05000
30-03-2017,46.84000
29-03-2017,46.52000
28-03-2017,45.99000
27-03-2017,45.58000
24-03-2017,45.76000
23-03-2017,45.48000
22-03-2017,45.25000
21-03-2017,45.72000
20-03-2017,45.76000
17-03-2017,45.87000
16-03-2017,46.05000
15-03-2017,45.60000
14-03-2017,45.48000
10-03-2017,44.88000
09-03-2017,44.88000
08-03-2017,44.95000
07-03-2017,45.25000
06-03-2017,45.29000
03-03-2017,45.04000
02-03-2017,44.93000
01-03-2017,45.18000
28-02-2017,45.15000
27-02-2017,45.14000
23-02-2017,45.38000
22-02-2017,45.50000
21-02-2017,45.55000
20-02-2017,45.60000
17-02-2017,45.26000
16-02-2017,45.20000
15-02-2017,44.89000
14-02-2017,45.32000
13-02-2017,45.35000
10-02-2017,45.33000
09-02-2017,45.33000
08-02-2017,45.26000
07-02-2017,45.17000
06-02-2017,45.34000
03-02-2017,44.98000
02-02-2017,44.77000
01-02-2017,44.50000
31-01-2017,43.95000
30-01-2017,44.21000
27-01-2017,43.97000
25-01-2017,43.42000
24-01-2017,43.28000
23-01-2017,42.79000
20-01-2017,42.70000
19-01-2017,43.16000
18-01-2017,42.97000
17-01-2017,42.80000
16-01-2017,42.75000
13-01-2017,42.68000
12-01-2017,42.78000
11-01-2017,42.25000
10-01-2017,41.68000
09-01-2017,41.44000
06-01-2017,41.52000
05-01-2017,41.73000
04-01-2017,41.26000
03-01-2017,41.16000
02-01-2017,40.87000
30-12-2016,40.44000
29-12-2016,40.13000
28-12-2016,39.80000
27-12-2016,39.57000
26-12-2016,39.13000
23-12-2016,39.53000
22-12-2016,39.39000
21-12-2016,40.06000
20-12-2016,40.05000
19-12-2016,40.26000
16-12-2016,40.43000
15-12-2016,40.67000
14-12-2016,40.70000
13-12-2016,41.21000
12-12-2016,41.13000
09-12-2016,41.15000
08-12-2016,40.96000
07-12-2016,40.45000
06-12-2016,40.63000
05-12-2016,40.40000
02-12-2016,40.24000
01-12-2016,40.43000
30-11-2016,40.80000
29-11-2016,40.38000
28-11-2016,40.18000
25-11-2016,39.75000
24-11-2016,39.37000
23-11-2016,39.39000
22-11-2016,39.25000
21-11-2016,39.10000
18-11-2016,40.03000
17-11-2016,39.81000
16-11-2016,40.05000
15-11-2016,39.89000
11-11-2016,40.80000
10-11-2016,41.65000
09-11-2016,40.73000
08-11-2016,41.22000
07-11-2016,41.23000
04-11-2016,40.91000
03-11-2016,41.53000
02-11-2016,41.90000
01-11-2016,42.42000
28-10-2016,42.13000
27-10-2016,41.95000
26-10-2016,41.98000
25-10-2016,42.20000
24-10-2016,42.15000
21-10-2016,41.95000
20-10-2016,41.89000
19-10-2016,41.71000
18-10-2016,41.62000
17-10-2016,41.11000
14-10-2016,41.25000
13-10-2016,41.04000
10-10-2016,41.87000
07-10-2016,42.04000
06-10-2016,42.12000
05-10-2016,42.17000
04-10-2016,42.12000
03-10-2016,42.08000
30-09-2016,41.33000
29-09-2016,41.03000
28-09-2016,42.07000
27-09-2016,41.84000
26-09-2016,41.99000
23-09-2016,42.26000
22-09-2016,42.32000
21-09-2016,41.96000
20-09-2016,41.92000
19-09-2016,42.03000
16-09-2016,41.90000
15-09-2016,41.73000
14-09-2016,41.85000
12-09-2016,41.73000
09-09-2016,42.57000
08-09-2016,42.84000
07-09-2016,42.44000
06-09-2016,42.42000
02-09-2016,42.03000
01-09-2016,41.90000
31-08-2016,42.25000
30-08-2016,42.09000
29-08-2016,41.81000
26-08-2016,41.61000
25-08-2016,41.79000
24-08-2016,41.94000
23-08-2016,41.65000
22-08-2016,41.77000
19-08-2016,41.94000
18-08-2016,41.97000
17-08-2016,41.60000
16-08-2016,41.39000
12-08-2016,41.42000
11-08-2016,41.12000
10-08-2016,41.16000
09-08-2016,41.66000
08-08-2016,41.67000
05-08-2016,41.47000
04-08-2016,40.94000
03-08-2016,40.83000
02-08-2016,41.25000
01-08-2016,41.43000
29-07-2016,41.60000
28-07-2016,41.90000
27-07-2016,41.68000
26-07-2016,41.65000
25-07-2016,41.86000
22-07-2016,41.51000
21-07-2016,41.18000
20-07-2016,41.45000
19-07-2016,41.14000
18-07-2016,40.97000
15-07-2016,41.12000
14-07-2016,41.25000
13-07-2016,41.05000
12-07-2016,41.15000
11-07-2016,40.96000
08-07-2016,40.55000
07-07-2016,40.83000
05-07-2016,40.63000
04-07-2016,40.91000
01-07-2016,40.51000
30-06-2016,40.03000
29-06-2016,39.43000
28-06-2016,38.92000
27-06-2016,38.62000
24-06-2016,38.39000
23-06-2016,39.07000
22-06-2016,39.02000
21-06-2016,39.02000
20-06-2016,38.99000
17-06-2016,38.85000
16-06-2016,38.67000
15-06-2016,38.85000
14-06-2016,38.29000
13-06-2016,38.23000
10-06-2016,38.74000
09-06-2016,38.84000
08-06-2016,38.68000
07-06-2016,38.31000
06-06-2016,37.94000
03-06-2016,37.96000
02-06-2016,37.91000
01-06-2016,37.71000
31-05-2016,37.72000
30-05-2016,37.82000
27-05-2016,37.66000
26-05-2016,37.49000
25-05-2016,37.02000
24-05-2016,36.43000
23-05-2016,36.47000
20-05-2016,36.36000
19-05-2016,36.57000
18-05-2016,36.86000
17-05-2016,36.79000
16-05-2016,36.66000
13-05-2016,36.79000
12-05-2016,36.88000
11-05-2016,36.55000
10-05-2016,36.64000
09-05-2016,36.58000
06-05-2016,36.22000
05-05-2016,36.13000
04-05-2016,36.22000
03-05-2016,36.60000
02-05-2016,36.77000
29-04-2016,36.91000
28-04-2016,36.81000
27-04-2016,37.45000
26-04-2016,37.54000
25-04-2016,37.29000
22-04-2016,37.36000
21-04-2016,37.36000
20-04-2016,37.08000
18-04-2016,36.68000
13-04-2016,36.41000
12-04-2016,36.01000
11-04-2016,35.52000
08-04-2016,35.25000
07-04-2016,35.03000
06-04-2016,35.03000
05-04-2016,35.10000
04-04-2016,35.81000
01-04-2016,35.61000
31-03-2016,35.47000
30-03-2016,35.49000
29-03-2016,34.64000
28-03-2016,35.05000
23-03-2016,35.53000
22-03-2016,35.44000
21-03-2016,35.26000
18-03-2016,34.76000
17-03-2016,34.48000
16-03-2016,34.26000
15-03-2016,34.16000
14-03-2016,34.26000
11-03-2016,33.97000
10-03-2016,34.13000
09-03-2016,34.24000
08-03-2016,34.06000
04-03-2016,33.96000
03-03-2016,33.66000
02-03-2016,33.17000
01-03-2016,32.50000
29-02-2016,31.38000
26-02-2016,31.91000
25-02-2016,31.75000
24-02-2016,32.10000
23-02-2016,32.49000
22-02-2016,33.01000
19-02-2016,32.88000
18-02-2016,32.94000
17-02-2016,32.82000
16-02-2016,32.73000
15-02-2016,33.41000
12-02-2016,32.33000
11-02-2016,32.82000
10-02-2016,34.43000
09-02-2016,34.69000
08-02-2016,34.86000
05-02-2016,35.15000
04-02-2016,34.76000
03-02-2016,34.47000
02-02-2016,35.21000
01-02-2016,35.86000
29-01-2016,35.79000
28-01-2016,35.28000
27-01-2016,35.42000
25-01-2016,35.46000
22-01-2016,35.28000
21-01-2016,34.53000
20-01-2016,34.64000
19-01-2016,35.34000
18-01-2016,34.83000
15-01-2016,35.75000
14-01-2016,36.65000
13-01-2016,37.09000
12-01-2016,37.46000
11-01-2016,37.70000
08-01-2016,38.09000
07-01-2016,37.95000
06-01-2016,39.02000
05-01-2016,39.30000
04-01-2016,39.25000
01-01-2016,39.99000
31-12-2015,39.65000
30-12-2015,39.62000
29-12-2015,39.62000
28-12-2015,39.80000
24-12-2015,39.82000
23-12-2015,39.65000
22-12-2015,39.24000
21-12-2015,39.28000
18-12-2015,38.79000
17-12-2015,38.83000
16-12-2015,38.43000
15-12-2015,38.21000
14-12-2015,38.17000
11-12-2015,38.00000
10-12-2015,38.26000
09-12-2015,38.05000
08-12-2015,38.55000
07-12-2015,39.19000
04-12-2015,39.30000
03-12-2015,39.66000
02-12-2015,40.08000
01-12-2015,40.04000
30-11-2015,39.99000
27-11-2015,39.92000
26-11-2015,39.50000
24-11-2015,39.35000
23-11-2015,39.35000
20-11-2015,39.25000
19-11-2015,39.13000
18-11-2015,38.75000
17-11-2015,38.74000
16-11-2015,38.65000
13-11-2015,38.47000
10-11-2015,38.29000
09-11-2015,38.86000
06-11-2015,39.14000
05-11-2015,39.31000
04-11-2015,39.74000
03-11-2015,39.82000
02-11-2015,39.71000
30-10-2015,39.77000
29-10-2015,40.03000
28-10-2015,40.40000
27-10-2015,40.73000
26-10-2015,40.96000
23-10-2015,40.94000
21-10-2015,41.07000
20-10-2015,41.21000
19-10-2015,41.31000
16-10-2015,41.32000
15-10-2015,41.02000
14-10-2015,40.55000
13-10-2015,40.58000
12-10-2015,40.62000
09-10-2015,40.49000
08-10-2015,40.41000
07-10-2015,40.43000
06-10-2015,40.21000
05-10-2015,40.09000
01-10-2015,39.26000
30-09-2015,39.29000
29-09-2015,38.66000
28-09-2015,38.64000
24-09-2015,38.98000
23-09-2015,39.12000
22-09-2015,39.03000
21-09-2015,39.83000
18-09-2015,39.68000
16-09-2015,39.31000
15-09-2015,39.17000
14-09-2015,39.50000
11-09-2015,39.05000
10-09-2015,39.05000
09-09-2015,39.15000
08-09-2015,38.36000
07-09-2015,37.57000
04-09-2015,38.26000
03-09-2015,39.12000
02-09-2015,38.57000
01-09-2015,39.28000
31-08-2015,40.20000
28-08-2015,40.61000
27-08-2015,40.38000
26-08-2015,39.63000
25-08-2015,39.68000
24-08-2015,38.92000
21-08-2015,42.03000
20-08-2015,42.47000
19-08-2015,43.42000
18-08-2015,43.45000
17-08-2015,43.18000
14-08-2015,43.08000
13-08-2015,42.13000
12-08-2015,42.25000
11-08-2015,43.53000
10-08-2015,44.17000
07-08-2015,44.20000
06-08-2015,44.39000
05-08-2015,44.15000
04-08-2015,43.82000
03-08-2015,43.76000
31-07-2015,43.48000
30-07-2015,43.37000
29-07-2015,42.97000
28-07-2015,42.64000
27-07-2015,42.50000
24-07-2015,43.38000
23-07-2015,43.91000
22-07-2015,43.93000
21-07-2015,43.44000
20-07-2015,43.92000
17-07-2015,43.90000
16-07-2015,43.75000
15-07-2015,43.37000
14-07-2015,43.06000
13-07-2015,43.07000
10-07-2015,42.68000
09-07-2015,42.45000
08-07-2015,42.27000
07-07-2015,42.80000
06-07-2015,42.65000
03-07-2015,42.33000
02-07-2015,42.31000
01-07-2015,42.21000
30-06-2015,41.59000
29-06-2015,41.24000
26-06-2015,41.66000
25-06-2015,41.85000
24-06-2015,41.53000
23-06-2015,41.80000
22-06-2015,41.62000
19-06-2015,41.05000
18-06-2015,40.91000
17-06-2015,40.37000
16-06-2015,40.16000
15-06-2015,39.94000
12-06-2015,39.98000
11-06-2015,39.97000
10-06-2015,40.64000
09-06-2015,40.02000
08-06-2015,40.11000
05-06-2015,40.47000
04-06-2015,40.33000
03-06-2015,40.27000
02-06-2015,41.04000
01-06-2015,41.68000
29-05-2015,41.61000
28-05-2015,41.09000
27-05-2015,41.15000
26-05-2015,41.09000
25-05-2015,41.21000
22-05-2015,41.29000
21-05-2015,41.36000
20-05-2015,41.51000
19-05-2015,41.44000
18-05-2015,41.55000
15-05-2015,41.13000
14-05-2015,40.91000
13-05-2015,40.74000
12-05-2015,40.06000
11-05-2015,41.08000
08-05-2015,40.51000
07-05-2015,39.87000
06-05-2015,40.52000
05-05-2015,41.72000
04-05-2015,41.84000
30-04-2015,41.07000
29-04-2015,41.26000
28-04-2015,41.15000
27-04-2015,40.49000
24-04-2015,41.26000
23-04-2015,42.04000
22-04-2015,42.24000
21-04-2015,42.19000
20-04-2015,42.28000
17-04-2015,43.05000
16-04-2015,43.48000
15-04-2015,43.80000
13-04-2015,43.89000
10-04-2015,43.56000
09-04-2015,43.41000
08-04-2015,43.26000
07-04-2015,42.97000
06-04-2015,42.77000
01-04-2015,42.47000
31-03-2015,41.82000
30-03-2015,41.84000
27-03-2015,40.96000
26-03-2015,40.82000
25-03-2015,41.31000
24-03-2015,41.60000
23-03-2015,41.71000
20-03-2015,42.02000
19-03-2015,42.61000
18-03-2015,42.86000
17-03-2015,43.11000
16-03-2015,42.71000
13-03-2015,42.98000
12-03-2015,43.77000
11-03-2015,43.04000
10-03-2015,43.27000
09-03-2015,43.26000
05-03-2015,43.96000
04-03-2015,43.91000
03-03-2015,44.47000
02-03-2015,44.24000
27-02-2015,43.56000
26-02-2015,42.38000
25-02-2015,42.83000
24-02-2015,42.99000
23-02-2015,43.17000
20-02-2015,43.46000
19-02-2015,43.35000
18-02-2015,43.14000
16-02-2015,42.83000
13-02-2015,42.96000
12-02-2015,42.53000
11-02-2015,42.00000
10-02-2015,41.55000
09-02-2015,41.00000
06-02-2015,41.80000
05-02-2015,42.25000
04-02-2015,42.83000
03-02-2015,43.27000
02-02-2015,43.46000
30-01-2015,43.41000
29-01-2015,43.74000
28-01-2015,43.84000
27-01-2015,43.73000
23-01-2015,43.33000
22-01-2015,43.20000
21-01-2015,43.07000
20-01-2015,42.79000
19-01-2015,42.36000
16-01-2015,42.00000
15-01-2015,41.90000
14-01-2015,40.90000
13-01-2015,41.00000
12-01-2015,41.12000
09-01-2015,40.97000
08-01-2015,41.18000
07-01-2015,40.38000
06-01-2015,40.61000
05-01-2015,41.87000
02-01-2015,41.84000
01-01-2015,41.27000
31-12-2014,41.03000
30-12-2014,40.60000
29-12-2014,40.36000
26-12-2014,40.00000
24-12-2014,39.88000
23-12-2014,40.08000
22-12-2014,40.25000
19-12-2014,39.99000
18-12-2014,39.76000
17-12-2014,38.70000
16-12-2014,38.69000
15-12-2014,39.62000
12-12-2014,39.74000
11-12-2014,40.36000
10-12-2014,40.78000
09-12-2014,40.36000
08-12-2014,41.08000
05-12-2014,41.48000
04-12-2014,41.75000
03-12-2014,41.62000
02-12-2014,41.04000
01-12-2014,40.79000
28-11-2014,41.24000
27-11-2014,41.00000
26-11-2014,40.92000
25-11-2014,40.87000
24-11-2014,41.46000
21-11-2014,41.34000
20-11-2014,41.12000
19-11-2014,41.20000
18-11-2014,41.60000
17-11-2014,41.25000
14-11-2014,40.62000
13-11-2014,40.17000
12-11-2014,40.44000
11-11-2014,40.33000
10-11-2014,40.16000
07-11-2014,40.12000
05-11-2014,40.19000
03-11-2014,40.08000
31-10-2014,39.69000
30-10-2014,38.90000
29-10-2014,38.70000
28-10-2014,38.48000
27-10-2014,38.26000
22-10-2014,38.16000
21-10-2014,37.60000
20-10-2014,37.15000
17-10-2014,36.53000
16-10-2014,36.11000
14-10-2014,37.00000
13-10-2014,37.02000
10-10-2014,36.86000
09-10-2014,37.48000
08-10-2014,36.69000
07-10-2014,36.36000
01-10-2014,36.99000
30-09-2014,37.05000
29-09-2014,37.20000
26-09-2014,37.08000
25-09-2014,36.52000
24-09-2014,37.62000
23-09-2014,38.23000
22-09-2014,39.14000
19-09-2014,39.22000
18-09-2014,39.50000
17-09-2014,38.75000
16-09-2014,38.53000
15-09-2014,39.69000
12-09-2014,39.76000
11-09-2014,39.78000
10-09-2014,39.38000
09-09-2014,39.46000
08-09-2014,39.43000
05-09-2014,38.96000
04-09-2014,38.77000
03-09-2014,39.12000
02-09-2014,38.93000
01-09-2014,38.60000
28-08-2014,38.06000
27-08-2014,38.01000
26-08-2014,37.95000
25-08-2014,38.12000
22-08-2014,38.59000
21-08-2014,38.55000
20-08-2014,38.43000
19-08-2014,38.54000
18-08-2014,38.12000
14-08-2014,37.23000
13-08-2014,36.71000
12-08-2014,37.23000
11-08-2014,37.03000
08-08-2014,36.73000
07-08-2014,37.43000
06-08-2014,37.32000
05-08-2014,37.45000
04-08-2014,37.23000
01-08-2014,36.72000
31-07-2014,36.92000
30-07-2014,36.96000
28-07-2014,36.78000
25-07-2014,37.15000
24-07-2014,37.75000
23-07-2014,37.73000
22-07-2014,37.75000
21-07-2014,37.80000
18-07-2014,37.91000
17-07-2014,37.93000
16-07-2014,37.43000
15-07-2014,36.73000
14-07-2014,35.91000
11-07-2014,35.80000
10-07-2014,37.13000
09-07-2014,36.96000
08-07-2014,37.61000
07-07-2014,39.56000
04-07-2014,39.30000
03-07-2014,38.88000
02-07-2014,39.04000
01-07-2014,38.46000
30-06-2014,38.03000
27-06-2014,37.30000
26-06-2014,37.45000
25-06-2014,37.67000
24-06-2014,37.76000
23-06-2014,37.17000
20-06-2014,36.99000
19-06-2014,37.32000
18-06-2014,37.74000
17-06-2014,37.87000
16-06-2014,37.02000
13-06-2014,37.09000
12-06-2014,38.11000
11-06-2014,38.12000
10-06-2014,38.60000
09-06-2014,39.08000
06-06-2014,38.42000
05-06-2014,38.06000
04-06-2014,37.76000
03-06-2014,37.40000
02-06-2014,37.06000
30-05-2014,35.95000
29-05-2014,35.86000
28-05-2014,36.12000
27-05-2014,35.92000
26-05-2014,36.54000
23-05-2014,36.91000
22-05-2014,35.85000
21-05-2014,35.18000
20-05-2014,35.50000
19-05-2014,35.58000
16-05-2014,33.06000
15-05-2014,31.81000
14-05-2014,31.88000
13-05-2014,31.68000
12-05-2014,31.07000
09-05-2014,30.31000
08-05-2014,29.55000
07-05-2014,29.32000
06-05-2014,29.28000
05-05-2014,29.12000
02-05-2014,29.05000
30-04-2014,29.27000
29-04-2014,29.60000
28-04-2014,29.79000
25-04-2014,29.83000
23-04-2014,30.03000
22-04-2014,29.96000
21-04-2014,29.86000
17-04-2014,29.31000
16-04-2014,28.78000
15-04-2014,29.09000
11-04-2014,29.32000
10-04-2014,29.44000
09-04-2014,29.16000
07-04-2014,28.46000
04-04-2014,28.47000
03-04-2014,28.62000
02-04-2014,28.78000
01-04-2014,28.42000
31-03-2014,28.47000
28-03-2014,28.49000
27-03-2014,27.84000
26-03-2014,27.53000
25-03-2014,27.32000
24-03-2014,27.13000
21-03-2014,26.68000
20-03-2014,26.59000
19-03-2014,26.95000
18-03-2014,26.83000
14-03-2014,26.60000
13-03-2014,26.62000
12-03-2014,26.58000
11-03-2014,26.73000
10-03-2014,26.82000
07-03-2014,26.56000
06-03-2014,25.73000
05-03-2014,25.33000
04-03-2014,25.18000
03-03-2014,24.72000
28-02-2014,24.84000
26-02-2014,24.75000
25-02-2014,24.72000
24-02-2014,24.74000
21-02-2014,24.63000
20-02-2014,24.48000
19-02-2014,24.73000
18-02-2014,24.56000
17-02-2014,24.24000
14-02-2014,24.17000
13-02-2014,24.06000
12-02-2014,24.45000
11-02-2014,24.31000
10-02-2014,24.30000
07-02-2014,24.41000
06-02-2014,24.27000
05-02-2014,24.27000
04-02-2014,24.22000
03-02-2014,24.02000
31-01-2014,24.38000
30-01-2014,24.08000
29-01-2014,24.29000
28-01-2014,24.39000
27-01-2014,24.40000
24-01-2014,25.04000
23-01-2014,25.44000
22-01-2014,25.40000
21-01-2014,25.31000
20-01-2014,25.23000
17-01-2014,25.13000
16-01-2014,25.39000
15-01-2014,25.55000
14-01-2014,25.27000
13-01-2014,25.37000
10-01-2014,25.22000
09-01-2014,25.49000
08-01-2014,25.59000
07-01-2014,25.58000
06-01-2014,25.72000
03-01-2014,25.83000
02-01-2014,25.95000
01-01-2014,26.46000
31-12-2013,26.27000
30-12-2013,26.20000
27-12-2013,26.20000
26-12-2013,26.14000
24-12-2013,26.01000
23-12-2013,26.07000
20-12-2013,25.86000
19-12-2013,25.55000
18-12-2013,25.82000
17-12-2013,25.46000
16-12-2013,25.41000
13-12-2013,25.45000
12-12-2013,25.87000
11-12-2013,26.03000
10-12-2013,26.29000
09-12-2013,26.66000
06-12-2013,26.17000
05-12-2013,25.99000
04-12-2013,25.40000
03-12-2013,25.45000
02-12-2013,25.46000
29-11-2013,25.26000
28-11-2013,24.75000
27-11-2013,24.57000
26-11-2013,24.61000
25-11-2013,24.91000
22-11-2013,24.44000
21-11-2013,24.47000
20-11-2013,24.95000
19-11-2013,25.15000
18-11-2013,24.94000
14-11-2013,24.55000
13-11-2013,24.13000
12-11-2013,24.23000
11-11-2013,24.56000
08-11-2013,24.90000
07-11-2013,25.00000
06-11-2013,25.39000
05-11-2013,25.51000
01-11-2013,25.42000
31-10-2013,25.07000
30-10-2013,24.70000
29-10-2013,24.51000
28-10-2013,24.11000
25-10-2013,24.36000
24-10-2013,24.55000
23-10-2013,24.52000
22-10-2013,24.51000
21-10-2013,24.44000
18-10-2013,24.27000
17-10-2013,23.80000
15-10-2013,23.77000
14-10-2013,23.86000
11-10-2013,23.82000
10-10-2013,23.71000
09-10-2013,23.64000
08-10-2013,23.40000
07-10-2013,23.21000
04-10-2013,23.28000
03-10-2013,23.30000
01-10-2013,22.78000
30-09-2013,22.70000
27-09-2013,23.01000
26-09-2013,23.31000
25-09-2013,23.16000
24-09-2013,22.99000
23-09-2013,22.97000
20-09-2013,23.50000
19-09-2013,23.97000
18-09-2013,23.05000
17-09-2013,22.95000
16-09-2013,22.99000
13-09-2013,22.94000
12-09-2013,22.81000
11-09-2013,23.02000
10-09-2013,22.80000
06-09-2013,22.19000
05-09-2013,21.77000
04-09-2013,21.25000
03-09-2013,20.83000
02-09-2013,21.53000
30-08-2013,21.37000
29-08-2013,21.31000
28-08-2013,20.80000
27-08-2013,20.92000
26-08-2013,21.48000
23-08-2013,21.37000
22-08-2013,21.27000
21-08-2013,20.82000
20-08-2013,21.30000
19-08-2013,21.07000
16-08-2013,21.53000
14-08-2013,22.36000
13-08-2013,22.16000
12-08-2013,21.90000
08-08-2013,21.73000
07-08-2013,21.48000
06-08-2013,21.09000
05-08-2013,21.75000
02-08-2013,21.89000
01-08-2013,22.14000
31-07-2013,22.24000
30-07-2013,22.12000
29-07-2013,22.56000
26-07-2013,22.83000
25-07-2013,23.03000
24-07-2013,23.28000
23-07-2013,23.65000
22-07-2013,23.57000
19-07-2013,23.65000
18-07-2013,23.82000
17-07-2013,23.54000
16-07-2013,23.77000
15-07-2013,24.10000
12-07-2013,23.93000
11-07-2013,23.76000
10-07-2013,23.31000
09-07-2013,23.45000
08-07-2013,23.30000
05-07-2013,23.52000
04-07-2013,23.45000
03-07-2013,23.29000
02-07-2013,23.90000
01-07-2013,23.96000
28-06-2013,23.62000
27-06-2013,22.93000
26-06-2013,22.75000
25-06-2013,22.94000
24-06-2013,22.93000
21-06-2013,23.43000
20-06-2013,23.46000
19-06-2013,24.07000
18-06-2013,23.99000
17-06-2013,24.14000
14-06-2013,24.03000
13-06-2013,23.70000
12-06-2013,23.86000
11-06-2013,23.92000
10-06-2013,24.33000
07-06-2013,24.52000
06-06-2013,24.76000
05-06-2013,24.88000
04-06-2013,24.84000
03-06-2013,24.92000
31-05-2013,25.02000
30-05-2013,25.52000
29-05-2013,25.58000
28-05-2013,25.69000
27-05-2013,25.54000
24-05-2013,25.23000
23-05-2013,25.05000
22-05-2013,25.91000
21-05-2013,26.14000
20-05-2013,26.39000
17-05-2013,26.57000
16-05-2013,26.48000
15-05-2013,26.33000
14-05-2013,25.83000
13-05-2013,25.75000
10-05-2013,26.18000
09-05-2013,26.09000
08-05-2013,26.14000
07-05-2013,26.22000
06-05-2013,25.99000
03-05-2013,25.82000
02-05-2013,25.99000
30-04-2013,25.80000
29-04-2013,25.78000
26-04-2013,25.66000
25-04-2013,25.77000
23-04-2013,25.52000
22-04-2013,25.54000
18-04-2013,25.20000
17-04-2013,24.83000
16-04-2013,24.81000
15-04-2013,24.49000
12-04-2013,24.37000
11-04-2013,24.25000
10-04-2013,24.21000
09-04-2013,24.03000
08-04-2013,24.17000
05-04-2013,24.15000
04-04-2013,24.20000
03-04-2013,24.60000
02-04-2013,24.93000
01-04-2013,24.69000
28-03-2013,24.57000
26-03-2013,24.29000
25-03-2013,24.29000
22-03-2013,24.37000
21-03-2013,24.48000
20-03-2013,24.55000
19-03-2013,25.08000
18-03-2013,25.61000
15-03-2013,25.89000
14-03-2013,26.12000
13-03-2013,25.91000
12-03-2013,26.17000
11-03-2013,26.41000
08-03-2013,26.42000
07-03-2013,26.07000
06-03-2013,25.93000
05-03-2013,25.56000
04-03-2013,25.15000
01-03-2013,25.35000
28-02-2013,25.22000
27-02-2013,25.87000
26-02-2013,25.53000
25-02-2013,25.91000
22-02-2013,26.03000
21-02-2013,25.99000
20-02-2013,26.51000
19-02-2013,26.53000
18-02-2013,26.42000
15-02-2013,26.33000
14-02-2013,26.26000
13-02-2013,26.62000
12-02-2013,26.70000
11-02-2013,26.60000
08-02-2013,26.65000
07-02-2013,26.80000
06-02-2013,27.07000
05-02-2013,27.10000
04-02-2013,27.36000
01-02-2013,27.62000
31-01-2013,27.78000
30-01-2013,27.88000
29-01-2013,27.94000
28-01-2013,28.19000
25-01-2013,28.26000
24-01-2013,28.03000
23-01-2013,28.37000
22-01-2013,28.28000
21-01-2013,28.47000
18-01-2013,28.37000
17-01-2013,28.29000
16-01-2013,28.13000
15-01-2013,28.42000
14-01-2013,28.18000
11-01-2013,27.94000
10-01-2013,28.33000
09-01-2013,28.47000
08-01-2013,28.46000
07-01-2013,28.47000
04-01-2013,28.45000
03-01-2013,28.31000
02-01-2013,28.22000
01-01-2013,27.97000
31-12-2012,27.66000
28-12-2012,27.64000
27-12-2012,27.43000
26-12-2012,27.46000
24-12-2012,27.17000
21-12-2012,27.20000
20-12-2012,27.67000
19-12-2012,27.68000
18-12-2012,27.51000
17-12-2012,27.30000
14-12-2012,27.30000
13-12-2012,27.09000
12-12-2012,27.15000
11-12-2012,27.26000
10-12-2012,27.42000
07-12-2012,27.51000
06-12-2012,27.57000
05-12-2012,27.39000
04-12-2012,27.32000
03-12-2012,27.17000
30-11-2012,27.11000
29-11-2012,26.78000
27-11-2012,26.34000
26-11-2012,25.98000
23-11-2012,25.92000
22-11-2012,25.95000
21-11-2012,25.92000
20-11-2012,25.88000
19-11-2012,25.93000
16-11-2012,26.04000
15-11-2012,26.23000
12-11-2012,26.23000
09-11-2012,26.16000
08-11-2012,26.46000
07-11-2012,26.51000
06-11-2012,26.44000
05-11-2012,26.36000
02-11-2012,26.38000
01-11-2012,26.23000
31-10-2012,26.05000
30-10-2012,25.99000
29-10-2012,26.30000
26-10-2012,26.38000
25-10-2012,26.60000
23-10-2012,26.59000
22-10-2012,26.63000
19-10-2012,26.48000
18-10-2012,26.70000
17-10-2012,26.49000
16-10-2012,26.34000
15-10-2012,26.53000
12-10-2012,26.48000
11-10-2012,26.57000
10-10-2012,26.24000
09-10-2012,26.61000
08-10-2012,26.47000
05-10-2012,26.81000
04-10-2012,26.92000
03-10-2012,26.59000
01-10-2012,26.42000
28-09-2012,26.44000
27-09-2012,26.08000
26-09-2012,26.22000
25-09-2012,26.31000
24-09-2012,26.33000
21-09-2012,26.31000
20-09-2012,25.52000
18-09-2012,25.72000
17-09-2012,25.75000
14-09-2012,25.27000
13-09-2012,24.71000
12-09-2012,24.73000
11-09-2012,24.56000
10-09-2012,24.54000
07-09-2012,24.46000
06-09-2012,24.07000
05-09-2012,24.08000
04-09-2012,24.32000
03-09-2012,24.17000
31-08-2012,24.21000
30-08-2012,24.45000
29-08-2012,24.35000
28-08-2012,24.59000
27-08-2012,24.80000
24-08-2012,24.99000
23-08-2012,25.12000
22-08-2012,25.16000
21-08-2012,25.31000
17-08-2012,25.11000
16-08-2012,25.20000
14-08-2012,25.21000
13-08-2012,25.02000
10-08-2012,24.87000
09-08-2012,24.92000
08-08-2012,25.03000
07-08-2012,25.13000
06-08-2012,25.02000
03-08-2012,24.72000
02-08-2012,24.78000
01-08-2012,24.84000
31-07-2012,24.83000
30-07-2012,24.70000
27-07-2012,24.23000
26-07-2012,23.98000
25-07-2012,24.34000
24-07-2012,24.55000
23-07-2012,24.48000
20-07-2012,24.91000
19-07-2012,25.11000
18-07-2012,24.98000
17-07-2012,24.84000
16-07-2012,24.92000
13-07-2012,24.92000
12-07-2012,24.96000
11-07-2012,25.15000
10-07-2012,25.29000
09-07-2012,25.02000
06-07-2012,25.26000
05-07-2012,25.37000
04-07-2012,25.24000
03-07-2012,25.06000
02-07-2012,24.95000
29-06-2012,24.79000
28-06-2012,24.17000
27-06-2012,24.14000
26-06-2012,24.03000
25-06-2012,23.96000
22-06-2012,24.12000
21-06-2012,24.14000
20-06-2012,23.91000
19-06-2012,23.74000
18-06-2012,23.56000
15-06-2012,23.88000
14-06-2012,23.64000
13-06-2012,23.97000
12-06-2012,23.96000
11-06-2012,23.71000
08-06-2012,23.77000
07-06-2012,23.70000
06-06-2012,23.43000
05-06-2012,22.84000
04-06-2012,22.77000
01-06-2012,22.73000
31-05-2012,23.07000
30-05-2012,23.12000
29-05-2012,23.36000
28-05-2012,23.36000
25-05-2012,23.01000
24-05-2012,22.94000
23-05-2012,22.53000
22-05-2012,22.71000
21-05-2012,22.99000
18-05-2012,22.84000
17-05-2012,22.76000
16-05-2012,22.80000
15-05-2012,23.10000
14-05-2012,22.94000
11-05-2012,23.14000
10-05-2012,23.28000
09-05-2012,23.27000
08-05-2012,23.58000
07-05-2012,23.97000
04-05-2012,23.77000
03-05-2012,24.32000
02-05-2012,24.59000
30-04-2012,24.69000
27-04-2012,24.42000
26-04-2012,24.49000
25-04-2012,24.61000
24-04-2012,24.66000
23-04-2012,24.66000
20-04-2012,25.14000
19-04-2012,25.40000
18-04-2012,25.27000
17-04-2012,25.20000
16-04-2012,24.89000
13-04-2012,24.89000
12-04-2012,24.95000
11-04-2012,24.73000
10-04-2012,24.94000
09-04-2012,24.97000
04-04-2012,25.46000
03-04-2012,25.57000
02-04-2012,25.28000
30-03-2012,25.18000
29-03-2012,24.59000
28-03-2012,24.67000
27-03-2012,24.92000
26-03-2012,24.74000
23-03-2012,25.33000
22-03-2012,25.10000
21-03-2012,25.75000
20-03-2012,25.33000
19-03-2012,25.25000
16-03-2012,25.64000
15-03-2012,26.16000
14-03-2012,26.66000
13-03-2012,26.51000
12-03-2012,26.13000
09-03-2012,25.88000
07-03-2012,25.17000
06-03-2012,25.37000
05-03-2012,25.82000
02-03-2012,26.23000
01-03-2012,26.20000
29-02-2012,26.50000
28-02-2012,26.24000
27-02-2012,25.58000
24-02-2012,26.41000
23-02-2012,26.64000
22-02-2012,26.86000
21-02-2012,27.62000
17-02-2012,27.33000
16-02-2012,27.12000
15-02-2012,27.13000
14-02-2012,26.51000
13-02-2012,26.43000
10-02-2012,26.41000
09-02-2012,26.45000
08-02-2012,26.24000
07-02-2012,26.20000
06-02-2012,26.36000
03-02-2012,26.10000
02-02-2012,25.76000
01-02-2012,25.45000
31-01-2012,25.23000
30-01-2012,24.79000
27-01-2012,25.52000
25-01-2012,25.22000
24-01-2012,25.07000
23-01-2012,24.68000
20-01-2012,24.73000
19-01-2012,24.46000
18-01-2012,24.17000
17-01-2012,24.21000
16-01-2012,23.76000
13-01-2012,23.76000
12-01-2012,23.47000
11-01-2012,23.34000
10-01-2012,23.19000
09-01-2012,22.71000
06-01-2012,22.69000
05-01-2012,22.76000
04-01-2012,22.74000
03-01-2012,22.74000
02-01-2012,22.06000
30-12-2011,22.04000
29-12-2011,22.04000
28-12-2011,22.31000
27-12-2011,22.51000
26-12-2011,22.63000
23-12-2011,22.40000
22-12-2011,22.48000
21-12-2011,22.28000
20-12-2011,21.65000
19-12-2011,22.01000
16-12-2011,22.21000
15-12-2011,22.68000
14-12-2011,22.84000
13-12-2011,23.05000
12-12-2011,22.91000
09-12-2011,23.51000
08-12-2011,23.89000
07-12-2011,24.49000
05-12-2011,24.51000
02-12-2011,24.50000
01-12-2011,24.06000
30-11-2011,23.75000
29-11-2011,23.62000
28-11-2011,23.97000
25-11-2011,23.36000
24-11-2011,23.38000
23-11-2011,23.10000
22-11-2011,23.62000
21-11-2011,23.54000
18-11-2011,24.11000
17-11-2011,24.22000
16-11-2011,24.68000
15-11-2011,24.79000
14-11-2011,25.27000
11-11-2011,25.39000
09-11-2011,25.69000
08-11-2011,26.15000
04-11-2011,26.08000
03-11-2011,25.98000
02-11-2011,25.81000
01-11-2011,25.92000
31-10-2011,26.07000
28-10-2011,26.21000
25-10-2011,25.48000
24-10-2011,25.34000
21-10-2011,25.25000
20-10-2011,25.45000
19-10-2011,25.60000
18-10-2011,25.18000
17-10-2011,25.48000
14-10-2011,25.56000
13-10-2011,25.39000
12-10-2011,25.48000
11-10-2011,25.07000
10-10-2011,25.02000
07-10-2011,24.58000
05-10-2011,24.09000
04-10-2011,24.29000
03-10-2011,24.67000
30-09-2011,25.18000
29-09-2011,25.38000
28-09-2011,25.28000
27-09-2011,25.46000
26-09-2011,24.94000
23-09-2011,25.15000
22-09-2011,25.38000
21-09-2011,26.30000
20-09-2011,26.23000
19-09-2011,25.88000
16-09-2011,26.13000
15-09-2011,25.89000
14-09-2011,25.59000
13-09-2011,25.43000
12-09-2011,25.43000
09-09-2011,26.02000
08-09-2011,26.38000
07-09-2011,26.30000
06-09-2011,25.93000
05-09-2011,25.81000
02-09-2011,25.98000
30-08-2011,25.84000
29-08-2011,25.46000
26-08-2011,24.80000
25-08-2011,25.37000
24-08-2011,25.53000
23-08-2011,25.82000
22-08-2011,25.66000
19-08-2011,25.31000
18-08-2011,25.70000
17-08-2011,26.18000
16-08-2011,26.31000
12-08-2011,26.52000
11-08-2011,26.79000
10-08-2011,26.94000
09-08-2011,26.65000
08-08-2011,26.87000
05-08-2011,27.16000
04-08-2011,27.74000
03-08-2011,27.96000
02-08-2011,28.11000
01-08-2011,28.41000
29-07-2011,28.37000
28-07-2011,28.46000
27-07-2011,28.74000
26-07-2011,28.93000
25-07-2011,29.43000
22-07-2011,29.11000
21-07-2011,28.67000
20-07-2011,28.83000
19-07-2011,29.10000
18-07-2011,28.98000
15-07-2011,28.99000
14-07-2011,29.07000
13-07-2011,28.87000
12-07-2011,28.50000
11-07-2011,28.75000
08-07-2011,28.94000
07-07-2011,29.20000
06-07-2011,28.84000
05-07-2011,28.91000
04-07-2011,29.07000
01-07-2011,28.80000
30-06-2011,28.78000
29-06-2011,28.79000
28-06-2011,28.54000
27-06-2011,28.48000
24-06-2011,28.10000
23-06-2011,27.49000
22-06-2011,27.38000
21-06-2011,27.37000
20-06-2011,27.39000
17-06-2011,27.83000
16-06-2011,27.90000
15-06-2011,28.13000
14-06-2011,28.36000
13-06-2011,28.29000
10-06-2011,28.30000
09-06-2011,28.39000
08-06-2011,28.43000
07-06-2011,28.50000
06-06-2011,28.44000
03-06-2011,28.46000
02-06-2011,28.56000
01-06-2011,28.76000
31-05-2011,28.57000
30-05-2011,28.20000
27-05-2011,28.23000
26-05-2011,27.88000
25-05-2011,27.56000
24-05-2011,27.74000
23-05-2011,27.71000
20-05-2011,28.33000
19-05-2011,28.12000
18-05-2011,28.14000
17-05-2011,28.23000
16-05-2011,28.62000
13-05-2011,28.82000
12-05-2011,28.55000
11-05-2011,28.93000
10-05-2011,28.86000
09-05-2011,28.84000
06-05-2011,28.81000
05-05-2011,28.55000
04-05-2011,28.95000
03-05-2011,28.93000
02-05-2011,29.52000
29-04-2011,29.77000
28-04-2011,30.11000
27-04-2011,30.30000
26-04-2011,30.40000
25-04-2011,30.43000
21-04-2011,30.45000
20-04-2011,30.34000
19-04-2011,30.00000
18-04-2011,29.91000
15-04-2011,30.26000
13-04-2011,30.37000
11-04-2011,29.88000
08-04-2011,30.09000
07-04-2011,30.32000
06-04-2011,30.32000
05-04-2011,30.35000
04-04-2011,30.24000
01-04-2011,29.89000
31-03-2011,29.76000
30-03-2011,29.63000
29-03-2011,29.40000
28-03-2011,29.14000
25-03-2011,28.90000
24-03-2011,28.36000
23-03-2011,28.11000
22-03-2011,27.79000
21-03-2011,27.54000
18-03-2011,27.61000
17-03-2011,27.85000
16-03-2011,27.94000
15-03-2011,27.66000
14-03-2011,28.16000
11-03-2011,27.93000
10-03-2011,28.30000
09-03-2011,28.35000
08-03-2011,28.31000
07-03-2011,28.02000
04-03-2011,28.43000
03-03-2011,28.54000
01-03-2011,28.59000
28-02-2011,27.75000
25-02-2011,27.64000
24-02-2011,27.55000
23-02-2011,28.31000
22-02-2011,28.49000
21-02-2011,28.76000
18-02-2011,28.67000
17-02-2011,29.19000
16-02-2011,28.85000
15-02-2011,28.84000
14-02-2011,28.82000
11-02-2011,28.03000
10-02-2011,27.51000
09-02-2011,27.60000
08-02-2011,28.17000
07-02-2011,28.75000
04-02-2011,28.78000
03-02-2011,29.17000
02-02-2011,28.62000
01-02-2011,28.52000
31-01-2011,28.94000
28-01-2011,28.85000
27-01-2011,29.30000
25-01-2011,29.89000
24-01-2011,30.05000
21-01-2011,29.75000
20-01-2011,29.78000
19-01-2011,29.82000
18-01-2011,29.88000
17-01-2011,29.73000
14-01-2011,29.85000
13-01-2011,30.33000
12-01-2011,30.66000
11-01-2011,30.22000
10-01-2011,30.25000
07-01-2011,30.91000
06-01-2011,31.49000
05-01-2011,31.70000
04-01-2011,32.10000
03-01-2011,32.19000
31-12-2010,31.95000
30-12-2010,31.80000
29-12-2010,31.61000
28-12-2010,31.26000
27-12-2010,31.34000
24-12-2010,31.51000
23-12-2010,31.39000
22-12-2010,31.39000
21-12-2010,31.36000
20-12-2010,31.04000
16-12-2010,31.27000
15-12-2010,31.12000
14-12-2010,31.36000
13-12-2010,31.08000
10-12-2010,30.77000
09-12-2010,30.28000
08-12-2010,31.05000
07-12-2010,31.35000
06-12-2010,31.43000
03-12-2010,31.41000
02-12-2010,31.64000
01-12-2010,31.41000
30-11-2010,30.88000
29-11-2010,30.45000
26-11-2010,30.08000
25-11-2010,30.43000
24-11-2010,30.89000
23-11-2010,31.20000
22-11-2010,31.65000
19-11-2010,31.24000
18-11-2010,31.69000
16-11-2010,31.72000
15-11-2010,32.29000
12-11-2010,32.16000
11-11-2010,32.68000
10-11-2010,33.13000
09-11-2010,33.06000
08-11-2010,32.97000
04-11-2010,32.85000
03-11-2010,32.35000
02-11-2010,32.22000
01-11-2010,32.20000
29-10-2010,31.85000
28-10-2010,31.79000
27-10-2010,31.99000
26-10-2010,32.33000
25-10-2010,32.57000
22-10-2010,32.41000
21-10-2010,32.54000
20-10-2010,32.01000
19-10-2010,32.10000
18-10-2010,32.17000
15-10-2010,32.24000
14-10-2010,32.63000
13-10-2010,32.91000
12-10-2010,32.61000
11-10-2010,32.85000
08-10-2010,32.73000
07-10-2010,32.95000
06-10-2010,33.16000
05-10-2010,32.94000
04-10-2010,32.82000
01-10-2010,32.81000
30-09-2010,32.29000
29-09-2010,32.26000
28-09-2010,32.62000
27-09-2010,32.58000
24-09-2010,32.33000
23-09-2010,32.02000
22-09-2010,32.23000
21-09-2010,32.37000
20-09-2010,32.35000
17-09-2010,32.12000
16-09-2010,31.75000
15-09-2010,32.01000
14-09-2010,31.87000
13-09-2010,31.79000
09-09-2010,31.32000
08-09-2010,31.13000
07-09-2010,31.04000
06-09-2010,31.00000
03-09-2010,30.53000
02-09-2010,30.49000
01-09-2010,30.36000
31-08-2010,29.89000
30-08-2010,30.04000
27-08-2010,29.94000
26-08-2010,30.12000
25-08-2010,30.03000
24-08-2010,30.27000
23-08-2010,30.44000
20-08-2010,30.33000
19-08-2010,30.40000
18-08-2010,30.24000
17-08-2010,30.08000
16-08-2010,30.13000
13-08-2010,30.29000
12-08-2010,30.19000
11-08-2010,30.23000
10-08-2010,30.36000
09-08-2010,30.50000
06-08-2010,30.25000
05-08-2010,30.30000
04-08-2010,30.36000
03-08-2010,30.44000
02-08-2010,30.32000
30-07-2010,29.91000
29-07-2010,30.10000
28-07-2010,30.14000
27-07-2010,30.20000
26-07-2010,30.15000
23-07-2010,30.17000
22-07-2010,30.08000
21-07-2010,29.83000
20-07-2010,29.61000
19-07-2010,29.60000
16-07-2010,29.58000
15-07-2010,29.55000
14-07-2010,29.60000
13-07-2010,29.65000
12-07-2010,29.47000
09-07-2010,29.34000
08-07-2010,29.01000
07-07-2010,28.75000
06-07-2010,28.88000
05-07-2010,28.67000
02-07-2010,28.72000
01-07-2010,28.74000
30-06-2010,29.00000
29-06-2010,28.79000
28-06-2010,29.09000
25-06-2010,28.68000
24-06-2010,28.75000
23-06-2010,28.85000
22-06-2010,28.85000
21-06-2010,29.00000
18-06-2010,28.55000
17-06-2010,28.63000
16-06-2010,28.55000
15-06-2010,28.50000
14-06-2010,28.33000
11-06-2010,28.15000
10-06-2010,28.02000
09-06-2010,27.64000
08-06-2010,27.37000
07-06-2010,27.58000
04-06-2010,28.19000
03-06-2010,28.23000
02-06-2010,27.86000
01-06-2010,27.63000
31-05-2010,28.23000
28-05-2010,27.95000
27-05-2010,27.59000
26-05-2010,27.27000
25-05-2010,26.98000
24-05-2010,27.66000
21-05-2010,27.57000
20-05-2010,27.77000
19-05-2010,27.55000
18-05-2010,28.27000
17-05-2010,28.20000
14-05-2010,28.46000
13-05-2010,28.89000
12-05-2010,28.79000
11-05-2010,28.87000
10-05-2010,29.16000
07-05-2010,28.37000
06-05-2010,28.68000
05-05-2010,28.90000
04-05-2010,29.01000
03-05-2010,29.36000
30-04-2010,29.62000
29-04-2010,29.49000
28-04-2010,29.20000
27-04-2010,29.73000
26-04-2010,29.78000
23-04-2010,29.55000
22-04-2010,29.48000
21-04-2010,29.38000
20-04-2010,29.25000
19-04-2010,29.08000
16-04-2010,29.38000
15-04-2010,29.49000
13-04-2010,29.68000
12-04-2010,29.83000
09-04-2010,29.99000
08-04-2010,29.72000
07-04-2010,30.06000
06-04-2010,29.95000
05-04-2010,29.86000
01-04-2010,29.35000
31-03-2010,29.28000
30-03-2010,29.24000
29-03-2010,29.15000
26-03-2010,29.01000
25-03-2010,28.86000
23-03-2010,28.79000
22-03-2010,28.66000
19-03-2010,28.87000
18-03-2010,28.71000
17-03-2010,28.65000
16-03-2010,28.60000
15-03-2010,28.38000
12-03-2010,28.44000
11-03-2010,28.38000
10-03-2010,28.28000
09-03-2010,28.26000
08-03-2010,28.39000
05-03-2010,28.33000
04-03-2010,28.24000
03-03-2010,28.22000
02-03-2010,27.84000
26-02-2010,27.32000
25-02-2010,27.04000
24-02-2010,27.13000
23-02-2010,27.17000
22-02-2010,27.16000
19-02-2010,27.19000
18-02-2010,27.45000
17-02-2010,27.57000
16-02-2010,27.20000
15-02-2010,27.13000
11-02-2010,27.50000
10-02-2010,27.20000
09-02-2010,27.35000
08-02-2010,27.25000
05-02-2010,26.95000
04-02-2010,27.53000
03-02-2010,27.92000
02-02-2010,27.47000
01-02-2010,27.75000
29-01-2010,27.61000
28-01-2010,27.49000
27-01-2010,27.60000
25-01-2010,28.34000
22-01-2010,28.44000
21-01-2010,28.67000
20-01-2010,29.36000
19-01-2010,29.35000
18-01-2010,29.52000
15-01-2010,29.49000
14-01-2010,29.48000
13-01-2010,29.28000
12-01-2010,29.29000
11-01-2010,29.60000
08-01-2010,29.55000
07-01-2010,29.61000
06-01-2010,29.55000
05-01-2010,29.40000
04-01-2010,29.13000
31-12-2009,29.05000
30-12-2009,28.85000
29-12-2009,28.84000
24-12-2009,28.69000
23-12-2009,28.58000
22-12-2009,27.83000
21-12-2009,27.53000
18-12-2009,27.59000
17-12-2009,27.85000
16-12-2009,27.81000
15-12-2009,27.80000
14-12-2009,28.17000
11-12-2009,28.29000
10-12-2009,28.42000
09-12-2009,28.17000
08-12-2009,28.38000
07-12-2009,27.98000
04-12-2009,28.18000
03-12-2009,28.32000
02-12-2009,28.25000
01-12-2009,28.23000
30-11-2009,27.80000
27-11-2009,27.18000
26-11-2009,27.50000
25-11-2009,27.92000
24-11-2009,27.85000
23-11-2009,27.85000
20-11-2009,27.64000
19-11-2009,27.47000
18-11-2009,27.72000
17-11-2009,27.74000
16-11-2009,27.79000
13-11-2009,27.54000
12-11-2009,27.32000
11-11-2009,27.58000
10-11-2009,27.09000
09-11-2009,27.24000
06-11-2009,26.92000
05-11-2009,26.70000
04-11-2009,26.34000
03-11-2009,25.76000
30-10-2009,26.34000
29-10-2009,26.57000
28-10-2009,26.86000
27-10-2009,26.95000
26-10-2009,27.50000
23-10-2009,27.70000
22-10-2009,27.77000
21-10-2009,28.04000
20-10-2009,28.29000
16-10-2009,28.34000
15-10-2009,28.19000
14-10-2009,28.22000
12-10-2009,27.86000
09-10-2009,27.51000
08-10-2009,27.60000
07-10-2009,27.54000
06-10-2009,27.47000
05-10-2009,27.57000
01-10-2009,28.08000
30-09-2009,28.01000
29-09-2009,27.72000
25-09-2009,27.56000
24-09-2009,27.51000
23-09-2009,27.43000
22-09-2009,27.55000
18-09-2009,27.51000
17-09-2009,27.38000
16-09-2009,27.34000
15-09-2009,27.19000
14-09-2009,26.97000
11-09-2009,26.97000
10-09-2009,26.90000
09-09-2009,26.87000
08-09-2009,26.77000
07-09-2009,26.56000
04-09-2009,26.22000
03-09-2009,25.93000
02-09-2009,26.12000
01-09-2009,26.36000
31-08-2009,26.64000
28-08-2009,26.79000
27-08-2009,26.49000
26-08-2009,26.36000
25-08-2009,26.27000
24-08-2009,26.16000
21-08-2009,25.81000
20-08-2009,25.48000
19-08-2009,25.32000
18-08-2009,25.56000
17-08-2009,25.30000
14-08-2009,25.90000
13-08-2009,25.89000
12-08-2009,25.40000
11-08-2009,25.24000
10-08-2009,25.13000
07-08-2009,25.41000
06-08-2009,25.81000
05-08-2009,26.11000
04-08-2009,26.01000
03-08-2009,26.02000
31-07-2009,25.66000
30-07-2009,25.51000
29-07-2009,25.46000
28-07-2009,25.53000
27-07-2009,25.31000
24-07-2009,25.28000
23-07-2009,25.09000
22-07-2009,24.67000
21-07-2009,24.83000
20-07-2009,24.97000
17-07-2009,24.44000
16-07-2009,23.93000
15-07-2009,23.80000
14-07-2009,23.26000
13-07-2009,22.73000
10-07-2009,22.98000
09-07-2009,23.38000
08-07-2009,23.31000
07-07-2009,23.73000
06-07-2009,23.65000
03-07-2009,24.70000
02-07-2009,24.42000
01-07-2009,24.39000
30-06-2009,24.20000
29-06-2009,24.55000
26-06-2009,24.34000
25-06-2009,23.84000
24-06-2009,24.00000
23-06-2009,23.81000
22-06-2009,23.72000
19-06-2009,24.09000
18-06-2009,23.87000
17-06-2009,24.29000
16-06-2009,24.86000
15-06-2009,24.72000
12-06-2009,25.22000
11-06-2009,25.26000
10-06-2009,25.28000
09-06-2009,24.83000
08-06-2009,24.42000
05-06-2009,24.86000
04-06-2009,24.82000
03-06-2009,24.63000
02-06-2009,24.61000
01-06-2009,24.70000
29-05-2009,24.57000
28-05-2009,24.24000
27-05-2009,24.07000
26-05-2009,23.72000
25-05-2009,24.10000
22-05-2009,24.04000
21-05-2009,23.85000
20-05-2009,23.95000
19-05-2009,23.79000
15-05-2009,21.27000
14-05-2009,20.89000
13-05-2009,20.98000
12-05-2009,21.07000
11-05-2009,20.56000
08-05-2009,20.85000
07-05-2009,21.06000
06-05-2009,20.70000
05-05-2009,20.85000
04-05-2009,20.75000
29-04-2009,20.05000
28-04-2009,19.63000
27-04-2009,20.06000
24-04-2009,20.05000
23-04-2009,19.72000
22-04-2009,19.47000
21-04-2009,19.51000
20-04-2009,19.52000
17-04-2009,19.40000
16-04-2009,19.21000
15-04-2009,19.61000
13-04-2009,19.22000
09-04-2009,18.88000
08-04-2009,18.69000
06-04-2009,18.50000
02-04-2009,18.27000
01-04-2009,17.69000
31-03-2009,17.48000
30-03-2009,17.19000
27-03-2009,17.74000
26-03-2009,17.56000
25-03-2009,17.29000
24-03-2009,17.05000
23-03-2009,16.99000
20-03-2009,16.45000
19-03-2009,16.45000
18-03-2009,16.33000
17-03-2009,16.08000
16-03-2009,16.19000
13-03-2009,15.86000
12-03-2009,15.29000
09-03-2009,15.10000
06-03-2009,15.37000
05-03-2009,15.21000
04-03-2009,15.55000
03-03-2009,15.51000
02-03-2009,15.74000
27-02-2009,16.19000
26-02-2009,16.24000
25-02-2009,16.20000
24-02-2009,16.10000
20-02-2009,16.18000
19-02-2009,16.46000
18-02-2009,16.40000
17-02-2009,16.42000
16-02-2009,16.81000
13-02-2009,17.28000
12-02-2009,17.05000
11-02-2009,17.20000
10-02-2009,17.24000
09-02-2009,17.16000
06-02-2009,16.74000
05-02-2009,16.40000
04-02-2009,16.51000
03-02-2009,16.43000
02-02-2009,16.33000
30-01-2009,16.80000
29-01-2009,16.49000
28-01-2009,16.52000
27-01-2009,16.13000
23-01-2009,15.52000
22-01-2009,15.82000
21-01-2009,15.75000
20-01-2009,16.37000
19-01-2009,16.72000
16-01-2009,16.66000
15-01-2009,16.21000
14-01-2009,16.72000
13-01-2009,16.28000
12-01-2009,16.45000
09-01-2009,16.98000
07-01-2009,17.36000
06-01-2009,18.44000
05-01-2009,18.37000
02-01-2009,17.80000
01-01-2009,17.64000
31-12-2008,17.26000
30-12-2008,17.36000
29-12-2008,17.04000
26-12-2008,16.65000
24-12-2008,16.99000
23-12-2008,17.14000
22-12-2008,17.57000
19-12-2008,17.84000
18-12-2008,17.76000
17-12-2008,17.16000
16-12-2008,17.59000
15-12-2008,17.29000
12-12-2008,16.95000
11-12-2008,16.80000
10-12-2008,16.63000
08-12-2008,15.78000
05-12-2008,15.39000
04-12-2008,15.76000
03-12-2008,14.89000
02-12-2008,14.68000
01-12-2008,14.80000
28-11-2008,15.13000
26-11-2008,15.14000
25-11-2008,14.62000
24-11-2008,14.98000
21-11-2008,14.98000
20-11-2008,14.33000
19-11-2008,14.84000
18-11-2008,15.12000
17-11-2008,15.73000
14-11-2008,15.89000
12-11-2008,16.06000
11-11-2008,16.59000
10-11-2008,17.72000
07-11-2008,16.70000
06-11-2008,16.37000
05-11-2008,16.95000
04-11-2008,17.72000
03-11-2008,17.10000
31-10-2008,16.23000
29-10-2008,15.13000
27-10-2008,14.11000
24-10-2008,14.45000
23-10-2008,16.13000
22-10-2008,16.81000
21-10-2008,17.68000
20-10-2008,17.05000
17-10-2008,16.93000
16-10-2008,17.82000
15-10-2008,18.27000
14-10-2008,19.39000
13-10-2008,19.13000
10-10-2008,17.99000
08-10-2008,19.44000
07-10-2008,20.07000
06-10-2008,20.25000
03-10-2008,21.54000
01-10-2008,22.39000
30-09-2008,22.17000
29-09-2008,21.79000
26-09-2008,22.66000
25-09-2008,23.36000
24-09-2008,23.61000
23-09-2008,23.31000
22-09-2008,23.80000
19-09-2008,23.88000
18-09-2008,22.83000
17-09-2008,22.67000
16-09-2008,23.09000
15-09-2008,23.19000
12-09-2008,23.93000
11-09-2008,24.25000
10-09-2008,24.74000
09-09-2008,25.12000
08-09-2008,25.21000
05-09-2008,24.65000
04-09-2008,25.17000
02-09-2008,25.31000
01-09-2008,24.68000
29-08-2008,24.79000
28-08-2008,24.11000
27-08-2008,24.52000
26-08-2008,24.76000
25-08-2008,24.78000
22-08-2008,24.78000
21-08-2008,24.59000
20-08-2008,25.13000
19-08-2008,24.84000
18-08-2008,24.92000
14-08-2008,25.15000
13-08-2008,25.64000
12-08-2008,25.85000
11-08-2008,26.21000
08-08-2008,25.75000
07-08-2008,25.66000
06-08-2008,25.67000
05-08-2008,25.50000
04-08-2008,24.99000
01-08-2008,25.01000
31-07-2008,24.53000
30-07-2008,24.43000
29-07-2008,23.70000
28-07-2008,24.38000
25-07-2008,24.23000
24-07-2008,24.82000
23-07-2008,25.09000
22-07-2008,23.78000
21-07-2008,23.33000
18-07-2008,23.21000
17-07-2008,22.35000
16-07-2008,21.67000
15-07-2008,21.83000
14-07-2008,22.72000
11-07-2008,22.76000
10-07-2008,23.36000
09-07-2008,23.31000
08-07-2008,22.33000
07-07-2008,22.53000
04-07-2008,22.43000
03-07-2008,21.74000
02-07-2008,22.64000
01-07-2008,21.49000
30-06-2008,22.27000
27-06-2008,22.90000
26-06-2008,23.74000
25-06-2008,23.46000
24-06-2008,23.23000
23-06-2008,23.64000
20-06-2008,24.34000
19-06-2008,25.12000
18-06-2008,25.69000
17-06-2008,26.05000
16-06-2008,25.61000
13-06-2008,25.30000
12-06-2008,25.37000
11-06-2008,25.23000
10-06-2008,24.65000
09-06-2008,24.92000
06-06-2008,25.71000
05-06-2008,25.94000
04-06-2008,25.58000
03-06-2008,26.30000
02-06-2008,26.52000
30-05-2008,27.14000
29-05-2008,26.97000
28-05-2008,27.21000
27-05-2008,27.13000
26-05-2008,27.31000
23-05-2008,27.99000
22-05-2008,28.32000
21-05-2008,28.75000
20-05-2008,28.64000
16-05-2008,28.83000
15-05-2008,28.57000
14-05-2008,27.94000
13-05-2008,27.73000
12-05-2008,27.95000
09-05-2008,27.93000
08-05-2008,28.52000
07-05-2008,28.81000
06-05-2008,29.06000
05-05-2008,29.49000
02-05-2008,29.49000
30-04-2008,29.13000
29-04-2008,29.20000
28-04-2008,28.92000
25-04-2008,28.99000
24-04-2008,28.43000
23-04-2008,28.45000
22-04-2008,28.67000
21-04-2008,28.24000
17-04-2008,27.66000
16-04-2008,27.34000
15-04-2008,27.29000
11-04-2008,26.89000
10-04-2008,26.54000
09-04-2008,26.61000
08-04-2008,26.26000
07-04-2008,26.59000
04-04-2008,26.01000
03-04-2008,26.75000
02-04-2008,26.81000
01-04-2008,26.75000
31-03-2008,26.92000
28-03-2008,28.02000
27-03-2008,26.97000
26-03-2008,27.00000
25-03-2008,27.14000
24-03-2008,25.66000
19-03-2008,25.62000
18-03-2008,25.46000
17-03-2008,25.40000
14-03-2008,27.08000
13-03-2008,26.46000
12-03-2008,28.00000
11-03-2008,27.95000
10-03-2008,27.14000
07-03-2008,27.04000
05-03-2008,28.06000
04-03-2008,27.97000
03-03-2008,28.61000
29-02-2008,29.95000
28-02-2008,30.56000
27-02-2008,30.49000
26-02-2008,30.37000
25-02-2008,29.84000
22-02-2008,29.36000
21-02-2008,29.75000
20-02-2008,29.61000
19-02-2008,30.30000
18-02-2008,30.24000
15-02-2008,30.15000
14-02-2008,29.67000
13-02-2008,28.03000
12-02-2008,27.48000
11-02-2008,27.54000
08-02-2008,29.20000
07-02-2008,29.67000
06-02-2008,30.71000
05-02-2008,31.49000
04-02-2008,31.12000
01-02-2008,30.43000
31-01-2008,29.70000
30-01-2008,30.00000
29-01-2008,30.66000
28-01-2008,30.58000
25-01-2008,30.99000
24-01-2008,28.86000
23-01-2008,30.03000
22-01-2008,28.27000
21-01-2008,29.99000
18-01-2008,33.27000
17-01-2008,34.71000
16-01-2008,34.63000
15-01-2008,35.29000
14-01-2008,35.85000
11-01-2008,35.52000
10-01-2008,35.36000
09-01-2008,36.10000
08-01-2008,36.12000
07-01-2008,36.49000
04-01-2008,36.61000
03-01-2008,36.09000
02-01-2008,35.95000
01-01-2008,35.74000
31-12-2007,35.69000
28-12-2007,35.02000
27-12-2007,34.63000
26-12-2007,34.65000
24-12-2007,34.05000
20-12-2007,33.14000
19-12-2007,33.11000
18-12-2007,33.04000
17-12-2007,33.33000
14-12-2007,34.68000
13-12-2007,34.65000
12-12-2007,35.00000
11-12-2007,34.56000
10-12-2007,34.01000
07-12-2007,34.01000
06-12-2007,34.01000
05-12-2007,34.02000
04-12-2007,33.54000
03-12-2007,33.22000
30-11-2007,32.62000
29-11-2007,31.75000
28-11-2007,31.85000
27-11-2007,32.14000
26-11-2007,32.45000
23-11-2007,31.43000
22-11-2007,30.52000
21-11-2007,30.84000
20-11-2007,32.16000
19-11-2007,32.84000
16-11-2007,32.50000
15-11-2007,32.45000
14-11-2007,32.52000
13-11-2007,31.51000
12-11-2007,30.69000
08-11-2007,31.01000
07-11-2007,31.58000
06-11-2007,31.72000
05-11-2007,31.92000
02-11-2007,31.93000
01-11-2007,31.46000
31-10-2007,31.58000
30-10-2007,30.84000
29-10-2007,30.87000
26-10-2007,29.90000
25-10-2007,28.98000
24-10-2007,28.67000
23-10-2007,28.52000
22-10-2007,26.97000
19-10-2007,26.90000
18-10-2007,27.83000
17-10-2007,29.05000
16-10-2007,29.89000
15-10-2007,29.17000
12-10-2007,28.21000
11-10-2007,28.53000
10-10-2007,28.18000
09-10-2007,27.38000
08-10-2007,26.36000
05-10-2007,26.99000
04-10-2007,27.12000
03-10-2007,26.85000
01-10-2007,26.18000
28-09-2007,25.78000
27-09-2007,25.70000
26-09-2007,25.56000
25-09-2007,25.62000
24-09-2007,25.64000
21-09-2007,25.07000
20-09-2007,24.74000
19-09-2007,24.58000
18-09-2007,24.01000
17-09-2007,23.69000
14-09-2007,23.71000
13-09-2007,23.81000
12-09-2007,23.50000
11-09-2007,23.42000
10-09-2007,23.37000
07-09-2007,23.21000
06-09-2007,23.26000
05-09-2007,23.04000
04-09-2007,22.98000
03-09-2007,22.83000
31-08-2007,22.67000
30-08-2007,22.35000
29-08-2007,22.15000
28-08-2007,21.91000
27-08-2007,21.85000
24-08-2007,21.32000
23-08-2007,21.00000
22-08-2007,21.11000
21-08-2007,20.85000
20-08-2007,21.55000
17-08-2007,21.09000
16-08-2007,21.34000
14-08-2007,22.20000
13-08-2007,22.18000
10-08-2007,21.89000
09-08-2007,22.22000
08-08-2007,22.56000
07-08-2007,22.13000
06-08-2007,21.99000
03-08-2007,22.25000
02-08-2007,22.07000
01-08-2007,21.97000
31-07-2007,22.82000
30-07-2007,22.40000
27-07-2007,22.27000
26-07-2007,22.99000
25-07-2007,22.94000
24-07-2007,23.15000
23-07-2007,23.12000
20-07-2007,22.83000
19-07-2007,22.81000
18-07-2007,22.42000
17-07-2007,22.47000
16-07-2007,22.59000
13-07-2007,22.44000
12-07-2007,22.24000
11-07-2007,21.84000
10-07-2007,21.71000
09-07-2007,21.80000
06-07-2007,21.61000
05-07-2007,21.55000
04-07-2007,21.59000
03-07-2007,21.49000
02-07-2007,21.25000
29-06-2007,21.26000
28-06-2007,21.03000
27-06-2007,20.93000
26-06-2007,21.08000
25-06-2007,20.94000
22-06-2007,20.83000
21-06-2007,20.84000
20-06-2007,20.71000
19-06-2007,20.50000
18-06-2007,20.19000
15-06-2007,20.29000
14-06-2007,20.24000
13-06-2007,19.92000
12-06-2007,20.00000
11-06-2007,19.98000
08-06-2007,20.03000
07-06-2007,20.26000
06-06-2007,20.40000
05-06-2007,20.76000
04-06-2007,20.73000
01-06-2007,20.69000
31-05-2007,20.56000
30-05-2007,20.46000
29-05-2007,20.58000
28-05-2007,20.46000
25-05-2007,20.34000
24-05-2007,20.28000
23-05-2007,20.40000
22-05-2007,20.50000
21-05-2007,20.55000
18-05-2007,20.34000
17-05-2007,20.34000
16-05-2007,20.12000
15-05-2007,19.82000
14-05-2007,19.80000
11-05-2007,19.49000
10-05-2007,19.35000
09-05-2007,19.28000
08-05-2007,19.24000
07-05-2007,19.34000
04-05-2007,19.34000
03-05-2007,19.48000
30-04-2007,19.19000
27-04-2007,19.06000
26-04-2007,19.35000
25-04-2007,19.37000
24-04-2007,19.22000
23-04-2007,19.02000
20-04-2007,18.92000
19-04-2007,18.56000
18-04-2007,18.63000
17-04-2007,18.53000
16-04-2007,18.54000
13-04-2007,18.27000
12-04-2007,17.89000
11-04-2007,18.05000
10-04-2007,17.85000
09-04-2007,17.74000
05-04-2007,17.39000
04-04-2007,17.22000
03-04-2007,17.09000
02-04-2007,16.92000
30-03-2007,17.65000
29-03-2007,17.48000
28-03-2007,17.43000
26-03-2007,17.63000
23-03-2007,17.73000
22-03-2007,17.76000
21-03-2007,17.36000
20-03-2007,17.06000
19-03-2007,16.94000
16-03-2007,16.68000
15-03-2007,16.83000
14-03-2007,16.80000
13-03-2007,17.25000
12-03-2007,17.05000
09-03-2007,16.95000
08-03-2007,17.05000
07-03-2007,16.43000
06-03-2007,16.70000
05-03-2007,16.52000
02-03-2007,17.21000
01-03-2007,17.47000
28-02-2007,17.45000
27-02-2007,18.08000
26-02-2007,18.07000
23-02-2007,17.98000
22-02-2007,18.40000
21-02-2007,18.62000
20-02-2007,18.68000
19-02-2007,18.85000
15-02-2007,18.76000
14-02-2007,18.35000
13-02-2007,18.40000
12-02-2007,18.53000
09-02-2007,19.10000
08-02-2007,19.36000
07-02-2007,19.45000
06-02-2007,19.39000
05-02-2007,19.51000
02-02-2007,19.49000
01-02-2007,19.37000
31-01-2007,19.19000
29-01-2007,19.45000
25-01-2007,19.34000
24-01-2007,19.11000
23-01-2007,19.00000
22-01-2007,19.19000
19-01-2007,19.16000
18-01-2007,19.25000
17-01-2007,19.15000
16-01-2007,19.17000
15-01-2007,19.08000
12-01-2007,18.81000
11-01-2007,18.46000
10-01-2007,18.28000
09-01-2007,18.50000
08-01-2007,18.58000
05-01-2007,18.77000
04-01-2007,18.69000
03-01-2007,18.74000
02-01-2007,18.63000
29-12-2006,18.50000
28-12-2006,18.42000
27-12-2006,18.41000
26-12-2006,18.28000
22-12-2006,18.01000
21-12-2006,17.81000
20-12-2006,17.81000
19-12-2006,17.90000
18-12-2006,18.22000
15-12-2006,18.15000
14-12-2006,17.99000
13-12-2006,17.57000
12-12-2006,17.19000
11-12-2006,17.95000
08-12-2006,18.42000
07-12-2006,18.56000
06-12-2006,18.57000
05-12-2006,18.59000
04-12-2006,18.51000
01-12-2006,18.42000
30-11-2006,18.20000
29-11-2006,18.21000
28-11-2006,18.10000
27-11-2006,18.17000
24-11-2006,18.09000
23-11-2006,18.00000
22-11-2006,17.99000
21-11-2006,17.79000
20-11-2006,17.47000
17-11-2006,17.74000
16-11-2006,18.01000
15-11-2006,18.07000
14-11-2006,17.95000
13-11-2006,17.94000
10-11-2006,17.66000
09-11-2006,17.54000
08-11-2006,17.57000
07-11-2006,17.74000
06-11-2006,17.70000
03-11-2006,17.56000
02-11-2006,17.49000
01-11-2006,17.19000
31-10-2006,17.04000
30-10-2006,17.00000
27-10-2006,16.93000
26-10-2006,16.72000
23-10-2006,16.59000
20-10-2006,16.51000
19-10-2006,16.43000
18-10-2006,16.56000
17-10-2006,16.54000
16-10-2006,16.62000
13-10-2006,16.62000
12-10-2006,16.50000
11-10-2006,16.31000
10-10-2006,16.52000
09-10-2006,16.55000
06-10-2006,16.45000
05-10-2006,16.29000
04-10-2006,16.04000
03-10-2006,16.20000
29-09-2006,16.19000
28-09-2006,15.97000
27-09-2006,15.97000
26-09-2006,15.89000
25-09-2006,15.75000
22-09-2006,15.76000
21-09-2006,15.81000
20-09-2006,15.59000
19-09-2006,15.55000
18-09-2006,15.80000
15-09-2006,15.78000
14-09-2006,15.68000
13-09-2006,15.61000
12-09-2006,15.32000
11-09-2006,15.12000
08-09-2006,15.55000
07-09-2006,15.40000
06-09-2006,15.40000
05-09-2006,15.29000
04-09-2006,15.19000
01-09-2006,14.93000
31-08-2006,14.86000
30-08-2006,14.97000
29-08-2006,14.97000
28-08-2006,14.94000
25-08-2006,14.87000
24-08-2006,14.74000
23-08-2006,14.61000
22-08-2006,14.75000
21-08-2006,14.74000
18-08-2006,14.60000
17-08-2006,14.58000
16-08-2006,14.70000
14-08-2006,14.45000
11-08-2006,14.22000
10-08-2006,14.05000
09-08-2006,13.83000
08-08-2006,13.64000
07-08-2006,13.41000
04-08-2006,13.43000
03-08-2006,13.58000
02-08-2006,13.51000
01-08-2006,13.34000
31-07-2006,13.40000
28-07-2006,13.22000
27-07-2006,13.10000
26-07-2006,12.95000
25-07-2006,12.68000
24-07-2006,12.37000
21-07-2006,12.29000
20-07-2006,12.55000
19-07-2006,12.24000
18-07-2006,12.54000
17-07-2006,12.71000
14-07-2006,13.10000
13-07-2006,13.23000
12-07-2006,13.32000
11-07-2006,13.16000
10-07-2006,13.14000
07-07-2006,12.92000
06-07-2006,13.09000
05-07-2006,13.18000
04-07-2006,12.96000
03-07-2006,12.98000
30-06-2006,12.94000
29-06-2006,12.46000
28-06-2006,12.39000
27-06-2006,12.50000
26-06-2006,12.54000
23-06-2006,13.03000
22-06-2006,12.96000
21-06-2006,12.62000
20-06-2006,12.32000
19-06-2006,12.38000
16-06-2006,12.20000
15-06-2006,11.78000
14-06-2006,11.09000
13-06-2006,11.32000
12-06-2006,11.89000
09-06-2006,12.26000
08-06-2006,11.58000
07-06-2006,12.41000
06-06-2006,13.07000
05-06-2006,13.48000
02-06-2006,13.71000
01-06-2006,13.54000
31-05-2006,13.96000
30-05-2006,14.43000
29-05-2006,14.45000
26-05-2006,14.30000
25-05-2006,13.97000
24-05-2006,14.01000
23-05-2006,14.24000
22-05-2006,13.68000
19-05-2006,14.44000
18-05-2006,15.05000
17-05-2006,16.32000
16-05-2006,15.86000
15-05-2006,15.83000
12-05-2006,16.68000
11-05-2006,16.95000
10-05-2006,17.07000
09-05-2006,16.93000
08-05-2006,16.86000
05-05-2006,16.67000
04-05-2006,16.69000
03-05-2006,16.81000
02-05-2006,16.84000
28-04-2006,16.16000
27-04-2006,16.21000
26-04-2006,16.09000
25-04-2006,15.79000
24-04-2006,16.02000
21-04-2006,16.01000
20-04-2006,16.02000
19-04-2006,15.76000
18-04-2006,15.51000
17-04-2006,15.36000
13-04-2006,15.03000
12-04-2006,15.39000
10-04-2006,15.71000
07-04-2006,15.57000
05-04-2006,15.62000
04-04-2006,15.27000
03-04-2006,15.21000
02-04-2006,15.21000
