date,nav
29-09-2026,105.15810
28-09-2026,105.51790
25-09-2026,107.40390
24-09-2026,107.16670
23-09-2026,108.74100
22-09-2026,107.89530
21-09-2026,107.66740
18-09-2026,107.49780
17-09-2026,106.02380
16-09-2026,105.67290
15-09-2026,105.41680
11-09-2026,107.77700
10-09-2026,107.87730
09-09-2026,108.07550
08-09-2026,108.53470
07-09-2026,108.49430
04-09-2026,108.78100
03-09-2026,108.69330
02-09-2026,108.56700
01-09-2026,109.09090
31-08-2026,110.15760
28-08-2026,110.06130
27-08-2026,109.73020
26-08-2026,109.93360
25-08-2026,110.19970
24-08-2026,109.61470
21-08-2026,109.61990
20-08-2026,109.17750
19-08-2026,108.50790
18-08-2026,108.85860
17-08-2026,109.20650
14-08-2026,109.47100
13-08-2026,109.73880
12-08-2026,109.92920
11-08-2026,109.65280
10-08-2026,109.84480
07-08-2026,109.84190
06-08-2026,109.70230
05-08-2026,109.41310
04-08-2026,109.25810
03-08-2026,109.75880
31-07-2026,107.98020
30-07-2026,107.64900
29-07-2026,107.45890
28-07-2026,106.66410
27-07-2026,106.64880
24-07-2026,105.72290
23-07-2026,105.86080
22-07-2026,106.55860
21-07-2026,107.82340
20-07-2026,107.75390
17-07-2026,107.83340
16-07-2026,107.58310
15-07-2026,107.97590
14-07-2026,107.45330
13-07-2026,107.82870
10-07-2026,107.69820
09-07-2026,106.54480
08-07-2026,105.80390
07-07-2026,107.73850
06-07-2026,107.98100
03-07-2026,107.64840
02-07-2026,107.68460
01-07-2026,107.06300
30-06-2026,106.71640
29-06-2026,106.65040
25-06-2026,106.93650
24-06-2026,107.23860
23-06-2026,106.64080
22-06-2026,107.59540
19-06-2026,107.10740
18-06-2026,107.04510
17-06-2026,106.61120
16-06-2026,106.16170
15-06-2026,106.02400
12-06-2026,104.80430
11-06-2026,102.73490
10-06-2026,103.31480
09-06-2026,103.82830
08-06-2026,103.19270
05-06-2026,104.37830
04-06-2026,104.43170
03-06-2026,104.16770
02-06-2026,104.38260
01-06-2026,104.58990
31-05-2026,105.38680
29-05-2026,105.39540
27-05-2026,106.57650
26-05-2026,106.17350
25-05-2026,106.20730
22-05-2026,105.13960
21-05-2026,104.87680
20-05-2026,104.75600
19-05-2026,104.44720
18-05-2026,104.25060
15-05-2026,105.10280
14-05-2026,105.30490
13-05-2026,104.24310
12-05-2026,104.03330
11-05-2026,105.65110
08-05-2026,106.95220
07-05-2026,107.71130
06-05-2026,107.13180
05-05-2026,105.60020
04-05-2026,105.89530
30-04-2026,105.22760
29-04-2026,106.07090
28-04-2026,106.00130
27-04-2026,106.50870
24-04-2026,105.72440
23-04-2026,106.57470
22-04-2026,107.63670
21-04-2026,108.00190
20-04-2026,107.45870
17-04-2026,107.34810
16-04-2026,106.69690
15-04-2026,106.55700
13-04-2026,104.71780
10-04-2026,105.22290
09-04-2026,103.75480
08-04-2026,104.19950
07-04-2026,100.42880
06-04-2026,100.10070
02-04-2026,98.86970
01-04-2026,98.89310
31-03-2026,97.18870
30-03-2026,97.16210
27-03-2026,99.23470
25-03-2026,101.26510
24-03-2026,99.50330
23-03-2026,97.99550
20-03-2026,100.82140
19-03-2026,100.40000
18-03-2026,103.61300
17-03-2026,102.76350
16-03-2026,101.76120
13-03-2026,101.09330
12-03-2026,103.42020
11-03-2026,104.24990
10-03-2026,105.89640
09-03-2026,104.48200
06-03-2026,106.42770
05-03-2026,107.61280
04-03-2026,106.41180
02-03-2026,108.61280
28-02-2026,109.90550
27-02-2026,109.90960
26-02-2026,111.35560
25-02-2026,111.33890
24-02-2026,110.68570
23-02-2026,111.50100
20-02-2026,110.80030
19-02-2026,110.29660
18-02-2026,111.60080
17-02-2026,111.19170
16-02-2026,110.98430
13-02-2026,110.47380
12-02-2026,111.79120
11-02-2026,111.86510
10-02-2026,111.88750
09-02-2026,111.49920
06-02-2026,110.47090
05-02-2026,110.38600
04-02-2026,110.94560
03-02-2026,110.65830
02-02-2026,108.24670
31-01-2026,109.59050
29-01-2026,110.13100
28-01-2026,109.55960
27-01-2026,108.86940
23-01-2026,108.42070
22-01-2026,109.46620
21-01-2026,108.88370
20-01-2026,109.16050
19-01-2026,110.93400
16-01-2026,111.06450
14-01-2026,110.94850
13-01-2026,111.18990
12-01-2026,111.48730
09-01-2026,111.35800
08-01-2026,112.22460
07-01-2026,113.57960
06-01-2026,113.84560
05-01-2026,113.95400
02-01-2026,114.13120
01-01-2026,113.44680
31-12-2025,113.04850
30-12-2025,112.30830
29-12-2025,112.24020
26-12-2025,112.65680
24-12-2025,113.22150
23-12-2025,113.23560
22-12-2025,113.10800
19-12-2025,112.41420
18-12-2025,111.60870
17-12-2025,111.63200
16-12-2025,111.96980
15-12-2025,112.86800
12-12-2025,112.73400
11-12-2025,111.87440
10-12-2025,111.24050
09-12-2025,111.61180
08-12-2025,111.89560
05-12-2025,113.01140
04-12-2025,112.35330
03-12-2025,112.38860
02-12-2025,112.68330
01-12-2025,113.12940
30-11-2025,113.10960
28-11-2025,113.11830
27-11-2025,113.26100
26-11-2025,113.01660
25-11-2025,111.59740
24-11-2025,111.78020
21-11-2025,112.08500
20-11-2025,112.81480
19-11-2025,112.36110
18-11-2025,112.14850
17-11-2025,112.77660
14-11-2025,112.39300
13-11-2025,112.28870
12-11-2025,112.00250
11-11-2025,111.58280
10-11-2025,111.36100
07-11-2025,110.77380
06-11-2025,110.57780
04-11-2025,111.38300
03-11-2025,111.95100
31-10-2025,111.90920
30-10-2025,112.62760
29-10-2025,113.21370
28-10-2025,112.86720
27-10-2025,112.66340
24-10-2025,112.02150
23-10-2025,112.22600
20-10-2025,112.12880
17-10-2025,111.74100
16-10-2025,111.46790
15-10-2025,110.65350
14-10-2025,110.00860
13-10-2025,110.40490
10-10-2025,110.50340
09-10-2025,110.32340
08-10-2025,109.84590
07-10-2025,110.20880
06-10-2025,110.07760
03-10-2025,109.51930
01-10-2025,109.04180
30-09-2025,108.22790
26-09-2025,108.27980
25-09-2025,109.32990
24-09-2025,110.09070
23-09-2025,110.27010
22-09-2025,110.11040
19-09-2025,110.30890
18-09-2025,110.69420
17-09-2025,110.41690
16-09-2025,110.39210
15-09-2025,109.54870
12-09-2025,109.52970
11-09-2025,108.93600
10-09-2025,108.92580
09-09-2025,108.92240
08-09-2025,108.55830
05-09-2025,108.23180
04-09-2025,108.00030
03-09-2025,107.90010
02-09-2025,107.15590
01-09-2025,107.34330
31-08-2025,106.44240
29-08-2025,106.45040
28-08-2025,106.78420
26-08-2025,107.68510
25-08-2025,108.71930
22-08-2025,108.47690
21-08-2025,109.19660
20-08-2025,109.08460
19-08-2025,108.86700
18-08-2025,108.46300
14-08-2025,106.94260
13-08-2025,106.62510
12-08-2025,106.26130
11-08-2025,106.29380
08-08-2025,105.66860
07-08-2025,106.65060
06-08-2025,106.61770
05-08-2025,106.84140
04-08-2025,107.10380
01-08-2025,106.19700
31-07-2025,107.15250
30-07-2025,107.62500
29-07-2025,107.16690
28-07-2025,106.66800
25-07-2025,107.79090
24-07-2025,108.74980
23-07-2025,109.47870
22-07-2025,108.91020
21-07-2025,109.01750
18-07-2025,108.49850
17-07-2025,108.89000
16-07-2025,109.05440
15-07-2025,109.01900
14-07-2025,108.73240
11-07-2025,108.89770
10-07-2025,109.52030
09-07-2025,109.83890
08-07-2025,109.87560
07-07-2025,109.42570
04-07-2025,109.49700
03-07-2025,109.30290
02-07-2025,109.59070
01-07-2025,109.74040
30-06-2025,109.50510
27-06-2025,109.94950
26-06-2025,109.49830
25-06-2025,108.46640
24-06-2025,107.80150
23-06-2025,107.23760
20-06-2025,107.35240
19-06-2025,106.37760
18-06-2025,106.65230
17-06-2025,106.79040
16-06-2025,107.24240
13-06-2025,106.31950
12-06-2025,106.83730
11-06-2025,107.83960
10-06-2025,107.93280
09-06-2025,108.04270
06-06-2025,107.20040
05-06-2025,105.76900
04-06-2025,105.45220
03-06-2025,105.14980
02-06-2025,105.57870
31-05-2025,105.80190
30-05-2025,105.80570
29-05-2025,105.64380
28-05-2025,105.52750
27-05-2025,105.59050
26-05-2025,106.09580
23-05-2025,105.90680
22-05-2025,105.48280
21-05-2025,106.12310
20-05-2025,105.51790
19-05-2025,106.75730
16-05-2025,106.81200
15-05-2025,106.81120
14-05-2025,105.69340
13-05-2025,105.30850
12-05-2025,106.27030
09-05-2025,103.02370
08-05-2025,104.09140
07-05-2025,104.83470
06-05-2025,104.49860
05-05-2025,104.94810
02-05-2025,104.52160
30-04-2025,104.38180
29-04-2025,104.47590
28-04-2025,104.64660
25-04-2025,103.52930
24-04-2025,104.58500
23-04-2025,104.79830
22-04-2025,104.56610
21-04-2025,104.05620
17-04-2025,102.82640
16-04-2025,101.29840
15-04-2025,101.12260
11-04-2025,99.01950
09-04-2025,97.91130
08-04-2025,98.01990
07-04-2025,96.54720
04-04-2025,99.39580
03-04-2025,100.46870
02-04-2025,100.74630
01-04-2025,100.08230
31-03-2025,101.20500
28-03-2025,101.21140
27-03-2025,101.38240
26-03-2025,101.21460
25-03-2025,102.08270
24-03-2025,102.32900
21-03-2025,101.08780
20-03-2025,100.20020
19-03-2025,99.60690
18-03-2025,99.10110
17-03-2025,97.93970
13-03-2025,97.16540
12-03-2025,97.51870
11-03-2025,97.67390
10-03-2025,97.43940
07-03-2025,98.05930
06-03-2025,98.07300
05-03-2025,97.46540
04-03-2025,96.46450
03-03-2025,96.64030
28-02-2025,96.64290
27-02-2025,98.65380
25-02-2025,98.98650
24-02-2025,98.74760
21-02-2025,99.58290
20-02-2025,100.66230
19-02-2025,100.94930
18-02-2025,100.70350
17-02-2025,100.96780
14-02-2025,101.20540
13-02-2025,102.08010
12-02-2025,101.81660
11-02-2025,102.18900
10-02-2025,103.88280
07-02-2025,104.98690
06-02-2025,105.27150
05-02-2025,105.45370
04-02-2025,105.62740
03-02-2025,104.63040
31-01-2025,104.46920
30-01-2025,103.72720
29-01-2025,103.65260
28-01-2025,102.28820
27-01-2025,102.25210
24-01-2025,103.67290
23-01-2025,104.33560
22-01-2025,103.80320
21-01-2025,103.69140
20-01-2025,104.82170
17-01-2025,104.01200
16-01-2025,104.52670
15-01-2025,104.02170
14-01-2025,103.62390
13-01-2025,102.79600
10-01-2025,104.97930
09-01-2025,106.15790
08-01-2025,106.67350
07-01-2025,107.31210
06-01-2025,106.85170
03-01-2025,108.65280
02-01-2025,109.03920
01-01-2025,107.84200
31-12-2024,107.16560
30-12-2024,106.94690
27-12-2024,107.58570
26-12-2024,107.57200
24-12-2024,107.67730
23-12-2024,107.65770
20-12-2024,107.47550
19-12-2024,109.17070
18-12-2024,109.75670
17-12-2024,110.53170
16-12-2024,111.52020
13-12-2024,111.46380
12-12-2024,110.90550
11-12-2024,111.47690
10-12-2024,110.98660
09-12-2024,110.67320
06-12-2024,110.55730
05-12-2024,110.29890
04-12-2024,109.79330
03-12-2024,109.33280
02-12-2024,108.50380
30-11-2024,107.77150
29-11-2024,107.77550
28-11-2024,107.06980
27-11-2024,107.84490
26-11-2024,107.47270
25-11-2024,107.32350
22-11-2024,105.94120
21-11-2024,104.52310
19-11-2024,104.99870
18-11-2024,104.67330
14-11-2024,104.97250
13-11-2024,104.82400
12-11-2024,106.55210
11-11-2024,107.52030
08-11-2024,107.85270
07-11-2024,108.63880
06-11-2024,109.35710
05-11-2024,107.71100
04-11-2024,107.07170
31-10-2024,107.44050
30-10-2024,107.30870
29-10-2024,107.50040
28-10-2024,106.98180
25-10-2024,106.52180
24-10-2024,107.76620
23-10-2024,108.13090
22-10-2024,108.22800
21-10-2024,110.16730
18-10-2024,111.02910
17-10-2024,110.90580
16-10-2024,112.13010
15-10-2024,112.45120
14-10-2024,112.27880
11-10-2024,111.87750
10-10-2024,111.64470
09-10-2024,111.56400
08-10-2024,111.27360
07-10-2024,109.83350
04-10-2024,111.60500
03-10-2024,112.45820
01-10-2024,114.33990
30-09-2024,114.16970
27-09-2024,115.02280
26-09-2024,115.30270
25-09-2024,114.85480
24-09-2024,115.05880
23-09-2024,115.13670
20-09-2024,114.35240
19-09-2024,112.76090
18-09-2024,112.72400
17-09-2024,112.80210
16-09-2024,112.50580
13-09-2024,112.32150
12-09-2024,112.27960
11-09-2024,110.69060
10-09-2024,111.30920
09-09-2024,110.78510
06-09-2024,110.88160
05-09-2024,112.01280
04-09-2024,111.73210
03-09-2024,111.69940
02-09-2024,111.58040
31-08-2024,111.61060
30-08-2024,111.61520
29-08-2024,111.14090
28-08-2024,111.24490
27-08-2024,111.42320
26-08-2024,110.99310
23-08-2024,110.61710
22-08-2024,110.70870
21-08-2024,110.38930
20-08-2024,109.85710
19-08-2024,109.24950
16-08-2024,108.82740
14-08-2024,107.12770
13-08-2024,107.36090
12-08-2024,108.33940
09-08-2024,107.86970
08-08-2024,106.98310
07-08-2024,107.48120
06-08-2024,106.26510
05-08-2024,106.32360
02-08-2024,109.52930
01-08-2024,110.52350
31-07-2024,110.74480
30-07-2024,110.26420
29-07-2024,110.02030
26-07-2024,109.54830
25-07-2024,108.04010
24-07-2024,107.88030
23-07-2024,107.68990
22-07-2024,108.04440
19-07-2024,107.73680
18-07-2024,109.19090
16-07-2024,109.12170
15-07-2024,109.00020
12-07-2024,108.54720
11-07-2024,108.44770
10-07-2024,108.20750
09-07-2024,108.60540
08-07-2024,108.22780
05-07-2024,108.30660
04-07-2024,107.96390
03-07-2024,107.83640
02-07-2024,107.17230
01-07-2024,107.38770
30-06-2024,106.51770
28-06-2024,106.52540
27-06-2024,106.62840
26-06-2024,106.10320
25-06-2024,105.79600
24-06-2024,105.42650
21-06-2024,105.30030
20-06-2024,105.41890
19-06-2024,105.00900
18-06-2024,105.23010
14-06-2024,104.93720
13-06-2024,104.32010
12-06-2024,104.09190
11-06-2024,103.50740
10-06-2024,103.23130
07-06-2024,102.83560
06-06-2024,101.41990
05-06-2024,100.05890
04-06-2024,96.77290
03-06-2024,102.45550
31-05-2024,99.81800
30-05-2024,99.60990
29-05-2024,100.63140
28-05-2024,101.02620
27-05-2024,101.33630
24-05-2024,101.22510
23-05-2024,101.41750
22-05-2024,100.84140
21-05-2024,100.81210
17-05-2024,100.59240
16-05-2024,99.85020
15-05-2024,98.82680
14-05-2024,98.42960
13-05-2024,97.86760
10-05-2024,98.01410
09-05-2024,97.54570
08-05-2024,98.95150
07-05-2024,98.80460
06-05-2024,99.51470
03-05-2024,99.68580
02-05-2024,100.33460
30-04-2024,100.06600
29-04-2024,100.03740
26-04-2024,99.25830
25-04-2024,99.31220
24-04-2024,99.29050
23-04-2024,98.54710
22-04-2024,98.25530
19-04-2024,97.37700
18-04-2024,97.04240
16-04-2024,97.39740
15-04-2024,97.57690
12-04-2024,98.84080
10-04-2024,99.44060
09-04-2024,98.77000
08-04-2024,98.81070
05-04-2024,98.36280
04-04-2024,98.04330
03-04-2024,98.05010
02-04-2024,97.82610
01-04-2024,97.57300
31-03-2024,96.45090
28-03-2024,96.46280
27-03-2024,95.80820
26-03-2024,95.52390
22-03-2024,95.54340
21-03-2024,94.86000
20-03-2024,93.73690
19-03-2024,93.75060
18-03-2024,94.41510
15-03-2024,94.15470
14-03-2024,94.52050
13-03-2024,93.25680
12-03-2024,95.63570
11-03-2024,96.18630
07-03-2024,96.68710
06-03-2024,96.65000
05-03-2024,96.55080
04-03-2024,96.80190
01-03-2024,96.52210
29-02-2024,95.55030
28-02-2024,95.32980
27-02-2024,96.34950
26-02-2024,96.09390
23-02-2024,96.34170
22-02-2024,96.14110
21-02-2024,95.59020
20-02-2024,96.18150
19-02-2024,96.11070
16-02-2024,95.93090
15-02-2024,95.53460
14-02-2024,94.93830
13-02-2024,94.38400
12-02-2024,94.03660
09-02-2024,95.48190
08-02-2024,95.79410
07-02-2024,96.39080
06-02-2024,96.25510
05-02-2024,95.65670
02-02-2024,96.01930
01-02-2024,95.65550
31-01-2024,95.82860
30-01-2024,94.90470
29-01-2024,95.43560
25-01-2024,94.04090
24-01-2024,94.35570
23-01-2024,93.47350
19-01-2024,94.70870
18-01-2024,93.82760
17-01-2024,93.88950
16-01-2024,95.26040
15-01-2024,95.61230
12-01-2024,95.22680
11-01-2024,94.51400
10-01-2024,94.23670
09-01-2024,94.02150
08-01-2024,93.76450
05-01-2024,94.44480
04-01-2024,94.37830
03-01-2024,93.42660
02-01-2024,93.61050
01-01-2024,93.93680
29-12-2023,93.82150
28-12-2023,93.71540
27-12-2023,93.15990
26-12-2023,92.33480
22-12-2023,92.11130
21-12-2023,91.69780
19-12-2023,92.66340
18-12-2023,92.57740
15-12-2023,92.55730
14-12-2023,92.21210
13-12-2023,91.45410
12-12-2023,91.08460
11-12-2023,91.36600
08-12-2023,91.14100
07-12-2023,91.23700
06-12-2023,91.05230
05-12-2023,90.97390
04-12-2023,90.56710
01-12-2023,89.04730
30-11-2023,88.53440
29-11-2023,88.07830
28-11-2023,87.34060
24-11-2023,86.93910
23-11-2023,86.97350
22-11-2023,87.08360
21-11-2023,86.94930
20-11-2023,86.59690
17-11-2023,86.64290
16-11-2023,86.70350
15-11-2023,86.24900
13-11-2023,85.21770
10-11-2023,85.16570
09-11-2023,85.02350
08-11-2023,85.24550
07-11-2023,85.09400
06-11-2023,85.09230
03-11-2023,84.39040
02-11-2023,83.92940
01-11-2023,83.28740
31-10-2023,83.44340
30-10-2023,83.75520
27-10-2023,83.41940
26-10-2023,82.56750
25-10-2023,83.49530
23-10-2023,84.34000
20-10-2023,85.55050
19-10-2023,86.06010
18-10-2023,86.32740
17-10-2023,86.80240
16-10-2023,86.43570
13-10-2023,86.31260
12-10-2023,86.41230
11-10-2023,86.39200
10-10-2023,85.82480
09-10-2023,85.05930
06-10-2023,85.83840
05-10-2023,85.37490
04-10-2023,85.07670
03-10-2023,85.62780
29-09-2023,85.79570
27-09-2023,85.98240
26-09-2023,85.70270
25-09-2023,85.83370
22-09-2023,85.72920
21-09-2023,86.02560
20-09-2023,86.80840
18-09-2023,87.57030
15-09-2023,87.73530
14-09-2023,87.63990
13-09-2023,87.25230
12-09-2023,87.08280
11-09-2023,87.74790
08-09-2023,87.19670
07-09-2023,86.76590
06-09-2023,86.25390
05-09-2023,86.08900
04-09-2023,85.73510
01-09-2023,85.31120
31-08-2023,84.71060
30-08-2023,84.71450
29-08-2023,84.48550
28-08-2023,84.24960
25-08-2023,83.88470
24-08-2023,84.36030
23-08-2023,84.62870
22-08-2023,84.21020
21-08-2023,83.84650
18-08-2023,83.35380
17-08-2023,83.76230
16-08-2023,84.00290
14-08-2023,83.95750
11-08-2023,84.14570
10-08-2023,84.63460
09-08-2023,84.97910
08-08-2023,84.71700
07-08-2023,84.89960
04-08-2023,84.56290
03-08-2023,84.15250
02-08-2023,84.60680
01-08-2023,85.42750
31-07-2023,85.47670
28-07-2023,85.16500
27-07-2023,84.76170
26-07-2023,84.98640
25-07-2023,84.51550
24-07-2023,84.46550
21-07-2023,84.90770
20-07-2023,85.48890
19-07-2023,84.97580
18-07-2023,84.52000
17-07-2023,84.54560
14-07-2023,84.08100
13-07-2023,83.53760
12-07-2023,83.48930
11-07-2023,83.48510
10-07-2023,83.08180
07-07-2023,83.22110
06-07-2023,83.75480
05-07-2023,83.34530
04-07-2023,82.92840
03-07-2023,82.82880
30-06-2023,82.38950
28-06-2023,81.62540
27-06-2023,81.22920
26-06-2023,80.83800
23-06-2023,80.68190
22-06-2023,81.22040
21-06-2023,81.64060
20-06-2023,81.67380
19-06-2023,81.52900
16-06-2023,81.70410
15-06-2023,80.96840
14-06-2023,81.15110
13-06-2023,81.21050
12-06-2023,80.75710
09-06-2023,80.42150
08-06-2023,80.85600
07-06-2023,81.49640
06-06-2023,80.83320
05-06-2023,80.74890
02-06-2023,80.47660
01-06-2023,80.05860
31-05-2023,80.34570
30-05-2023,80.33810
29-05-2023,80.12210
26-05-2023,79.74600
25-05-2023,79.20560
24-05-2023,78.99240
23-05-2023,79.18190
22-05-2023,78.92780
19-05-2023,78.65940
18-05-2023,78.39360
17-05-2023,78.64350
16-05-2023,78.84910
15-05-2023,78.97060
12-05-2023,78.44190
11-05-2023,78.41120
10-05-2023,78.33920
09-05-2023,78.17950
08-05-2023,78.26200
05-05-2023,77.49020
04-05-2023,77.99310
03-05-2023,77.51890
02-05-2023,77.72460
28-04-2023,77.34520
27-04-2023,76.65710
26-04-2023,76.11370
25-04-2023,76.06990
24-04-2023,75.84740
21-04-2023,75.58250
20-04-2023,75.64050
19-04-2023,75.47040
18-04-2023,75.62350
17-04-2023,75.57400
13-04-2023,75.50770
12-04-2023,75.51120
11-04-2023,75.21650
10-04-2023,74.67660
06-04-2023,74.33980
05-04-2023,74.25240
03-04-2023,73.98710
31-03-2023,73.75650
29-03-2023,72.81200
28-03-2023,72.18100
27-03-2023,72.52320
24-03-2023,72.61030
23-03-2023,73.16580
22-03-2023,73.50420
21-03-2023,73.20890
20-03-2023,72.82690
17-03-2023,73.17370
16-03-2023,72.75860
15-03-2023,72.78160
14-03-2023,72.81490
13-03-2023,73.08630
10-03-2023,74.01290
09-03-2023,74.65030
08-03-2023,75.16310
06-03-2023,75.02830
03-03-2023,74.57020
02-03-2023,73.70360
01-03-2023,74.08300
28-02-2023,73.52800
27-02-2023,73.97720
24-02-2023,74.33740
23-02-2023,74.32220
22-02-2023,74.23940
21-02-2023,75.13370
20-02-2023,75.29920
17-02-2023,75.64850
16-02-2023,75.96060
15-02-2023,75.86230
14-02-2023,75.57360
13-02-2023,75.08440
10-02-2023,75.61470
09-02-2023,75.63080
08-02-2023,75.81230
07-02-2023,75.26400
06-02-2023,75.45710
03-02-2023,75.50060
02-02-2023,74.79620
01-02-2023,74.63320
31-01-2023,74.66230
30-01-2023,74.20600
27-01-2023,74.16520
25-01-2023,75.15250
24-01-2023,75.97050
23-01-2023,76.09920
20-01-2023,75.45550
19-01-2023,75.83480
18-01-2023,75.95490
17-01-2023,75.76550
16-01-2023,75.61420
13-01-2023,75.90730
12-01-2023,75.76380
11-01-2023,75.74150
10-01-2023,75.88050
09-01-2023,76.37140
06-01-2023,75.58620
05-01-2023,76.13090
04-01-2023,76.17630
03-01-2023,76.86220
02-01-2023,76.73510
30-12-2022,76.39350
29-12-2022,76.54810
28-12-2022,76.19220
27-12-2022,76.23470
26-12-2022,75.69190
23-12-2022,74.35070
22-12-2022,75.98660
21-12-2022,76.53710
20-12-2022,77.43590
19-12-2022,77.57860
16-12-2022,77.21280
15-12-2022,78.02000
14-12-2022,78.87630
13-12-2022,78.51200
12-12-2022,78.07680
09-12-2022,77.94040
08-12-2022,78.31780
07-12-2022,77.97280
06-12-2022,78.20910
05-12-2022,78.58160
02-12-2022,78.57370
01-12-2022,78.64670
30-11-2022,78.29560
29-11-2022,77.97340
28-11-2022,77.83670
25-11-2022,77.57750
24-11-2022,77.48020
23-11-2022,76.85070
22-11-2022,76.49780
21-11-2022,76.35380
18-11-2022,76.68700
17-11-2022,76.88950
16-11-2022,77.12240
15-11-2022,77.33600
14-11-2022,77.21180
11-11-2022,77.40980
10-11-2022,76.89820
09-11-2022,77.61600
07-11-2022,77.84780
04-11-2022,77.50220
03-11-2022,77.60970
02-11-2022,77.83210
01-11-2022,78.04350
31-10-2022,77.77340
28-10-2022,76.92940
27-10-2022,77.29000
25-10-2022,77.24150
21-10-2022,76.48220
20-10-2022,76.30390
19-10-2022,76.14070
18-10-2022,75.92950
17-10-2022,75.08530
14-10-2022,74.82600
13-10-2022,74.31650
12-10-2022,74.85980
11-10-2022,74.38360
10-10-2022,75.22590
07-10-2022,75.61760
06-10-2022,75.80010
04-10-2022,75.09920
03-10-2022,73.74320
30-09-2022,74.50800
29-09-2022,73.63730
28-09-2022,73.32020
27-09-2022,74.00890
26-09-2022,73.92190
23-09-2022,75.57120
22-09-2022,76.68970
21-09-2022,77.02690
20-09-2022,77.55810
19-09-2022,76.69340
16-09-2022,76.50170
15-09-2022,78.01280
14-09-2022,78.30540
13-09-2022,78.52180
12-09-2022,78.12400
09-09-2022,77.51030
08-09-2022,77.24240
07-09-2022,76.56960
06-09-2022,76.58230
05-09-2022,76.50800
02-09-2022,75.97980
01-09-2022,75.88240
30-08-2022,76.29480
29-08-2022,74.73930
26-08-2022,75.71780
25-08-2022,75.49360
24-08-2022,75.52780
23-08-2022,75.32940
22-08-2022,74.85700
19-08-2022,75.88320
18-08-2022,76.77490
17-08-2022,76.69770
16-08-2022,76.49800
12-08-2022,75.84600
11-08-2022,75.60250
10-08-2022,75.14250
08-08-2022,75.13530
05-08-2022,74.64890
04-08-2022,74.68850
03-08-2022,74.69480
02-08-2022,74.64080
01-08-2022,74.74600
29-07-2022,73.71930
28-07-2022,72.93410
27-07-2022,72.08770
26-07-2022,71.53660
25-07-2022,72.10000
22-07-2022,72.28490
21-07-2022,71.97610
20-07-2022,71.47410
19-07-2022,70.95810
18-07-2022,70.70890
15-07-2022,69.87200
14-07-2022,69.59780
13-07-2022,69.77480
12-07-2022,69.91670
11-07-2022,70.54340
08-07-2022,70.38800
07-07-2022,69.99080
06-07-2022,69.32190
05-07-2022,68.82040
04-07-2022,68.95360
01-07-2022,68.42720
30-06-2022,68.47710
29-06-2022,68.67280
28-06-2022,68.88950
27-06-2022,68.82660
24-06-2022,68.03380
23-06-2022,67.35170
22-06-2022,66.75760
21-06-2022,67.40850
20-06-2022,66.20670
17-06-2022,66.81620
16-06-2022,67.23820
15-06-2022,68.54790
14-06-2022,68.51670
13-06-2022,68.60620
10-06-2022,70.24800
09-06-2022,70.94150
08-06-2022,70.69880
07-06-2022,70.96970
06-06-2022,71.21720
03-06-2022,71.32380
02-06-2022,71.73300
01-06-2022,71.61860
31-05-2022,71.70850
30-05-2022,71.65020
27-05-2022,70.42820
26-05-2022,69.84210
25-05-2022,69.07480
24-05-2022,69.57680
23-05-2022,70.06530
20-05-2022,70.46200
19-05-2022,69.16630
18-05-2022,70.67420
17-05-2022,70.93710
16-05-2022,69.27580
13-05-2022,68.81480
12-05-2022,69.01350
11-05-2022,70.24010
10-05-2022,70.39930
09-05-2022,71.21150
06-05-2022,71.84810
05-05-2022,72.98680
04-05-2022,72.71520
02-05-2022,74.02040
29-04-2022,74.29110
28-04-2022,74.88700
27-04-2022,74.10280
26-04-2022,74.71620
25-04-2022,73.99260
22-04-2022,75.02620
21-04-2022,75.95490
20-04-2022,75.55370
19-04-2022,75.36830
18-04-2022,76.19880
13-04-2022,77.07950
12-04-2022,77.16320
11-04-2022,77.84100
08-04-2022,78.13570
07-04-2022,77.54870
06-04-2022,78.12080
05-04-2022,78.34900
04-04-2022,78.30950
01-04-2022,76.90120
31-03-2022,76.18130
30-03-2022,76.30630
29-03-2022,75.76970
28-03-2022,75.31720
25-03-2022,75.10290
24-03-2022,75.10490
23-03-2022,75.15910
22-03-2022,75.03330
21-03-2022,74.61960
17-03-2022,75.15340
16-03-2022,74.33410
15-03-2022,73.17780
14-03-2022,74.13070
11-03-2022,73.22140
10-03-2022,72.86480
09-03-2022,71.69280
08-03-2022,70.69970
07-03-2022,70.39790
04-03-2022,71.47770
03-03-2022,72.60310
02-03-2022,72.63230
28-02-2022,73.28320
25-02-2022,72.54460
24-02-2022,70.44710
23-02-2022,73.68000
22-02-2022,73.71400
21-02-2022,74.27190
18-02-2022,74.82870
17-02-2022,75.20680
16-02-2022,75.42670
15-02-2022,75.43220
14-02-2022,73.82170
11-02-2022,76.22410
10-02-2022,77.36380
09-02-2022,77.00030
08-02-2022,76.10940
07-02-2022,76.28620
04-02-2022,77.14100
03-02-2022,77.27170
02-02-2022,77.58350
01-02-2022,76.87770
31-01-2022,75.84450
28-01-2022,74.72840
27-01-2022,74.67700
25-01-2022,75.33680
24-01-2022,74.57660
21-01-2022,76.72600
20-01-2022,77.73790
19-01-2022,77.99430
18-01-2022,78.54000
17-01-2022,79.34790
14-01-2022,79.51050
13-01-2022,79.42490
12-01-2022,79.25770
11-01-2022,78.43370
10-01-2022,78.15130
07-01-2022,77.44740
06-01-2022,77.14400
05-01-2022,77.58120
04-01-2022,77.26430
03-01-2022,76.80730
31-12-2021,75.87430
30-12-2021,75.09930
29-12-2021,75.10800
28-12-2021,75.10500
27-12-2021,74.50880
24-12-2021,74.30260
23-12-2021,74.64450
22-12-2021,74.21160
21-12-2021,73.27760
20-12-2021,72.59970
17-12-2021,74.48530
16-12-2021,75.60700
15-12-2021,75.81520
14-12-2021,76.17600
13-12-2021,76.38420
10-12-2021,76.35550
09-12-2021,76.28770
08-12-2021,76.13240
07-12-2021,75.05400
06-12-2021,73.88390
03-12-2021,74.97690
02-12-2021,75.29400
01-12-2021,74.60690
30-11-2021,74.39900
29-11-2021,74.01430
26-11-2021,74.46130
25-11-2021,76.84210
24-11-2021,76.66300
23-11-2021,76.65350
22-11-2021,76.19510
18-11-2021,77.61030
17-11-2021,78.37090
16-11-2021,78.76620
15-11-2021,79.08340
12-11-2021,79.09280
11-11-2021,78.27500
10-11-2021,78.76540
09-11-2021,78.94890
08-11-2021,78.88870
03-11-2021,77.89300
02-11-2021,77.98320
01-11-2021,77.98210
29-10-2021,76.95200
28-10-2021,77.35800
27-10-2021,78.58940
26-10-2021,78.55940
25-10-2021,77.83150
22-10-2021,77.93990
21-10-2021,78.28260
20-10-2021,78.52760
19-10-2021,79.32920
18-10-2021,79.89270
14-10-2021,79.41870
13-10-2021,78.76740
12-10-2021,78.05000
11-10-2021,78.04020
08-10-2021,77.42850
07-10-2021,77.29810
06-10-2021,76.39300
05-10-2021,77.05830
04-10-2021,76.73660
01-10-2021,75.89710
30-09-2021,75.90550
29-09-2021,76.25950
28-09-2021,76.32000
27-09-2021,76.82710
24-09-2021,76.77580
23-09-2021,77.05440
22-09-2021,75.92680
21-09-2021,75.62290
20-09-2021,75.31410
17-09-2021,76.19120
16-09-2021,76.55930
15-09-2021,76.22740
14-09-2021,75.59470
13-09-2021,75.26050
09-09-2021,75.27760
08-09-2021,74.93980
07-09-2021,74.74370
06-09-2021,75.08040
03-09-2021,74.86010
02-09-2021,74.71400
01-09-2021,74.33900
31-08-2021,74.38800
30-08-2021,73.52600
27-08-2021,72.34600
26-08-2021,71.87330
25-08-2021,71.91760
24-08-2021,71.89160
23-08-2021,71.14660
20-08-2021,71.15460
18-08-2021,72.17550
17-08-2021,72.46450
16-08-2021,72.43070
13-08-2021,72.64610
12-08-2021,72.21670
11-08-2021,71.57580
10-08-2021,71.57880
09-08-2021,71.77940
06-08-2021,71.72210
05-08-2021,71.84550
04-08-2021,71.93770
03-08-2021,71.76720
02-08-2021,71.09980
30-07-2021,70.48720
29-07-2021,70.26840
28-07-2021,69.86330
27-07-2021,70.10010
26-07-2021,70.32350
23-07-2021,70.39590
22-07-2021,70.22100
20-07-2021,69.32620
19-07-2021,70.12250
16-07-2021,70.77310
15-07-2021,70.75120
14-07-2021,70.37680
13-07-2021,70.16060
12-07-2021,69.63560
09-07-2021,69.42310
08-07-2021,69.48200
07-07-2021,70.07150
06-07-2021,69.61970
05-07-2021,69.67620
02-07-2021,69.19420
01-07-2021,68.75890
30-06-2021,68.78520
29-06-2021,68.75530
28-06-2021,69.10750
25-06-2021,69.02260
24-06-2021,68.48100
23-06-2021,68.00570
22-06-2021,68.07850
21-06-2021,67.77010
18-06-2021,67.76330
17-06-2021,67.97000
16-06-2021,68.42970
15-06-2021,68.83510
14-06-2021,68.56280
11-06-2021,68.64170
10-06-2021,68.65060
09-06-2021,68.23720
08-06-2021,68.62610
07-06-2021,68.51850
04-06-2021,68.05060
03-06-2021,68.06870
02-06-2021,67.56460
01-06-2021,67.40620
31-05-2021,67.42210
28-05-2021,66.86280
27-05-2021,66.89920
26-05-2021,66.56730
25-05-2021,66.54980
24-05-2021,66.35370
21-05-2021,65.71640
20-05-2021,64.80670
19-05-2021,65.19850
18-05-2021,65.32200
17-05-2021,64.52560
14-05-2021,63.61300
12-05-2021,63.95630
11-05-2021,64.52750
10-05-2021,64.54450
07-05-2021,64.05130
06-05-2021,63.76690
05-05-2021,63.30150
04-05-2021,62.77580
03-05-2021,63.23860
30-04-2021,63.08760
29-04-2021,63.68080
28-04-2021,63.67320
27-04-2021,62.90460
26-04-2021,62.02640
23-04-2021,61.52360
22-04-2021,61.58900
20-04-2021,61.20870
19-04-2021,61.29960
16-04-2021,62.32700
15-04-2021,61.93930
13-04-2021,61.61900
12-04-2021,60.84200
09-04-2021,63.36040
08-04-2021,63.55530
07-04-2021,63.23730
06-04-2021,62.57970
05-04-2021,62.58150
01-04-2021,63.60020
31-03-2021,62.79130
30-03-2021,62.96640
26-03-2021,61.99340
25-03-2021,60.99980
24-03-2021,61.94820
23-03-2021,63.14640
22-03-2021,62.81910
19-03-2021,62.72610
18-03-2021,62.19000
17-03-2021,62.83510
16-03-2021,63.86240
15-03-2021,63.96040
12-03-2021,64.29630
10-03-2021,64.87200
09-03-2021,64.48530
08-03-2021,64.34360
05-03-2021,64.07190
04-03-2021,64.73460
03-03-2021,65.03580
02-03-2021,64.14780
01-03-2021,63.43480
26-02-2021,62.72040
25-02-2021,64.49290
24-02-2021,64.00330
23-02-2021,62.98580
22-02-2021,62.76560
19-02-2021,63.95740
18-02-2021,64.68600
17-02-2021,64.54010
16-02-2021,64.78190
15-02-2021,64.83950
12-02-2021,64.18060
11-02-2021,64.22030
10-02-2021,63.96820
09-02-2021,63.87930
08-02-2021,63.85930
05-02-2021,63.00340
04-02-2021,63.13150
03-02-2021,62.63860
02-02-2021,62.03930
01-02-2021,60.46680
29-01-2021,58.15180
28-01-2021,58.56370
27-01-2021,59.02080
25-01-2021,59.64120
22-01-2021,59.79090
21-01-2021,60.69360
20-01-2021,61.16930
19-01-2021,60.75600
18-01-2021,59.79610
15-01-2021,60.51870
14-01-2021,61.38570
13-01-2021,61.46820
12-01-2021,61.32390
11-01-2021,60.82020
08-01-2021,60.41780
07-01-2021,59.76170
06-01-2021,59.47660
05-01-2021,59.33340
04-01-2021,59.05890
01-01-2021,58.31310
31-12-2020,58.01940
30-12-2020,57.91540
29-12-2020,57.79550
28-12-2020,57.49090
24-12-2020,56.95090
23-12-2020,56.51980
22-12-2020,55.75720
21-12-2020,55.19860
18-12-2020,57.31610
17-12-2020,57.21070
16-12-2020,57.13990
15-12-2020,56.71500
14-12-2020,56.64350
11-12-2020,56.42690
10-12-2020,56.43560
09-12-2020,56.67460
08-12-2020,56.31410
07-12-2020,56.46220
04-12-2020,56.11040
03-12-2020,55.46430
02-12-2020,55.18800
01-12-2020,54.96090
27-11-2020,54.26570
26-11-2020,53.85750
25-11-2020,53.35040
24-11-2020,54.15150
23-11-2020,53.44930
20-11-2020,53.15570
19-11-2020,52.65910
18-11-2020,53.32320
17-11-2020,52.99740
13-11-2020,52.26690
12-11-2020,52.20760
11-11-2020,52.19530
10-11-2020,51.72120
09-11-2020,51.41930
06-11-2020,50.60990
05-11-2020,50.25200
04-11-2020,49.27570
03-11-2020,48.94810
02-11-2020,48.25150
30-10-2020,48.13360
29-10-2020,48.02910
28-10-2020,48.21380
27-10-2020,48.72080
26-10-2020,48.14050
23-10-2020,48.84970
22-10-2020,48.52540
21-10-2020,48.61330
20-10-2020,48.38660
19-10-2020,48.05330
16-10-2020,47.52460
15-10-2020,47.10070
14-10-2020,48.18730
13-10-2020,48.08210
12-10-2020,48.07960
09-10-2020,48.26140
08-10-2020,47.96980
07-10-2020,47.77570
06-10-2020,47.78280
05-10-2020,47.46110
01-10-2020,47.21110
30-09-2020,46.61400
29-09-2020,46.58720
28-09-2020,46.68180
25-09-2020,45.68910
24-09-2020,44.69170
23-09-2020,46.00770
22-09-2020,46.14290
21-09-2020,46.40960
18-09-2020,47.74460
17-09-2020,47.75980
16-09-2020,48.09760
15-09-2020,47.89910
14-09-2020,47.51760
11-09-2020,46.99250
10-09-2020,46.96280
09-09-2020,46.53070
08-09-2020,46.83510
07-09-2020,47.11780
04-09-2020,47.27920
03-09-2020,48.00370
02-09-2020,48.05370
01-09-2020,47.66550
31-08-2020,47.34770
28-08-2020,48.71240
27-08-2020,48.28670
26-08-2020,48.15580
25-08-2020,48.03850
24-08-2020,47.95530
21-08-2020,47.54670
20-08-2020,47.34730
19-08-2020,47.39200
18-08-2020,47.13010
17-08-2020,46.72590
14-08-2020,46.40230
13-08-2020,47.09120
12-08-2020,46.96670
11-08-2020,46.88360
10-08-2020,46.63870
07-08-2020,46.17570
06-08-2020,46.07010
05-08-2020,45.63310
04-08-2020,45.29980
03-08-2020,44.81080
31-07-2020,45.27630
30-07-2020,45.17510
29-07-2020,45.49010
28-07-2020,45.66730
27-07-2020,45.15470
24-07-2020,45.53310
23-07-2020,45.94930
22-07-2020,45.44830
21-07-2020,45.47650
20-07-2020,44.89040
17-07-2020,44.52450
16-07-2020,43.89640
15-07-2020,43.72280
14-07-2020,43.77300
13-07-2020,44.52470
10-07-2020,44.43430
09-07-2020,44.74690
08-07-2020,44.42010
07-07-2020,44.84630
06-07-2020,44.73700
03-07-2020,44.13980
02-07-2020,43.86050
01-07-2020,43.53850
30-06-2020,43.14350
29-06-2020,43.12240
26-06-2020,43.54990
25-06-2020,43.12180
24-06-2020,43.05500
23-06-2020,43.73160
22-06-2020,43.11240
19-06-2020,42.75000
18-06-2020,42.12770
17-06-2020,41.55770
16-06-2020,41.50530
15-06-2020,41.32760
12-06-2020,41.96920
11-06-2020,41.76500
10-06-2020,42.63890
09-06-2020,42.35750
08-06-2020,42.88090
05-06-2020,42.60700
04-06-2020,41.99370
03-06-2020,42.12140
02-06-2020,41.88780
01-06-2020,41.38410
29-05-2020,40.55240
28-05-2020,39.96480
27-05-2020,39.30120
26-05-2020,38.49170
22-05-2020,38.43360
21-05-2020,38.88270
20-05-2020,38.49040
19-05-2020,37.71300
18-05-2020,37.40010
15-05-2020,38.77240
14-05-2020,38.76960
13-05-2020,39.60820
12-05-2020,38.90070
11-05-2020,38.98620
08-05-2020,39.01150
07-05-2020,39.08910
06-05-2020,39.50550
05-05-2020,39.31880
04-05-2020,39.76440
30-04-2020,41.80150
29-04-2020,40.72660
28-04-2020,40.09670
27-04-2020,39.74870
24-04-2020,39.18430
23-04-2020,40.07670
22-04-2020,39.48440
21-04-2020,39.07650
20-04-2020,40.25310
17-04-2020,40.47070
16-04-2020,39.27320
15-04-2020,39.02980
13-04-2020,38.97330
09-04-2020,39.31060
08-04-2020,37.92080
07-04-2020,37.70070
03-04-2020,35.34630
01-04-2020,35.90210
31-03-2020,37.03790
30-03-2020,35.76210
27-03-2020,36.85810
26-03-2020,36.81680
25-03-2020,35.53140
24-03-2020,34.16950
23-03-2020,33.83590
20-03-2020,38.39390
19-03-2020,37.10950
18-03-2020,38.23220
17-03-2020,40.34290
16-03-2020,41.27580
13-03-2020,43.82840
12-03-2020,42.59740
11-03-2020,46.23770
09-03-2020,46.56340
06-03-2020,48.37420
05-03-2020,49.35960
04-03-2020,49.00970
03-03-2020,49.66520
02-03-2020,48.97690
28-02-2020,49.21040
27-02-2020,50.81360
26-02-2020,51.11300
25-02-2020,51.38600
24-02-2020,51.49490
20-02-2020,52.37620
19-02-2020,52.25500
18-02-2020,51.77730
17-02-2020,52.02530
14-02-2020,52.29110
13-02-2020,52.36110
12-02-2020,52.52200
11-02-2020,52.38750
10-02-2020,52.15790
07-02-2020,52.42260
06-02-2020,52.39410
05-02-2020,52.17570
04-02-2020,51.49990
03-02-2020,50.72180
31-01-2020,51.75160
30-01-2020,52.06640
29-01-2020,52.49080
28-01-2020,52.21060
27-01-2020,52.39880
24-01-2020,52.78570
23-01-2020,52.19930
22-01-2020,51.73500
21-01-2020,51.85510
20-01-2020,52.12580
17-01-2020,52.34310
16-01-2020,52.30800
15-01-2020,52.20050
14-01-2020,52.08080
13-01-2020,51.90320
10-01-2020,51.64490
09-01-2020,51.43580
08-01-2020,50.81360
07-01-2020,50.76210
06-01-2020,50.54460
03-01-2020,51.45320
02-01-2020,51.57150
01-01-2020,51.12040
31-12-2019,51.07500
30-12-2019,51.15430
27-12-2019,51.10230
26-12-2019,50.65100
24-12-2019,50.86490
23-12-2019,50.99780
20-12-2019,51.03700
19-12-2019,51.02850
18-12-2019,50.86800
17-12-2019,50.76620
16-12-2019,50.49130
13-12-2019,50.56330
12-12-2019,50.15470
11-12-2019,49.78980
10-12-2019,49.71860
09-12-2019,50.07900
06-12-2019,50.12110
05-12-2019,50.46620
04-12-2019,50.63710
03-12-2019,50.32450
02-12-2019,50.54780
29-11-2019,50.74550
28-11-2019,50.86400
27-11-2019,50.76280
26-11-2019,50.58640
25-11-2019,50.96570
22-11-2019,50.44080
21-11-2019,50.71900
20-11-2019,50.99420
19-11-2019,50.94170
18-11-2019,50.88080
15-11-2019,50.83890
14-11-2019,50.61360
13-11-2019,50.47850
11-11-2019,50.69200
08-11-2019,50.54500
07-11-2019,50.80370
06-11-2019,50.73940
05-11-2019,50.57420
04-11-2019,50.73290
01-11-2019,50.69350
31-10-2019,50.70370
30-10-2019,50.56130
29-10-2019,50.39410
25-10-2019,49.87980
24-10-2019,49.78700
23-10-2019,50.06170
22-10-2019,50.02920
18-10-2019,50.24110
17-10-2019,49.84380
16-10-2019,49.42860
15-10-2019,49.32010
14-10-2019,49.08640
11-10-2019,48.96680
10-10-2019,48.66530
09-10-2019,49.09010
07-10-2019,48.36040
04-10-2019,48.53200
03-10-2019,49.17620
01-10-2019,49.35310
30-09-2019,49.81050
27-09-2019,50.04680
26-09-2019,50.15860
25-09-2019,49.64620
24-09-2019,50.50350
23-09-2019,50.67100
20-09-2019,48.97610
19-09-2019,46.69060
18-09-2019,47.12110
17-09-2019,47.00400
16-09-2019,47.76460
13-09-2019,48.00050
12-09-2019,47.64440
11-09-2019,47.61410
09-09-2019,47.49060
06-09-2019,47.27370
05-09-2019,46.88160
04-09-2019,46.68350
03-09-2019,46.42470
30-08-2019,47.20300
29-08-2019,47.02310
28-08-2019,47.28420
27-08-2019,47.38110
26-08-2019,47.12260
23-08-2019,46.24420
22-08-2019,46.09700
21-08-2019,46.69270
20-08-2019,47.15340
19-08-2019,47.32160
16-08-2019,47.24470
14-08-2019,47.08580
13-08-2019,46.70270
09-08-2019,47.78340
08-08-2019,47.49050
07-08-2019,46.97540
06-08-2019,47.14470
05-08-2019,46.49510
02-08-2019,47.01350
01-08-2019,47.01880
31-07-2019,47.74610
30-07-2019,47.48090
29-07-2019,47.77670
26-07-2019,48.04080
25-07-2019,47.84200
24-07-2019,47.83530
23-07-2019,48.13040
22-07-2019,48.09730
19-07-2019,48.40440
18-07-2019,49.09900
17-07-2019,49.47450
16-07-2019,49.19370
15-07-2019,48.96230
12-07-2019,48.81040
11-07-2019,48.80800
10-07-2019,48.60830
09-07-2019,48.95730
08-07-2019,48.92920
05-07-2019,49.93170
04-07-2019,50.45860
03-07-2019,50.34520
02-07-2019,50.40270
01-07-2019,50.26930
28-06-2019,50.14670
27-06-2019,50.14930
26-06-2019,50.09500
25-06-2019,49.77970
24-06-2019,49.41220
21-06-2019,49.51540
20-06-2019,49.74050
19-06-2019,49.21920
18-06-2019,49.32710
17-06-2019,49.20500
14-06-2019,49.78490
13-06-2019,50.12190
12-06-2019,50.23470
11-06-2019,50.44600
10-06-2019,50.22850
07-06-2019,50.23430
06-06-2019,50.14640
04-06-2019,50.86140
03-06-2019,50.97360
31-05-2019,50.63360
30-05-2019,50.65580
29-05-2019,50.45670
28-05-2019,50.83910
27-05-2019,50.70650
24-05-2019,49.98990
23-05-2019,48.90700
22-05-2019,48.92230
21-05-2019,48.70170
20-05-2019,49.09270
17-05-2019,47.56650
16-05-2019,47.10470
15-05-2019,46.92270
14-05-2019,46.96340
13-05-2019,46.77770
10-05-2019,47.36340
09-05-2019,47.35710
08-05-2019,47.57560
07-05-2019,48.01280
06-05-2019,48.30190
03-05-2019,48.78250
02-05-2019,48.92200
30-04-2019,49.04440
26-04-2019,48.93420
25-04-2019,48.64300
24-04-2019,48.72230
23-04-2019,48.35200
22-04-2019,48.35330
18-04-2019,48.88600
16-04-2019,49.07280
15-04-2019,48.70660
12-04-2019,48.55330
11-04-2019,48.41040
10-04-2019,48.32430
09-04-2019,48.55550
08-04-2019,48.50090
05-04-2019,48.71920
04-04-2019,48.42470
03-04-2019,48.50740
02-04-2019,48.92460
01-04-2019,48.80340
29-03-2019,48.67230
28-03-2019,48.28640
27-03-2019,47.87040
26-03-2019,47.77690
25-03-2019,47.30500
22-03-2019,47.81700
20-03-2019,47.98740
19-03-2019,48.05430
18-03-2019,47.89350
15-03-2019,47.89520
14-03-2019,47.64990
13-03-2019,47.65920
12-03-2019,47.62380
11-03-2019,47.11620
08-03-2019,46.53940
07-03-2019,46.59330
06-03-2019,46.57100
05-03-2019,46.10330
01-03-2019,45.35410
28-02-2019,45.01270
27-02-2019,44.89340
26-02-2019,44.89450
25-02-2019,45.10100
22-02-2019,44.84790
21-02-2019,44.71390
20-02-2019,44.41330
19-02-2019,44.00720
18-02-2019,43.86140
15-02-2019,44.21630
14-02-2019,44.41430
13-02-2019,44.55810
12-02-2019,44.73770
11-02-2019,44.96820
08-02-2019,45.37200
07-02-2019,45.77540
06-02-2019,45.48500
05-02-2019,45.13780
04-02-2019,45.16550
01-02-2019,45.45970
31-01-2019,45.28850
30-01-2019,44.72420
29-01-2019,44.57880
28-01-2019,44.58540
25-01-2019,45.26590
24-01-2019,45.59660
23-01-2019,45.61730
22-01-2019,45.93880
21-01-2019,46.04170
18-01-2019,46.06810
17-01-2019,46.27400
16-01-2019,46.26650
15-01-2019,46.15590
14-01-2019,45.73650
11-01-2019,45.81620
10-01-2019,45.88110
09-01-2019,45.88130
08-01-2019,45.71780
07-01-2019,45.64080
04-01-2019,45.48500
03-01-2019,45.39550
02-01-2019,45.70580
01-01-2019,46.12190
31-12-2018,46.02600
28-12-2018,45.79960
27-12-2018,45.49740
26-12-2018,45.36060
24-12-2018,45.30820
21-12-2018,45.70290
20-12-2018,46.33230
19-12-2018,46.37520
18-12-2018,45.91260
17-12-2018,45.80940
14-12-2018,45.78220
13-12-2018,45.59850
12-12-2018,45.22400
11-12-2018,44.27180
10-12-2018,43.92120
07-12-2018,44.70660
06-12-2018,44.35490
05-12-2018,45.04630
04-12-2018,45.55010
03-12-2018,45.45570
30-11-2018,45.39580
29-11-2018,45.31230
28-11-2018,44.87750
27-11-2018,44.85510
26-11-2018,44.61520
22-11-2018,44.36270
21-11-2018,44.64470
20-11-2018,44.60130
19-11-2018,44.88280
16-11-2018,44.71650
15-11-2018,44.59740
14-11-2018,44.41440
13-11-2018,44.33310
12-11-2018,44.05890
09-11-2018,44.48800
06-11-2018,44.05460
05-11-2018,44.12420
02-11-2018,44.17800
01-11-2018,43.54900
31-10-2018,43.30670
30-10-2018,42.69400
29-10-2018,42.67000
26-10-2018,42.03340
25-10-2018,42.50230
24-10-2018,42.72220
23-10-2018,42.32280
22-10-2018,42.73020
19-10-2018,42.98690
17-10-2018,43.55300
16-10-2018,44.25350
15-10-2018,43.91870
12-10-2018,43.74280
11-10-2018,42.78560
10-10-2018,43.43420
09-10-2018,42.34800
08-10-2018,42.52450
05-10-2018,42.98070
04-10-2018,44.08210
03-10-2018,44.89510
01-10-2018,45.26730
28-09-2018,45.22660
27-09-2018,45.62000
26-09-2018,46.12170
25-09-2018,46.10470
24-09-2018,45.72240
21-09-2018,46.65270
19-09-2018,47.18220
18-09-2018,47.35940
17-09-2018,47.98460
14-09-2018,48.38800
12-09-2018,47.69380
11-09-2018,47.67030
10-09-2018,48.22280
07-09-2018,48.93040
06-09-2018,48.54760
05-09-2018,48.43930
04-09-2018,48.68400
03-09-2018,49.31180
31-08-2018,49.63850
30-08-2018,49.50210
29-08-2018,49.30460
28-08-2018,49.31740
27-08-2018,49.31720
24-08-2018,48.81440
23-08-2018,49.00910
21-08-2018,48.94770
20-08-2018,48.79590
17-08-2018,48.81450
16-08-2018,48.53510
14-08-2018,48.59580
13-08-2018,48.47890
10-08-2018,48.82470
09-08-2018,48.82050
08-08-2018,48.65500
07-08-2018,48.58440
06-08-2018,48.56240
03-08-2018,48.34600
02-08-2018,48.03640
01-08-2018,48.14570
31-07-2018,48.26940
30-07-2018,48.27000
27-07-2018,48.03290
26-07-2018,47.57260
25-07-2018,47.31080
24-07-2018,47.32140
23-07-2018,46.75010
20-07-2018,46.33090
19-07-2018,46.02010
18-07-2018,46.27910
17-07-2018,46.47820
16-07-2018,46.11530
13-07-2018,46.68300
12-07-2018,46.72020
11-07-2018,46.63720
10-07-2018,46.77970
09-07-2018,46.38300
06-07-2018,46.03270
05-07-2018,45.97150
04-07-2018,46.11970
03-07-2018,46.00490
02-07-2018,45.75540
29-06-2018,46.00090
28-06-2018,45.45750
27-06-2018,45.88790
26-06-2018,46.54750
25-06-2018,46.59830
22-06-2018,46.89180
21-06-2018,46.65840
20-06-2018,46.81430
19-06-2018,46.83130
18-06-2018,47.26990
15-06-2018,47.37680
14-06-2018,47.45380
13-06-2018,47.51820
12-06-2018,47.53840
11-06-2018,47.34500
08-06-2018,47.23350
07-06-2018,47.16840
06-06-2018,46.75350
05-06-2018,46.20350
04-06-2018,46.58670
01-06-2018,47.10390
31-05-2018,47.43370
30-05-2018,47.17990
29-05-2018,47.32100
28-05-2018,47.66390
25-05-2018,47.31970
24-05-2018,46.82720
23-05-2018,46.53800
22-05-2018,46.85380
21-05-2018,46.68440
18-05-2018,47.05260
17-05-2018,47.49210
16-05-2018,47.49300
15-05-2018,47.68730
14-05-2018,47.69540
11-05-2018,47.89670
10-05-2018,47.65770
09-05-2018,47.86770
08-05-2018,47.88970
07-05-2018,47.92360
04-05-2018,47.62380
03-05-2018,47.74750
02-05-2018,48.11140
30-04-2018,48.31070
27-04-2018,48.16150
26-04-2018,48.01680
25-04-2018,47.81470
24-04-2018,48.00330
23-04-2018,48.03530
20-04-2018,47.96440
19-04-2018,47.93680
18-04-2018,47.66420
17-04-2018,47.76630
16-04-2018,47.82530
13-04-2018,47.63360
12-04-2018,47.68300
11-04-2018,47.52730
10-04-2018,47.58270
09-04-2018,47.56640
06-04-2018,47.42610
05-04-2018,47.23920
04-04-2018,46.29120
03-04-2018,46.71740
02-04-2018,46.42320
28-03-2018,45.95620
27-03-2018,46.13730
26-03-2018,45.63220
23-03-2018,45.15850
22-03-2018,45.50720
21-03-2018,45.65650
20-03-2018,45.36560
19-03-2018,45.40690
16-03-2018,46.06600
15-03-2018,46.64590
14-03-2018,46.61690
13-03-2018,46.53450
12-03-2018,46.32530
09-03-2018,45.84340
08-03-2018,45.80480
07-03-2018,45.60400
06-03-2018,46.11020
05-03-2018,46.60380
01-03-2018,46.88300
28-02-2018,47.11890
27-02-2018,47.14200
26-02-2018,47.22390
23-02-2018,46.79920
22-02-2018,46.23830
21-02-2018,46.44130
20-02-2018,46.42960
19-02-2018,46.49970
16-02-2018,46.92830
15-02-2018,47.47070
14-02-2018,47.55400
12-02-2018,47.54530
09-02-2018,47.21800
08-02-2018,47.56790
07-02-2018,47.04150
06-02-2018,46.80660
05-02-2018,47.44610
02-02-2018,47.67620
01-02-2018,48.97620
31-01-2018,48.85570
30-01-2018,49.07650
29-01-2018,49.30570
25-01-2018,49.39930
24-01-2018,49.73440
23-01-2018,49.94790
22-01-2018,49.58800
19-01-2018,49.34490
18-01-2018,49.00160
17-01-2018,49.32060
16-01-2018,49.02400
15-01-2018,49.49200
12-01-2018,49.47430
11-01-2018,49.43270
10-01-2018,49.33820
09-01-2018,49.31230
08-01-2018,49.47620
05-01-2018,49.18690
04-01-2018,48.71960
03-01-2018,48.44940
02-01-2018,48.38440
01-01-2018,48.53690
29-12-2017,48.71010
28-12-2017,48.56960
27-12-2017,48.64220
26-12-2017,48.85250
22-12-2017,48.75740
21-12-2017,48.42610
20-12-2017,48.27460
19-12-2017,48.12960
18-12-2017,47.62920
15-12-2017,47.42160
14-12-2017,47.04960
13-12-2017,46.90510
12-12-2017,47.14140
11-12-2017,47.49690
08-12-2017,47.25020
07-12-2017,46.82770
06-12-2017,46.20420
05-12-2017,46.49100
04-12-2017,46.52170
01-12-2017,46.64430
30-11-2017,47.17000
29-11-2017,47.51280
28-11-2017,47.37520
27-11-2017,47.34640
24-11-2017,47.23090
23-11-2017,47.00260
22-11-2017,47.02390
21-11-2017,47.00940
20-11-2017,46.87560
17-11-2017,46.68620
16-11-2017,46.25620
15-11-2017,45.90290
14-11-2017,46.38060
13-11-2017,46.50670
10-11-2017,46.69260
09-11-2017,46.80750
08-11-2017,46.58240
07-11-2017,46.79660
06-11-2017,47.23490
03-11-2017,47.28930
02-11-2017,47.11690
01-11-2017,47.10950
31-10-2017,46.75420
30-10-2017,46.69590
27-10-2017,46.44830
26-10-2017,46.57880
25-10-2017,46.30930
24-10-2017,46.48590
23-10-2017,46.39860
18-10-2017,46.49360
17-10-2017,46.59090
16-10-2017,46.38280
13-10-2017,46.21760
12-10-2017,46.06140
11-10-2017,45.66550
10-10-2017,45.83260
09-10-2017,45.56770
06-10-2017,45.58140
05-10-2017,45.10980
04-10-2017,45.05490
03-10-2017,44.85490
29-09-2017,44.57710
28-09-2017,44.15750
27-09-2017,43.89200
26-09-2017,44.49740
25-09-2017,44.40430
22-09-2017,44.89640
21-09-2017,45.63600
20-09-2017,45.85280
19-09-2017,46.05810
18-09-2017,45.93150
15-09-2017,45.63260
14-09-2017,45.62280
13-09-2017,45.51310
12-09-2017,45.86430
11-09-2017,45.64630
08-09-2017,45.28690
07-09-2017,45.27430
06-09-2017,45.18590
05-09-2017,45.06840
04-09-2017,44.60400
01-09-2017,44.99340
31-08-2017,44.78310
30-08-2017,44.53250
29-08-2017,43.97710
28-08-2017,44.35780
24-08-2017,44.15770
23-08-2017,44.07080
22-08-2017,43.68360
21-08-2017,43.68200
18-08-2017,44.07700
17-08-2017,44.20690
16-08-2017,44.21960
14-08-2017,43.73750
11-08-2017,43.07990
10-08-2017,43.24000
09-08-2017,43.90990
08-08-2017,44.37810
07-08-2017,44.68670
04-08-2017,44.48800
03-08-2017,43.97450
02-08-2017,44.24570
01-08-2017,44.36400
31-07-2017,44.29220
28-07-2017,44.04750
27-07-2017,44.00430
26-07-2017,44.15600
25-07-2017,43.92260
24-07-2017,43.79420
21-07-2017,43.73980
20-07-2017,43.59640
19-07-2017,43.78250
18-07-2017,43.45270
17-07-2017,43.86960
14-07-2017,43.70380
13-07-2017,43.89480
12-07-2017,43.51670
11-07-2017,43.08510
10-07-2017,43.20420
07-07-2017,42.87700
06-07-2017,42.87520
05-07-2017,42.73050
04-07-2017,42.50870
03-07-2017,42.56260
30-06-2017,42.21150
29-06-2017,42.03970
28-06-2017,41.85730
27-06-2017,41.87900
23-06-2017,42.21050
22-06-2017,42.63150
21-06-2017,42.84500
20-06-2017,42.95040
19-06-2017,42.80590
16-06-2017,42.67940
15-06-2017,42.49610
14-06-2017,42.71880
13-06-2017,42.74980
12-06-2017,42.79530
09-06-2017,43.07790
08-06-2017,42.93410
07-06-2017,42.92440
06-06-2017,42.78150
05-06-2017,42.89760
02-06-2017,42.74270
01-06-2017,42.44530
31-05-2017,42.43730
30-05-2017,42.06630
29-05-2017,41.81380
26-05-2017,42.15260
25-05-2017,41.54390
24-05-2017,40.82430
23-05-2017,41.13690
22-05-2017,41.48960
19-05-2017,41.74650
18-05-2017,41.87970
17-05-2017,42.50690
16-05-2017,42.58590
15-05-2017,42.32200
12-05-2017,42.03520
11-05-2017,42.26350
10-05-2017,42.15800
09-05-2017,41.72520
08-05-2017,41.60740
05-05-2017,41.46960
04-05-2017,41.82160
03-05-2017,41.64790
02-05-2017,41.76580
28-04-2017,41.74220
27-04-2017,41.73710
26-04-2017,41.66360
25-04-2017,41.75910
24-04-2017,41.41930
21-04-2017,41.13660
20-04-2017,41.19890
19-04-2017,40.97340
18-04-2017,40.79240
17-04-2017,40.93740
13-04-2017,40.96770
12-04-2017,41.06900
11-04-2017,41.21240
10-04-2017,40.98970
07-04-2017,40.77370
06-04-2017,40.85390
05-04-2017,40.84500
03-04-2017,40.57690
31-03-2017,40.51320
30-03-2017,40.31710
29-03-2017,40.09980
28-03-2017,40.01840
27-03-2017,39.85880
24-03-2017,39.95390
23-03-2017,39.89090
22-03-2017,39.56920
21-03-2017,39.96130
20-03-2017,40.00120
17-03-2017,39.95350
16-03-2017,39.88460
15-03-2017,39.51610
14-03-2017,39.34140
10-03-2017,38.92390
09-03-2017,38.99350
08-03-2017,39.02410
07-03-2017,39.20840
06-03-2017,39.27180
03-03-2017,39.06560
02-03-2017,38.95300
01-03-2017,39.40180
28-02-2017,39.28440
27-02-2017,39.27890
23-02-2017,39.39730
22-02-2017,39.25760
21-02-2017,39.56030
20-02-2017,39.35160
17-02-2017,39.11220
16-02-2017,38.87190
15-02-2017,38.38880
14-02-2017,38.96310
13-02-2017,39.23870
10-02-2017,39.36220
09-02-2017,39.42640
08-02-2017,39.23930
07-02-2017,39.09930
06-02-2017,39.18520
03-02-2017,38.68770
02-02-2017,38.38200
01-02-2017,38.01250
31-01-2017,37.29200
30-01-2017,37.78250
27-01-2017,37.87770
25-01-2017,37.69070
24-01-2017,37.22550
23-01-2017,36.90080
20-01-2017,36.67590
19-01-2017,37.17140
18-01-2017,37.08680
17-01-2017,36.92340
16-01-2017,36.86450
13-01-2017,36.76680
12-01-2017,36.79450
11-01-2017,36.74300
10-01-2017,36.38020
09-01-2017,36.12520
06-01-2017,36.07080
05-01-2017,36.31990
04-01-2017,35.95540
03-01-2017,35.89890
02-01-2017,35.77910
30-12-2016,35.55920
29-12-2016,35.24750
28-12-2016,34.87080
27-12-2016,34.68860
26-12-2016,34.18580
23-12-2016,34.62660
22-12-2016,34.68100
21-12-2016,35.11480
20-12-2016,35.15750
19-12-2016,35.48870
16-12-2016,35.76740
15-12-2016,35.80920
14-12-2016,35.72980
13-12-2016,35.94160
12-12-2016,35.86180
09-12-2016,36.31110
08-12-2016,36.18630
07-12-2016,35.68720
06-12-2016,35.77710
05-12-2016,35.68010
02-12-2016,35.56450
01-12-2016,36.15800
30-11-2016,36.46000
29-11-2016,36.19050
28-11-2016,35.96080
25-11-2016,35.71390
24-11-2016,35.02940
23-11-2016,35.18320
22-11-2016,34.92870
21-11-2016,34.56530
18-11-2016,35.41880
17-11-2016,35.41190
16-11-2016,35.51550
15-11-2016,35.36890
11-11-2016,36.53020
10-11-2016,37.59770
09-11-2016,37.12270
08-11-2016,37.88140
07-11-2016,37.64480
04-11-2016,37.10840
03-11-2016,37.61000
02-11-2016,37.88680
01-11-2016,38.47180
28-10-2016,38.48510
27-10-2016,38.19190
26-10-2016,38.44960
25-10-2016,38.77500
24-10-2016,38.70710
21-10-2016,38.71350
20-10-2016,38.45980
19-10-2016,38.37750
18-10-2016,38.24420
17-10-2016,37.76830
14-10-2016,38.11910
13-10-2016,37.94510
10-10-2016,38.56230
07-10-2016,38.50850
06-10-2016,38.48410
05-10-2016,38.55130
04-10-2016,38.53010
03-10-2016,38.28720
30-09-2016,37.50450
29-09-2016,37.03830
28-09-2016,38.03250
27-09-2016,37.80340
26-09-2016,37.89340
23-09-2016,38.09230
22-09-2016,38.19260
21-09-2016,37.66490
20-09-2016,37.54040
19-09-2016,37.81200
16-09-2016,37.74160
15-09-2016,37.53030
14-09-2016,37.56950
12-09-2016,37.36440
09-09-2016,38.11790
08-09-2016,38.39070
07-09-2016,38.21820
06-09-2016,38.36650
02-09-2016,38.01390
01-09-2016,37.87820
31-08-2016,38.04430
30-08-2016,37.77680
29-08-2016,37.38520
26-08-2016,37.36340
25-08-2016,37.34530
24-08-2016,37.45410
23-08-2016,37.25790
22-08-2016,37.38020
19-08-2016,37.59170
18-08-2016,37.45520
17-08-2016,37.23270
16-08-2016,37.10110
12-08-2016,37.05860
11-08-2016,36.93620
10-08-2016,36.99940
09-08-2016,37.51890
08-08-2016,37.61600
05-08-2016,37.32650
04-08-2016,36.77430
03-08-2016,36.75600
02-08-2016,37.36110
01-08-2016,37.54780
29-07-2016,37.41940
28-07-2016,37.29240
27-07-2016,37.00940
26-07-2016,36.76000
25-07-2016,36.74630
22-07-2016,36.34900
21-07-2016,36.10970
20-07-2016,36.17740
19-07-2016,35.87360
18-07-2016,35.84330
15-07-2016,35.90940
14-07-2016,36.18160
13-07-2016,35.96160
12-07-2016,36.16450
11-07-2016,36.10180
08-07-2016,35.63830
07-07-2016,35.70200
05-07-2016,35.85760
04-07-2016,35.91800
01-07-2016,35.64050
30-06-2016,35.46240
29-06-2016,35.09280
28-06-2016,34.65400
27-06-2016,34.59300
24-06-2016,34.47410
23-06-2016,34.94840
22-06-2016,34.77050
21-06-2016,34.85050
20-06-2016,34.94040
17-06-2016,34.66170
16-06-2016,34.58910
15-06-2016,34.81950
14-06-2016,34.48810
13-06-2016,34.46400
10-06-2016,34.69440
09-06-2016,34.82840
08-06-2016,34.99850
07-06-2016,34.86600
06-06-2016,34.67790
03-06-2016,34.69060
02-06-2016,34.52500
01-06-2016,34.37200
31-05-2016,34.29990
30-05-2016,34.27590
27-05-2016,34.03490
26-05-2016,33.75920
25-05-2016,33.37280
24-05-2016,32.87770
23-05-2016,32.99160
20-05-2016,33.11720
19-05-2016,33.20260
18-05-2016,33.53770
17-05-2016,33.56420
16-05-2016,33.49310
13-05-2016,33.39560
12-05-2016,33.63280
11-05-2016,33.36410
10-05-2016,33.33270
09-05-2016,33.35710
06-05-2016,33.07120
05-05-2016,33.04350
04-05-2016,32.92890
03-05-2016,33.13700
02-05-2016,33.28310
29-04-2016,33.13390
28-04-2016,33.19430
27-04-2016,33.73320
26-04-2016,33.63430
25-04-2016,33.29280
22-04-2016,33.42470
21-04-2016,33.44430
20-04-2016,33.54000
18-04-2016,33.43100
13-04-2016,33.26630
12-04-2016,32.86810
11-04-2016,32.71890
08-04-2016,32.28350
07-04-2016,32.22320
06-04-2016,32.35680
05-04-2016,32.26950
04-04-2016,32.73500
01-04-2016,32.54480
31-03-2016,32.59260
30-03-2016,32.32700
29-03-2016,31.85250
28-03-2016,31.78900
23-03-2016,32.23960
22-03-2016,32.12820
21-03-2016,31.92740
18-03-2016,31.54580
17-03-2016,31.24350
16-03-2016,31.08910
15-03-2016,30.99740
14-03-2016,31.11820
11-03-2016,31.02380
10-03-2016,30.88500
09-03-2016,31.10200
08-03-2016,30.96100
04-03-2016,30.93020
03-03-2016,30.84320
02-03-2016,30.39890
01-03-2016,29.73000
29-02-2016,28.82380
26-02-2016,28.91160
25-02-2016,28.80590
24-02-2016,29.04840
23-02-2016,29.37310
22-02-2016,29.84270
19-02-2016,29.78770
18-02-2016,29.86300
17-02-2016,29.66320
16-02-2016,29.43020
15-02-2016,29.93190
12-02-2016,29.16450
11-02-2016,29.26450
10-02-2016,30.29820
09-02-2016,30.64110
08-02-2016,31.09430
05-02-2016,31.28620
04-02-2016,31.01130
03-02-2016,30.97230
02-02-2016,31.40770
01-02-2016,31.81010
29-01-2016,31.72040
28-01-2016,31.31600
27-01-2016,31.41580
25-01-2016,31.24450
22-01-2016,31.09060
21-01-2016,30.40790
20-01-2016,30.47500
19-01-2016,31.08070
18-01-2016,30.76980
15-01-2016,31.57560
14-01-2016,32.12430
13-01-2016,32.38450
12-01-2016,32.56770
11-01-2016,32.80200
08-01-2016,32.99700
07-01-2016,32.61090
06-01-2016,33.33650
05-01-2016,33.37440
04-01-2016,33.31120
01-01-2016,33.84370
31-12-2015,33.60490
30-12-2015,33.46130
29-12-2015,33.52610
28-12-2015,33.55060
24-12-2015,33.37970
23-12-2015,33.26170
22-12-2015,32.85470
21-12-2015,32.99390
18-12-2015,32.64210
17-12-2015,32.84770
16-12-2015,32.40550
15-12-2015,32.29710
14-12-2015,32.01260
11-12-2015,31.94500
10-12-2015,32.11900
09-12-2015,31.80290
08-12-2015,32.25350
07-12-2015,32.42580
04-12-2015,32.41230
03-12-2015,32.68170
02-12-2015,32.89160
01-12-2015,33.00260
30-11-2015,32.95940
27-11-2015,32.86370
26-11-2015,32.61240
24-11-2015,32.46650
23-11-2015,32.47980
20-11-2015,32.45060
19-11-2015,32.33240
18-11-2015,31.85940
17-11-2015,32.17150
16-11-2015,32.08560
13-11-2015,32.03710
10-11-2015,31.92560
09-11-2015,32.39520
06-11-2015,32.40230
05-11-2015,32.36600
04-11-2015,32.72520
03-11-2015,32.79780
02-11-2015,32.69220
30-10-2015,32.74840
29-10-2015,32.77350
28-10-2015,32.95180
27-10-2015,33.13420
26-10-2015,33.10060
23-10-2015,33.27680
21-10-2015,33.27400
20-10-2015,33.32090
19-10-2015,33.19390
16-10-2015,32.86210
15-10-2015,32.71420
14-10-2015,32.55970
13-10-2015,32.60480
12-10-2015,32.63960
09-10-2015,32.73820
08-10-2015,32.72300
07-10-2015,32.81920
06-10-2015,32.86000
05-10-2015,32.83750
01-10-2015,32.38740
30-09-2015,32.47940
29-09-2015,32.03710
28-09-2015,31.84340
24-09-2015,32.04620
23-09-2015,31.89300
22-09-2015,31.67000
21-09-2015,32.20670
18-09-2015,32.04990
16-09-2015,31.71070
15-09-2015,31.70110
14-09-2015,31.81330
11-09-2015,31.52010
10-09-2015,31.46550
09-09-2015,31.45490
08-09-2015,31.02200
07-09-2015,30.66940
04-09-2015,31.19780
03-09-2015,31.78250
02-09-2015,31.38800
01-09-2015,31.43830
31-08-2015,32.14920
28-08-2015,32.05820
27-08-2015,32.03510
26-08-2015,31.38430
25-08-2015,31.57100
24-08-2015,31.27160
21-08-2015,33.50590
20-08-2015,33.71710
19-08-2015,34.37250
18-08-2015,34.24060
17-08-2015,34.08170
14-08-2015,33.97980
13-08-2015,33.47920
12-08-2015,33.48970
11-08-2015,34.09820
10-08-2015,34.39100
07-08-2015,34.36850
06-08-2015,34.30110
05-08-2015,34.28820
04-08-2015,34.11380
03-08-2015,34.13570
31-07-2015,34.14430
30-07-2015,33.67340
29-07-2015,33.52160
28-07-2015,33.33690
27-07-2015,33.19950
24-07-2015,33.60560
23-07-2015,33.83400
22-07-2015,33.77440
21-07-2015,33.55570
20-07-2015,33.80660
17-07-2015,33.73940
16-07-2015,33.65980
15-07-2015,33.30760
14-07-2015,33.18590
13-07-2015,33.17220
10-07-2015,32.83080
09-07-2015,32.65600
08-07-2015,32.78310
07-07-2015,33.14840
06-07-2015,32.99170
03-07-2015,32.80490
02-07-2015,32.67310
01-07-2015,32.59230
30-06-2015,32.20090
29-06-2015,31.90520
26-06-2015,32.35170
25-06-2015,32.27580
24-06-2015,32.27060
23-06-2015,32.37820
22-06-2015,32.30590
19-06-2015,31.93220
18-06-2015,31.75430
17-06-2015,31.37510
16-06-2015,31.11600
15-06-2015,30.98920
12-06-2015,30.88120
11-06-2015,30.91040
10-06-2015,31.46690
09-06-2015,31.14400
08-06-2015,31.24530
05-06-2015,31.60860
04-06-2015,31.51060
03-06-2015,31.40830
02-06-2015,31.88400
01-06-2015,32.49310
29-05-2015,32.46170
28-05-2015,32.12460
27-05-2015,32.19200
26-05-2015,32.31040
25-05-2015,32.39040
22-05-2015,32.53990
21-05-2015,32.36710
20-05-2015,32.33900
19-05-2015,32.25060
18-05-2015,32.12210
15-05-2015,31.83880
14-05-2015,31.56720
13-05-2015,31.39140
12-05-2015,31.12100
11-05-2015,31.74680
08-05-2015,31.27750
07-05-2015,30.76040
06-05-2015,31.18430
05-05-2015,32.13810
04-05-2015,32.05370
30-04-2015,31.75970
29-04-2015,31.71760
28-04-2015,31.48780
27-04-2015,31.03010
24-04-2015,31.64940
23-04-2015,32.19790
22-04-2015,32.30930
21-04-2015,32.31510
20-04-2015,32.55710
17-04-2015,33.18350
16-04-2015,33.66540
15-04-2015,33.83710
13-04-2015,33.94060
10-04-2015,33.69470
09-04-2015,33.59400
08-04-2015,33.37220
07-04-2015,33.05480
06-04-2015,32.97560
01-04-2015,32.61500
31-03-2015,32.14000
30-03-2015,32.01670
27-03-2015,31.46070
26-03-2015,31.35030
25-03-2015,31.81990
24-03-2015,31.88280
23-03-2015,31.91740
20-03-2015,32.24350
19-03-2015,32.65980
18-03-2015,32.86620
17-03-2015,32.79990
16-03-2015,32.48170
13-03-2015,32.56750
12-03-2015,32.98190
11-03-2015,32.55800
10-03-2015,32.56110
09-03-2015,32.56810
05-03-2015,33.09420
04-03-2015,32.95680
03-03-2015,33.28810
02-03-2015,32.89800
27-02-2015,32.15700
26-02-2015,31.59960
25-02-2015,31.94020
24-02-2015,32.02180
23-02-2015,32.09640
20-02-2015,32.48130
19-02-2015,32.64170
18-02-2015,32.69140
16-02-2015,32.52270
13-02-2015,32.52320
12-02-2015,32.03640
11-02-2015,31.72450
10-02-2015,31.27380
09-02-2015,30.97190
06-02-2015,31.43020
05-02-2015,31.75360
04-02-2015,31.85560
03-02-2015,32.10630
02-02-2015,32.18030
30-01-2015,32.12750
29-01-2015,32.38730
28-01-2015,32.33380
27-01-2015,32.16510
23-01-2015,31.86980
22-01-2015,31.81780
21-01-2015,31.66550
20-01-2015,31.62730
19-01-2015,31.32990
16-01-2015,31.26830
15-01-2015,31.26550
14-01-2015,30.72310
13-01-2015,30.79710
12-01-2015,30.86380
09-01-2015,30.69100
08-01-2015,30.56940
07-01-2015,30.08690
06-01-2015,30.09060
05-01-2015,30.96690
02-01-2015,31.03450
01-01-2015,30.76300
31-12-2014,30.60320
30-12-2014,30.34880
29-12-2014,30.28270
26-12-2014,30.08320
24-12-2014,30.02030
23-12-2014,30.17810
22-12-2014,30.22900
19-12-2014,30.00040
18-12-2014,29.81470
17-12-2014,28.99630
16-12-2014,29.25460
15-12-2014,29.87120
12-12-2014,30.03340
11-12-2014,30.22480
10-12-2014,30.37240
09-12-2014,30.17070
08-12-2014,30.50570
05-12-2014,30.86590
04-12-2014,31.02700
03-12-2014,30.92370
02-12-2014,30.65920
01-12-2014,30.55160
28-11-2014,30.62970
27-11-2014,30.23760
26-11-2014,30.03640
25-11-2014,29.92990
24-11-2014,30.29370
21-11-2014,30.11330
20-11-2014,29.87050
19-11-2014,29.75050
18-11-2014,29.87770
17-11-2014,29.85230
14-11-2014,29.58330
13-11-2014,29.38450
12-11-2014,29.54970
11-11-2014,29.35470
10-11-2014,29.20800
07-11-2014,29.20970
05-11-2014,29.09840
03-11-2014,28.95610
31-10-2014,28.82980
30-10-2014,28.40930
29-10-2014,28.19150
28-10-2014,27.90800
27-10-2014,27.78570
22-10-2014,27.76240
21-10-2014,27.51660
20-10-2014,27.39120
17-10-2014,27.03300
16-10-2014,27.02040
14-10-2014,27.61110
13-10-2014,27.58390
10-10-2014,27.45170
09-10-2014,27.71990
08-10-2014,27.41530
07-10-2014,27.53310
01-10-2014,27.73010
30-09-2014,27.75610
29-09-2014,27.74840
26-09-2014,27.53360
25-09-2014,27.28720
24-09-2014,27.70810
23-09-2014,27.83760
22-09-2014,28.28430
19-09-2014,28.18160
18-09-2014,28.17580
17-09-2014,27.73160
16-09-2014,27.56210
15-09-2014,28.24600
12-09-2014,28.26650
11-09-2014,28.12960
10-09-2014,27.99110
09-09-2014,28.01890
08-09-2014,28.00710
05-09-2014,27.60150
04-09-2014,27.48230
03-09-2014,27.53200
02-09-2014,27.34130
01-09-2014,27.19480
28-08-2014,26.86180
27-08-2014,26.85350
26-08-2014,26.77100
25-08-2014,26.80440
22-08-2014,26.91660
21-08-2014,26.82700
20-08-2014,26.68350
19-08-2014,26.60860
18-08-2014,26.32860
14-08-2014,25.81480
13-08-2014,25.52430
12-08-2014,25.65830
11-08-2014,25.49340
08-08-2014,25.34830
07-08-2014,25.71220
06-08-2014,25.80550
05-08-2014,25.91960
04-08-2014,25.79620
01-08-2014,25.53540
31-07-2014,25.80220
30-07-2014,25.89210
28-07-2014,25.78110
25-07-2014,25.92930
24-07-2014,26.16670
23-07-2014,26.12600
22-07-2014,25.98070
21-07-2014,25.69630
18-07-2014,25.59450
17-07-2014,25.55880
16-07-2014,25.40260
15-07-2014,25.00150
14-07-2014,24.63000
11-07-2014,24.57400
10-07-2014,25.02000
09-07-2014,25.13680
08-07-2014,25.30690
07-07-2014,25.95590
04-07-2014,25.98950
03-07-2014,25.77770
02-07-2014,25.67770
01-07-2014,25.37140
30-06-2014,25.25150
27-06-2014,24.88890
26-06-2014,24.74760
25-06-2014,24.93880
24-06-2014,24.89670
23-06-2014,24.73080
20-06-2014,24.67130
19-06-2014,24.74010
18-06-2014,24.87220
17-06-2014,25.05860
16-06-2014,24.61020
13-06-2014,24.56190
12-06-2014,25.05600
11-06-2014,24.83760
10-06-2014,24.84420
09-06-2014,24.85300
06-06-2014,24.58330
05-06-2014,24.19140
04-06-2014,23.97410
03-06-2014,23.99080
02-06-2014,23.81080
30-05-2014,23.32070
29-05-2014,23.23860
28-05-2014,23.60890
27-05-2014,23.51710
26-05-2014,23.58010
23-05-2014,23.66270
22-05-2014,23.39690
21-05-2014,23.05280
20-05-2014,23.08510
19-05-2014,22.98110
16-05-2014,22.58180
15-05-2014,22.30940
14-05-2014,22.28390
13-05-2014,22.23410
12-05-2014,21.96270
09-05-2014,21.64700
08-05-2014,21.14400
07-05-2014,21.07260
06-05-2014,21.14680
05-05-2014,21.05090
02-05-2014,21.10410
30-04-2014,21.13440
29-04-2014,21.22240
28-04-2014,21.36490
25-04-2014,21.37460
23-04-2014,21.41820
22-04-2014,21.29750
21-04-2014,21.28170
17-04-2014,21.11280
16-04-2014,20.80290
15-04-2014,20.96330
11-04-2014,21.04400
10-04-2014,21.01830
09-04-2014,21.03410
07-04-2014,20.75350
04-04-2014,20.75610
03-04-2014,20.84960
02-04-2014,20.93860
01-04-2014,20.79450
31-03-2014,20.77610
28-03-2014,20.67410
27-03-2014,20.50570
26-03-2014,20.42370
25-03-2014,20.41840
24-03-2014,20.37190
21-03-2014,20.14180
20-03-2014,20.07370
19-03-2014,20.11120
18-03-2014,20.07020
14-03-2014,19.99820
13-03-2014,19.98210
12-03-2014,20.04060
11-03-2014,19.97700
10-03-2014,20.08900
07-03-2014,20.10560
06-03-2014,19.87940
05-03-2014,19.67900
04-03-2014,19.56200
03-03-2014,19.37260
28-02-2014,19.49250
26-02-2014,19.36140
25-02-2014,19.31480
24-02-2014,19.25970
21-02-2014,19.20340
20-02-2014,19.04070
19-02-2014,19.13520
18-02-2014,19.04890
17-02-2014,18.92370
14-02-2014,18.91740
13-02-2014,18.78820
12-02-2014,19.00370
11-02-2014,18.95260
10-02-2014,18.81890
07-02-2014,18.81250
06-02-2014,18.75060
05-02-2014,18.73930
04-02-2014,18.71790
03-02-2014,18.68640
31-01-2014,18.88980
30-01-2014,18.73770
29-01-2014,18.89810
28-01-2014,18.87890
27-01-2014,18.92390
24-01-2014,19.32280
23-01-2014,19.55780
22-01-2014,19.64960
21-01-2014,19.57770
20-01-2014,19.49830
17-01-2014,19.34180
16-01-2014,19.54180
15-01-2014,19.56060
14-01-2014,19.41930
13-01-2014,19.49910
10-01-2014,19.26410
09-01-2014,19.27970
08-01-2014,19.31270
07-01-2014,19.24150
06-01-2014,19.33580
03-01-2014,19.36510
02-01-2014,19.31750
01-01-2014,19.61660
31-12-2013,19.61970
30-12-2013,19.54460
27-12-2013,19.58600
26-12-2013,19.47520
24-12-2013,19.39880
23-12-2013,19.39170
20-12-2013,19.34620
19-12-2013,19.10420
18-12-2013,19.18630
17-12-2013,18.98410
16-12-2013,18.98350
13-12-2013,18.97330
12-12-2013,19.13370
11-12-2013,19.30470
10-12-2013,19.35410
09-12-2013,19.43500
06-12-2013,19.21090
05-12-2013,19.12350
04-12-2013,18.91700
03-12-2013,18.96690
02-12-2013,18.98390
29-11-2013,18.83750
28-11-2013,18.58860
27-11-2013,18.46420
26-11-2013,18.47030
25-11-2013,18.66060
22-11-2013,18.30220
21-11-2013,18.32680
20-11-2013,18.64010
19-11-2013,18.81560
18-11-2013,18.78750
14-11-2013,18.47170
13-11-2013,18.23270
12-11-2013,18.30540
11-11-2013,18.47560
08-11-2013,18.60690
07-11-2013,18.66950
06-11-2013,18.79000
05-11-2013,18.83100
01-11-2013,18.85660
31-10-2013,18.79930
30-10-2013,18.66350
29-10-2013,18.55940
28-10-2013,18.23880
25-10-2013,18.35190
24-10-2013,18.43370
23-10-2013,18.46530
22-10-2013,18.57740
21-10-2013,18.51420
18-10-2013,18.45720
17-10-2013,18.07680
15-10-2013,18.18050
14-10-2013,18.28260
11-10-2013,18.21320
10-10-2013,18.03750
09-10-2013,17.93710
08-10-2013,17.72610
07-10-2013,17.65810
04-10-2013,17.63420
03-10-2013,17.62390
01-10-2013,17.31290
30-09-2013,17.16270
27-09-2013,17.40990
26-09-2013,17.44470
25-09-2013,17.40410
24-09-2013,17.46860
23-09-2013,17.45980
20-09-2013,17.75810
19-09-2013,17.95260
18-09-2013,17.40730
17-09-2013,17.29450
16-09-2013,17.24840
13-09-2013,17.27590
12-09-2013,17.32540
11-09-2013,17.46890
10-09-2013,17.34140
06-09-2013,16.88580
05-09-2013,16.64710
04-09-2013,16.28970
03-09-2013,16.03620
02-09-2013,16.54170
30-08-2013,16.32540
29-08-2013,16.19430
28-08-2013,15.89790
27-08-2013,15.98110
26-08-2013,16.45800
23-08-2013,16.41540
22-08-2013,16.25400
21-08-2013,15.97910
20-08-2013,16.28260
19-08-2013,16.28550
16-08-2013,16.56090
14-08-2013,17.15460
13-08-2013,17.03360
12-08-2013,16.76210
08-08-2013,16.56990
07-08-2013,16.46270
06-08-2013,16.45390
05-08-2013,16.88530
02-08-2013,16.87140
01-08-2013,17.00410
31-07-2013,17.05510
30-07-2013,17.14320
29-07-2013,17.38060
26-07-2013,17.51930
25-07-2013,17.60220
24-07-2013,17.77210
23-07-2013,18.05860
22-07-2013,17.97290
19-07-2013,18.00530
18-07-2013,18.03560
17-07-2013,17.87870
16-07-2013,17.95920
15-07-2013,18.18170
12-07-2013,18.11300
11-07-2013,17.96460
10-07-2013,17.68470
09-07-2013,17.76340
08-07-2013,17.65440
05-07-2013,17.75800
04-07-2013,17.70430
03-07-2013,17.51840
02-07-2013,17.78670
01-07-2013,17.84920
28-06-2013,17.62700
27-06-2013,17.27700
26-06-2013,17.03910
25-06-2013,17.09860
24-06-2013,17.12200
21-06-2013,17.44440
20-06-2013,17.52740
19-06-2013,17.97990
18-06-2013,17.97760
17-06-2013,18.02890
14-06-2013,17.90990
13-06-2013,17.61210
12-06-2013,17.85120
11-06-2013,17.91330
10-06-2013,18.21970
07-06-2013,18.32070
06-06-2013,18.38550
05-06-2013,18.40160
04-06-2013,18.38780
03-06-2013,18.36440
31-05-2013,18.44430
30-05-2013,18.71010
29-05-2013,18.63560
28-05-2013,18.67960
27-05-2013,18.56790
24-05-2013,18.34240
23-05-2013,18.29400
22-05-2013,18.70830
21-05-2013,18.78620
20-05-2013,18.92000
17-05-2013,18.98310
16-05-2013,18.94990
15-05-2013,18.86050
14-05-2013,18.48120
13-05-2013,18.42200
10-05-2013,18.70180
09-05-2013,18.61510
08-05-2013,18.67470
07-05-2013,18.59210
06-05-2013,18.46760
03-05-2013,18.34440
02-05-2013,18.48070
30-04-2013,18.25110
29-04-2013,18.12940
26-04-2013,18.03670
25-04-2013,18.11740
23-04-2013,17.96840
22-04-2013,17.97280
18-04-2013,17.74620
17-04-2013,17.55190
16-04-2013,17.51020
15-04-2013,17.25020
12-04-2013,17.18250
11-04-2013,17.31010
10-04-2013,17.21050
09-04-2013,17.10320
08-04-2013,17.22780
05-04-2013,17.28700
04-04-2013,17.35680
03-04-2013,17.64000
02-04-2013,17.82270
01-04-2013,17.71320
28-03-2013,17.65300
26-03-2013,17.43380
25-03-2013,17.41700
22-03-2013,17.44260
21-03-2013,17.54440
20-03-2013,17.65910
19-03-2013,17.90210
18-03-2013,18.16520
15-03-2013,18.30470
14-03-2013,18.38670
13-03-2013,18.18430
12-03-2013,18.37230
11-03-2013,18.43360
08-03-2013,18.41060
07-03-2013,18.20940
06-03-2013,18.07150
05-03-2013,17.95700
04-03-2013,17.70520
01-03-2013,17.81810
28-02-2013,17.71420
27-02-2013,18.05810
26-02-2013,17.93400
25-02-2013,18.17960
22-02-2013,18.22630
21-02-2013,18.22830
20-02-2013,18.55280
19-02-2013,18.53620
18-02-2013,18.41940
15-02-2013,18.39910
14-02-2013,18.40070
13-02-2013,18.54490
12-02-2013,18.43800
11-02-2013,18.35000
08-02-2013,18.40000
07-02-2013,18.50000
06-02-2013,18.55000
05-02-2013,18.61000
04-02-2013,18.75000
01-02-2013,18.84000
31-01-2013,18.85000
30-01-2013,18.81000
29-01-2013,18.80000
28-01-2013,18.89000
25-01-2013,18.84000
24-01-2013,18.64000
23-01-2013,18.88000
22-01-2013,18.93000
21-01-2013,19.07000
18-01-2013,19.10000
17-01-2013,19.01000
16-01-2013,18.93000
15-01-2013,19.11000
14-01-2013,19.05000
11-01-2013,18.84000
10-01-2013,19.03000
09-01-2013,19.00000
08-01-2013,19.02000
07-01-2013,18.99000
04-01-2013,19.02000
03-01-2013,18.95000
02-01-2013,18.91000
01-01-2013,18.82000
31-12-2012,18.65000
28-12-2012,18.61000
27-12-2012,18.46000
26-12-2012,18.50000
24-12-2012,18.37000
21-12-2012,18.30000
20-12-2012,18.49000
19-12-2012,18.52000
18-12-2012,18.43000
17-12-2012,18.37000
14-12-2012,18.38000
13-12-2012,18.23000
12-12-2012,18.36000
11-12-2012,18.38000
10-12-2012,18.38000
07-12-2012,18.34000
06-12-2012,18.37000
05-12-2012,18.29000
04-12-2012,18.26000
03-12-2012,18.20000
30-11-2012,18.16000
29-11-2012,18.01000
27-11-2012,17.81000
26-11-2012,17.57000
23-11-2012,17.43000
22-11-2012,17.42000
21-11-2012,17.36000
20-11-2012,17.29000
19-11-2012,17.33000
16-11-2012,17.39000
15-11-2012,17.58000
12-11-2012,17.65000
09-11-2012,17.64000
08-11-2012,17.77000
07-11-2012,17.85000
06-11-2012,17.77000
05-11-2012,17.69000
02-11-2012,17.69000
01-11-2012,17.56000
31-10-2012,17.50000
30-10-2012,17.44000
29-10-2012,17.64000
26-10-2012,17.72000
25-10-2012,17.78000
23-10-2012,17.72000
22-10-2012,17.70000
19-10-2012,17.63000
18-10-2012,17.74000
17-10-2012,17.52000
16-10-2012,17.49000
15-10-2012,17.65000
12-10-2012,17.65000
11-10-2012,17.67000
10-10-2012,17.54000
09-10-2012,17.69000
08-10-2012,17.62000
05-10-2012,17.78000
04-10-2012,17.84000
03-10-2012,17.70000
01-10-2012,17.66000
28-09-2012,17.62000
27-09-2012,17.37000
26-09-2012,17.35000
25-09-2012,17.40000
24-09-2012,17.37000
21-09-2012,17.37000
20-09-2012,17.13000
18-09-2012,17.24000
17-09-2012,17.28000
14-09-2012,17.26000
13-09-2012,17.04000
12-09-2012,17.07000
11-09-2012,16.92000
10-09-2012,16.86000
07-09-2012,16.78000
06-09-2012,16.59000
05-09-2012,16.55000
04-09-2012,16.66000
03-09-2012,16.62000
31-08-2012,16.61000
30-08-2012,16.59000
29-08-2012,16.49000
28-08-2012,16.61000
27-08-2012,16.64000
24-08-2012,16.70000
23-08-2012,16.70000
22-08-2012,16.69000
21-08-2012,16.71000
17-08-2012,16.61000
16-08-2012,16.59000
14-08-2012,16.62000
13-08-2012,16.51000
10-08-2012,16.46000
09-08-2012,16.47000
08-08-2012,16.59000
07-08-2012,16.62000
06-08-2012,16.55000
03-08-2012,16.44000
02-08-2012,16.41000
01-08-2012,16.38000
31-07-2012,16.32000
30-07-2012,16.27000
27-07-2012,16.05000
26-07-2012,15.97000
25-07-2012,16.06000
24-07-2012,16.08000
23-07-2012,16.02000
20-07-2012,16.21000
19-07-2012,16.29000
18-07-2012,16.21000
17-07-2012,16.07000
16-07-2012,16.14000
13-07-2012,16.19000
12-07-2012,16.15000
11-07-2012,16.26000
10-07-2012,16.34000
09-07-2012,16.19000
06-07-2012,16.31000
05-07-2012,16.34000
04-07-2012,16.25000
03-07-2012,16.22000
29-06-2012,16.13000
28-06-2012,15.80000
27-06-2012,15.78000
26-06-2012,15.69000
25-06-2012,15.67000
22-06-2012,15.76000
21-06-2012,15.78000
20-06-2012,15.63000
19-06-2012,15.53000
18-06-2012,15.42000
15-06-2012,15.67000
14-06-2012,15.48000
13-06-2012,15.65000
12-06-2012,15.64000
11-06-2012,15.57000
08-06-2012,15.64000
07-06-2012,15.60000
06-06-2012,15.42000
05-06-2012,15.16000
04-06-2012,15.16000
01-06-2012,15.12000
31-05-2012,15.35000
30-05-2012,15.31000
29-05-2012,15.48000
28-05-2012,15.49000
25-05-2012,15.30000
24-05-2012,15.27000
23-05-2012,15.09000
22-05-2012,15.15000
21-05-2012,15.23000
18-05-2012,15.20000
17-05-2012,15.23000
16-05-2012,15.23000
15-05-2012,15.42000
14-05-2012,15.37000
11-05-2012,15.50000
10-05-2012,15.60000
09-05-2012,15.57000
08-05-2012,15.64000
07-05-2012,15.88000
04-05-2012,15.85000
03-05-2012,16.12000
02-05-2012,16.31000
30-04-2012,16.34000
27-04-2012,16.22000
26-04-2012,16.18000
25-04-2012,16.18000
24-04-2012,16.24000
23-04-2012,16.23000
20-04-2012,16.50000
19-04-2012,16.61000
18-04-2012,16.48000
17-04-2012,16.42000
16-04-2012,16.29000
13-04-2012,16.22000
12-04-2012,16.31000
11-04-2012,16.14000
10-04-2012,16.19000
09-04-2012,16.31000
04-04-2012,16.52000
03-04-2012,16.58000
30-03-2012,16.43000
29-03-2012,16.07000
28-03-2012,16.06000
27-03-2012,16.12000
26-03-2012,15.97000
22-03-2012,16.06000
21-03-2012,16.38000
20-03-2012,16.11000
19-03-2012,16.06000
16-03-2012,16.15000
15-03-2012,16.33000
14-03-2012,16.44000
13-03-2012,16.37000
12-03-2012,16.19000
09-03-2012,16.12000
07-03-2012,15.85000
06-03-2012,15.82000
05-03-2012,15.91000
02-03-2012,16.10000
01-03-2012,16.07000
29-02-2012,16.14000
28-02-2012,16.12000
27-02-2012,15.76000
24-02-2012,16.15000
23-02-2012,16.11000
22-02-2012,16.05000
21-02-2012,16.37000
17-02-2012,16.22000
15-02-2012,16.23000
14-02-2012,15.87000
13-02-2012,15.80000
10-02-2012,15.76000
09-02-2012,15.78000
08-02-2012,15.68000
07-02-2012,15.67000
06-02-2012,15.67000
03-02-2012,15.60000
02-02-2012,15.47000
01-02-2012,15.36000
31-01-2012,15.25000
30-01-2012,14.95000
27-01-2012,15.25000
25-01-2012,15.10000
24-01-2012,14.96000
23-01-2012,14.81000
20-01-2012,14.88000
19-01-2012,14.78000
18-01-2012,14.58000
17-01-2012,14.63000
16-01-2012,14.38000
13-01-2012,14.41000
12-01-2012,14.28000
11-01-2012,14.26000
10-01-2012,14.16000
09-01-2012,13.88000
06-01-2012,13.86000
05-01-2012,13.81000
04-01-2012,13.87000
03-01-2012,13.85000
02-01-2012,13.50000
30-12-2011,13.48000
29-12-2011,13.50000
28-12-2011,13.58000
27-12-2011,13.70000
26-12-2011,13.85000
23-12-2011,13.74000
22-12-2011,13.83000
21-12-2011,13.67000
20-12-2011,13.36000
19-12-2011,13.60000
16-12-2011,13.73000
15-12-2011,14.00000
14-12-2011,14.03000
13-12-2011,14.15000
12-12-2011,14.07000
09-12-2011,14.39000
08-12-2011,14.59000
07-12-2011,14.97000
05-12-2011,14.96000
02-12-2011,14.98000
01-12-2011,14.61000
30-11-2011,14.34000
29-11-2011,14.35000
28-11-2011,14.57000
25-11-2011,14.17000
24-11-2011,14.17000
23-11-2011,14.00000
22-11-2011,14.31000
21-11-2011,14.14000
18-11-2011,14.51000
17-11-2011,14.54000
16-11-2011,14.78000
15-11-2011,14.84000
14-11-2011,15.14000
11-11-2011,15.28000
09-11-2011,15.56000
08-11-2011,15.85000
04-11-2011,15.87000
03-11-2011,15.76000
02-11-2011,15.75000
01-11-2011,15.68000
31-10-2011,15.79000
28-10-2011,15.79000
25-10-2011,15.30000
24-10-2011,15.19000
21-10-2011,15.11000
20-10-2011,15.25000
19-10-2011,15.35000
18-10-2011,15.04000
17-10-2011,15.25000
14-10-2011,15.32000
13-10-2011,15.21000
12-10-2011,15.26000
11-10-2011,14.99000
10-10-2011,14.95000
07-10-2011,14.70000
05-10-2011,14.29000
04-10-2011,14.40000
03-10-2011,14.65000
29-09-2011,15.11000
28-09-2011,15.01000
27-09-2011,15.17000
26-09-2011,14.83000
23-09-2011,14.96000
22-09-2011,15.14000
21-09-2011,15.72000
20-09-2011,15.67000
19-09-2011,15.42000
16-09-2011,15.58000
15-09-2011,15.52000
14-09-2011,15.31000
13-09-2011,15.14000
12-09-2011,15.16000
09-09-2011,15.53000
08-09-2011,15.85000
07-09-2011,15.79000
06-09-2011,15.53000
05-09-2011,15.47000
02-09-2011,15.44000
30-08-2011,15.31000
29-08-2011,15.05000
26-08-2011,14.61000
25-08-2011,14.90000
24-08-2011,15.10000
23-08-2011,15.29000
22-08-2011,15.16000
18-08-2011,15.22000
17-08-2011,15.57000
16-08-2011,15.66000
12-08-2011,15.93000
11-08-2011,16.10000
10-08-2011,16.19000
09-08-2011,15.93000
08-08-2011,16.04000
05-08-2011,16.33000
04-08-2011,16.60000
03-08-2011,16.76000
02-08-2011,16.85000
01-08-2011,17.05000
29-07-2011,17.02000
28-07-2011,17.08000
27-07-2011,17.27000
26-07-2011,17.31000
25-07-2011,17.57000
22-07-2011,17.46000
21-07-2011,17.22000
20-07-2011,17.30000
19-07-2011,17.47000
18-07-2011,17.39000
15-07-2011,17.40000
14-07-2011,17.45000
13-07-2011,17.41000
12-07-2011,17.25000
11-07-2011,17.47000
08-07-2011,17.57000
07-07-2011,17.72000
06-07-2011,17.43000
05-07-2011,17.48000
04-07-2011,17.47000
30-06-2011,17.37000
29-06-2011,17.29000
28-06-2011,17.15000
27-06-2011,17.08000
24-06-2011,16.86000
23-06-2011,16.43000
22-06-2011,16.35000
21-06-2011,16.43000
20-06-2011,16.42000
17-06-2011,16.79000
16-06-2011,16.90000
15-06-2011,17.01000
14-06-2011,17.13000
13-06-2011,17.08000
10-06-2011,17.06000
09-06-2011,17.09000
08-06-2011,17.08000
07-06-2011,17.14000
06-06-2011,17.06000
03-06-2011,17.09000
02-06-2011,17.23000
01-06-2011,17.32000
31-05-2011,17.24000
30-05-2011,16.98000
27-05-2011,16.97000
26-05-2011,16.75000
25-05-2011,16.59000
24-05-2011,16.65000
23-05-2011,16.62000
20-05-2011,16.89000
19-05-2011,16.74000
18-05-2011,16.74000
16-05-2011,17.08000
13-05-2011,17.25000
12-05-2011,17.10000
11-05-2011,17.30000
10-05-2011,17.17000
09-05-2011,17.17000
06-05-2011,17.15000
05-05-2011,16.93000
04-05-2011,17.11000
03-05-2011,17.13000
02-05-2011,17.57000
29-04-2011,17.77000
28-04-2011,17.94000
27-04-2011,18.05000
26-04-2011,18.09000
25-04-2011,18.09000
21-04-2011,18.07000
20-04-2011,18.00000
19-04-2011,17.71000
18-04-2011,17.65000
15-04-2011,17.88000
13-04-2011,18.02000
11-04-2011,17.71000
08-04-2011,17.86000
07-04-2011,18.00000
06-04-2011,17.99000
05-04-2011,18.03000
31-03-2011,17.66000
30-03-2011,17.58000
29-03-2011,17.39000
28-03-2011,17.25000
25-03-2011,17.15000
24-03-2011,16.84000
23-03-2011,16.72000
22-03-2011,16.51000
21-03-2011,16.37000
18-03-2011,16.39000
17-03-2011,16.57000
16-03-2011,16.68000
15-03-2011,16.50000
14-03-2011,16.73000
11-03-2011,16.57000
10-03-2011,16.75000
09-03-2011,16.85000
08-03-2011,16.83000
07-03-2011,16.68000
04-03-2011,16.88000
03-03-2011,16.92000
01-03-2011,16.91000
28-02-2011,16.47000
25-02-2011,16.43000
24-02-2011,16.35000
23-02-2011,16.76000
22-02-2011,16.89000
21-02-2011,17.08000
18-02-2011,16.94000
17-02-2011,17.24000
15-02-2011,17.00000
14-02-2011,16.96000
11-02-2011,16.48000
10-02-2011,16.17000
09-02-2011,16.24000
08-02-2011,16.60000
07-02-2011,16.90000
04-02-2011,16.98000
03-02-2011,17.30000
02-02-2011,17.08000
01-02-2011,17.04000
31-01-2011,17.29000
28-01-2011,17.34000
27-01-2011,17.65000
25-01-2011,17.97000
24-01-2011,18.07000
21-01-2011,17.94000
20-01-2011,17.91000
19-01-2011,17.90000
18-01-2011,17.94000
17-01-2011,17.79000
14-01-2011,17.89000
13-01-2011,18.22000
12-01-2011,18.45000
11-01-2011,18.23000
10-01-2011,18.25000
07-01-2011,18.69000
06-01-2011,19.10000
05-01-2011,19.28000
04-01-2011,19.47000
03-01-2011,19.53000
31-12-2010,19.45000
30-12-2010,19.28000
29-12-2010,19.17000
28-12-2010,18.99000
27-12-2010,19.01000
24-12-2010,19.06000
23-12-2010,19.03000
22-12-2010,19.03000
21-12-2010,19.06000
20-12-2010,19.04000
16-12-2010,19.03000
15-12-2010,18.96000
14-12-2010,19.10000
13-12-2010,18.98000
10-12-2010,18.77000
09-12-2010,18.49000
08-12-2010,19.06000
07-12-2010,19.31000
06-12-2010,19.32000
03-12-2010,19.34000
02-12-2010,19.52000
01-12-2010,19.43000
30-11-2010,19.14000
29-11-2010,18.93000
26-11-2010,18.73000
25-11-2010,19.02000
24-11-2010,19.27000
23-11-2010,19.46000
22-11-2010,19.71000
19-11-2010,19.44000
18-11-2010,19.70000
16-11-2010,19.68000
15-11-2010,19.98000
12-11-2010,19.86000
11-11-2010,20.25000
10-11-2010,20.47000
09-11-2010,20.45000
08-11-2010,20.44000
04-11-2010,20.39000
03-11-2010,20.11000
02-11-2010,20.01000
01-11-2010,19.98000
29-10-2010,19.70000
28-10-2010,19.69000
27-10-2010,19.77000
26-10-2010,19.92000
25-10-2010,20.03000
22-10-2010,19.88000
21-10-2010,19.94000
20-10-2010,19.60000
19-10-2010,19.66000
18-10-2010,19.70000
15-10-2010,19.76000
14-10-2010,20.06000
13-10-2010,20.22000
12-10-2010,19.93000
11-10-2010,20.01000
08-10-2010,19.95000
07-10-2010,20.02000
06-10-2010,20.18000
05-10-2010,20.06000
04-10-2010,20.01000
01-10-2010,19.95000
29-09-2010,19.59000
28-09-2010,19.70000
27-09-2010,19.70000
24-09-2010,19.69000
23-09-2010,19.50000
22-09-2010,19.55000
21-09-2010,19.65000
20-09-2010,19.68000
17-09-2010,19.53000
16-09-2010,19.27000
15-09-2010,19.45000
14-09-2010,19.35000
13-09-2010,19.35000
09-09-2010,19.02000
08-09-2010,18.86000
07-09-2010,18.81000
06-09-2010,18.80000
03-09-2010,18.52000
02-09-2010,18.44000
01-09-2010,18.34000
31-08-2010,18.07000
30-08-2010,18.20000
27-08-2010,18.16000
26-08-2010,18.35000
25-08-2010,18.27000
24-08-2010,18.44000
23-08-2010,18.55000
20-08-2010,18.48000
18-08-2010,18.44000
17-08-2010,18.28000
16-08-2010,18.26000
13-08-2010,18.35000
12-08-2010,18.21000
11-08-2010,18.22000
10-08-2010,18.41000
09-08-2010,18.51000
06-08-2010,18.35000
05-08-2010,18.36000
04-08-2010,18.43000
03-08-2010,18.34000
02-08-2010,18.28000
30-07-2010,18.11000
29-07-2010,18.18000
28-07-2010,18.17000
27-07-2010,18.24000
26-07-2010,18.25000
23-07-2010,18.30000
22-07-2010,18.28000
21-07-2010,18.16000
20-07-2010,18.08000
19-07-2010,18.15000
16-07-2010,18.16000
15-07-2010,18.08000
14-07-2010,18.11000
13-07-2010,18.19000
12-07-2010,18.08000
09-07-2010,18.00000
08-07-2010,17.86000
07-07-2010,17.72000
06-07-2010,17.79000
05-07-2010,17.67000
02-07-2010,17.66000
30-06-2010,17.87000
29-06-2010,17.74000
28-06-2010,17.90000
25-06-2010,17.72000
24-06-2010,17.84000
23-06-2010,17.84000
22-06-2010,17.78000
21-06-2010,17.87000
18-06-2010,17.61000
17-06-2010,17.68000
16-06-2010,17.59000
15-06-2010,17.55000
14-06-2010,17.50000
11-06-2010,17.35000
10-06-2010,17.29000
09-06-2010,17.04000
08-06-2010,16.94000
07-06-2010,17.02000
04-06-2010,17.28000
03-06-2010,17.21000
02-06-2010,17.00000
01-06-2010,16.86000
31-05-2010,17.12000
28-05-2010,16.96000
26-05-2010,16.59000
25-05-2010,16.34000
24-05-2010,16.76000
21-05-2010,16.71000
20-05-2010,16.80000
19-05-2010,16.77000
18-05-2010,17.22000
17-05-2010,17.21000
14-05-2010,17.34000
13-05-2010,17.55000
12-05-2010,17.42000
11-05-2010,17.38000
10-05-2010,17.57000
07-05-2010,17.19000
06-05-2010,17.45000
05-05-2010,17.57000
04-05-2010,17.59000
03-05-2010,17.83000
30-04-2010,17.94000
29-04-2010,17.79000
28-04-2010,17.72000
27-04-2010,17.97000
26-04-2010,18.02000
23-04-2010,17.97000
22-04-2010,17.84000
21-04-2010,17.83000
20-04-2010,17.74000
19-04-2010,17.58000
16-04-2010,17.75000
15-04-2010,17.81000
13-04-2010,17.95000
12-04-2010,17.99000
09-04-2010,18.05000
08-04-2010,17.91000
07-04-2010,18.12000
06-04-2010,18.10000
05-04-2010,18.12000
31-03-2010,17.83000
30-03-2010,17.84000
29-03-2010,17.86000
26-03-2010,17.85000
25-03-2010,17.78000
23-03-2010,17.75000
22-03-2010,17.66000
19-03-2010,17.78000
18-03-2010,17.72000
17-03-2010,17.69000
15-03-2010,17.43000
12-03-2010,17.47000
11-03-2010,17.49000
10-03-2010,17.43000
09-03-2010,17.40000
08-03-2010,17.52000
05-03-2010,17.43000
04-03-2010,17.38000
03-03-2010,17.35000
02-03-2010,17.12000
26-02-2010,16.79000
25-02-2010,16.64000
24-02-2010,16.66000
23-02-2010,16.72000
22-02-2010,16.73000
19-02-2010,16.75000
18-02-2010,16.87000
17-02-2010,16.92000
16-02-2010,16.76000
15-02-2010,16.66000
11-02-2010,16.77000
10-02-2010,16.63000
09-02-2010,16.72000
08-02-2010,16.64000
05-02-2010,16.51000
04-02-2010,16.87000
03-02-2010,17.12000
02-02-2010,16.83000
01-02-2010,17.06000
29-01-2010,16.92000
28-01-2010,16.90000
27-01-2010,16.81000
25-01-2010,17.30000
22-01-2010,17.37000
21-01-2010,17.51000
20-01-2010,17.93000
19-01-2010,17.91000
18-01-2010,18.04000
15-01-2010,17.99000
14-01-2010,18.01000
13-01-2010,17.91000
12-01-2010,17.86000
11-01-2010,17.93000
08-01-2010,17.90000
07-01-2010,17.95000
06-01-2010,18.04000
05-01-2010,17.98000
04-01-2010,17.82000
31-12-2009,17.72000
30-12-2009,17.62000
29-12-2009,17.58000
24-12-2009,17.56000
23-12-2009,17.44000
22-12-2009,17.09000
21-12-2009,16.99000
18-12-2009,17.10000
17-12-2009,17.24000
16-12-2009,17.13000
15-12-2009,17.08000
14-12-2009,17.28000
11-12-2009,17.35000
10-12-2009,17.45000
09-12-2009,17.36000
08-12-2009,17.45000
07-12-2009,17.22000
04-12-2009,17.35000
03-12-2009,17.37000
02-12-2009,17.28000
01-12-2009,17.25000
30-11-2009,16.98000
27-11-2009,16.68000
26-11-2009,16.89000
25-11-2009,17.10000
24-11-2009,17.05000
23-11-2009,17.04000
20-11-2009,16.93000
19-11-2009,16.76000
18-11-2009,16.97000
17-11-2009,16.95000
16-11-2009,16.92000
13-11-2009,16.77000
12-11-2009,16.69000
11-11-2009,16.82000
10-11-2009,16.49000
09-11-2009,16.50000
06-11-2009,16.16000
05-11-2009,16.03000
04-11-2009,15.84000
03-11-2009,15.46000
30-10-2009,15.91000
29-10-2009,16.00000
28-10-2009,16.15000
27-10-2009,16.20000
26-10-2009,16.59000
23-10-2009,16.72000
22-10-2009,16.62000
21-10-2009,16.86000
20-10-2009,17.03000
16-10-2009,17.10000
15-10-2009,16.95000
14-10-2009,16.91000
12-10-2009,16.63000
09-10-2009,16.32000
08-10-2009,16.45000
07-10-2009,16.45000
06-10-2009,16.41000
05-10-2009,16.40000
01-10-2009,16.61000
29-09-2009,16.42000
25-09-2009,16.33000
24-09-2009,16.29000
23-09-2009,16.21000
22-09-2009,16.36000
18-09-2009,16.21000
17-09-2009,16.15000
16-09-2009,16.13000
15-09-2009,15.99000
14-09-2009,15.74000
11-09-2009,15.78000
10-09-2009,15.78000
09-09-2009,15.79000
08-09-2009,15.78000
07-09-2009,15.77000
04-09-2009,15.43000
03-09-2009,15.25000
02-09-2009,15.27000
01-09-2009,15.33000
31-08-2009,15.48000
28-08-2009,15.60000
27-08-2009,15.52000
26-08-2009,15.47000
25-08-2009,15.38000
24-08-2009,15.31000
21-08-2009,14.96000
20-08-2009,14.75000
18-08-2009,14.75000
17-08-2009,14.54000
14-08-2009,15.08000
13-08-2009,15.13000
12-08-2009,14.71000
11-08-2009,14.67000
10-08-2009,14.56000
07-08-2009,14.76000
06-08-2009,15.09000
05-08-2009,15.42000
04-08-2009,15.40000
03-08-2009,15.45000
31-07-2009,15.20000
30-07-2009,15.03000
29-07-2009,14.91000
28-07-2009,15.07000
27-07-2009,15.06000
24-07-2009,14.96000
23-07-2009,14.79000
22-07-2009,14.46000
21-07-2009,14.65000
20-07-2009,14.70000
17-07-2009,14.40000
16-07-2009,14.05000
15-07-2009,13.98000
14-07-2009,13.60000
13-07-2009,13.18000
10-07-2009,13.32000
09-07-2009,13.57000
08-07-2009,13.55000
07-07-2009,13.93000
06-07-2009,13.79000
03-07-2009,14.47000
02-07-2009,14.26000
30-06-2009,14.09000
29-06-2009,14.37000
26-06-2009,14.32000
25-06-2009,14.01000
24-06-2009,14.04000
23-06-2009,13.88000
22-06-2009,13.87000
19-06-2009,14.01000
18-06-2009,13.85000
17-06-2009,14.15000
16-06-2009,14.57000
15-06-2009,14.41000
12-06-2009,14.68000
11-06-2009,14.88000
10-06-2009,14.94000
09-06-2009,14.62000
08-06-2009,14.26000
05-06-2009,14.78000
04-06-2009,14.73000
03-06-2009,14.56000
02-06-2009,14.39000
01-06-2009,14.34000
29-05-2009,14.10000
28-05-2009,13.87000
27-05-2009,13.81000
26-05-2009,13.40000
25-05-2009,13.72000
22-05-2009,13.63000
21-05-2009,13.49000
20-05-2009,13.69000
19-05-2009,13.57000
15-05-2009,11.64000
14-05-2009,11.41000
13-05-2009,11.48000
12-05-2009,11.56000
11-05-2009,11.26000
08-05-2009,11.45000
07-05-2009,11.61000
06-05-2009,11.43000
05-05-2009,11.60000
04-05-2009,11.55000
29-04-2009,11.02000
28-04-2009,10.75000
27-04-2009,11.10000
24-04-2009,11.06000
23-04-2009,10.91000
22-04-2009,10.67000
21-04-2009,10.77000
20-04-2009,10.83000
17-04-2009,10.76000
16-04-2009,10.68000
15-04-2009,11.02000
13-04-2009,10.67000
09-04-2009,10.50000
08-04-2009,10.46000
06-04-2009,10.24000
02-04-2009,10.12000
01-04-2009,9.77000
31-03-2009,9.66000
30-03-2009,9.50000
27-03-2009,9.86000
26-03-2009,9.77000
25-03-2009,9.49000
24-03-2009,9.35000
23-03-2009,9.35000
20-03-2009,9.00000
19-03-2009,9.03000
18-03-2009,9.01000
17-03-2009,8.90000
16-03-2009,8.91000
13-03-2009,8.76000
12-03-2009,8.46000
09-03-2009,8.33000
06-03-2009,8.46000
05-03-2009,8.38000
04-03-2009,8.56000
03-03-2009,8.55000
02-03-2009,8.70000
27-02-2009,8.94000
26-02-2009,8.97000
25-02-2009,8.93000
24-02-2009,8.86000
20-02-2009,8.93000
19-02-2009,9.07000
18-02-2009,9.06000
17-02-2009,9.09000
16-02-2009,9.32000
13-02-2009,9.58000
12-02-2009,9.45000
11-02-2009,9.56000
10-02-2009,9.58000
09-02-2009,9.49000
06-02-2009,9.23000
05-02-2009,9.05000
04-02-2009,9.10000
03-02-2009,9.05000
02-02-2009,9.04000
30-01-2009,9.28000
29-01-2009,9.18000
28-01-2009,9.22000
27-01-2009,9.01000
23-01-2009,8.80000
22-01-2009,9.00000
21-01-2009,9.06000
20-01-2009,9.28000
19-01-2009,9.46000
16-01-2009,9.43000
15-01-2009,9.29000
14-01-2009,9.52000
13-01-2009,9.33000
12-01-2009,9.41000
09-01-2009,9.61000
07-01-2009,9.83000
06-01-2009,10.39000
05-01-2009,10.35000
02-01-2009,10.14000
01-01-2009,10.01000
31-12-2008,9.80000
30-12-2008,9.81000
29-12-2008,9.66000
26-12-2008,9.48000
24-12-2008,9.62000
23-12-2008,9.70000
22-12-2008,9.94000
19-12-2008,10.05000
18-12-2008,9.97000
17-12-2008,9.70000
16-12-2008,9.99000
15-12-2008,9.85000
12-12-2008,9.72000
11-12-2008,9.69000
10-12-2008,9.70000
08-12-2008,9.30000
05-12-2008,9.18000
04-12-2008,9.37000
03-12-2008,8.99000
02-12-2008,8.94000
01-12-2008,8.99000
28-11-2008,9.16000
26-11-2008,9.10000
25-11-2008,8.93000
24-11-2008,9.02000
21-11-2008,9.01000
20-11-2008,8.75000
19-11-2008,9.03000
18-11-2008,9.15000
17-11-2008,9.44000
14-11-2008,9.62000
12-11-2008,9.83000
11-11-2008,10.08000
10-11-2008,10.66000
07-11-2008,10.19000
06-11-2008,10.01000
05-11-2008,10.34000
04-11-2008,10.66000
03-11-2008,10.36000
31-10-2008,9.93000
29-10-2008,9.39000
27-10-2008,8.98000
24-10-2008,9.20000
23-10-2008,10.02000
22-10-2008,10.33000
21-10-2008,10.70000
20-10-2008,10.30000
17-10-2008,10.14000
16-10-2008,10.62000
15-10-2008,10.81000
14-10-2008,11.38000
13-10-2008,11.20000
10-10-2008,10.53000
08-10-2008,11.43000
07-10-2008,11.84000
06-10-2008,11.97000
03-10-2008,12.67000
01-10-2008,13.13000
30-09-2008,12.95000
29-09-2008,12.70000
26-09-2008,13.18000
25-09-2008,13.53000
24-09-2008,13.65000
23-09-2008,13.54000
22-09-2008,13.85000
19-09-2008,13.87000
18-09-2008,13.30000
17-09-2008,13.34000
16-09-2008,13.59000
15-09-2008,13.65000
12-09-2008,14.08000
11-09-2008,14.31000
10-09-2008,14.57000
09-09-2008,14.76000
08-09-2008,14.79000
05-09-2008,14.50000
04-09-2008,14.82000
02-09-2008,14.95000
01-09-2008,14.53000
29-08-2008,14.59000
28-08-2008,14.18000
27-08-2008,14.37000
26-08-2008,14.47000
25-08-2008,14.45000
22-08-2008,14.40000
21-08-2008,14.29000
20-08-2008,14.58000
19-08-2008,14.45000
18-08-2008,14.59000
14-08-2008,14.70000
13-08-2008,15.00000
12-08-2008,15.06000
11-08-2008,15.23000
08-08-2008,15.00000
07-08-2008,14.96000
06-08-2008,14.98000
05-08-2008,14.93000
04-08-2008,14.63000
01-08-2008,14.63000
31-07-2008,14.38000
30-07-2008,14.36000
29-07-2008,13.95000
28-07-2008,14.40000
25-07-2008,14.36000
24-07-2008,14.66000
23-07-2008,14.84000
22-07-2008,14.15000
21-07-2008,13.82000
18-07-2008,13.75000
17-07-2008,13.34000
16-07-2008,12.95000
15-07-2008,13.12000
14-07-2008,13.67000
11-07-2008,13.82000
10-07-2008,14.18000
09-07-2008,14.14000
08-07-2008,13.71000
07-07-2008,13.82000
04-07-2008,13.71000
03-07-2008,13.40000
02-07-2008,13.96000
01-07-2008,13.42000
30-06-2008,13.82000
27-06-2008,14.21000
26-06-2008,14.72000
25-06-2008,14.71000
24-06-2008,14.54000
23-06-2008,14.70000
20-06-2008,15.16000
19-06-2008,15.59000
18-06-2008,15.94000
17-06-2008,16.18000
16-06-2008,15.92000
13-06-2008,15.76000
12-06-2008,15.78000
11-06-2008,15.60000
10-06-2008,15.35000
09-06-2008,15.51000
06-06-2008,15.89000
05-06-2008,16.04000
04-06-2008,15.95000
03-06-2008,16.35000
02-06-2008,16.39000
30-05-2008,16.73000
29-05-2008,16.65000
28-05-2008,16.63000
27-05-2008,16.55000
26-05-2008,16.61000
23-05-2008,17.08000
22-05-2008,17.27000
21-05-2008,17.55000
20-05-2008,17.45000
16-05-2008,17.57000
15-05-2008,17.45000
14-05-2008,17.11000
13-05-2008,16.99000
12-05-2008,17.01000
09-05-2008,17.10000
08-05-2008,17.39000
07-05-2008,17.47000
06-05-2008,17.57000
05-05-2008,17.79000
02-05-2008,17.73000
30-04-2008,17.51000
29-04-2008,17.51000
28-04-2008,17.33000
25-04-2008,17.35000
24-04-2008,17.19000
23-04-2008,17.28000
22-04-2008,17.29000
21-04-2008,17.06000
17-04-2008,16.75000
16-04-2008,16.51000
15-04-2008,16.38000
11-04-2008,16.27000
10-04-2008,16.13000
09-04-2008,16.17000
08-04-2008,16.00000
07-04-2008,16.13000
04-04-2008,15.82000
03-04-2008,16.26000
02-04-2008,16.43000
01-04-2008,16.29000
31-03-2008,16.59000
28-03-2008,17.00000
27-03-2008,16.46000
26-03-2008,16.46000
25-03-2008,16.40000
24-03-2008,15.50000
19-03-2008,15.62000
18-03-2008,15.66000
17-03-2008,15.80000
14-03-2008,17.01000
13-03-2008,16.79000
12-03-2008,17.76000
11-03-2008,17.82000
10-03-2008,17.29000
07-03-2008,17.41000
05-03-2008,18.02000
04-03-2008,18.11000
03-03-2008,18.45000
29-02-2008,19.27000
28-02-2008,19.42000
27-02-2008,19.41000
26-02-2008,19.23000
25-02-2008,18.84000
22-02-2008,18.71000
21-02-2008,18.99000
20-02-2008,18.84000
19-02-2008,19.33000
18-02-2008,19.35000
15-02-2008,19.37000
14-02-2008,18.95000
13-02-2008,18.10000
12-02-2008,17.94000
11-02-2008,18.07000
08-02-2008,18.97000
07-02-2008,19.32000
06-02-2008,19.91000
05-02-2008,20.37000
04-02-2008,20.29000
01-02-2008,19.83000
31-01-2008,19.78000
30-01-2008,19.81000
29-01-2008,20.16000
28-01-2008,20.23000
25-01-2008,20.33000
24-01-2008,19.20000
23-01-2008,19.70000
22-01-2008,18.51000
21-01-2008,19.68000
18-01-2008,21.46000
17-01-2008,22.26000
16-01-2008,22.26000
15-01-2008,22.76000
14-01-2008,23.05000
11-01-2008,22.82000
10-01-2008,22.65000
09-01-2008,23.20000
08-01-2008,23.27000
07-01-2008,23.63000
04-01-2008,23.73000
03-01-2008,23.48000
02-01-2008,23.42000
01-01-2008,23.15000
31-12-2007,23.08000
28-12-2007,22.79000
27-12-2007,22.63000
26-12-2007,22.65000
24-12-2007,22.13000
20-12-2007,21.56000
19-12-2007,21.51000
18-12-2007,21.47000
17-12-2007,21.70000
14-12-2007,22.70000
13-12-2007,22.67000
12-12-2007,22.77000
11-12-2007,22.46000
10-12-2007,22.35000
07-12-2007,22.35000
06-12-2007,22.35000
05-12-2007,22.51000
04-12-2007,22.24000
03-12-2007,22.06000
30-11-2007,21.58000
29-11-2007,21.25000
28-11-2007,21.30000
27-11-2007,21.33000
26-11-2007,21.31000
23-11-2007,20.90000
22-11-2007,20.76000
21-11-2007,20.88000
20-11-2007,21.78000
19-11-2007,22.20000
16-11-2007,21.77000
15-11-2007,21.76000
14-11-2007,21.76000
13-11-2007,21.15000
12-11-2007,20.85000
09-11-2007,21.19000
08-11-2007,21.20000
07-11-2007,21.52000
06-11-2007,21.54000
05-11-2007,21.70000
02-11-2007,21.81000
01-11-2007,21.51000
31-10-2007,21.73000
30-10-2007,21.75000
29-10-2007,22.03000
26-10-2007,21.31000
25-10-2007,20.70000
24-10-2007,20.48000
23-10-2007,20.21000
22-10-2007,19.20000
19-10-2007,19.09000
18-10-2007,19.76000
17-10-2007,20.66000
16-10-2007,21.22000
15-10-2007,21.03000
12-10-2007,20.37000
11-10-2007,20.63000
10-10-2007,20.25000
09-10-2007,19.76000
08-10-2007,18.92000
05-10-2007,19.33000
04-10-2007,19.44000
03-10-2007,19.57000
01-10-2007,19.15000
28-09-2007,19.04000
27-09-2007,18.81000
26-09-2007,18.61000
25-09-2007,18.59000
24-09-2007,18.62000
21-09-2007,18.31000
20-09-2007,18.11000
19-09-2007,17.98000
18-09-2007,17.43000
17-09-2007,17.30000
14-09-2007,17.26000
13-09-2007,17.45000
12-09-2007,17.35000
11-09-2007,17.28000
10-09-2007,17.33000
07-09-2007,17.33000
06-09-2007,17.38000
05-09-2007,17.25000
04-09-2007,17.25000
03-09-2007,17.15000
31-08-2007,16.92000
30-08-2007,16.62000
29-08-2007,16.52000
28-08-2007,16.41000
27-08-2007,16.35000
24-08-2007,15.78000
23-08-2007,15.52000
22-08-2007,15.65000
21-08-2007,15.51000
20-08-2007,16.00000
17-08-2007,15.74000
16-08-2007,16.03000
14-08-2007,16.76000
13-08-2007,16.77000
10-08-2007,16.55000
09-08-2007,16.73000
08-08-2007,16.97000
07-08-2007,16.65000
06-08-2007,16.61000
03-08-2007,16.86000
02-08-2007,16.63000
01-08-2007,16.53000
31-07-2007,17.13000
30-07-2007,16.78000
27-07-2007,16.78000
26-07-2007,17.37000
25-07-2007,17.25000
24-07-2007,17.40000
23-07-2007,17.38000
20-07-2007,17.23000
19-07-2007,17.12000
18-07-2007,16.91000
17-07-2007,16.93000
16-07-2007,17.05000
13-07-2007,17.12000
12-07-2007,16.93000
11-07-2007,16.70000
10-07-2007,16.72000
09-07-2007,16.78000
06-07-2007,16.66000
05-07-2007,16.51000
04-07-2007,16.48000
03-07-2007,16.49000
02-07-2007,16.35000
29-06-2007,16.17000
28-06-2007,15.97000
27-06-2007,15.94000
26-06-2007,16.06000
25-06-2007,15.99000
22-06-2007,16.00000
21-06-2007,16.07000
20-06-2007,15.97000
19-06-2007,15.78000
18-06-2007,15.59000
15-06-2007,15.64000
14-06-2007,15.58000
13-06-2007,15.37000
12-06-2007,15.46000
11-06-2007,15.49000
08-06-2007,15.54000
07-06-2007,15.67000
06-06-2007,15.76000
05-06-2007,16.04000
04-06-2007,15.97000
01-06-2007,16.14000
31-05-2007,16.01000
30-05-2007,15.84000
29-05-2007,16.10000
28-05-2007,15.99000
25-05-2007,15.72000
24-05-2007,15.65000
23-05-2007,15.79000
22-05-2007,15.87000
21-05-2007,15.83000
18-05-2007,15.69000
17-05-2007,15.69000
16-05-2007,15.59000
15-05-2007,15.40000
14-05-2007,15.40000
11-05-2007,15.14000
10-05-2007,15.10000
09-05-2007,15.19000
08-05-2007,15.22000
07-05-2007,15.42000
04-05-2007,15.55000
03-05-2007,15.61000
30-04-2007,15.45000
27-04-2007,15.40000
26-04-2007,15.63000
25-04-2007,15.67000
24-04-2007,15.54000
23-04-2007,15.23000
20-04-2007,15.17000
19-04-2007,15.00000
18-04-2007,15.11000
17-04-2007,15.08000
16-04-2007,15.21000
13-04-2007,14.83000
12-04-2007,14.60000
11-04-2007,14.72000
10-04-2007,14.69000
09-04-2007,14.66000
05-04-2007,14.39000
04-04-2007,14.22000
03-04-2007,14.07000
02-04-2007,13.98000
30-03-2007,14.62000
29-03-2007,14.42000
28-03-2007,14.36000
26-03-2007,14.54000
23-03-2007,14.64000
22-03-2007,14.62000
21-03-2007,14.30000
20-03-2007,14.14000
19-03-2007,13.98000
16-03-2007,13.78000
15-03-2007,13.91000
14-03-2007,13.94000
13-03-2007,14.24000
12-03-2007,14.11000
09-03-2007,14.03000
08-03-2007,14.20000
07-03-2007,13.72000
06-03-2007,13.88000
05-03-2007,13.68000
02-03-2007,14.27000
01-03-2007,14.51000
28-02-2007,14.42000
27-02-2007,15.08000
26-02-2007,15.11000
23-02-2007,14.97000
22-02-2007,15.36000
21-02-2007,15.56000
20-02-2007,15.54000
19-02-2007,15.78000
15-02-2007,15.86000
14-02-2007,15.43000
13-02-2007,15.51000
12-02-2007,15.65000
09-02-2007,16.25000
08-02-2007,16.44000
07-02-2007,16.49000
06-02-2007,16.48000
05-02-2007,16.46000
02-02-2007,16.39000
01-02-2007,16.25000
31-01-2007,16.04000
29-01-2007,16.16000
25-01-2007,16.23000
24-01-2007,16.10000
23-01-2007,16.06000
22-01-2007,16.19000
19-01-2007,16.15000
18-01-2007,16.18000
17-01-2007,16.16000
16-01-2007,16.17000
15-01-2007,16.17000
12-01-2007,16.08000
11-01-2007,15.78000
10-01-2007,15.59000
09-01-2007,15.77000
08-01-2007,15.88000
05-01-2007,16.04000
04-01-2007,16.17000
03-01-2007,16.21000
02-01-2007,16.10000
29-12-2006,15.85000
28-12-2006,15.80000
27-12-2006,15.76000
26-12-2006,15.64000
22-12-2006,15.40000
21-12-2006,15.26000
20-12-2006,15.23000
19-12-2006,15.32000
18-12-2006,15.64000
15-12-2006,15.63000
14-12-2006,15.49000
13-12-2006,15.20000
12-12-2006,14.93000
11-12-2006,15.49000
08-12-2006,15.88000
07-12-2006,16.02000
06-12-2006,15.97000
05-12-2006,16.14000
04-12-2006,16.14000
01-12-2006,16.06000
30-11-2006,15.85000
29-11-2006,15.74000
28-11-2006,15.66000
27-11-2006,15.81000
24-11-2006,15.78000
23-11-2006,15.68000
22-11-2006,15.59000
21-11-2006,15.43000
20-11-2006,15.16000
17-11-2006,15.17000
16-11-2006,15.37000
15-11-2006,15.37000
14-11-2006,15.40000
13-11-2006,15.46000
10-11-2006,15.32000
09-11-2006,15.22000
08-11-2006,15.11000
07-11-2006,15.30000
06-11-2006,15.24000
03-11-2006,15.11000
02-11-2006,15.04000
01-11-2006,14.91000
31-10-2006,14.82000
30-10-2006,14.87000
27-10-2006,14.75000
26-10-2006,14.53000
23-10-2006,14.41000
20-10-2006,14.45000
19-10-2006,14.40000
18-10-2006,14.53000
17-10-2006,14.56000
16-10-2006,14.59000
13-10-2006,14.54000
12-10-2006,14.46000
11-10-2006,14.34000
10-10-2006,14.47000
09-10-2006,14.51000
06-10-2006,14.41000
05-10-2006,14.32000
04-10-2006,14.11000
03-10-2006,14.17000
29-09-2006,14.18000
28-09-2006,14.08000
27-09-2006,13.99000
26-09-2006,13.90000
25-09-2006,13.80000
22-09-2006,13.84000
21-09-2006,13.87000
20-09-2006,13.72000
19-09-2006,13.64000
18-09-2006,13.83000
15-09-2006,13.79000
14-09-2006,13.77000
13-09-2006,13.72000
12-09-2006,13.49000
11-09-2006,13.38000
08-09-2006,13.79000
07-09-2006,13.69000
06-09-2006,13.75000
05-09-2006,13.67000
04-09-2006,13.61000
01-09-2006,13.42000
31-08-2006,13.29000
30-08-2006,13.41000
29-08-2006,13.42000
28-08-2006,13.37000
25-08-2006,13.36000
24-08-2006,13.24000
23-08-2006,13.11000
22-08-2006,13.26000
21-08-2006,13.31000
18-08-2006,13.22000
17-08-2006,13.21000
16-08-2006,13.29000
14-08-2006,13.13000
11-08-2006,12.87000
10-08-2006,12.81000
09-08-2006,12.69000
08-08-2006,12.52000
07-08-2006,12.33000
04-08-2006,12.32000
03-08-2006,12.39000
02-08-2006,12.35000
01-08-2006,12.19000
31-07-2006,12.24000
28-07-2006,12.13000
27-07-2006,12.14000
26-07-2006,11.96000
25-07-2006,11.71000
24-07-2006,11.48000
21-07-2006,11.42000
20-07-2006,11.69000
19-07-2006,11.39000
18-07-2006,11.79000
17-07-2006,11.93000
14-07-2006,12.33000
13-07-2006,12.49000
12-07-2006,12.52000
11-07-2006,12.28000
10-07-2006,12.33000
07-07-2006,12.17000
06-07-2006,12.41000
05-07-2006,12.50000
04-07-2006,12.33000
03-07-2006,12.31000
30-06-2006,12.23000
29-06-2006,11.72000
28-06-2006,11.70000
27-06-2006,11.71000
26-06-2006,11.73000
23-06-2006,12.13000
22-06-2006,12.10000
21-06-2006,11.82000
20-06-2006,11.58000
19-06-2006,11.72000
16-06-2006,11.45000
15-06-2006,11.13000
14-06-2006,10.48000
13-06-2006,10.69000
12-06-2006,11.23000
09-06-2006,11.53000
08-06-2006,10.97000
07-06-2006,11.57000
06-06-2006,12.04000
05-06-2006,12.43000
02-06-2006,12.66000
01-06-2006,12.39000
31-05-2006,12.78000
30-05-2006,13.14000
29-05-2006,13.18000
26-05-2006,13.12000
25-05-2006,12.95000
24-05-2006,12.89000
23-05-2006,13.11000
22-05-2006,12.68000
19-05-2006,13.25000
18-05-2006,13.87000
17-05-2006,14.86000
16-05-2006,14.46000
15-05-2006,14.50000
12-05-2006,14.95000
11-05-2006,15.16000
10-05-2006,15.30000
09-05-2006,15.27000
08-05-2006,15.16000
05-05-2006,15.06000
04-05-2006,15.04000
03-05-2006,15.03000
02-05-2006,14.90000
28-04-2006,14.47000
27-04-2006,14.48000
26-04-2006,14.59000
25-04-2006,14.31000
24-04-2006,14.58000
21-04-2006,14.63000
20-04-2006,14.60000
19-04-2006,14.48000
18-04-2006,14.49000
17-04-2006,14.27000
13-04-2006,14.01000
12-04-2006,14.26000
10-04-2006,14.60000
07-04-2006,14.51000
05-04-2006,14.65000
04-04-2006,14.41000
03-04-2006,14.32000
