date,nav
29-09-2026,335.53200
28-09-2026,337.60800
25-09-2026,342.95800
24-09-2026,342.73400
23-09-2026,348.29200
22-09-2026,346.75900
21-09-2026,347.36500
18-09-2026,346.69700
17-09-2026,342.99700
16-09-2026,340.09200
15-09-2026,339.84600
11-09-2026,346.60800
10-09-2026,347.32300
09-09-2026,347.43500
08-09-2026,349.74200
07-09-2026,350.90400
04-09-2026,352.06200
03-09-2026,352.19800
02-09-2026,351.00200
01-09-2026,353.63500
31-08-2026,356.45500
28-08-2026,357.10600
27-08-2026,356.91800
26-08-2026,357.49400
25-08-2026,357.07500
24-08-2026,355.37700
21-08-2026,356.38700
20-08-2026,356.37200
19-08-2026,355.07200
18-08-2026,356.05800
17-08-2026,357.42300
14-08-2026,357.12200
13-08-2026,357.79900
12-08-2026,357.50100
11-08-2026,357.37400
10-08-2026,358.42300
07-08-2026,358.97400
06-08-2026,359.27900
05-08-2026,359.15600
04-08-2026,357.99700
03-08-2026,359.48000
31-07-2026,354.93800
30-07-2026,353.14100
29-07-2026,353.38500
28-07-2026,350.53600
27-07-2026,351.31500
24-07-2026,347.85100
23-07-2026,349.57900
22-07-2026,353.00200
21-07-2026,356.56500
20-07-2026,355.79900
17-07-2026,355.89000
16-07-2026,354.47900
15-07-2026,354.28700
14-07-2026,352.30600
13-07-2026,354.28500
10-07-2026,354.59900
09-07-2026,350.03200
08-07-2026,346.95600
07-07-2026,354.32300
06-07-2026,355.09900
03-07-2026,353.02800
02-07-2026,351.99900
01-07-2026,349.47500
30-06-2026,348.18800
29-06-2026,346.81500
25-06-2026,348.61900
24-06-2026,348.69000
23-06-2026,347.32100
22-06-2026,350.36000
19-06-2026,349.37100
18-06-2026,349.45500
17-06-2026,347.80100
16-06-2026,345.79600
15-06-2026,344.02600
12-06-2026,339.07600
11-06-2026,330.38400
10-06-2026,332.97600
09-06-2026,334.57900
08-06-2026,331.10300
05-06-2026,334.78600
04-06-2026,335.01100
03-06-2026,333.61600
02-06-2026,334.29200
01-06-2026,333.96500
29-05-2026,337.59000
27-05-2026,343.04200
26-05-2026,341.82200
25-05-2026,341.84900
22-05-2026,337.45900
21-05-2026,337.00300
20-05-2026,336.52800
19-05-2026,336.22400
18-05-2026,334.94400
15-05-2026,335.76100
14-05-2026,337.39200
13-05-2026,334.09300
12-05-2026,333.88600
11-05-2026,340.69900
08-05-2026,347.24400
07-05-2026,350.14100
06-05-2026,348.60400
05-05-2026,342.35400
04-05-2026,343.30800
30-04-2026,341.39600
29-04-2026,344.56500
28-04-2026,344.30300
27-04-2026,346.41300
24-04-2026,342.78700
23-04-2026,346.51200
22-04-2026,349.86400
21-04-2026,349.79800
20-04-2026,347.16700
17-04-2026,346.57400
16-04-2026,343.59800
15-04-2026,342.88400
13-04-2026,336.60400
10-04-2026,339.44400
09-04-2026,334.50100
08-04-2026,336.25600
07-04-2026,322.69200
06-04-2026,321.56100
02-04-2026,317.48800
01-04-2026,318.07700
31-03-2026,312.33700
30-03-2026,312.34800
27-03-2026,320.21700
25-03-2026,328.11500
24-03-2026,321.57300
23-03-2026,313.80400
20-03-2026,324.42600
19-03-2026,323.12100
18-03-2026,334.49800
17-03-2026,330.61600
16-03-2026,327.24100
13-03-2026,326.68500
12-03-2026,335.91600
11-03-2026,337.28900
10-03-2026,341.69500
09-03-2026,336.97900
06-03-2026,344.88200
05-03-2026,348.39300
04-03-2026,343.51000
02-03-2026,350.75000
27-02-2026,355.69900
26-02-2026,359.89200
25-02-2026,358.52700
24-02-2026,356.40700
23-02-2026,358.91300
20-02-2026,356.92800
19-02-2026,355.17700
18-02-2026,361.24200
17-02-2026,360.05100
16-02-2026,358.60900
13-02-2026,357.34600
12-02-2026,360.71200
11-02-2026,361.92200
10-02-2026,361.79600
09-02-2026,359.62400
06-02-2026,354.02000
05-02-2026,354.08500
04-02-2026,355.70900
03-02-2026,354.56200
02-02-2026,345.94300
30-01-2026,349.27800
29-01-2026,348.87000
28-01-2026,348.33000
27-01-2026,342.46700
23-01-2026,340.68800
22-01-2026,345.34000
21-01-2026,342.40900
20-01-2026,344.51300
19-01-2026,350.59500
16-01-2026,351.87600
14-01-2026,351.53400
13-01-2026,351.16300
12-01-2026,350.21200
09-01-2026,349.90300
08-01-2026,351.98000
07-01-2026,356.67000
06-01-2026,356.49100
05-01-2026,356.69900
02-01-2026,356.81700
01-01-2026,353.64500
31-12-2025,352.36700
30-12-2025,348.54000
29-12-2025,349.86400
26-12-2025,350.76000
24-12-2025,352.41500
23-12-2025,353.20200
22-12-2025,352.77900
19-12-2025,349.95800
18-12-2025,347.03700
17-12-2025,347.43800
16-12-2025,347.99000
15-12-2025,350.98300
12-12-2025,351.00100
11-12-2025,347.38600
10-12-2025,345.22100
09-12-2025,347.42800
08-12-2025,347.00600
05-12-2025,352.04000
04-12-2025,350.74200
03-12-2025,350.82000
02-12-2025,352.34900
01-12-2025,354.07400
28-11-2025,354.30500
27-11-2025,354.78600
26-11-2025,354.49900
25-11-2025,350.08300
24-11-2025,350.26600
21-11-2025,351.49300
20-11-2025,354.45300
19-11-2025,353.33200
18-11-2025,351.57000
17-11-2025,353.37700
14-11-2025,351.38400
13-11-2025,351.04000
12-11-2025,351.30800
11-11-2025,349.90300
10-11-2025,348.33700
07-11-2025,347.41600
06-11-2025,347.18300
04-11-2025,350.31900
03-11-2025,352.58400
31-10-2025,350.57600
30-10-2025,352.49900
29-10-2025,353.85300
28-10-2025,352.78800
27-10-2025,353.09100
24-10-2025,350.19800
23-10-2025,351.09900
20-10-2025,351.05300
17-10-2025,349.09900
16-10-2025,349.78900
15-10-2025,347.67000
14-10-2025,345.19100
13-10-2025,347.05400
10-10-2025,347.43300
09-10-2025,346.66500
08-10-2025,344.39700
07-10-2025,346.02200
06-10-2025,345.44800
03-10-2025,343.00700
01-10-2025,340.40200
30-09-2025,338.73600
26-09-2025,336.76100
25-09-2025,341.57000
24-09-2025,343.38100
23-09-2025,345.91500
22-09-2025,346.07400
19-09-2025,347.90000
18-09-2025,348.04900
17-09-2025,346.86000
16-09-2025,344.82400
15-09-2025,342.50100
12-09-2025,342.07500
11-09-2025,341.08600
10-09-2025,340.24000
09-09-2025,338.09900
08-09-2025,337.68800
05-09-2025,336.65200
04-09-2025,337.08700
03-09-2025,338.68200
02-09-2025,336.85000
01-09-2025,336.54700
29-08-2025,332.19400
28-08-2025,333.05900
26-08-2025,336.26300
25-08-2025,339.85400
22-08-2025,339.41700
21-08-2025,341.56000
20-08-2025,342.00900
19-08-2025,341.42000
18-08-2025,339.49600
14-08-2025,335.48400
13-08-2025,335.25800
12-08-2025,333.60500
11-08-2025,334.13400
08-08-2025,331.73600
07-08-2025,334.61200
06-08-2025,333.98600
05-08-2025,336.50900
04-08-2025,337.33200
01-08-2025,335.26100
31-07-2025,339.90200
30-07-2025,341.39400
29-07-2025,340.49800
28-07-2025,337.62000
25-07-2025,339.92700
24-07-2025,344.70600
23-07-2025,345.09700
22-07-2025,343.56800
21-07-2025,343.21000
18-07-2025,341.33700
17-07-2025,343.90300
16-07-2025,344.72200
15-07-2025,344.80400
14-07-2025,342.79100
11-07-2025,342.42700
10-07-2025,344.50300
09-07-2025,345.92700
08-07-2025,345.94000
07-07-2025,344.78000
04-07-2025,345.53200
03-07-2025,344.41100
02-07-2025,343.76000
01-07-2025,344.04500
30-06-2025,345.23900
27-06-2025,344.64100
26-06-2025,342.23700
25-06-2025,339.18000
24-06-2025,337.23700
23-06-2025,335.55600
20-06-2025,335.34300
19-06-2025,332.45100
18-06-2025,334.82500
17-06-2025,335.87700
16-06-2025,337.34000
13-06-2025,334.69300
12-06-2025,336.55100
11-06-2025,341.24600
10-06-2025,340.64300
09-06-2025,340.60200
06-06-2025,338.19900
05-06-2025,335.16000
04-06-2025,333.47800
03-06-2025,331.12000
02-06-2025,332.12800
30-05-2025,332.01200
29-05-2025,332.74100
28-05-2025,332.29200
27-05-2025,331.40600
26-05-2025,332.18800
23-05-2025,330.90000
22-05-2025,329.30200
21-05-2025,330.80500
20-05-2025,327.58100
19-05-2025,332.26400
16-05-2025,331.86600
15-05-2025,330.40900
14-05-2025,325.67000
13-05-2025,322.77200
12-05-2025,324.09800
09-05-2025,313.93100
08-05-2025,314.76200
07-05-2025,319.02000
06-05-2025,316.90500
05-05-2025,320.33700
02-05-2025,317.26200
30-04-2025,317.82400
29-04-2025,318.96900
28-04-2025,318.64100
25-04-2025,315.52600
24-04-2025,321.51200
23-04-2025,322.31600
22-04-2025,320.46000
21-04-2025,319.23600
17-04-2025,314.15800
16-04-2025,310.37000
15-04-2025,308.97300
11-04-2025,300.83500
09-04-2025,295.19000
08-04-2025,297.94400
07-04-2025,291.69500
04-04-2025,301.53900
03-04-2025,308.93300
02-04-2025,308.86400
01-04-2025,306.88000
31-03-2025,310.98200
28-03-2025,311.01900
27-03-2025,311.78800
26-03-2025,309.41600
25-03-2025,312.12800
24-03-2025,313.93400
21-03-2025,310.28100
20-03-2025,307.63300
19-03-2025,304.43200
18-03-2025,300.93600
17-03-2025,295.12700
13-03-2025,292.93800
12-03-2025,294.50400
11-03-2025,294.69600
10-03-2025,295.08700
07-03-2025,297.72700
06-03-2025,298.52300
05-03-2025,295.91500
04-03-2025,291.00000
03-03-2025,289.59000
28-02-2025,288.48400
27-02-2025,294.87300
25-02-2025,296.04900
24-02-2025,297.01100
21-02-2025,299.64900
20-02-2025,302.69100
19-02-2025,300.81600
18-02-2025,298.70000
17-02-2025,298.65200
14-02-2025,297.63800
13-02-2025,302.26700
12-02-2025,302.19200
11-02-2025,302.70700
10-02-2025,308.99000
07-02-2025,313.19500
06-02-2025,313.12600
05-02-2025,314.73100
04-02-2025,313.65700
03-02-2025,309.01900
31-01-2025,313.03700
30-01-2025,309.40200
29-01-2025,309.76600
28-01-2025,303.90900
27-01-2025,304.34800
24-01-2025,311.21300
23-01-2025,314.84500
22-01-2025,311.78400
21-01-2025,312.58100
20-01-2025,318.38800
17-01-2025,317.25500
16-01-2025,318.14500
15-01-2025,316.62200
14-01-2025,316.04200
13-01-2025,312.34600
10-01-2025,321.64400
09-01-2025,325.96100
08-01-2025,328.88500
07-01-2025,331.33900
06-01-2025,330.46200
03-01-2025,336.59100
02-01-2025,339.24600
01-01-2025,335.06800
31-12-2024,333.75000
30-12-2024,332.52900
27-12-2024,333.01400
26-12-2024,333.56300
24-12-2024,333.23400
23-12-2024,333.28700
20-12-2024,332.41600
19-12-2024,338.49200
18-12-2024,340.59100
17-12-2024,343.86700
16-12-2024,347.91000
13-12-2024,346.89500
12-12-2024,345.16700
11-12-2024,347.09100
10-12-2024,345.97600
09-12-2024,345.18400
06-12-2024,345.41200
05-12-2024,344.73600
04-12-2024,342.09600
03-12-2024,340.81300
02-12-2024,338.42900
29-11-2024,336.01300
28-11-2024,333.93200
27-11-2024,336.23800
26-11-2024,334.46000
25-11-2024,333.18800
22-11-2024,327.88900
21-11-2024,322.49400
19-11-2024,323.99900
18-11-2024,322.55100
14-11-2024,325.31700
13-11-2024,323.78200
12-11-2024,330.40300
11-11-2024,334.73200
08-11-2024,333.88800
07-11-2024,335.86500
06-11-2024,338.29400
05-11-2024,332.25200
04-11-2024,330.21800
31-10-2024,332.65700
30-10-2024,333.31600
29-10-2024,334.79700
28-10-2024,332.43800
25-10-2024,330.87000
24-10-2024,335.57900
23-10-2024,335.85700
22-10-2024,335.81200
21-10-2024,342.44900
18-10-2024,345.39600
17-10-2024,343.89200
16-10-2024,347.37300
15-10-2024,347.77300
14-10-2024,346.58900
11-10-2024,345.02600
10-10-2024,343.91300
09-10-2024,344.40100
08-10-2024,341.67500
07-10-2024,337.06100
04-10-2024,343.61400
03-10-2024,346.99200
01-10-2024,353.81400
30-09-2024,352.65500
27-09-2024,355.58200
26-09-2024,355.58400
25-09-2024,354.24800
24-09-2024,354.36600
23-09-2024,353.35600
20-09-2024,349.49800
19-09-2024,345.63000
18-09-2024,347.34400
17-09-2024,349.19900
16-09-2024,349.83900
13-09-2024,348.69700
12-09-2024,347.43200
11-09-2024,342.47400
10-09-2024,343.80300
09-09-2024,341.03200
06-09-2024,341.11200
05-09-2024,345.63500
04-09-2024,344.51200
03-09-2024,344.39100
02-09-2024,343.40900
30-08-2024,343.67000
29-08-2024,341.43400
28-08-2024,341.96100
27-08-2024,342.61400
26-08-2024,342.41600
23-08-2024,340.72200
22-08-2024,341.46500
21-08-2024,340.67900
20-08-2024,338.99100
19-08-2024,337.44600
16-08-2024,336.09100
14-08-2024,330.94700
13-08-2024,332.51400
12-08-2024,335.84000
09-08-2024,335.44800
08-08-2024,333.24900
07-08-2024,335.27900
06-08-2024,328.38300
05-08-2024,330.33500
02-08-2024,340.44800
01-08-2024,343.91500
31-07-2024,344.76800
30-07-2024,343.22200
29-07-2024,342.47300
26-07-2024,340.21000
25-07-2024,333.80700
24-07-2024,333.49000
23-07-2024,332.11600
22-07-2024,334.64900
19-07-2024,331.97200
18-07-2024,337.91400
16-07-2024,339.69100
15-07-2024,340.29000
12-07-2024,338.17400
11-07-2024,338.40700
10-07-2024,337.63300
09-07-2024,339.91900
08-07-2024,338.14100
05-07-2024,339.04900
04-07-2024,337.31300
03-07-2024,336.53800
02-07-2024,334.40500
01-07-2024,335.56600
28-06-2024,333.86800
27-06-2024,333.83100
26-06-2024,332.63100
25-06-2024,332.70500
24-06-2024,331.87100
21-06-2024,330.87800
20-06-2024,332.92100
19-06-2024,331.18000
18-06-2024,333.87900
14-06-2024,333.10600
13-06-2024,329.97900
12-06-2024,327.51500
11-06-2024,324.90700
10-06-2024,322.27000
07-06-2024,321.33600
06-06-2024,316.85900
05-06-2024,311.19500
04-06-2024,302.07200
03-06-2024,326.27300
31-05-2024,315.15200
30-05-2024,315.45000
29-05-2024,317.67200
28-05-2024,319.23100
27-05-2024,319.87000
24-05-2024,319.53500
23-05-2024,318.71300
22-05-2024,315.39700
21-05-2024,315.49300
17-05-2024,313.04300
16-05-2024,310.53000
15-05-2024,307.18800
14-05-2024,304.74100
13-05-2024,301.35600
10-05-2024,299.80100
09-05-2024,297.33000
08-05-2024,302.31200
07-05-2024,298.89900
06-05-2024,303.20200
03-05-2024,304.82400
02-05-2024,306.65100
30-04-2024,304.83500
29-04-2024,304.35800
26-04-2024,302.45100
25-04-2024,301.64700
24-04-2024,298.52000
23-04-2024,296.44800
22-04-2024,295.91500
19-04-2024,293.86100
18-04-2024,293.10900
16-04-2024,294.56500
15-04-2024,294.25400
12-04-2024,296.93400
10-04-2024,299.61100
09-04-2024,297.09400
08-04-2024,297.53200
05-04-2024,294.61100
04-04-2024,293.41500
03-04-2024,293.24800
02-04-2024,292.20000
01-04-2024,290.05400
31-03-2024,286.43000
28-03-2024,286.46400
27-03-2024,284.25600
26-03-2024,283.33500
22-03-2024,282.28300
21-03-2024,280.16300
20-03-2024,276.21800
19-03-2024,275.55300
18-03-2024,278.94000
15-03-2024,277.59500
14-03-2024,279.62000
13-03-2024,275.88900
12-03-2024,283.75100
11-03-2024,285.30800
07-03-2024,287.09200
06-03-2024,286.08000
05-03-2024,286.53900
04-03-2024,286.99500
01-03-2024,284.84600
29-02-2024,281.00200
28-02-2024,279.46000
27-02-2024,282.89300
26-02-2024,282.81100
23-02-2024,283.43700
22-02-2024,282.97200
21-02-2024,280.11200
20-02-2024,281.24500
19-02-2024,281.46300
16-02-2024,280.55200
15-02-2024,278.30800
14-02-2024,276.15400
13-02-2024,273.67700
12-02-2024,272.55300
09-02-2024,277.29700
08-02-2024,277.25700
07-02-2024,278.23700
06-02-2024,277.80600
05-02-2024,273.89500
02-02-2024,274.51400
01-02-2024,273.04600
31-01-2024,273.01600
30-01-2024,269.56100
29-01-2024,271.35700
25-01-2024,267.70900
24-01-2024,269.33400
23-01-2024,265.82700
19-01-2024,271.02200
18-01-2024,267.65800
17-01-2024,267.92900
16-01-2024,272.26000
15-01-2024,272.84000
12-01-2024,271.64300
11-01-2024,270.23600
10-01-2024,268.95100
09-01-2024,268.67400
08-01-2024,267.54200
05-01-2024,270.44600
04-01-2024,269.48300
03-01-2024,267.40500
02-01-2024,268.19300
01-01-2024,269.39600
29-12-2023,268.80900
28-12-2023,267.84800
27-12-2023,266.28500
26-12-2023,265.35200
22-12-2023,263.91700
21-12-2023,261.15200
20-12-2023,259.27000
19-12-2023,265.14600
18-12-2023,265.18200
15-12-2023,264.60100
14-12-2023,263.37700
13-12-2023,261.21500
12-12-2023,260.18900
11-12-2023,261.40100
08-12-2023,260.64300
07-12-2023,261.03300
06-12-2023,260.50700
05-12-2023,259.92100
04-12-2023,258.65900
01-12-2023,254.92300
30-11-2023,252.63600
29-11-2023,250.85700
28-11-2023,249.00600
24-11-2023,248.14700
23-11-2023,247.76200
22-11-2023,247.77800
21-11-2023,247.94900
20-11-2023,247.25100
17-11-2023,248.07600
16-11-2023,248.18900
15-11-2023,247.62400
13-11-2023,245.38600
10-11-2023,244.88700
09-11-2023,244.44500
08-11-2023,245.11500
07-11-2023,243.76100
06-11-2023,243.91500
03-11-2023,240.87400
02-11-2023,238.95000
01-11-2023,236.75300
31-10-2023,237.62800
30-10-2023,237.86000
27-10-2023,237.78300
26-10-2023,235.33400
25-10-2023,238.06000
23-10-2023,239.46600
20-10-2023,244.11800
19-10-2023,246.92600
18-10-2023,247.01400
17-10-2023,248.25400
16-10-2023,247.07600
13-10-2023,246.58500
12-10-2023,247.59200
11-10-2023,246.17400
10-10-2023,244.94300
09-10-2023,242.51300
06-10-2023,244.80400
05-10-2023,243.69000
04-10-2023,242.59900
03-10-2023,245.43500
29-09-2023,245.72900
27-09-2023,245.58000
26-09-2023,244.25500
25-09-2023,244.54700
22-09-2023,244.10700
21-09-2023,244.36500
20-09-2023,246.60300
18-09-2023,247.65400
15-09-2023,248.17400
14-09-2023,247.49000
13-09-2023,246.07200
12-09-2023,245.63800
11-09-2023,250.02400
08-09-2023,247.83600
07-09-2023,246.52000
06-09-2023,245.43100
05-09-2023,245.30200
04-09-2023,244.10200
01-09-2023,243.14000
31-08-2023,240.99100
30-08-2023,240.98100
29-08-2023,240.45500
28-08-2023,239.18600
25-08-2023,237.72000
24-08-2023,239.37300
23-08-2023,239.42600
22-08-2023,238.12500
21-08-2023,236.55300
18-08-2023,234.73300
17-08-2023,234.99200
16-08-2023,235.44700
14-08-2023,235.06000
11-08-2023,236.49100
10-08-2023,237.36300
09-08-2023,238.40700
08-08-2023,237.12500
07-08-2023,236.83900
04-08-2023,236.27200
03-08-2023,235.30800
02-08-2023,236.60200
01-08-2023,239.49100
31-07-2023,239.90500
28-07-2023,237.35700
27-07-2023,236.69800
26-07-2023,236.63000
25-07-2023,235.51600
24-07-2023,234.62500
21-07-2023,235.21300
20-07-2023,235.97200
19-07-2023,235.03700
18-07-2023,234.36300
17-07-2023,234.18400
14-07-2023,232.77500
13-07-2023,231.37800
12-07-2023,231.92100
11-07-2023,231.95400
10-07-2023,230.05300
07-07-2023,230.24600
06-07-2023,231.82400
05-07-2023,230.61500
04-07-2023,229.25200
03-07-2023,228.96900
30-06-2023,228.36900
28-06-2023,226.28600
27-06-2023,225.25100
26-06-2023,224.65600
23-06-2023,223.66100
22-06-2023,226.08200
21-06-2023,226.98300
20-06-2023,226.59100
19-06-2023,225.77000
16-06-2023,226.18200
15-06-2023,224.06000
14-06-2023,224.94300
13-06-2023,224.14200
12-06-2023,222.22600
09-06-2023,221.80400
08-06-2023,222.17800
07-06-2023,223.34400
06-06-2023,221.72300
05-06-2023,221.10900
02-06-2023,220.12400
01-06-2023,218.99500
31-05-2023,219.33900
30-05-2023,219.26400
29-05-2023,218.57800
26-05-2023,217.61500
25-05-2023,215.63200
24-05-2023,214.81900
23-05-2023,215.05000
22-05-2023,214.55500
19-05-2023,213.43400
18-05-2023,213.33200
17-05-2023,214.62000
16-05-2023,215.07800
15-05-2023,215.39100
12-05-2023,214.64700
11-05-2023,214.53900
10-05-2023,214.40300
09-05-2023,213.95200
08-05-2023,214.29000
05-05-2023,212.26300
04-05-2023,213.01600
03-05-2023,211.50500
02-05-2023,211.65900
28-04-2023,210.95400
27-04-2023,208.95800
26-04-2023,208.18100
25-04-2023,207.49900
24-04-2023,207.02600
21-04-2023,205.91300
20-04-2023,206.93700
19-04-2023,206.62600
18-04-2023,207.38200
17-04-2023,207.57500
13-04-2023,207.85500
12-04-2023,207.10600
11-04-2023,206.72600
10-04-2023,205.87700
06-04-2023,205.47400
05-04-2023,204.43100
03-04-2023,203.54600
31-03-2023,203.29900
29-03-2023,200.74100
28-03-2023,198.85100
27-03-2023,199.40500
24-03-2023,199.73100
23-03-2023,201.50600
22-03-2023,201.76800
21-03-2023,201.10700
20-03-2023,199.60700
17-03-2023,201.23700
16-03-2023,200.19900
15-03-2023,200.43800
14-03-2023,201.12200
13-03-2023,201.88200
10-03-2023,205.37900
09-03-2023,206.84800
08-03-2023,208.05400
06-03-2023,207.22900
03-03-2023,206.10600
02-03-2023,204.40800
01-03-2023,205.30700
28-02-2023,202.70600
27-02-2023,203.37400
24-02-2023,204.16500
23-02-2023,204.50500
22-02-2023,204.56900
21-02-2023,206.53700
20-02-2023,207.25200
17-02-2023,208.05100
16-02-2023,208.83400
15-02-2023,207.70800
14-02-2023,206.90300
13-02-2023,206.35500
10-02-2023,207.91900
09-02-2023,207.22000
08-02-2023,206.64300
07-02-2023,204.84800
06-02-2023,205.01100
03-02-2023,204.72500
02-02-2023,203.69000
01-02-2023,203.04800
31-01-2023,203.71600
30-01-2023,201.15000
27-01-2023,201.02400
25-01-2023,204.03200
24-01-2023,206.58400
23-01-2023,207.41900
20-01-2023,206.59800
19-01-2023,207.94300
18-01-2023,208.47300
17-01-2023,207.65200
16-01-2023,206.87900
13-01-2023,207.46200
12-01-2023,207.15300
11-01-2023,207.00000
10-01-2023,207.30600
09-01-2023,208.66400
06-01-2023,206.54900
05-01-2023,207.78900
04-01-2023,207.36600
03-01-2023,209.25100
02-01-2023,208.81600
30-12-2022,207.84000
29-12-2022,207.94400
28-12-2022,207.38200
27-12-2022,207.56200
26-12-2022,205.89700
23-12-2022,202.61500
22-12-2022,207.50900
21-12-2022,208.52500
20-12-2022,211.34200
19-12-2022,211.21500
16-12-2022,209.68300
15-12-2022,212.29800
14-12-2022,214.58400
13-12-2022,213.43400
12-12-2022,212.63200
09-12-2022,212.64900
08-12-2022,213.33900
07-12-2022,211.77100
06-12-2022,211.99000
05-12-2022,213.05200
02-12-2022,213.14200
01-12-2022,213.17000
30-11-2022,212.06300
29-11-2022,210.76300
28-11-2022,211.03500
25-11-2022,210.49300
24-11-2022,209.49300
23-11-2022,208.13200
22-11-2022,207.75300
21-11-2022,206.97400
18-11-2022,207.70300
17-11-2022,208.59800
16-11-2022,209.08800
15-11-2022,210.05900
14-11-2022,209.32600
11-11-2022,209.51900
10-11-2022,208.15000
09-11-2022,209.88400
07-11-2022,211.32800
04-11-2022,209.75800
03-11-2022,209.60500
02-11-2022,209.54900
01-11-2022,210.17200
31-10-2022,209.00800
28-10-2022,206.28300
27-10-2022,207.04300
25-10-2022,205.97400
21-10-2022,203.97200
20-10-2022,203.81000
19-10-2022,204.19400
18-10-2022,203.95400
17-10-2022,201.76400
14-10-2022,200.11700
13-10-2022,199.54700
12-10-2022,200.96500
11-10-2022,199.76100
10-10-2022,202.14300
07-10-2022,203.39300
06-10-2022,204.02200
04-10-2022,201.92700
03-10-2022,197.90100
30-09-2022,200.35700
29-09-2022,197.42200
28-09-2022,196.93800
27-09-2022,198.33200
26-09-2022,198.67200
23-09-2022,204.10800
22-09-2022,207.97900
21-09-2022,207.91800
20-09-2022,209.09100
19-09-2022,206.48000
16-09-2022,206.31400
15-09-2022,210.71900
14-09-2022,211.11900
13-09-2022,211.36100
12-09-2022,210.23200
09-09-2022,208.52900
08-09-2022,207.99700
07-09-2022,206.22600
06-09-2022,205.70600
05-09-2022,205.37600
02-09-2022,204.44000
01-09-2022,205.08100
30-08-2022,204.91200
29-08-2022,200.71400
26-08-2022,202.34400
25-08-2022,201.46600
24-08-2022,201.71400
23-08-2022,200.92200
22-08-2022,199.14800
19-08-2022,202.04400
18-08-2022,204.38900
17-08-2022,203.72900
16-08-2022,203.43800
12-08-2022,202.16500
11-08-2022,201.53300
10-08-2022,199.44400
08-08-2022,199.20500
05-08-2022,198.37400
04-08-2022,198.39200
03-08-2022,198.08900
02-08-2022,199.19300
01-08-2022,198.99400
29-07-2022,196.66100
28-07-2022,194.58500
27-07-2022,192.70000
26-07-2022,190.53900
25-07-2022,192.24500
22-07-2022,192.31700
21-07-2022,191.86000
20-07-2022,189.36600
19-07-2022,188.47800
18-07-2022,187.68900
15-07-2022,184.70900
14-07-2022,183.74000
13-07-2022,183.72900
12-07-2022,183.88300
11-07-2022,185.39000
08-07-2022,185.10900
07-07-2022,184.23500
06-07-2022,182.65300
05-07-2022,179.93000
04-07-2022,180.58400
01-07-2022,178.83400
30-06-2022,178.66800
29-06-2022,178.97100
28-06-2022,179.30200
27-06-2022,178.93300
24-06-2022,176.92800
23-06-2022,175.09300
22-06-2022,173.40000
21-06-2022,175.59900
20-06-2022,172.19000
17-06-2022,173.21900
16-06-2022,174.40000
15-06-2022,178.29900
14-06-2022,177.59500
13-06-2022,177.30100
10-06-2022,181.56400
09-06-2022,183.46200
08-06-2022,182.41100
07-06-2022,183.15900
06-06-2022,184.94700
03-06-2022,185.23000
02-06-2022,187.27700
01-06-2022,186.66300
31-05-2022,186.74300
30-05-2022,186.99000
27-05-2022,183.58200
26-05-2022,181.60300
25-05-2022,179.31400
24-05-2022,181.71800
23-05-2022,182.63400
20-05-2022,184.36100
19-05-2022,180.55500
18-05-2022,184.52200
17-05-2022,184.53100
16-05-2022,180.09200
13-05-2022,179.02700
12-05-2022,178.93100
11-05-2022,182.47000
10-05-2022,182.86600
09-05-2022,185.33800
06-05-2022,187.25500
05-05-2022,189.94800
04-05-2022,189.77200
02-05-2022,194.02600
29-04-2022,195.01000
28-04-2022,196.77400
27-04-2022,194.75300
26-04-2022,196.02900
25-04-2022,193.17800
22-04-2022,196.40900
21-04-2022,199.47300
20-04-2022,197.78800
19-04-2022,197.05600
18-04-2022,198.76600
13-04-2022,200.78600
12-04-2022,200.41800
11-04-2022,202.40800
08-04-2022,202.68900
07-04-2022,200.51900
06-04-2022,201.11400
05-04-2022,201.31000
04-04-2022,200.50000
01-04-2022,197.84400
31-03-2022,196.12100
30-03-2022,195.51900
29-03-2022,193.87400
28-03-2022,192.19800
25-03-2022,191.88500
24-03-2022,192.82400
23-03-2022,192.79100
22-03-2022,192.69400
21-03-2022,191.71900
17-03-2022,192.60900
16-03-2022,190.07300
15-03-2022,186.81300
14-03-2022,187.17300
11-03-2022,185.50800
10-03-2022,184.81100
09-03-2022,182.65300
08-03-2022,179.19300
07-03-2022,177.15500
04-03-2022,181.44400
03-03-2022,184.44300
02-03-2022,186.16500
28-02-2022,187.75600
25-02-2022,185.82500
24-02-2022,180.64000
23-02-2022,189.40400
22-02-2022,189.07200
21-02-2022,190.81200
18-02-2022,191.51000
17-02-2022,192.46900
16-02-2022,192.92900
15-02-2022,193.67400
14-02-2022,188.60100
11-02-2022,194.86700
10-02-2022,198.07700
09-02-2022,197.51900
08-02-2022,195.62800
07-02-2022,195.96100
04-02-2022,198.06000
03-02-2022,198.90200
02-02-2022,200.17000
01-02-2022,198.44500
31-01-2022,195.69100
28-01-2022,192.87700
27-01-2022,191.75600
25-01-2022,194.10700
24-01-2022,191.99400
21-01-2022,197.81500
20-01-2022,200.56000
19-01-2022,201.49500
18-01-2022,202.82400
17-01-2022,205.50700
14-01-2022,204.79700
13-01-2022,204.43200
12-01-2022,203.12600
11-01-2022,201.41800
10-01-2022,201.24900
07-01-2022,199.48700
06-01-2022,198.45700
05-01-2022,199.05600
04-01-2022,198.02900
03-01-2022,196.72500
31-12-2021,194.26800
30-12-2021,192.62600
29-12-2021,192.41600
28-12-2021,192.64200
27-12-2021,191.21300
24-12-2021,190.62900
23-12-2021,191.87400
22-12-2021,190.02700
21-12-2021,187.47500
20-12-2021,185.20400
17-12-2021,189.77800
16-12-2021,193.07700
15-12-2021,193.11600
14-12-2021,194.81400
13-12-2021,194.94200
10-12-2021,195.60200
09-12-2021,194.94500
08-12-2021,193.97900
07-12-2021,191.04300
06-12-2021,188.28600
03-12-2021,191.08100
02-12-2021,192.02500
01-12-2021,190.08700
30-11-2021,188.97100
29-11-2021,188.53000
26-11-2021,188.83700
25-11-2021,193.81000
24-11-2021,193.44100
23-11-2021,194.27400
22-11-2021,192.73400
18-11-2021,196.87400
17-11-2021,198.52900
16-11-2021,199.52200
15-11-2021,200.45400
12-11-2021,200.62900
11-11-2021,199.11200
10-11-2021,200.30200
09-11-2021,201.13400
08-11-2021,200.21600
03-11-2021,197.40600
02-11-2021,197.62300
01-11-2021,197.36700
29-10-2021,194.79400
28-10-2021,195.00200
27-10-2021,197.46800
26-10-2021,197.45200
25-10-2021,195.56600
22-10-2021,195.89200
21-10-2021,196.98300
20-10-2021,197.66700
19-10-2021,200.07200
18-10-2021,201.97800
14-10-2021,200.82500
13-10-2021,199.61800
12-10-2021,198.96100
11-10-2021,198.15600
08-10-2021,197.30600
07-10-2021,196.50700
06-10-2021,194.82000
05-10-2021,196.65100
04-10-2021,195.94500
01-10-2021,193.74800
30-09-2021,194.27900
29-09-2021,194.71300
28-09-2021,194.01600
27-09-2021,196.07600
24-09-2021,196.15500
23-09-2021,197.12300
22-09-2021,194.97800
21-09-2021,194.44000
20-09-2021,193.29800
17-09-2021,196.77100
16-09-2021,198.90700
15-09-2021,198.86400
14-09-2021,196.60300
13-09-2021,196.33400
09-09-2021,195.58100
08-09-2021,195.19600
07-09-2021,195.44400
06-09-2021,195.55100
03-09-2021,195.14000
02-09-2021,193.82800
01-09-2021,191.82200
31-08-2021,191.75000
30-08-2021,189.68700
27-08-2021,186.67300
26-08-2021,185.40000
25-08-2021,185.86800
24-08-2021,185.28400
23-08-2021,183.62100
20-08-2021,184.30000
18-08-2021,187.02200
17-08-2021,187.10200
16-08-2021,186.15900
13-08-2021,186.61000
12-08-2021,185.44100
11-08-2021,184.17700
10-08-2021,184.45000
09-08-2021,185.28800
06-08-2021,185.89300
05-08-2021,186.74700
04-08-2021,187.13300
03-08-2021,187.18800
02-08-2021,185.32200
30-07-2021,184.11400
29-07-2021,183.44700
28-07-2021,181.65800
27-07-2021,181.92300
26-07-2021,183.15000
23-07-2021,182.52700
22-07-2021,181.64200
20-07-2021,179.48100
19-07-2021,181.40800
16-07-2021,182.45700
15-07-2021,181.99100
14-07-2021,181.84200
13-07-2021,181.63200
12-07-2021,180.55200
09-07-2021,179.94600
08-07-2021,179.68700
07-07-2021,181.02900
06-07-2021,180.42500
05-07-2021,179.88800
02-07-2021,179.25200
01-07-2021,178.67500
30-06-2021,178.56300
29-06-2021,178.40100
28-06-2021,178.99100
25-06-2021,178.81400
24-06-2021,177.10900
23-06-2021,175.96300
22-06-2021,176.13800
21-06-2021,175.60700
18-06-2021,175.05500
17-06-2021,175.46300
16-06-2021,176.20700
15-06-2021,177.20300
14-06-2021,176.28300
11-06-2021,176.28000
10-06-2021,175.91500
09-06-2021,174.23100
08-06-2021,175.77300
07-06-2021,175.40800
04-06-2021,174.13500
03-06-2021,173.94500
02-06-2021,172.66100
01-06-2021,171.87300
31-05-2021,172.50700
28-05-2021,171.26300
27-05-2021,171.39100
26-05-2021,170.38700
25-05-2021,169.91800
24-05-2021,169.55600
21-05-2021,169.28800
20-05-2021,167.47200
19-05-2021,168.15600
18-05-2021,168.22300
17-05-2021,166.09900
14-05-2021,163.47400
12-05-2021,165.12300
11-05-2021,166.52400
10-05-2021,166.30200
07-05-2021,165.31600
06-05-2021,165.70300
05-05-2021,164.61700
04-05-2021,163.16600
03-05-2021,164.29600
30-04-2021,164.43800
29-04-2021,166.30600
28-04-2021,166.07900
27-04-2021,164.88900
26-04-2021,162.94100
23-04-2021,161.36100
22-04-2021,162.00000
20-04-2021,161.02000
19-04-2021,161.07000
16-04-2021,163.19400
15-04-2021,162.68000
13-04-2021,161.95800
12-04-2021,161.05000
09-04-2021,166.59100
08-04-2021,167.02400
07-04-2021,165.78400
06-04-2021,164.18100
05-04-2021,163.46800
01-04-2021,165.29000
31-03-2021,163.35600
30-03-2021,163.28400
26-03-2021,160.00900
25-03-2021,158.02300
24-03-2021,160.00000
23-03-2021,162.59900
22-03-2021,161.12200
19-03-2021,160.58100
18-03-2021,158.90700
17-03-2021,161.14700
16-03-2021,163.99000
15-03-2021,164.02800
12-03-2021,165.03300
10-03-2021,165.82400
09-03-2021,164.91400
08-03-2021,165.10200
05-03-2021,164.85600
04-03-2021,167.07200
03-03-2021,166.91300
02-03-2021,163.89100
01-03-2021,161.71000
26-02-2021,159.69400
25-02-2021,163.41600
24-02-2021,161.55400
23-02-2021,159.86700
22-02-2021,158.20500
19-02-2021,160.94300
18-02-2021,163.43400
17-02-2021,163.29000
16-02-2021,163.00600
15-02-2021,162.80100
12-02-2021,161.56600
11-02-2021,161.49400
10-02-2021,160.85800
09-02-2021,160.11900
08-02-2021,160.02400
05-02-2021,157.55200
04-02-2021,158.38700
03-02-2021,156.32800
02-02-2021,155.20800
01-02-2021,152.35800
29-01-2021,148.11900
28-01-2021,149.57400
27-01-2021,150.48500
25-01-2021,152.32500
22-01-2021,153.17300
21-01-2021,154.98100
20-01-2021,155.85600
19-01-2021,154.71200
18-01-2021,152.56900
15-01-2021,154.85800
14-01-2021,156.66100
13-01-2021,156.46900
12-01-2021,156.61000
11-01-2021,156.56300
08-01-2021,155.85100
07-01-2021,153.66200
06-01-2021,153.09700
05-01-2021,152.96600
04-01-2021,151.95000
01-01-2021,150.00300
31-12-2020,148.95700
30-12-2020,148.92500
29-12-2020,148.62900
28-12-2020,148.51800
24-12-2020,147.15300
23-12-2020,146.58400
22-12-2020,144.59200
21-12-2020,143.40000
18-12-2020,147.92000
17-12-2020,147.85100
16-12-2020,147.15100
15-12-2020,146.03200
14-12-2020,146.57900
11-12-2020,145.74400
10-12-2020,145.53900
09-12-2020,146.46100
08-12-2020,145.76400
07-12-2020,145.60400
04-12-2020,144.63500
03-12-2020,143.67500
02-12-2020,143.89400
01-12-2020,143.35600
27-11-2020,142.15100
26-11-2020,140.68300
25-11-2020,139.59200
24-11-2020,141.79800
23-11-2020,140.29900
20-11-2020,138.49100
19-11-2020,137.09800
18-11-2020,137.86400
17-11-2020,137.33800
13-11-2020,135.54200
12-11-2020,134.58400
11-11-2020,134.49800
10-11-2020,133.50500
09-11-2020,133.86000
06-11-2020,132.24400
05-11-2020,131.07200
04-11-2020,128.94100
03-11-2020,127.81300
02-11-2020,126.79300
30-10-2020,127.46300
29-10-2020,127.88600
28-10-2020,127.99100
27-10-2020,129.15700
26-10-2020,128.09900
23-10-2020,129.88400
22-10-2020,129.60900
21-10-2020,129.28900
20-10-2020,128.87100
19-10-2020,128.81900
16-10-2020,128.08500
15-10-2020,126.72300
14-10-2020,128.64000
13-10-2020,128.42100
12-10-2020,128.45300
09-10-2020,128.57300
08-10-2020,128.40200
07-10-2020,127.79300
06-10-2020,127.10000
05-10-2020,126.78400
01-10-2020,126.16900
30-09-2020,125.19800
29-09-2020,124.83800
28-09-2020,124.76900
25-09-2020,122.68500
24-09-2020,120.09800
23-09-2020,123.24600
22-09-2020,122.95100
21-09-2020,124.26100
18-09-2020,127.68900
17-09-2020,127.82400
16-09-2020,128.37900
15-09-2020,127.52500
14-09-2020,126.50700
11-09-2020,123.88100
10-09-2020,122.97200
09-09-2020,121.41400
08-09-2020,122.25600
07-09-2020,123.14100
04-09-2020,123.48300
03-09-2020,125.73900
02-09-2020,125.37700
01-09-2020,124.07500
31-08-2020,123.40800
28-08-2020,127.01600
27-08-2020,126.78700
26-08-2020,127.06700
25-08-2020,126.42300
24-08-2020,126.41200
21-08-2020,125.54600
20-08-2020,124.65600
19-08-2020,124.81800
18-08-2020,124.37500
17-08-2020,122.78200
14-08-2020,122.50900
13-08-2020,123.33700
12-08-2020,122.87500
11-08-2020,122.77400
10-08-2020,122.91700
07-08-2020,122.05400
06-08-2020,121.84800
05-08-2020,121.24700
04-08-2020,120.77200
03-08-2020,119.57100
31-07-2020,120.60600
30-07-2020,120.32700
29-07-2020,120.78600
28-07-2020,120.94000
27-07-2020,120.02700
24-07-2020,120.81800
23-07-2020,121.42600
22-07-2020,120.89200
21-07-2020,121.36800
20-07-2020,120.49800
17-07-2020,119.26200
16-07-2020,118.03000
15-07-2020,116.77300
14-07-2020,117.03900
13-07-2020,117.97300
10-07-2020,117.54700
09-07-2020,117.80600
08-07-2020,117.42600
07-07-2020,118.25100
06-07-2020,118.38000
03-07-2020,116.51700
02-07-2020,115.73800
01-07-2020,114.83500
30-06-2020,114.53600
29-06-2020,114.07500
26-06-2020,114.76900
25-06-2020,114.01100
24-06-2020,113.73800
23-06-2020,114.59300
22-06-2020,113.13300
19-06-2020,112.59000
18-06-2020,111.24600
17-06-2020,110.18100
16-06-2020,109.98900
15-06-2020,109.02000
12-06-2020,110.33300
11-06-2020,109.64600
10-06-2020,111.16100
09-06-2020,110.43000
08-06-2020,111.47000
05-06-2020,111.38900
04-06-2020,109.94400
03-06-2020,109.82900
02-06-2020,109.26100
01-06-2020,108.27500
29-05-2020,106.20600
28-05-2020,105.19100
27-05-2020,103.67800
26-05-2020,102.02400
22-05-2020,100.87700
21-05-2020,100.87000
20-05-2020,100.73200
19-05-2020,99.00600
18-05-2020,99.01300
15-05-2020,102.25700
14-05-2020,102.47900
13-05-2020,104.03000
12-05-2020,101.90800
11-05-2020,102.72400
08-05-2020,102.46300
07-05-2020,102.14000
06-05-2020,102.70300
05-05-2020,102.17400
04-05-2020,102.92000
30-04-2020,107.53300
29-04-2020,105.48600
28-04-2020,104.41800
27-04-2020,103.26300
24-04-2020,101.62500
23-04-2020,103.61400
22-04-2020,102.38300
21-04-2020,100.77600
20-04-2020,103.31300
17-04-2020,103.27700
16-04-2020,101.03100
15-04-2020,99.45100
13-04-2020,98.72000
09-04-2020,98.86600
08-04-2020,96.21900
07-04-2020,95.79900
03-04-2020,90.17700
01-04-2020,92.48900
31-03-2020,95.28200
30-03-2020,92.52600
27-03-2020,94.60100
26-03-2020,94.71800
25-03-2020,91.46500
24-03-2020,87.24600
23-03-2020,86.14800
20-03-2020,97.64300
19-03-2020,93.42600
18-03-2020,96.69800
17-03-2020,101.90900
16-03-2020,104.19900
13-03-2020,111.60700
12-03-2020,108.62000
11-03-2020,117.11400
09-03-2020,117.55500
06-03-2020,122.82600
05-03-2020,125.36100
04-03-2020,124.90100
03-03-2020,126.04100
02-03-2020,124.16700
28-02-2020,125.12900
27-02-2020,129.39300
26-02-2020,129.72300
25-02-2020,131.05200
24-02-2020,131.75300
20-02-2020,134.01500
19-02-2020,133.76400
18-02-2020,132.37100
17-02-2020,132.82100
14-02-2020,133.23700
13-02-2020,133.94200
12-02-2020,134.30300
11-02-2020,134.02100
10-02-2020,133.73600
07-02-2020,134.33100
06-02-2020,134.29900
05-02-2020,133.97800
04-02-2020,132.60000
03-02-2020,130.96400
31-01-2020,132.93000
30-01-2020,133.55800
29-01-2020,134.44400
28-01-2020,134.14900
27-01-2020,134.53300
24-01-2020,134.91200
23-01-2020,133.49300
22-01-2020,131.90400
21-01-2020,132.36400
20-01-2020,132.43700
17-01-2020,132.97500
16-01-2020,132.66600
15-01-2020,131.95400
14-01-2020,131.41000
13-01-2020,130.97400
10-01-2020,130.31700
09-01-2020,130.02900
08-01-2020,128.56300
07-01-2020,128.16100
06-01-2020,127.35300
03-01-2020,129.28100
02-01-2020,129.24100
01-01-2020,128.00100
31-12-2019,127.90100
30-12-2019,128.06500
27-12-2019,127.94600
26-12-2019,126.91900
24-12-2019,127.05500
23-12-2019,127.30900
20-12-2019,127.45500
19-12-2019,127.23000
18-12-2019,126.87100
17-12-2019,126.57900
16-12-2019,125.70600
13-12-2019,125.86400
12-12-2019,124.99600
11-12-2019,124.67000
10-12-2019,124.42900
09-12-2019,125.36000
06-12-2019,125.22100
05-12-2019,125.79300
04-12-2019,125.99400
03-12-2019,125.75900
02-12-2019,126.27100
29-11-2019,126.20200
28-11-2019,126.69800
27-11-2019,125.81200
26-11-2019,125.25300
25-11-2019,125.52500
22-11-2019,124.50200
21-11-2019,125.16500
20-11-2019,125.88500
19-11-2019,125.20200
18-11-2019,124.72000
15-11-2019,124.96900
14-11-2019,124.59900
13-11-2019,124.25100
11-11-2019,124.69100
08-11-2019,124.17100
07-11-2019,124.50700
06-11-2019,123.54600
05-11-2019,123.01300
04-11-2019,123.84400
01-11-2019,123.23300
31-10-2019,123.22100
30-10-2019,122.77800
29-10-2019,122.12100
25-10-2019,120.15300
24-10-2019,120.06000
23-10-2019,120.24000
22-10-2019,119.66000
18-10-2019,119.66500
17-10-2019,118.34200
16-10-2019,117.18300
15-10-2019,117.13500
14-10-2019,116.78200
11-10-2019,116.37200
10-10-2019,115.87700
09-10-2019,116.69100
07-10-2019,115.07300
04-10-2019,115.48900
03-10-2019,116.82300
01-10-2019,117.69900
30-09-2019,119.30700
27-09-2019,119.87300
26-09-2019,120.44000
25-09-2019,119.27500
24-09-2019,120.98100
23-09-2019,120.79500
20-09-2019,117.81000
19-09-2019,111.91200
18-09-2019,113.57000
17-09-2019,113.43900
16-09-2019,115.07100
13-09-2019,115.17600
12-09-2019,114.14700
11-09-2019,114.17000
09-09-2019,113.71500
06-09-2019,113.41500
05-09-2019,112.66500
04-09-2019,112.60500
03-09-2019,112.09400
30-08-2019,114.40200
29-08-2019,113.69800
28-08-2019,114.54800
27-08-2019,114.89700
26-08-2019,114.09800
23-08-2019,112.27000
22-08-2019,111.57900
21-08-2019,113.11100
20-08-2019,113.91900
19-08-2019,114.64300
16-08-2019,114.20500
14-08-2019,114.17600
13-08-2019,112.93200
09-08-2019,114.39300
08-08-2019,113.89600
07-08-2019,112.67500
06-08-2019,113.36400
05-08-2019,111.82100
02-08-2019,113.20600
01-08-2019,113.19300
31-07-2019,114.56900
30-07-2019,113.86800
26-07-2019,115.83500
25-07-2019,115.34500
24-07-2019,114.79200
23-07-2019,116.24500
22-07-2019,116.20500
19-07-2019,116.48400
18-07-2019,117.80000
17-07-2019,118.84900
16-07-2019,118.89900
15-07-2019,118.01200
12-07-2019,117.89200
11-07-2019,118.02600
10-07-2019,117.49900
09-07-2019,118.06300
08-07-2019,117.90200
05-07-2019,120.22400
04-07-2019,121.64600
03-07-2019,121.43400
02-07-2019,121.48800
01-07-2019,121.15500
28-06-2019,120.89900
27-06-2019,121.45700
26-06-2019,121.49100
25-06-2019,120.78900
24-06-2019,120.13200
21-06-2019,120.49100
20-06-2019,120.81600
19-06-2019,119.22300
18-06-2019,119.86300
17-06-2019,119.36400
14-06-2019,121.13800
13-06-2019,122.18600
12-06-2019,122.50200
11-06-2019,123.05000
10-06-2019,122.50100
07-06-2019,121.62200
06-06-2019,121.61700
04-06-2019,123.92000
03-06-2019,124.46000
31-05-2019,123.22900
30-05-2019,123.08400
29-05-2019,122.41900
28-05-2019,123.08800
27-05-2019,123.12900
24-05-2019,121.54900
23-05-2019,119.32500
22-05-2019,119.16600
21-05-2019,119.07000
20-05-2019,119.69100
17-05-2019,115.79500
16-05-2019,114.72500
15-05-2019,114.26400
14-05-2019,114.65500
13-05-2019,114.13100
10-05-2019,115.56800
09-05-2019,115.62400
08-05-2019,116.00300
07-05-2019,117.10500
06-05-2019,118.27200
03-05-2019,119.55100
02-05-2019,120.21100
30-04-2019,120.87800
26-04-2019,120.79100
25-04-2019,119.81500
24-04-2019,120.09500
23-04-2019,119.06600
22-04-2019,118.96100
18-04-2019,120.79700
16-04-2019,121.06800
15-04-2019,120.03200
12-04-2019,119.59700
11-04-2019,119.05900
10-04-2019,119.13200
09-04-2019,119.71100
08-04-2019,119.29700
05-04-2019,119.88600
04-04-2019,119.23100
03-04-2019,119.84200
02-04-2019,120.83000
01-04-2019,120.65900
29-03-2019,120.80100
28-03-2019,119.90400
27-03-2019,118.59100
26-03-2019,118.39900
25-03-2019,117.34000
22-03-2019,118.35300
20-03-2019,118.48000
19-03-2019,118.65400
18-03-2019,118.19300
15-03-2019,118.14900
14-03-2019,117.63100
13-03-2019,117.93100
12-03-2019,117.58400
11-03-2019,116.41300
08-03-2019,114.95900
07-03-2019,115.16800
06-03-2019,115.02900
05-03-2019,114.12800
01-03-2019,112.07200
28-02-2019,111.24300
27-02-2019,111.37400
26-02-2019,110.99800
25-02-2019,111.20100
22-02-2019,110.28500
21-02-2019,109.96800
20-02-2019,109.22000
19-02-2019,108.37200
18-02-2019,108.53200
15-02-2019,109.20600
14-02-2019,109.52200
13-02-2019,109.77200
12-02-2019,110.03900
11-02-2019,110.41200
08-02-2019,111.65100
07-02-2019,112.46400
06-02-2019,112.20800
05-02-2019,111.42800
04-02-2019,111.38400
01-02-2019,111.59100
31-01-2019,111.37900
30-01-2019,110.22100
29-01-2019,109.39100
28-01-2019,109.28300
25-01-2019,111.09500
24-01-2019,112.14100
23-01-2019,111.76300
22-01-2019,112.08100
21-01-2019,112.57000
18-01-2019,112.66800
17-01-2019,113.22700
16-01-2019,113.17400
15-01-2019,112.82700
14-01-2019,111.77400
11-01-2019,112.77700
10-01-2019,113.14100
09-01-2019,112.70300
08-01-2019,112.61600
07-01-2019,112.39200
04-01-2019,112.05800
03-01-2019,111.80200
02-01-2019,112.67600
01-01-2019,113.28300
31-12-2018,113.02700
28-12-2018,112.64700
27-12-2018,111.98300
26-12-2018,111.30400
24-12-2018,111.12000
21-12-2018,112.25300
20-12-2018,113.77500
19-12-2018,113.96400
18-12-2018,113.31200
17-12-2018,113.14000
14-12-2018,112.20800
13-12-2018,111.97800
12-12-2018,110.87500
11-12-2018,109.14000
10-12-2018,108.28800
07-12-2018,110.18700
06-12-2018,109.94000
05-12-2018,111.33900
04-12-2018,112.16700
03-12-2018,111.88800
30-11-2018,111.28700
29-11-2018,110.87000
28-11-2018,110.19100
27-11-2018,109.42500
26-11-2018,108.59700
22-11-2018,107.94500
21-11-2018,108.76100
20-11-2018,109.20100
19-11-2018,109.92800
16-11-2018,109.36900
15-11-2018,109.52100
14-11-2018,108.91000
13-11-2018,108.89500
12-11-2018,108.32800
09-11-2018,109.35800
06-11-2018,108.41800
05-11-2018,108.46900
02-11-2018,108.51100
01-11-2018,107.51900
31-10-2018,106.69400
30-10-2018,104.70000
29-10-2018,104.30300
26-10-2018,102.04700
25-10-2018,102.29500
24-10-2018,102.87900
23-10-2018,102.11000
22-10-2018,103.16500
19-10-2018,104.19700
17-10-2018,105.55200
16-10-2018,107.31500
15-10-2018,106.32500
12-10-2018,105.98800
11-10-2018,104.00700
10-10-2018,105.81900
09-10-2018,103.77000
08-10-2018,104.07600
05-10-2018,104.72000
04-10-2018,106.83600
03-10-2018,108.88800
01-10-2018,110.21500
28-09-2018,110.18800
27-09-2018,111.42800
26-09-2018,112.64500
25-09-2018,112.10900
24-09-2018,111.77400
21-09-2018,113.54000
19-09-2018,114.37200
18-09-2018,115.19000
17-09-2018,116.64000
14-09-2018,117.74100
12-09-2018,116.27400
11-09-2018,115.95400
10-09-2018,117.47800
07-09-2018,118.52900
06-09-2018,117.81300
05-09-2018,116.85900
04-09-2018,117.68600
03-09-2018,119.11300
31-08-2018,119.85300
30-08-2018,119.85000
29-08-2018,119.94400
28-08-2018,119.99000
27-08-2018,119.87800
24-08-2018,118.56700
23-08-2018,118.79100
21-08-2018,118.84500
20-08-2018,118.66100
17-08-2018,118.25600
16-08-2018,117.46500
14-08-2018,118.07800
13-08-2018,117.31200
10-08-2018,118.30200
09-08-2018,119.13100
08-08-2018,119.03100
07-08-2018,118.81100
06-08-2018,119.18500
03-08-2018,118.48000
02-08-2018,117.50600
01-08-2018,118.02800
31-07-2018,118.03200
30-07-2018,117.70300
27-07-2018,117.54200
26-07-2018,116.47800
25-07-2018,115.97200
24-07-2018,115.67400
23-07-2018,114.17500
20-07-2018,113.22500
19-07-2018,112.43200
18-07-2018,112.93100
17-07-2018,113.53900
16-07-2018,112.33900
13-07-2018,113.64300
12-07-2018,114.26900
11-07-2018,113.77400
10-07-2018,113.97500
09-07-2018,113.01700
06-07-2018,112.30300
05-07-2018,111.94800
04-07-2018,112.34200
03-07-2018,111.77000
02-07-2018,111.32400
29-06-2018,111.69200
28-06-2018,110.13500
27-06-2018,111.43700
26-06-2018,112.75200
25-06-2018,112.55800
22-06-2018,113.24100
21-06-2018,112.77300
20-06-2018,113.08200
19-06-2018,112.73000
18-06-2018,113.78200
15-06-2018,114.13300
14-06-2018,114.25700
13-06-2018,114.48600
12-06-2018,114.63000
11-06-2018,114.49400
08-06-2018,114.41200
07-06-2018,114.13000
06-06-2018,112.81300
05-06-2018,111.75500
04-06-2018,112.71300
01-06-2018,113.30600
31-05-2018,114.03600
30-05-2018,113.38900
29-05-2018,113.44200
28-05-2018,113.87900
25-05-2018,112.80400
24-05-2018,111.55700
23-05-2018,110.98900
22-05-2018,112.00800
21-05-2018,111.97000
18-05-2018,113.29000
17-05-2018,114.61100
16-05-2018,114.64800
15-05-2018,115.04500
14-05-2018,115.05500
11-05-2018,115.46600
10-05-2018,114.31400
09-05-2018,115.26300
08-05-2018,115.48200
07-05-2018,115.22100
04-05-2018,114.29900
03-05-2018,114.52700
02-05-2018,115.33300
30-04-2018,116.31200
27-04-2018,116.05200
26-04-2018,115.38600
25-04-2018,115.25000
24-04-2018,116.04300
23-04-2018,116.01900
20-04-2018,115.74200
19-04-2018,116.03100
18-04-2018,115.49000
17-04-2018,115.88400
16-04-2018,115.92000
13-04-2018,115.27300
12-04-2018,115.27000
11-04-2018,115.32000
10-04-2018,115.45600
09-04-2018,115.21200
06-04-2018,114.71600
05-04-2018,114.32900
04-04-2018,112.07700
03-04-2018,113.23400
02-04-2018,112.54700
28-03-2018,111.36500
27-03-2018,112.05100
26-03-2018,111.24000
23-03-2018,109.73300
22-03-2018,110.96100
21-03-2018,111.36000
20-03-2018,110.94500
19-03-2018,110.77400
16-03-2018,112.20700
15-03-2018,113.71500
14-03-2018,113.68600
13-03-2018,113.84800
12-03-2018,113.09900
09-03-2018,111.77900
08-03-2018,112.16400
07-03-2018,111.43900
06-03-2018,112.81700
05-03-2018,113.67700
01-03-2018,114.57200
28-02-2018,114.99200
27-02-2018,115.19500
26-02-2018,115.42800
23-02-2018,114.25700
22-02-2018,112.85500
21-02-2018,113.39300
20-02-2018,113.24300
19-02-2018,113.25500
16-02-2018,114.05600
15-02-2018,115.50900
14-02-2018,115.51800
12-02-2018,115.83900
09-02-2018,114.77900
08-02-2018,115.70600
07-02-2018,114.33800
06-02-2018,113.85600
05-02-2018,115.34900
02-02-2018,116.58200
01-02-2018,120.10500
31-01-2018,119.81800
30-01-2018,119.87600
29-01-2018,120.61600
25-01-2018,120.89900
24-01-2018,121.81800
23-01-2018,121.94100
22-01-2018,121.15700
19-01-2018,120.53800
18-01-2018,119.88400
17-01-2018,120.37700
16-01-2018,119.55500
15-01-2018,120.80900
12-01-2018,120.64500
11-01-2018,120.32500
10-01-2018,120.37800
09-01-2018,120.65200
08-01-2018,120.91000
05-01-2018,120.21300
04-01-2018,119.49300
03-01-2018,118.70500
02-01-2018,118.52300
01-01-2018,119.02500
29-12-2017,119.75300
28-12-2017,119.26000
27-12-2017,119.42100
26-12-2017,119.68600
22-12-2017,119.30400
21-12-2017,118.47400
20-12-2017,118.21700
19-12-2017,117.73400
18-12-2017,116.98500
15-12-2017,116.28600
14-12-2017,115.27000
13-12-2017,114.97500
12-12-2017,115.70200
11-12-2017,116.49600
08-12-2017,116.08000
07-12-2017,115.31600
06-12-2017,113.72000
05-12-2017,114.59200
04-12-2017,114.82700
01-12-2017,114.92700
30-11-2017,116.04200
29-11-2017,116.90700
28-11-2017,117.22200
27-11-2017,117.24400
24-11-2017,116.97100
23-11-2017,116.72000
22-11-2017,116.57600
21-11-2017,116.34000
20-11-2017,115.85500
17-11-2017,115.97200
16-11-2017,114.98200
15-11-2017,114.21100
14-11-2017,115.01600
13-11-2017,115.20200
10-11-2017,115.98900
09-11-2017,115.62700
08-11-2017,115.14900
07-11-2017,116.25500
06-11-2017,117.39300
03-11-2017,117.36300
02-11-2017,116.84700
01-11-2017,117.02300
31-10-2017,116.23200
30-10-2017,116.40300
27-10-2017,115.33800
26-10-2017,115.55500
25-10-2017,115.37500
24-10-2017,114.45700
23-10-2017,114.15500
18-10-2017,114.12700
17-10-2017,114.21800
16-10-2017,114.08700
13-10-2017,113.99000
12-10-2017,113.96100
11-10-2017,112.84700
10-10-2017,113.17400
09-10-2017,112.47500
06-10-2017,112.46600
05-10-2017,111.63200
04-10-2017,111.68400
03-10-2017,111.25400
29-09-2017,110.33400
28-09-2017,109.50600
27-09-2017,109.17900
26-09-2017,110.73500
25-09-2017,110.54500
22-09-2017,111.88200
21-09-2017,114.26800
20-09-2017,114.52400
19-09-2017,114.88500
18-09-2017,114.67100
15-09-2017,114.07000
14-09-2017,114.17900
13-09-2017,114.11000
12-09-2017,114.74800
11-09-2017,113.78600
08-09-2017,112.88100
07-09-2017,113.03800
06-09-2017,112.81600
05-09-2017,113.06700
04-09-2017,112.32300
01-09-2017,112.95700
31-08-2017,112.28200
30-08-2017,111.73300
29-08-2017,110.59400
28-08-2017,111.63200
24-08-2017,110.93500
23-08-2017,110.93300
22-08-2017,110.03700
21-08-2017,110.19200
18-08-2017,111.21200
17-08-2017,111.74300
16-08-2017,111.68200
14-08-2017,110.41900
11-08-2017,108.76800
10-08-2017,109.06600
09-08-2017,110.84000
08-08-2017,112.14000
07-08-2017,113.29100
04-08-2017,112.58200
03-08-2017,111.96500
02-08-2017,112.61600
01-08-2017,112.76500
31-07-2017,112.58100
28-07-2017,111.52800
27-07-2017,111.39300
26-07-2017,111.49000
25-07-2017,111.06000
24-07-2017,111.10200
21-07-2017,110.72400
20-07-2017,110.42700
19-07-2017,111.01300
18-07-2017,110.42000
17-07-2017,111.38200
14-07-2017,111.31500
13-07-2017,111.21500
12-07-2017,110.34600
11-07-2017,109.89700
10-07-2017,109.82700
07-07-2017,108.99500
06-07-2017,109.03500
05-07-2017,108.65500
04-07-2017,108.08300
03-07-2017,107.95900
30-06-2017,106.77900
29-06-2017,106.29300
28-06-2017,105.89000
27-06-2017,106.13000
23-06-2017,107.16600
22-06-2017,107.96700
21-06-2017,108.41700
20-06-2017,108.53900
19-06-2017,108.71500
16-06-2017,108.19600
15-06-2017,107.80600
14-06-2017,108.07400
13-06-2017,108.00800
12-06-2017,107.91500
09-06-2017,108.60500
08-06-2017,108.41200
07-06-2017,108.37600
06-06-2017,108.04300
05-06-2017,108.66500
02-06-2017,108.37500
01-06-2017,107.87900
31-05-2017,107.83600
30-05-2017,107.17900
29-05-2017,106.56900
26-05-2017,106.90600
25-05-2017,105.48500
24-05-2017,104.05500
23-05-2017,104.79900
22-05-2017,105.67500
19-05-2017,106.18300
18-05-2017,106.77400
17-05-2017,108.22300
16-05-2017,108.38800
15-05-2017,107.73500
12-05-2017,107.04700
11-05-2017,107.57200
10-05-2017,107.29800
09-05-2017,106.45200
08-05-2017,106.28200
05-05-2017,105.98800
04-05-2017,106.98500
03-05-2017,106.45200
02-05-2017,106.58700
28-04-2017,106.37600
27-04-2017,106.64800
26-04-2017,106.82000
25-04-2017,106.47900
24-04-2017,105.41000
21-04-2017,104.22500
20-04-2017,104.41900
19-04-2017,103.74400
18-04-2017,103.62200
17-04-2017,104.10700
13-04-2017,103.91500
12-04-2017,103.94600
11-04-2017,104.12000
10-04-2017,103.48500
07-04-2017,103.25100
06-04-2017,103.19800
05-04-2017,103.04500
03-04-2017,102.56500
31-03-2017,101.93800
30-03-2017,101.49000
29-03-2017,101.00400
28-03-2017,100.87600
27-03-2017,100.35000
24-03-2017,100.47700
23-03-2017,100.08200
22-03-2017,99.37400
21-03-2017,100.34300
20-03-2017,99.77100
17-03-2017,100.05900
16-03-2017,99.98400
15-03-2017,99.34400
14-03-2017,98.91700
10-03-2017,97.50200
09-03-2017,97.64200
08-03-2017,97.54100
07-03-2017,97.96200
06-03-2017,98.07700
03-03-2017,97.45100
02-03-2017,97.26700
01-03-2017,97.99000
28-02-2017,97.86100
27-02-2017,97.98900
23-02-2017,98.19300
22-02-2017,98.09300
21-02-2017,97.91800
20-02-2017,97.72900
17-02-2017,97.15300
16-02-2017,96.64400
15-02-2017,95.75200
14-02-2017,96.66300
13-02-2017,97.27100
10-02-2017,97.58400
09-02-2017,97.60700
08-02-2017,97.39400
07-02-2017,97.22400
06-02-2017,97.63500
03-02-2017,96.81100
02-02-2017,96.48500
01-02-2017,96.23900
31-01-2017,94.08500
30-01-2017,94.80000
27-01-2017,94.97300
25-01-2017,94.62700
24-01-2017,93.46800
23-01-2017,92.53200
20-01-2017,92.17800
19-01-2017,93.11300
18-01-2017,92.71500
17-01-2017,92.33500
16-01-2017,92.20900
13-01-2017,92.10200
12-01-2017,92.17800
11-01-2017,92.15200
10-01-2017,90.86500
09-01-2017,90.22900
06-01-2017,90.23500
05-01-2017,90.67600
04-01-2017,89.81600
03-01-2017,89.73500
02-01-2017,89.24600
30-12-2016,88.79100
29-12-2016,87.67500
28-12-2016,86.89100
27-12-2016,86.57800
26-12-2016,85.47900
23-12-2016,86.57400
22-12-2016,86.47700
21-12-2016,87.55000
20-12-2016,87.68800
19-12-2016,88.09300
16-12-2016,88.45200
15-12-2016,88.63700
14-12-2016,88.68600
13-12-2016,89.01600
12-12-2016,89.05300
09-12-2016,90.40200
08-12-2016,90.01400
07-12-2016,88.64900
06-12-2016,88.91000
05-12-2016,88.65900
02-12-2016,88.22000
01-12-2016,89.58600
30-11-2016,90.14900
29-11-2016,89.43100
28-11-2016,89.02600
25-11-2016,88.69400
24-11-2016,87.25600
23-11-2016,87.77600
22-11-2016,87.32700
21-11-2016,86.27000
18-11-2016,88.10800
17-11-2016,87.88600
16-11-2016,88.25800
15-11-2016,88.10500
11-11-2016,91.13100
10-11-2016,94.01600
09-11-2016,92.80200
08-11-2016,94.23300
07-11-2016,93.74900
04-11-2016,92.92300
03-11-2016,93.49800
02-11-2016,93.97100
01-11-2016,95.34400
28-10-2016,95.27800
27-10-2016,94.83400
26-10-2016,95.32600
25-10-2016,96.12100
24-10-2016,96.03600
21-10-2016,95.80500
20-10-2016,95.68200
19-10-2016,95.52800
18-10-2016,95.60400
17-10-2016,94.53100
14-10-2016,95.09400
13-10-2016,94.46500
10-10-2016,95.29700
07-10-2016,95.38200
06-10-2016,95.64000
05-10-2016,95.77900
04-10-2016,95.85100
03-10-2016,95.29400
30-09-2016,93.49700
29-09-2016,92.66400
28-09-2016,94.38700
27-09-2016,93.73800
26-09-2016,93.87100
23-09-2016,94.62300
22-09-2016,94.60600
21-09-2016,93.41200
20-09-2016,93.35500
19-09-2016,93.81100
16-09-2016,93.69000
15-09-2016,93.43900
14-09-2016,93.65100
12-09-2016,93.08300
09-09-2016,94.85800
08-09-2016,95.61200
07-09-2016,95.13200
06-09-2016,95.25700
02-09-2016,93.61800
01-09-2016,93.16300
31-08-2016,93.49200
30-08-2016,92.52500
29-08-2016,91.33200
26-08-2016,91.14500
25-08-2016,91.22000
24-08-2016,91.55700
23-08-2016,91.03500
22-08-2016,91.20200
19-08-2016,91.58700
18-08-2016,91.40500
17-08-2016,90.82800
16-08-2016,90.71400
12-08-2016,90.66000
11-08-2016,90.24800
10-08-2016,90.04400
09-08-2016,91.30700
08-08-2016,91.68200
05-08-2016,91.10600
04-08-2016,89.64700
03-08-2016,89.41500
02-08-2016,90.56200
01-08-2016,90.83700
29-07-2016,90.66700
28-07-2016,90.67800
27-07-2016,89.97900
26-07-2016,89.53600
25-07-2016,89.68600
22-07-2016,88.89900
21-07-2016,88.27100
20-07-2016,88.27900
19-07-2016,87.63300
18-07-2016,87.45300
15-07-2016,87.58900
14-07-2016,87.99900
13-07-2016,87.29700
12-07-2016,88.06100
11-07-2016,87.59100
08-07-2016,86.24900
07-07-2016,86.20200
05-07-2016,85.98600
04-07-2016,86.34900
01-07-2016,85.82400
30-06-2016,85.05800
29-06-2016,84.42300
28-06-2016,83.65300
27-06-2016,83.21400
24-06-2016,82.49700
23-06-2016,83.84000
22-06-2016,83.20800
21-06-2016,83.33700
20-06-2016,83.49300
17-06-2016,83.04300
16-06-2016,82.77100
15-06-2016,83.33400
14-06-2016,82.47700
13-06-2016,82.45200
10-06-2016,82.91200
09-06-2016,83.29200
08-06-2016,83.70400
07-06-2016,83.45800
06-06-2016,82.92900
03-06-2016,82.96900
02-06-2016,82.79900
01-06-2016,82.15500
31-05-2016,82.19500
30-05-2016,82.50500
27-05-2016,82.29000
26-05-2016,81.14200
25-05-2016,80.26100
24-05-2016,78.72700
23-05-2016,78.83000
20-05-2016,79.22500
19-05-2016,79.95100
18-05-2016,80.56400
17-05-2016,80.64400
16-05-2016,80.32100
13-05-2016,80.28000
12-05-2016,80.68400
11-05-2016,80.04600
10-05-2016,80.08900
09-05-2016,79.97200
06-05-2016,79.03400
05-05-2016,79.10500
04-05-2016,78.97800
03-05-2016,79.37900
02-05-2016,79.90700
29-04-2016,79.71200
28-04-2016,79.65600
27-04-2016,80.74400
26-04-2016,80.72800
25-04-2016,80.04300
22-04-2016,80.41700
21-04-2016,80.36000
20-04-2016,80.45000
18-04-2016,80.63500
13-04-2016,79.83800
12-04-2016,78.67500
11-04-2016,77.99200
08-04-2016,77.06100
07-04-2016,76.74200
06-04-2016,77.27500
05-04-2016,76.99200
04-04-2016,78.18100
01-04-2016,77.84400
31-03-2016,78.04100
30-03-2016,77.62300
29-03-2016,76.62500
28-03-2016,76.74800
23-03-2016,77.84200
22-03-2016,77.76600
21-03-2016,77.50300
18-03-2016,76.18400
17-03-2016,75.47300
16-03-2016,74.96800
15-03-2016,74.79800
14-03-2016,75.23300
11-03-2016,74.81400
10-03-2016,74.69500
09-03-2016,75.02100
08-03-2016,74.53100
04-03-2016,74.87100
03-03-2016,74.62600
02-03-2016,74.01400
01-03-2016,72.46900
29-02-2016,70.11500
26-02-2016,70.33500
25-02-2016,70.00500
24-02-2016,70.73900
23-02-2016,71.56900
22-02-2016,72.65100
19-02-2016,72.37600
18-02-2016,72.52600
17-02-2016,71.68100
16-02-2016,71.18000
15-02-2016,72.47900
12-02-2016,70.18100
11-02-2016,70.62000
10-02-2016,72.71600
09-02-2016,73.35400
08-02-2016,74.54600
05-02-2016,75.06800
04-02-2016,74.14500
03-02-2016,74.03100
02-02-2016,74.76000
01-02-2016,75.95700
29-01-2016,75.91400
28-01-2016,74.95900
27-01-2016,75.18900
25-01-2016,75.03700
22-01-2016,74.90100
21-01-2016,73.39200
20-01-2016,73.33900
19-01-2016,74.72000
18-01-2016,73.91000
15-01-2016,75.48300
14-01-2016,76.75800
13-01-2016,77.28900
12-01-2016,77.35500
11-01-2016,78.06300
08-01-2016,78.57300
07-01-2016,78.00700
06-01-2016,79.99600
05-01-2016,80.10000
04-01-2016,80.09100
01-01-2016,81.52600
31-12-2015,81.01900
30-12-2015,80.64100
29-12-2015,80.91900
28-12-2015,80.78300
24-12-2015,80.25100
23-12-2015,80.20900
22-12-2015,79.57400
21-12-2015,79.81900
18-12-2015,79.18900
17-12-2015,79.76000
16-12-2015,78.89500
15-12-2015,78.49800
14-12-2015,78.03200
11-12-2015,77.98000
10-12-2015,78.79500
09-12-2015,78.22600
08-12-2015,79.50600
07-12-2015,80.09200
04-12-2015,80.04500
03-12-2015,80.61400
02-12-2015,81.01400
01-12-2015,81.26100
30-11-2015,80.89700
27-11-2015,81.00700
26-11-2015,80.33200
24-11-2015,80.12800
23-11-2015,80.35900
20-11-2015,80.33400
19-11-2015,79.98900
18-11-2015,78.85000
17-11-2015,79.58900
16-11-2015,79.36100
13-11-2015,79.24800
10-11-2015,79.39300
09-11-2015,80.29900
06-11-2015,80.38600
05-11-2015,80.17700
04-11-2015,80.97700
03-11-2015,81.10100
02-11-2015,80.87100
30-10-2015,80.97700
29-10-2015,81.42100
28-10-2015,81.96900
27-10-2015,82.69900
26-10-2015,82.79500
23-10-2015,83.19600
21-10-2015,83.35600
20-10-2015,83.84900
19-10-2015,83.37200
16-10-2015,83.00900
15-10-2015,82.48200
14-10-2015,81.83200
13-10-2015,81.99000
12-10-2015,82.08900
09-10-2015,82.37600
08-10-2015,82.20600
07-10-2015,82.64500
06-10-2015,82.77800
05-10-2015,82.79000
01-10-2015,81.42000
30-09-2015,81.43200
29-09-2015,80.52100
28-09-2015,80.21500
24-09-2015,80.76800
23-09-2015,80.62100
22-09-2015,80.41600
21-09-2015,81.80200
18-09-2015,81.46100
16-09-2015,80.77400
15-09-2015,80.66100
14-09-2015,81.01200
11-09-2015,80.11000
10-09-2015,79.82200
09-09-2015,80.03300
08-09-2015,78.83500
07-09-2015,77.85300
04-09-2015,79.15700
03-09-2015,80.76400
02-09-2015,79.80200
01-09-2015,80.13400
31-08-2015,81.65600
28-08-2015,82.07600
27-08-2015,81.81900
26-08-2015,80.15400
25-08-2015,80.92600
24-08-2015,79.82700
21-08-2015,85.46400
20-08-2015,86.05000
19-08-2015,87.36100
18-08-2015,87.32700
17-08-2015,86.75500
14-08-2015,86.65500
13-08-2015,85.31000
12-08-2015,85.05500
11-08-2015,86.56700
10-08-2015,87.23800
07-08-2015,87.51800
06-08-2015,87.75700
05-08-2015,87.63600
04-08-2015,87.20100
03-08-2015,86.74400
31-07-2015,86.31300
30-07-2015,85.25600
29-07-2015,84.88500
28-07-2015,84.07400
27-07-2015,83.93400
24-07-2015,85.04800
23-07-2015,85.51200
22-07-2015,85.67000
21-07-2015,85.07700
20-07-2015,85.94900
17-07-2015,85.98000
16-07-2015,85.75100
15-07-2015,84.78800
14-07-2015,84.43400
13-07-2015,84.38000
10-07-2015,83.41000
09-07-2015,83.06600
08-07-2015,83.38700
07-07-2015,84.74800
06-07-2015,84.57000
03-07-2015,83.98200
02-07-2015,83.79400
01-07-2015,83.72100
30-06-2015,82.55600
29-06-2015,81.90900
26-06-2015,82.73500
25-06-2015,82.57300
24-06-2015,82.14700
23-06-2015,82.48800
22-06-2015,82.34500
19-06-2015,80.93700
18-06-2015,80.52100
17-06-2015,79.79200
16-06-2015,79.07500
15-06-2015,78.82700
12-06-2015,78.70400
11-06-2015,78.60000
10-06-2015,79.72800
09-06-2015,78.80700
08-06-2015,78.92700
05-06-2015,79.76500
04-06-2015,79.86000
03-06-2015,79.64600
02-06-2015,80.62000
01-06-2015,82.49500
29-05-2015,82.49100
28-05-2015,81.39800
27-05-2015,81.38000
26-05-2015,81.66800
25-05-2015,81.87800
22-05-2015,82.18800
21-05-2015,82.09700
20-05-2015,82.14100
19-05-2015,81.81900
18-05-2015,81.76700
15-05-2015,80.99700
14-05-2015,80.21800
13-05-2015,79.91200
12-05-2015,78.63400
11-05-2015,80.59600
08-05-2015,78.91500
07-05-2015,77.45500
06-05-2015,78.64400
05-05-2015,81.15300
04-05-2015,81.18600
30-04-2015,79.98400
29-04-2015,79.77900
28-04-2015,79.30100
27-04-2015,77.80400
24-04-2015,79.17500
23-04-2015,80.78900
22-04-2015,81.02300
21-04-2015,80.84400
20-04-2015,81.60000
17-04-2015,83.00700
16-04-2015,84.31600
15-04-2015,84.92700
13-04-2015,85.45800
10-04-2015,85.21800
09-04-2015,85.18300
08-04-2015,84.72600
07-04-2015,84.11500
06-04-2015,84.07500
01-04-2015,83.52600
31-03-2015,82.67500
30-03-2015,82.41500
27-03-2015,81.04700
26-03-2015,80.67200
25-03-2015,81.87800
24-03-2015,81.84000
23-03-2015,82.20000
20-03-2015,82.78200
19-03-2015,83.83200
18-03-2015,84.50500
17-03-2015,84.41700
16-03-2015,83.64300
13-03-2015,83.65800
12-03-2015,84.86000
11-03-2015,84.34900
10-03-2015,84.72500
09-03-2015,84.92900
05-03-2015,86.26300
04-03-2015,85.68700
03-03-2015,86.69400
02-03-2015,86.55300
27-02-2015,83.80700
26-02-2015,82.05800
25-02-2015,82.95700
24-02-2015,83.11000
23-02-2015,83.10900
20-02-2015,83.77400
19-02-2015,83.95500
18-02-2015,83.86300
16-02-2015,83.39100
13-02-2015,83.81900
12-02-2015,82.87300
11-02-2015,81.88500
10-02-2015,80.83100
09-02-2015,80.25800
06-02-2015,81.59700
05-02-2015,82.40600
04-02-2015,82.76700
03-02-2015,83.52600
02-02-2015,83.92000
30-01-2015,83.78400
29-01-2015,84.97100
28-01-2015,84.62000
27-01-2015,84.29100
23-01-2015,83.37300
22-01-2015,82.97100
21-01-2015,82.61800
20-01-2015,82.32700
19-01-2015,81.38800
16-01-2015,81.10100
15-01-2015,81.01600
14-01-2015,79.44300
13-01-2015,79.19500
12-01-2015,79.24600
09-01-2015,78.69300
08-01-2015,78.57400
07-01-2015,77.35600
06-01-2015,77.32000
05-01-2015,79.43400
02-01-2015,79.38100
01-01-2015,78.58000
31-12-2014,78.45300
30-12-2014,77.99500
29-12-2014,77.81400
26-12-2014,77.10000
24-12-2014,76.93100
23-12-2014,77.35100
22-12-2014,77.64000
19-12-2014,76.87900
18-12-2014,76.32700
17-12-2014,74.49400
16-12-2014,74.92000
15-12-2014,76.23700
12-12-2014,76.82000
11-12-2014,77.22100
10-12-2014,77.61400
09-12-2014,77.31000
08-12-2014,78.18400
05-12-2014,79.24200
04-12-2014,79.72700
03-12-2014,79.53200
02-12-2014,78.83400
01-12-2014,78.87000
28-11-2014,78.86000
27-11-2014,77.78900
26-11-2014,77.43800
25-11-2014,77.28500
24-11-2014,78.27800
21-11-2014,78.00000
20-11-2014,77.59600
19-11-2014,77.52500
18-11-2014,77.91600
17-11-2014,77.80000
14-11-2014,77.15400
13-11-2014,76.73700
12-11-2014,77.03800
11-11-2014,76.33700
10-11-2014,76.07300
07-11-2014,76.15500
05-11-2014,75.94800
03-11-2014,75.20200
31-10-2014,74.91900
30-10-2014,73.65800
29-10-2014,72.95000
28-10-2014,72.56300
27-10-2014,72.25800
22-10-2014,72.14000
21-10-2014,71.48000
20-10-2014,70.97700
17-10-2014,69.86400
16-10-2014,69.53900
14-10-2014,70.71000
13-10-2014,70.81600
10-10-2014,70.33600
09-10-2014,71.04900
08-10-2014,70.16600
07-10-2014,70.19600
01-10-2014,70.95400
30-09-2014,71.13000
29-09-2014,71.03800
26-09-2014,70.81900
25-09-2014,70.19900
24-09-2014,71.22300
23-09-2014,71.54100
22-09-2014,72.73000
19-09-2014,72.56000
18-09-2014,72.53000
17-09-2014,71.36100
16-09-2014,70.97900
15-09-2014,72.59900
12-09-2014,72.75300
11-09-2014,72.48400
10-09-2014,72.05500
09-09-2014,72.27400
08-09-2014,72.32800
05-09-2014,71.44000
04-09-2014,71.53100
03-09-2014,71.45000
02-09-2014,70.96300
01-09-2014,70.37300
28-08-2014,69.27700
27-08-2014,69.26600
26-08-2014,68.74200
25-08-2014,68.69300
22-08-2014,68.93400
21-08-2014,68.46700
20-08-2014,68.02200
19-08-2014,68.15700
18-08-2014,67.60900
14-08-2014,66.40200
13-08-2014,65.68500
12-08-2014,66.08800
11-08-2014,65.54300
08-08-2014,65.03700
07-08-2014,65.88700
06-08-2014,65.94500
05-08-2014,66.47000
04-08-2014,65.92700
01-08-2014,65.40500
31-07-2014,66.08600
30-07-2014,66.28600
28-07-2014,65.99300
25-07-2014,66.31600
24-07-2014,66.72300
23-07-2014,66.53400
22-07-2014,66.29100
21-07-2014,66.02000
18-07-2014,65.98600
17-07-2014,65.84300
16-07-2014,65.58000
15-07-2014,64.71600
14-07-2014,63.67900
11-07-2014,63.51300
10-07-2014,64.61100
09-07-2014,64.78100
08-07-2014,65.32000
07-07-2014,66.92800
04-07-2014,67.02100
03-07-2014,66.57800
02-07-2014,66.48200
01-07-2014,65.75200
30-06-2014,65.35000
27-06-2014,64.44100
26-06-2014,64.31100
25-06-2014,64.63900
24-06-2014,64.53600
23-06-2014,63.64900
20-06-2014,63.48800
19-06-2014,63.98700
18-06-2014,64.26800
17-06-2014,64.79800
16-06-2014,63.84400
13-06-2014,63.98500
12-06-2014,65.11100
11-06-2014,64.92900
10-06-2014,64.98000
09-06-2014,65.27100
06-06-2014,64.64200
05-06-2014,63.74000
04-06-2014,63.22300
03-06-2014,62.91800
02-06-2014,62.53200
30-05-2014,61.32300
29-05-2014,61.35200
28-05-2014,61.81900
27-05-2014,61.58400
26-05-2014,61.88100
23-05-2014,62.21400
22-05-2014,61.36300
21-05-2014,60.71200
20-05-2014,60.69100
19-05-2014,60.61900
16-05-2014,59.78300
15-05-2014,58.61000
14-05-2014,58.84900
13-05-2014,58.72000
12-05-2014,57.97700
09-05-2014,56.86500
08-05-2014,55.42100
07-05-2014,55.40100
06-05-2014,55.68900
05-05-2014,55.60000
02-05-2014,55.56300
30-04-2014,55.43100
29-04-2014,55.69900
28-04-2014,56.08000
25-04-2014,56.13600
23-04-2014,56.49300
22-04-2014,56.12200
21-04-2014,56.11500
17-04-2014,55.73600
16-04-2014,54.85900
15-04-2014,55.37500
11-04-2014,55.74000
10-04-2014,55.98000
09-04-2014,55.92200
07-04-2014,55.10000
04-04-2014,55.33500
03-04-2014,55.52800
02-04-2014,55.86600
01-04-2014,55.33600
31-03-2014,55.35800
28-03-2014,55.14200
27-03-2014,54.58300
26-03-2014,54.42400
25-03-2014,54.45400
24-03-2014,54.44100
21-03-2014,53.83500
20-03-2014,53.54000
19-03-2014,53.81500
18-03-2014,53.87800
14-03-2014,53.72200
13-03-2014,53.72000
12-03-2014,54.11400
11-03-2014,54.04700
10-03-2014,54.12900
07-03-2014,54.08100
06-03-2014,53.30100
05-03-2014,52.70100
04-03-2014,52.33600
03-03-2014,51.88500
28-02-2014,52.16500
26-02-2014,51.74400
25-02-2014,51.51700
24-02-2014,51.37400
21-02-2014,51.14600
20-02-2014,50.60900
19-02-2014,51.07000
18-02-2014,50.79600
17-02-2014,50.35700
14-02-2014,50.19600
13-02-2014,49.95300
12-02-2014,50.43000
11-02-2014,50.20100
10-02-2014,50.10500
07-02-2014,50.12200
06-02-2014,49.90500
05-02-2014,49.89200
04-02-2014,49.66000
03-02-2014,49.75400
31-01-2014,50.27000
30-01-2014,49.78800
29-01-2014,50.18900
28-01-2014,50.28700
27-01-2014,50.42700
24-01-2014,51.70400
23-01-2014,52.31700
22-01-2014,52.52000
21-01-2014,52.34700
20-01-2014,52.23600
17-01-2014,51.69800
16-01-2014,52.30400
15-01-2014,52.37500
14-01-2014,51.94300
13-01-2014,52.13800
10-01-2014,51.56300
09-01-2014,51.66000
08-01-2014,51.68400
07-01-2014,51.55700
06-01-2014,51.82500
03-01-2014,51.94900
02-01-2014,51.78000
01-01-2014,52.35600
31-12-2013,52.32100
30-12-2013,52.22200
27-12-2013,52.41600
26-12-2013,52.21500
24-12-2013,52.11300
23-12-2013,52.29300
20-12-2013,52.27400
19-12-2013,51.38900
18-12-2013,51.46000
17-12-2013,50.88300
16-12-2013,50.86400
13-12-2013,50.78500
12-12-2013,51.30500
11-12-2013,51.82600
10-12-2013,51.94000
09-12-2013,52.19400
06-12-2013,51.41100
05-12-2013,51.24400
04-12-2013,50.73200
03-12-2013,51.02200
02-12-2013,51.11200
29-11-2013,50.67300
28-11-2013,50.19400
27-11-2013,50.06800
26-11-2013,50.03200
25-11-2013,50.34800
22-11-2013,49.61800
21-11-2013,49.66600
20-11-2013,50.53800
19-11-2013,51.21600
18-11-2013,51.02800
14-11-2013,50.31900
13-11-2013,49.86500
12-11-2013,50.23800
11-11-2013,50.66300
08-11-2013,50.97900
07-11-2013,51.35200
06-11-2013,51.62900
05-11-2013,51.81000
01-11-2013,52.04700
31-10-2013,52.01100
30-10-2013,51.70500
29-10-2013,51.35800
28-10-2013,50.53800
25-10-2013,50.93300
24-10-2013,50.96200
23-10-2013,51.19600
22-10-2013,51.36100
21-10-2013,51.35700
18-10-2013,51.27700
17-10-2013,50.32600
15-10-2013,50.73500
14-10-2013,50.93400
11-10-2013,50.64400
10-10-2013,49.98000
09-10-2013,49.82200
08-10-2013,49.31700
07-10-2013,49.11100
04-10-2013,48.95500
03-10-2013,48.83900
01-10-2013,47.87400
30-09-2013,47.46300
27-09-2013,48.00100
26-09-2013,48.14000
25-09-2013,48.08000
24-09-2013,48.06800
23-09-2013,48.11400
20-09-2013,48.78500
19-09-2013,49.47700
18-09-2013,48.15000
17-09-2013,47.78300
16-09-2013,47.71400
13-09-2013,47.65000
12-09-2013,47.80600
11-09-2013,48.30600
10-09-2013,48.13900
06-09-2013,47.10000
05-09-2013,46.55800
04-09-2013,45.79800
03-09-2013,44.97700
02-09-2013,46.32300
30-08-2013,45.69500
29-08-2013,45.16300
28-08-2013,44.33400
27-08-2013,44.58300
26-08-2013,45.76900
23-08-2013,45.63900
22-08-2013,45.18400
21-08-2013,44.64200
20-08-2013,45.26100
19-08-2013,45.50500
16-08-2013,46.30600
14-08-2013,47.85300
13-08-2013,47.53600
12-08-2013,46.77800
08-08-2013,46.37500
07-08-2013,46.00800
06-08-2013,46.09100
05-08-2013,47.10500
02-08-2013,47.05600
01-08-2013,47.32400
31-07-2013,47.61600
30-07-2013,47.28000
29-07-2013,47.87300
26-07-2013,48.09800
25-07-2013,48.20200
24-07-2013,48.46100
23-07-2013,49.02000
22-07-2013,48.88400
19-07-2013,48.63800
18-07-2013,48.74500
17-07-2013,48.32700
16-07-2013,48.58200
15-07-2013,49.30200
12-07-2013,48.90300
11-07-2013,48.42800
10-07-2013,47.80800
09-07-2013,48.02200
08-07-2013,47.65000
05-07-2013,47.89300
04-07-2013,47.87400
03-07-2013,47.34700
02-07-2013,47.96700
01-07-2013,48.26500
28-06-2013,47.80800
27-06-2013,46.65900
26-06-2013,46.03400
25-06-2013,46.23100
24-06-2013,46.06500
21-06-2013,46.78900
20-06-2013,46.71600
19-06-2013,47.84700
18-06-2013,47.73100
17-06-2013,47.86300
14-06-2013,47.46100
13-06-2013,46.72000
12-06-2013,47.23000
11-06-2013,47.37100
10-06-2013,48.13000
07-06-2013,48.37500
06-06-2013,48.64200
05-06-2013,48.63300
04-06-2013,48.53800
03-06-2013,48.60400
31-05-2013,48.84600
30-05-2013,49.66700
29-05-2013,49.60200
28-05-2013,49.71900
27-05-2013,49.47700
24-05-2013,48.77800
23-05-2013,48.74200
22-05-2013,49.56000
21-05-2013,49.63000
20-05-2013,49.96300
17-05-2013,50.28100
16-05-2013,50.33800
15-05-2013,50.18900
14-05-2013,49.10200
13-05-2013,48.85400
10-05-2013,49.52200
09-05-2013,49.19200
08-05-2013,49.36400
07-05-2013,49.22600
06-05-2013,48.69000
03-05-2013,48.36100
02-05-2013,48.89400
30-04-2013,48.47900
29-04-2013,48.31300
26-04-2013,47.93500
25-04-2013,48.17400
23-04-2013,47.56500
22-04-2013,47.61800
18-04-2013,47.22900
17-04-2013,46.54700
16-04-2013,46.31500
15-04-2013,45.59200
12-04-2013,45.34200
11-04-2013,45.90200
10-04-2013,45.51300
09-04-2013,45.11400
08-04-2013,45.51600
05-04-2013,45.51600
04-04-2013,45.55100
03-04-2013,46.25400
02-04-2013,46.86600
01-04-2013,46.32300
28-03-2013,46.13100
26-03-2013,45.81500
25-03-2013,45.79100
22-03-2013,46.01500
21-03-2013,46.13200
20-03-2013,46.21700
19-03-2013,46.89000
18-03-2013,47.54000
15-03-2013,47.95300
14-03-2013,48.32500
13-03-2013,47.86900
12-03-2013,48.54000
11-03-2013,48.72000
08-03-2013,48.74000
07-03-2013,48.29600
06-03-2013,48.01500
05-03-2013,47.63700
04-03-2013,46.88400
01-03-2013,47.07700
28-02-2013,46.90400
27-02-2013,47.80300
26-02-2013,47.37200
25-02-2013,48.12600
22-02-2013,48.24100
21-02-2013,48.21800
20-02-2013,49.04400
19-02-2013,49.07600
18-02-2013,48.70200
15-02-2013,48.62100
14-02-2013,48.67600
13-02-2013,49.10000
12-02-2013,49.01200
11-02-2013,48.70300
08-02-2013,48.62800
07-02-2013,49.02300
06-02-2013,49.23300
05-02-2013,49.21500
04-02-2013,49.50300
01-02-2013,49.86100
31-01-2013,49.94200
30-01-2013,49.94500
29-01-2013,49.95200
28-01-2013,50.22800
25-01-2013,50.20500
24-01-2013,49.71900
23-01-2013,50.41800
22-01-2013,50.38600
21-01-2013,50.61400
18-01-2013,50.65900
17-01-2013,50.64700
16-01-2013,50.50800
15-01-2013,51.29200
14-01-2013,51.03800
11-01-2013,50.59300
10-01-2013,51.07300
09-01-2013,51.08700
08-01-2013,51.23100
07-01-2013,51.13400
04-01-2013,51.22600
03-01-2013,51.16800
02-01-2013,51.17700
01-01-2013,50.75700
31-12-2012,50.19600
28-12-2012,50.06700
27-12-2012,49.79300
26-12-2012,50.01700
24-12-2012,49.67000
21-12-2012,49.66000
20-12-2012,50.45300
19-12-2012,50.56000
18-12-2012,50.42400
17-12-2012,50.03900
14-12-2012,49.87100
13-12-2012,49.43300
12-12-2012,49.76800
11-12-2012,49.85500
10-12-2012,50.02300
07-12-2012,49.93600
06-12-2012,50.13900
05-12-2012,49.67900
04-12-2012,49.51800
03-12-2012,49.35600
30-11-2012,49.17400
29-11-2012,48.94200
27-11-2012,48.23200
26-11-2012,47.48400
23-11-2012,47.15800
22-11-2012,47.13900
21-11-2012,46.95800
20-11-2012,46.61600
19-11-2012,46.81300
16-11-2012,46.95400
15-11-2012,47.39300
12-11-2012,47.57200
09-11-2012,47.51600
08-11-2012,47.85000
07-11-2012,48.03800
06-11-2012,47.68400
05-11-2012,47.50300
02-11-2012,47.68100
01-11-2012,47.18900
31-10-2012,46.88900
30-10-2012,46.41500
29-10-2012,47.04000
26-10-2012,47.11500
25-10-2012,47.60100
23-10-2012,47.40000
22-10-2012,47.48000
19-10-2012,47.37300
18-10-2012,47.77400
17-10-2012,47.21000
16-10-2012,47.07500
15-10-2012,47.52900
12-10-2012,47.49400
11-10-2012,47.52100
10-10-2012,47.10300
09-10-2012,47.52300
08-10-2012,47.24500
05-10-2012,47.64300
04-10-2012,48.14000
03-10-2012,47.81800
01-10-2012,47.69100
28-09-2012,47.44100
27-09-2012,46.92900
26-09-2012,46.95500
25-09-2012,46.87800
24-09-2012,46.71600
21-09-2012,46.82500
20-09-2012,45.95900
18-09-2012,46.24100
17-09-2012,46.07900
14-09-2012,45.85200
13-09-2012,45.09100
12-09-2012,45.09600
11-09-2012,44.91800
10-09-2012,44.81800
07-09-2012,44.62300
06-09-2012,43.93400
05-09-2012,43.73200
04-09-2012,44.08200
03-09-2012,43.82300
31-08-2012,43.76500
30-08-2012,44.09100
29-08-2012,43.90800
28-08-2012,44.13600
27-08-2012,44.35500
24-08-2012,44.59400
23-08-2012,44.81800
22-08-2012,44.80300
21-08-2012,44.81800
17-08-2012,44.45300
16-08-2012,44.46100
14-08-2012,44.64800
13-08-2012,44.43300
10-08-2012,44.26600
09-08-2012,44.20900
08-08-2012,44.18700
07-08-2012,44.15200
06-08-2012,43.86600
03-08-2012,43.54800
02-08-2012,43.62800
01-08-2012,43.73200
31-07-2012,43.59300
30-07-2012,43.33900
27-07-2012,42.59800
26-07-2012,42.34000
25-07-2012,42.80400
24-07-2012,42.95300
23-07-2012,42.73000
20-07-2012,43.31200
19-07-2012,43.54900
18-07-2012,43.29500
17-07-2012,43.12900
16-07-2012,43.18600
13-07-2012,43.32400
12-07-2012,43.41800
11-07-2012,43.84100
10-07-2012,43.97400
09-07-2012,43.58600
06-07-2012,43.96200
05-07-2012,44.00600
04-07-2012,43.67100
03-07-2012,43.53000
02-07-2012,43.42600
29-06-2012,43.42100
28-06-2012,42.47700
27-06-2012,42.37800
26-06-2012,42.20200
25-06-2012,42.01500
22-06-2012,42.21300
21-06-2012,42.28800
20-06-2012,41.82300
19-06-2012,41.54300
18-06-2012,41.24300
15-06-2012,41.82800
14-06-2012,41.34500
13-06-2012,41.80900
12-06-2012,41.81800
11-06-2012,41.46600
08-06-2012,41.53800
07-06-2012,41.38800
06-06-2012,41.06700
05-06-2012,40.21200
04-06-2012,40.08200
01-06-2012,40.09900
31-05-2012,40.62800
30-05-2012,40.65400
29-05-2012,41.02000
28-05-2012,41.03300
25-05-2012,40.55700
24-05-2012,40.60700
23-05-2012,40.09900
22-05-2012,40.26400
21-05-2012,40.53900
18-05-2012,40.53300
17-05-2012,40.32300
16-05-2012,40.28200
15-05-2012,40.79200
14-05-2012,40.63300
11-05-2012,40.76000
10-05-2012,41.08200
09-05-2012,41.08200
08-05-2012,41.37200
07-05-2012,42.12600
04-05-2012,41.98700
03-05-2012,42.58800
02-05-2012,43.03800
30-04-2012,43.14500
27-04-2012,42.62000
26-04-2012,42.73700
25-04-2012,42.92700
24-04-2012,43.06500
23-04-2012,42.98700
20-04-2012,43.70700
19-04-2012,44.02300
18-04-2012,43.75800
17-04-2012,43.59400
16-04-2012,43.20900
13-04-2012,43.06500
12-04-2012,43.46100
11-04-2012,43.15900
10-04-2012,43.34300
09-04-2012,43.38100
04-04-2012,43.94300
03-04-2012,44.07000
02-04-2012,43.77100
30-03-2012,43.58400
29-03-2012,42.61300
28-03-2012,42.52000
27-03-2012,42.88200
26-03-2012,42.55400
23-03-2012,43.29200
22-03-2012,42.95800
21-03-2012,43.97200
20-03-2012,43.24600
19-03-2012,42.95400
16-03-2012,43.31900
15-03-2012,43.82100
14-03-2012,44.42100
13-03-2012,44.21000
12-03-2012,43.76800
09-03-2012,43.62700
07-03-2012,42.83200
06-03-2012,42.93500
05-03-2012,43.23700
02-03-2012,43.78500
01-03-2012,43.68700
29-02-2012,44.03600
28-02-2012,43.81900
27-02-2012,43.00400
24-02-2012,43.89500
23-02-2012,44.20600
22-02-2012,44.29500
21-02-2012,45.24900
17-02-2012,45.10200
16-02-2012,44.83900
15-02-2012,44.74100
14-02-2012,44.01700
13-02-2012,43.93600
10-02-2012,43.85600
09-02-2012,43.92000
08-02-2012,43.55000
07-02-2012,43.39000
06-02-2012,43.75300
03-02-2012,43.52700
02-02-2012,43.13200
01-02-2012,42.75700
31-01-2012,42.49800
30-01-2012,41.56500
27-01-2012,42.35100
25-01-2012,42.08500
24-01-2012,41.76700
23-01-2012,41.09700
20-01-2012,41.09400
19-01-2012,40.76200
18-01-2012,40.30700
17-01-2012,40.49300
16-01-2012,39.92000
13-01-2012,40.05300
12-01-2012,39.88100
11-01-2012,40.02300
10-01-2012,39.90600
09-01-2012,39.17400
06-01-2012,39.10700
05-01-2012,39.09900
04-01-2012,39.19500
03-01-2012,39.30200
02-01-2012,38.44400
30-12-2011,38.57000
29-12-2011,38.67000
28-12-2011,38.93700
27-12-2011,39.36800
26-12-2011,39.55300
23-12-2011,39.21400
22-12-2011,39.37100
21-12-2011,39.06800
20-12-2011,38.12800
19-12-2011,38.72000
16-12-2011,39.19300
15-12-2011,39.76900
14-12-2011,39.78600
13-12-2011,40.07400
12-12-2011,39.83900
09-12-2011,40.49100
08-12-2011,40.84100
07-12-2011,41.51300
05-12-2011,41.38600
02-12-2011,41.44200
01-12-2011,40.62300
30-11-2011,40.04700
29-11-2011,39.81700
28-11-2011,40.06900
25-11-2011,39.28400
24-11-2011,39.49000
23-11-2011,39.13900
22-11-2011,39.90500
21-11-2011,39.76900
18-11-2011,40.48500
17-11-2011,40.71100
16-11-2011,41.23900
15-11-2011,41.60400
14-11-2011,42.17000
11-11-2011,42.29200
09-11-2011,42.61300
08-11-2011,43.01700
04-11-2011,43.03500
03-11-2011,42.81300
02-11-2011,42.65100
01-11-2011,42.61300
31-10-2011,42.96000
28-10-2011,43.08300
25-10-2011,42.06800
24-10-2011,41.55700
21-10-2011,41.40600
20-10-2011,41.71300
19-10-2011,41.93000
18-10-2011,41.24700
17-10-2011,41.85800
14-10-2011,41.98500
13-10-2011,41.57200
12-10-2011,41.63600
11-10-2011,40.82000
10-10-2011,40.85100
07-10-2011,40.37000
05-10-2011,39.61500
04-10-2011,39.83400
03-10-2011,40.44400
30-09-2011,41.16300
29-09-2011,41.45800
28-09-2011,41.06800
27-09-2011,41.20700
26-09-2011,40.48000
23-09-2011,40.77700
22-09-2011,41.13200
21-09-2011,42.49500
20-09-2011,42.39400
19-09-2011,41.83100
16-09-2011,42.11800
15-09-2011,42.02900
14-09-2011,41.60200
13-09-2011,41.14200
12-09-2011,41.15800
09-09-2011,41.98800
08-09-2011,42.63800
07-09-2011,42.42400
06-09-2011,41.88800
05-09-2011,41.69600
02-09-2011,41.83800
30-08-2011,41.67100
29-08-2011,40.95200
26-08-2011,39.77400
25-08-2011,40.41900
24-08-2011,40.86600
23-08-2011,41.23800
22-08-2011,40.80100
19-08-2011,40.51000
18-08-2011,41.11300
17-08-2011,41.95000
16-08-2011,41.97600
12-08-2011,42.26600
11-08-2011,42.65700
10-08-2011,42.78000
09-08-2011,42.10700
08-08-2011,42.66400
05-08-2011,43.35700
04-08-2011,43.96000
03-08-2011,44.33500
02-08-2011,44.64900
01-08-2011,45.12200
29-07-2011,45.10600
28-07-2011,45.06800
27-07-2011,45.41300
26-07-2011,45.48600
25-07-2011,46.02600
22-07-2011,45.84800
21-07-2011,45.20300
20-07-2011,45.46100
19-07-2011,45.85900
18-07-2011,45.70400
15-07-2011,45.75600
14-07-2011,45.80700
13-07-2011,45.58500
12-07-2011,45.11300
11-07-2011,45.65300
08-07-2011,45.94000
07-07-2011,46.43800
06-07-2011,45.79800
05-07-2011,45.73400
04-07-2011,45.74500
01-07-2011,45.48900
30-06-2011,45.47900
29-06-2011,45.33600
28-06-2011,44.99800
27-06-2011,44.84900
24-06-2011,44.33700
23-06-2011,43.22700
22-06-2011,43.02900
21-06-2011,43.13400
20-06-2011,43.11600
17-06-2011,43.93800
16-06-2011,44.28300
15-06-2011,44.74800
14-06-2011,45.07700
13-06-2011,44.94600
10-06-2011,44.80200
09-06-2011,44.98100
08-06-2011,45.02400
07-06-2011,45.17800
06-06-2011,44.95200
03-06-2011,44.82700
02-06-2011,45.00400
01-06-2011,45.35000
31-05-2011,45.08800
30-05-2011,44.48000
27-05-2011,44.28800
26-05-2011,43.73100
25-05-2011,43.44700
24-05-2011,43.66000
23-05-2011,43.67600
20-05-2011,44.26300
19-05-2011,44.00200
18-05-2011,44.01400
17-05-2011,44.21800
16-05-2011,44.51700
13-05-2011,44.86200
12-05-2011,44.43300
11-05-2011,44.98000
10-05-2011,44.81300
09-05-2011,44.86300
06-05-2011,44.77400
05-05-2011,43.99200
04-05-2011,44.58100
03-05-2011,44.75700
02-05-2011,45.76600
29-04-2011,46.10800
28-04-2011,46.56200
27-04-2011,46.81900
26-04-2011,46.96000
25-04-2011,46.96600
21-04-2011,46.91100
20-04-2011,46.82200
19-04-2011,46.10400
18-04-2011,46.11600
15-04-2011,46.70700
13-04-2011,47.06700
11-04-2011,46.33400
08-04-2011,46.59400
07-04-2011,46.96200
06-04-2011,46.87100
05-04-2011,46.83200
04-04-2011,46.72100
01-04-2011,46.02900
31-03-2011,45.83300
30-03-2011,45.65200
29-03-2011,45.16700
28-03-2011,44.82300
25-03-2011,44.63700
24-03-2011,43.95700
23-03-2011,43.66000
22-03-2011,43.30400
21-03-2011,42.99300
18-03-2011,43.06200
17-03-2011,43.40200
16-03-2011,43.76400
15-03-2011,43.23200
14-03-2011,43.76900
11-03-2011,43.32300
10-03-2011,43.67800
09-03-2011,43.86700
08-03-2011,43.69300
07-03-2011,43.26600
04-03-2011,43.75300
03-03-2011,43.67600
01-03-2011,43.75000
28-02-2011,42.41500
25-02-2011,42.16900
24-02-2011,41.99900
23-02-2011,43.27300
22-02-2011,43.66200
21-02-2011,44.11200
18-02-2011,43.79600
17-02-2011,44.49400
16-02-2011,44.11800
15-02-2011,44.08600
14-02-2011,44.08400
11-02-2011,43.03300
10-02-2011,42.23700
09-02-2011,42.41600
08-02-2011,43.14400
07-02-2011,43.85700
04-02-2011,43.99300
03-02-2011,44.65700
02-02-2011,43.98000
01-02-2011,43.82500
31-01-2011,44.50600
28-01-2011,44.57200
27-01-2011,45.46100
25-01-2011,46.20900
24-01-2011,46.72200
21-01-2011,46.45900
20-01-2011,46.51600
19-01-2011,46.34200
18-01-2011,46.55600
17-01-2011,46.16100
14-01-2011,46.32600
13-01-2011,46.97000
12-01-2011,47.65000
11-01-2011,46.85700
10-01-2011,46.92200
07-01-2011,47.88400
06-01-2011,48.89000
05-01-2011,49.39600
04-01-2011,50.00100
03-01-2011,50.22200
31-12-2010,49.99200
30-12-2010,49.59500
29-12-2010,49.28600
28-12-2010,48.92900
27-12-2010,48.98300
24-12-2010,49.11400
23-12-2010,49.07600
22-12-2010,49.12100
21-12-2010,49.02500
20-12-2010,48.67400
16-12-2010,48.69700
15-12-2010,48.37900
14-12-2010,48.84600
13-12-2010,48.36000
10-12-2010,47.80300
09-12-2010,47.13800
08-12-2010,48.56300
07-12-2010,49.20300
06-12-2010,49.69100
03-12-2010,49.97000
02-12-2010,50.53500
01-12-2010,49.96300
30-11-2010,48.84100
29-11-2010,48.50100
26-11-2010,48.15100
25-11-2010,48.55300
24-11-2010,49.35100
23-11-2010,49.93000
22-11-2010,50.54000
19-11-2010,49.84300
18-11-2010,50.78900
16-11-2010,50.82500
15-11-2010,51.93500
12-11-2010,51.66000
11-11-2010,52.89000
10-11-2010,53.55100
09-11-2010,53.48200
08-11-2010,53.41300
04-11-2010,53.36000
03-11-2010,52.65700
02-11-2010,52.29400
01-11-2010,52.14300
29-10-2010,51.34900
28-10-2010,51.41300
27-10-2010,51.63600
26-10-2010,51.74600
25-10-2010,52.00900
22-10-2010,51.46800
21-10-2010,51.28600
20-10-2010,50.44700
19-10-2010,50.48200
18-10-2010,50.65100
15-10-2010,50.69700
14-10-2010,51.52700
13-10-2010,51.89100
12-10-2010,51.32000
11-10-2010,51.74300
08-10-2010,51.50400
07-10-2010,51.70600
06-10-2010,51.91400
05-10-2010,51.73000
04-10-2010,51.57400
01-10-2010,51.50500
30-09-2010,50.74700
29-09-2010,50.76800
28-09-2010,51.08400
27-09-2010,51.15300
24-09-2010,50.88100
23-09-2010,50.54100
22-09-2010,50.59700
21-09-2010,50.72500
20-09-2010,50.91500
17-09-2010,50.31800
16-09-2010,49.70400
15-09-2010,50.29100
14-09-2010,50.11400
13-09-2010,50.17000
09-09-2010,49.50600
08-09-2010,49.14100
07-09-2010,48.96700
06-09-2010,48.91800
03-09-2010,48.20500
02-09-2010,48.08000
01-09-2010,47.90700
31-08-2010,47.12200
30-08-2010,47.48400
27-08-2010,47.49200
26-08-2010,47.83300
25-08-2010,47.67400
24-08-2010,48.16200
23-08-2010,48.50100
20-08-2010,48.00900
19-08-2010,47.85500
18-08-2010,47.56000
17-08-2010,47.10700
16-08-2010,47.01400
13-08-2010,47.17200
12-08-2010,46.87900
11-08-2010,46.52700
10-08-2010,46.70500
09-08-2010,46.92000
06-08-2010,46.52600
05-08-2010,46.41000
04-08-2010,46.45900
03-08-2010,46.37500
02-08-2010,46.15600
30-07-2010,45.61100
29-07-2010,45.40400
28-07-2010,45.46600
27-07-2010,45.40000
26-07-2010,45.28100
23-07-2010,45.48400
22-07-2010,45.53200
21-07-2010,45.35100
20-07-2010,45.12800
19-07-2010,45.22900
16-07-2010,45.23000
15-07-2010,44.90700
14-07-2010,44.92700
13-07-2010,45.03200
12-07-2010,44.84800
09-07-2010,44.80300
08-07-2010,44.56400
07-07-2010,44.11400
06-07-2010,44.39300
05-07-2010,44.09400
02-07-2010,44.04900
01-07-2010,44.15000
30-06-2010,44.54900
29-06-2010,44.09500
28-06-2010,44.46700
25-06-2010,43.93200
24-06-2010,44.08600
23-06-2010,44.09000
22-06-2010,43.94100
21-06-2010,44.08000
18-06-2010,43.59500
17-06-2010,43.65500
16-06-2010,43.46000
15-06-2010,43.27500
14-06-2010,43.27900
11-06-2010,42.88200
10-06-2010,42.72100
09-06-2010,42.34600
08-06-2010,42.09800
07-06-2010,42.36600
04-06-2010,42.92900
03-06-2010,42.77500
02-06-2010,42.27000
01-06-2010,41.95900
31-05-2010,42.54800
28-05-2010,42.11700
27-05-2010,41.45900
26-05-2010,40.84900
25-05-2010,40.24900
24-05-2010,41.31700
21-05-2010,41.36500
20-05-2010,41.61700
19-05-2010,41.39400
18-05-2010,42.55200
17-05-2010,42.46900
14-05-2010,42.63200
13-05-2010,43.04600
12-05-2010,42.55600
11-05-2010,42.41700
10-05-2010,42.74900
07-05-2010,41.71300
06-05-2010,42.57000
05-05-2010,42.86300
04-05-2010,42.94400
03-05-2010,43.53700
30-04-2010,43.83600
29-04-2010,43.56900
28-04-2010,43.27600
27-04-2010,43.83500
26-04-2010,43.80600
23-04-2010,43.62300
22-04-2010,43.44400
21-04-2010,43.38700
20-04-2010,43.24700
19-04-2010,42.85600
16-04-2010,43.20300
15-04-2010,43.20600
13-04-2010,43.47000
12-04-2010,43.62600
09-04-2010,43.78700
08-04-2010,43.36200
07-04-2010,43.80900
06-04-2010,43.74500
05-04-2010,43.62300
01-04-2010,43.13600
31-03-2010,42.83400
30-03-2010,42.80600
29-03-2010,42.94700
26-03-2010,42.77600
25-03-2010,42.43800
23-03-2010,42.35700
22-03-2010,42.17900
19-03-2010,42.58300
18-03-2010,42.55700
17-03-2010,42.51900
16-03-2010,42.26600
15-03-2010,41.95900
12-03-2010,42.05600
11-03-2010,42.04300
10-03-2010,41.79800
09-03-2010,41.99200
08-03-2010,42.19100
05-03-2010,41.89900
04-03-2010,41.85500
03-03-2010,41.64800
02-03-2010,41.13200
26-02-2010,40.31700
25-02-2010,39.86600
24-02-2010,39.97100
23-02-2010,40.01300
22-02-2010,40.03600
19-02-2010,40.12600
18-02-2010,40.49500
17-02-2010,40.64200
16-02-2010,40.25000
15-02-2010,40.00500
11-02-2010,40.25700
10-02-2010,39.82500
09-02-2010,39.93900
08-02-2010,39.60200
05-02-2010,39.30200
04-02-2010,40.23500
03-02-2010,41.00400
02-02-2010,40.29600
01-02-2010,40.77200
29-01-2010,40.23700
28-01-2010,40.08500
27-01-2010,39.95500
25-01-2010,41.23700
22-01-2010,41.47900
21-01-2010,41.90600
20-01-2010,42.87100
19-01-2010,43.05900
18-01-2010,43.44900
15-01-2010,43.38600
14-01-2010,43.35900
13-01-2010,43.04700
12-01-2010,42.86200
11-01-2010,42.98300
08-01-2010,42.83600
07-01-2010,42.89800
06-01-2010,43.03400
05-01-2010,42.92900
04-01-2010,42.52200
31-12-2009,42.18800
30-12-2009,41.93700
29-12-2009,41.95800
24-12-2009,41.99000
23-12-2009,41.72500
22-12-2009,40.77300
21-12-2009,40.46100
18-12-2009,40.77300
17-12-2009,41.04600
16-12-2009,40.85700
15-12-2009,40.81100
14-12-2009,41.28600
11-12-2009,41.39400
10-12-2009,41.57100
09-12-2009,41.37300
08-12-2009,41.72900
07-12-2009,41.22000
04-12-2009,41.66100
03-12-2009,41.71400
02-12-2009,41.52600
01-12-2009,41.34100
30-11-2009,40.65300
27-11-2009,39.93900
26-11-2009,40.49700
25-11-2009,41.16200
24-11-2009,41.03500
23-11-2009,41.06600
20-11-2009,40.82600
19-11-2009,40.47000
18-11-2009,41.05200
17-11-2009,41.04100
16-11-2009,41.02800
13-11-2009,40.71200
12-11-2009,40.46200
11-11-2009,40.87000
10-11-2009,40.15200
09-11-2009,40.21400
06-11-2009,39.40400
05-11-2009,38.83200
04-11-2009,38.29400
03-11-2009,37.17800
30-10-2009,38.26800
29-10-2009,38.48500
28-10-2009,38.92300
27-10-2009,39.01700
26-10-2009,40.04700
23-10-2009,40.46300
22-10-2009,40.01400
21-10-2009,40.80400
20-10-2009,41.32600
16-10-2009,41.17900
15-10-2009,40.93600
14-10-2009,40.85500
12-10-2009,40.20500
09-10-2009,39.46200
08-10-2009,39.79200
07-10-2009,39.50900
06-10-2009,39.32400
05-10-2009,39.22300
01-10-2009,39.86700
30-09-2009,39.95900
29-09-2009,39.56900
25-09-2009,39.36600
24-09-2009,39.36100
23-09-2009,39.27100
22-09-2009,39.78900
18-09-2009,39.43900
17-09-2009,39.15500
16-09-2009,39.12800
15-09-2009,38.66400
14-09-2009,37.96500
11-09-2009,37.95800
10-09-2009,37.98700
09-09-2009,37.94100
08-09-2009,38.09200
07-09-2009,38.03000
04-09-2009,37.20500
03-09-2009,36.84900
02-09-2009,36.88200
01-09-2009,36.96600
31-08-2009,37.28900
28-08-2009,37.52200
27-08-2009,37.14800
26-08-2009,37.04700
25-08-2009,36.69200
24-08-2009,36.52800
21-08-2009,35.73800
20-08-2009,35.29500
19-08-2009,34.90600
18-08-2009,35.37700
17-08-2009,34.74000
14-08-2009,36.20400
13-08-2009,36.25700
12-08-2009,35.16400
11-08-2009,35.37800
10-08-2009,35.09600
07-08-2009,35.37400
06-08-2009,36.15800
05-08-2009,37.15300
04-08-2009,36.88800
03-08-2009,37.16500
31-07-2009,36.48000
30-07-2009,36.07900
29-07-2009,35.78300
28-07-2009,36.15800
27-07-2009,35.94300
24-07-2009,35.67800
23-07-2009,35.06600
22-07-2009,34.43200
21-07-2009,34.82800
20-07-2009,35.02600
17-07-2009,34.24100
16-07-2009,33.19400
15-07-2009,33.36500
14-07-2009,32.26200
13-07-2009,31.04000
10-07-2009,31.59400
09-07-2009,32.19200
08-07-2009,32.05900
07-07-2009,33.14100
06-07-2009,32.69900
03-07-2009,34.60500
02-07-2009,34.18000
01-07-2009,34.04300
30-06-2009,33.59000
29-06-2009,34.58100
26-06-2009,34.33300
25-06-2009,33.48300
24-06-2009,33.63700
23-06-2009,32.96500
22-06-2009,32.91400
19-06-2009,33.32100
18-06-2009,32.68900
17-06-2009,33.31400
16-06-2009,34.51700
15-06-2009,33.81100
12-06-2009,34.60600
11-06-2009,35.20000
10-06-2009,35.26100
09-06-2009,34.48200
08-06-2009,33.63300
05-06-2009,35.22600
04-06-2009,35.25400
03-06-2009,34.78800
02-06-2009,34.53300
01-06-2009,34.68900
29-05-2009,34.02100
28-05-2009,33.22600
27-05-2009,32.84600
26-05-2009,31.61000
25-05-2009,32.49000
22-05-2009,32.09300
21-05-2009,31.81400
20-05-2009,31.88100
19-05-2009,31.46200
15-05-2009,26.80800
14-05-2009,26.29900
13-05-2009,26.28700
12-05-2009,26.34800
11-05-2009,25.82900
08-05-2009,26.19900
07-05-2009,26.56200
06-05-2009,26.11600
05-05-2009,26.53700
04-05-2009,26.41200
29-04-2009,25.30700
28-04-2009,24.63400
27-04-2009,25.38800
24-04-2009,25.38600
23-04-2009,24.90900
22-04-2009,24.41200
21-04-2009,24.60600
20-04-2009,24.80400
17-04-2009,24.72000
16-04-2009,24.44900
15-04-2009,25.33300
13-04-2009,24.58000
09-04-2009,24.18600
08-04-2009,23.93200
06-04-2009,23.51900
02-04-2009,23.29700
01-04-2009,22.59800
31-03-2009,22.38000
30-03-2009,22.01100
27-03-2009,22.68400
26-03-2009,22.47300
25-03-2009,21.91500
24-03-2009,21.66800
23-03-2009,21.71300
20-03-2009,20.99100
19-03-2009,21.05400
18-03-2009,21.05600
17-03-2009,20.85500
16-03-2009,20.92600
13-03-2009,20.57100
12-03-2009,20.05400
09-03-2009,19.87500
06-03-2009,20.20400
05-03-2009,20.10900
04-03-2009,20.50800
03-03-2009,20.42300
02-03-2009,20.71700
27-02-2009,21.23100
26-02-2009,21.28800
25-02-2009,21.16100
24-02-2009,21.01000
20-02-2009,21.19100
19-02-2009,21.49800
18-02-2009,21.47300
17-02-2009,21.47600
16-02-2009,21.95100
13-02-2009,22.55600
12-02-2009,22.26400
11-02-2009,22.40500
10-02-2009,22.43700
09-02-2009,22.31400
06-02-2009,21.84100
05-02-2009,21.52900
04-02-2009,21.65200
03-02-2009,21.59400
02-02-2009,21.52000
30-01-2009,22.10200
29-01-2009,21.76200
28-01-2009,21.85600
27-01-2009,21.41700
23-01-2009,20.91700
22-01-2009,21.31300
21-01-2009,21.34500
20-01-2009,21.94800
19-01-2009,22.31600
16-01-2009,22.20600
15-01-2009,21.79200
14-01-2009,22.33500
13-01-2009,21.84800
12-01-2009,22.04000
09-01-2009,22.65900
07-01-2009,23.13000
06-01-2009,24.69100
05-01-2009,24.62900
02-01-2009,24.07700
01-01-2009,23.93800
31-12-2008,23.42100
30-12-2008,23.57700
29-12-2008,23.20000
26-12-2008,22.82400
24-12-2008,23.15000
23-12-2008,23.30400
22-12-2008,23.84100
19-12-2008,24.05600
18-12-2008,23.93500
17-12-2008,23.24500
16-12-2008,23.73500
15-12-2008,23.39300
12-12-2008,23.05600
11-12-2008,22.87600
10-12-2008,22.83200
08-12-2008,22.04900
05-12-2008,21.80100
04-12-2008,22.23100
03-12-2008,21.43200
02-12-2008,21.26500
01-12-2008,21.39000
28-11-2008,21.82100
26-11-2008,21.67200
25-11-2008,21.25300
24-11-2008,21.43300
21-11-2008,21.33000
20-11-2008,20.66800
19-11-2008,21.33600
18-11-2008,21.60200
17-11-2008,22.13600
14-11-2008,22.41800
12-11-2008,22.79900
11-11-2008,23.33600
10-11-2008,24.48000
07-11-2008,23.48300
06-11-2008,23.09900
05-11-2008,23.64400
04-11-2008,24.18400
03-11-2008,23.39600
31-10-2008,22.33100
29-10-2008,21.05900
27-10-2008,20.13800
24-10-2008,20.71000
23-10-2008,22.58400
22-10-2008,23.34800
21-10-2008,24.22800
20-10-2008,23.52200
17-10-2008,23.28400
16-10-2008,24.27500
15-10-2008,24.43900
14-10-2008,25.85900
13-10-2008,25.52000
10-10-2008,23.87600
08-10-2008,25.82100
07-10-2008,26.82300
06-10-2008,27.15900
03-10-2008,29.05100
01-10-2008,30.13200
30-09-2008,29.81300
29-09-2008,29.20600
26-09-2008,30.52200
25-09-2008,31.40900
24-09-2008,31.69300
23-09-2008,31.48500
22-09-2008,32.26500
19-09-2008,32.44100
18-09-2008,31.02800
17-09-2008,31.08200
16-09-2008,31.76200
15-09-2008,32.01400
12-09-2008,33.27100
11-09-2008,33.96900
10-09-2008,34.60300
09-09-2008,35.04200
08-09-2008,35.22800
05-09-2008,34.43000
04-09-2008,35.24100
02-09-2008,35.48300
01-09-2008,34.46500
29-08-2008,34.55600
28-08-2008,33.47200
27-08-2008,33.98900
26-08-2008,34.30700
25-08-2008,34.25100
22-08-2008,34.08100
21-08-2008,33.76900
20-08-2008,34.63900
19-08-2008,34.36400
18-08-2008,34.44300
14-08-2008,34.74600
13-08-2008,35.46300
12-08-2008,35.77200
11-08-2008,36.35700
08-08-2008,35.68000
07-08-2008,35.59100
06-08-2008,35.48100
05-08-2008,35.45400
04-08-2008,34.68300
01-08-2008,34.54800
31-07-2008,33.97800
30-07-2008,33.99300
29-07-2008,32.96700
28-07-2008,34.14000
25-07-2008,33.96800
24-07-2008,34.60400
23-07-2008,34.95400
22-07-2008,33.03700
21-07-2008,32.28800
18-07-2008,31.99200
17-07-2008,31.17300
16-07-2008,30.28800
15-07-2008,30.72200
14-07-2008,32.00600
11-07-2008,32.40600
10-07-2008,33.38300
09-07-2008,33.35900
08-07-2008,31.90000
07-07-2008,32.26000
04-07-2008,31.98700
03-07-2008,31.06300
02-07-2008,32.48200
01-07-2008,30.89300
30-06-2008,32.29500
27-06-2008,33.08500
26-06-2008,34.38100
25-06-2008,34.16500
24-06-2008,33.69200
23-06-2008,34.31300
20-06-2008,35.40400
19-06-2008,36.69500
18-06-2008,37.40600
17-06-2008,37.93900
16-06-2008,37.19400
13-06-2008,36.74200
12-06-2008,36.71100
11-06-2008,36.40500
10-06-2008,35.84900
09-06-2008,36.36800
06-06-2008,37.49300
05-06-2008,37.80300
04-06-2008,37.31200
03-06-2008,38.55300
02-06-2008,39.06900
30-05-2008,39.96300
29-05-2008,39.67900
28-05-2008,39.87100
27-05-2008,39.35300
26-05-2008,39.54100
23-05-2008,40.47400
22-05-2008,41.06900
21-05-2008,41.72900
20-05-2008,41.51200
16-05-2008,41.67900
15-05-2008,41.22800
14-05-2008,40.56200
13-05-2008,39.99500
12-05-2008,40.15600
09-05-2008,40.02000
08-05-2008,41.06100
07-05-2008,41.52400
06-05-2008,41.57000
05-05-2008,42.13800
02-05-2008,42.11500
30-04-2008,41.53600
29-04-2008,41.58900
28-04-2008,40.89100
25-04-2008,40.82200
24-04-2008,40.22000
23-04-2008,40.40600
22-04-2008,40.47900
21-04-2008,40.35100
17-04-2008,39.67100
16-04-2008,38.94700
15-04-2008,38.61800
11-04-2008,37.94700
10-04-2008,37.72000
09-04-2008,37.74500
08-04-2008,37.41700
07-04-2008,37.66500
04-04-2008,36.82500
03-04-2008,37.69000
02-04-2008,37.62500
01-04-2008,37.43700
31-03-2008,37.71500
28-03-2008,39.06000
27-03-2008,37.72100
26-03-2008,37.95900
25-03-2008,37.74600
24-03-2008,35.62800
19-03-2008,36.04300
18-03-2008,35.97000
17-03-2008,36.31400
14-03-2008,38.70400
13-03-2008,38.02900
12-03-2008,40.32600
11-03-2008,40.41300
10-03-2008,39.45500
07-03-2008,39.45200
05-03-2008,40.94100
04-03-2008,41.10600
03-03-2008,42.12400
29-02-2008,44.37000
28-02-2008,44.77300
27-02-2008,44.90100
26-02-2008,44.63100
25-02-2008,43.98000
22-02-2008,43.89100
21-02-2008,44.65700
20-02-2008,44.40500
19-02-2008,45.41800
18-02-2008,45.26400
15-02-2008,45.24900
14-02-2008,44.34200
13-02-2008,42.30700
12-02-2008,42.04900
11-02-2008,42.48400
08-02-2008,44.94800
07-02-2008,45.65200
06-02-2008,46.97300
05-02-2008,48.10300
04-02-2008,47.77900
01-02-2008,46.26600
31-01-2008,45.79800
30-01-2008,46.41300
29-01-2008,47.69900
28-01-2008,47.80100
25-01-2008,48.08600
24-01-2008,45.03100
23-01-2008,46.54800
22-01-2008,43.39500
21-01-2008,45.52700
18-01-2008,50.79000
17-01-2008,53.16700
16-01-2008,53.15200
15-01-2008,54.24500
14-01-2008,55.12900
11-01-2008,54.44000
10-01-2008,54.07800
09-01-2008,55.49100
08-01-2008,55.31900
07-01-2008,56.11400
04-01-2008,56.28100
03-01-2008,55.74600
02-01-2008,55.82700
01-01-2008,54.60000
31-12-2007,54.18100
28-12-2007,53.61300
27-12-2007,52.61500
26-12-2007,52.65500
24-12-2007,51.54100
20-12-2007,50.13700
19-12-2007,49.98900
18-12-2007,50.06400
17-12-2007,50.26100
14-12-2007,52.73500
13-12-2007,52.51300
12-12-2007,52.28100
11-12-2007,51.34800
10-12-2007,50.68100
07-12-2007,50.46800
06-12-2007,50.24900
05-12-2007,50.05400
04-12-2007,49.35800
03-12-2007,48.78300
30-11-2007,47.62900
29-11-2007,46.19500
28-11-2007,46.39500
27-11-2007,46.64100
26-11-2007,46.66900
23-11-2007,45.78800
22-11-2007,44.85400
21-11-2007,45.11200
20-11-2007,47.08800
19-11-2007,47.87500
16-11-2007,47.11600
15-11-2007,46.89200
14-11-2007,46.90900
13-11-2007,45.55500
12-11-2007,44.60200
08-11-2007,44.94500
07-11-2007,45.65500
06-11-2007,45.61200
05-11-2007,45.97200
02-11-2007,45.97200
01-11-2007,45.11100
31-10-2007,45.43700
30-10-2007,44.66700
29-10-2007,44.53300
26-10-2007,43.34500
25-10-2007,42.30800
24-10-2007,41.73800
23-10-2007,41.15500
22-10-2007,38.92900
19-10-2007,38.94800
18-10-2007,40.51700
17-10-2007,42.17000
16-10-2007,43.01800
15-10-2007,42.79100
12-10-2007,41.11300
11-10-2007,41.59300
10-10-2007,41.01300
09-10-2007,40.10300
08-10-2007,38.60800
05-10-2007,39.54500
04-10-2007,39.67500
03-10-2007,39.40400
01-10-2007,38.54500
28-09-2007,37.79500
27-09-2007,37.13500
26-09-2007,36.97700
25-09-2007,37.09600
24-09-2007,37.23900
21-09-2007,36.63300
20-09-2007,35.95100
19-09-2007,35.78600
18-09-2007,34.82600
17-09-2007,34.45200
14-09-2007,34.48300
13-09-2007,34.55900
12-09-2007,34.27900
11-09-2007,34.01900
10-09-2007,33.88700
07-09-2007,33.81400
06-09-2007,33.86100
05-09-2007,33.60100
04-09-2007,33.57400
03-09-2007,33.37500
31-08-2007,33.01100
30-08-2007,32.55800
29-08-2007,32.36600
28-08-2007,32.25900
27-08-2007,32.06800
24-08-2007,31.17200
23-08-2007,30.68100
22-08-2007,30.81400
21-08-2007,30.55300
20-08-2007,31.59600
17-08-2007,31.04700
16-08-2007,31.41000
14-08-2007,32.72800
13-08-2007,32.82100
10-08-2007,32.49200
09-08-2007,32.97500
08-08-2007,33.49700
07-08-2007,32.88900
06-08-2007,32.68800
03-08-2007,33.06700
02-08-2007,32.71000
01-08-2007,32.56000
31-07-2007,33.77600
30-07-2007,33.19200
27-07-2007,33.05500
26-07-2007,34.15800
25-07-2007,34.03700
24-07-2007,34.30300
23-07-2007,34.32300
20-07-2007,33.99900
19-07-2007,33.96500
18-07-2007,33.64000
17-07-2007,33.73600
16-07-2007,33.96300
13-07-2007,33.76000
12-07-2007,33.47700
11-07-2007,33.04200
10-07-2007,33.10200
09-07-2007,33.13600
06-07-2007,32.91700
05-07-2007,32.61400
04-07-2007,32.75100
03-07-2007,32.75800
02-07-2007,32.38000
29-06-2007,32.20200
28-06-2007,31.83500
27-06-2007,31.59900
26-06-2007,31.73700
25-06-2007,31.64500
22-06-2007,31.62000
21-06-2007,31.62300
20-06-2007,31.46300
19-06-2007,31.07000
18-06-2007,30.77100
15-06-2007,30.86100
14-06-2007,30.81200
13-06-2007,30.38900
12-06-2007,30.52600
11-06-2007,30.68500
08-06-2007,30.73500
07-06-2007,30.99100
06-06-2007,30.99200
05-06-2007,31.48900
04-06-2007,31.40300
01-06-2007,31.51500
31-05-2007,31.43700
30-05-2007,31.19700
29-05-2007,31.37800
28-05-2007,31.04900
25-05-2007,30.90900
24-05-2007,30.60400
23-05-2007,30.82900
22-05-2007,31.09400
21-05-2007,31.03200
18-05-2007,30.79300
17-05-2007,30.74100
16-05-2007,30.43300
15-05-2007,29.87100
14-05-2007,29.84800
11-05-2007,29.50800
10-05-2007,29.45700
09-05-2007,29.40700
08-05-2007,29.41300
07-05-2007,29.54400
04-05-2007,29.67000
03-05-2007,29.86200
30-04-2007,29.53600
27-04-2007,29.44600
26-04-2007,29.89700
25-04-2007,29.79400
24-04-2007,29.58800
23-04-2007,29.15900
20-04-2007,29.15000
19-04-2007,28.83200
18-04-2007,28.94300
17-04-2007,28.75600
16-04-2007,28.90500
13-04-2007,28.37800
12-04-2007,27.84500
11-04-2007,28.02400
10-04-2007,28.00000
09-04-2007,27.91900
05-04-2007,27.40900
04-04-2007,27.18400
03-04-2007,27.05400
02-04-2007,26.83600
30-03-2007,27.94400
29-03-2007,27.79800
28-03-2007,27.48400
26-03-2007,27.91200
23-03-2007,28.04100
22-03-2007,28.03500
21-03-2007,27.46700
20-03-2007,27.12300
19-03-2007,26.81900
16-03-2007,26.49700
15-03-2007,26.79500
14-03-2007,26.67900
13-03-2007,27.29300
12-03-2007,27.10300
09-03-2007,26.92200
08-03-2007,27.20700
07-03-2007,26.41200
06-03-2007,26.70300
05-03-2007,26.30500
02-03-2007,27.34200
01-03-2007,27.82700
28-02-2007,27.68800
27-02-2007,28.61200
26-02-2007,28.78500
23-02-2007,28.68300
22-02-2007,29.45900
21-02-2007,29.74000
20-02-2007,29.73100
19-02-2007,30.05000
15-02-2007,29.97500
14-02-2007,29.16700
13-02-2007,29.30700
12-02-2007,29.56800
09-02-2007,30.27300
08-02-2007,30.76100
07-02-2007,30.71700
06-02-2007,30.51600
05-02-2007,30.40900
02-02-2007,30.24900
01-02-2007,29.66200
31-01-2007,29.35200
29-01-2007,29.53100
25-01-2007,29.61500
24-01-2007,29.38800
23-01-2007,29.25800
22-01-2007,29.57900
19-01-2007,29.63300
18-01-2007,29.68600
17-01-2007,29.44300
16-01-2007,29.35100
15-01-2007,29.23900
12-01-2007,28.95800
11-01-2007,28.41100
10-01-2007,28.03900
09-01-2007,28.29800
08-01-2007,28.49900
05-01-2007,28.77600
04-01-2007,28.86200
03-01-2007,28.95200
02-01-2007,28.72500
29-12-2006,28.36500
28-12-2006,28.30800
27-12-2006,28.22800
26-12-2006,27.90700
22-12-2006,27.55300
21-12-2006,27.27400
20-12-2006,27.23100
19-12-2006,27.28800
18-12-2006,27.76000
15-12-2006,27.74800
14-12-2006,27.37200
13-12-2006,26.80500
12-12-2006,26.35800
11-12-2006,27.16000
08-12-2006,27.93000
07-12-2006,28.20800
06-12-2006,28.15700
05-12-2006,28.24800
04-12-2006,28.21600
01-12-2006,28.06700
30-11-2006,27.77200
29-11-2006,27.64500
28-11-2006,27.40200
27-11-2006,27.66800
24-11-2006,27.68100
23-11-2006,27.55900
22-11-2006,27.64500
21-11-2006,27.56300
20-11-2006,27.19200
17-11-2006,27.16000
16-11-2006,27.45100
15-11-2006,27.42800
14-11-2006,27.39800
13-11-2006,27.55100
10-11-2006,27.26300
09-11-2006,26.99400
08-11-2006,26.82800
07-11-2006,27.03800
06-11-2006,26.93900
03-11-2006,26.69000
02-11-2006,26.69400
01-11-2006,26.64600
31-10-2006,26.47900
30-10-2006,26.45800
27-10-2006,26.24900
26-10-2006,26.03900
23-10-2006,25.85600
20-10-2006,26.03400
19-10-2006,26.04200
18-10-2006,26.15700
17-10-2006,26.18300
16-10-2006,26.14300
13-10-2006,25.99800
12-10-2006,25.80000
11-10-2006,25.54900
10-10-2006,25.73300
09-10-2006,25.71800
06-10-2006,25.68200
05-10-2006,25.60800
04-10-2006,25.21400
03-10-2006,25.45000
29-09-2006,25.49000
28-09-2006,25.34900
27-09-2006,25.28000
26-09-2006,25.20000
25-09-2006,25.15700
22-09-2006,25.27200
21-09-2006,25.29500
20-09-2006,24.97200
19-09-2006,24.85700
18-09-2006,25.07700
15-09-2006,25.02100
14-09-2006,24.96200
13-09-2006,24.69600
12-09-2006,24.37500
11-09-2006,24.24800
08-09-2006,24.94700
07-09-2006,24.89400
06-09-2006,25.04300
05-09-2006,24.76300
04-09-2006,24.65200
01-09-2006,24.32700
31-08-2006,24.28600
30-08-2006,24.49500
29-08-2006,24.58600
28-08-2006,24.45800
25-08-2006,24.35500
24-08-2006,24.21700
23-08-2006,23.98900
22-08-2006,24.26600
21-08-2006,24.26700
18-08-2006,24.03700
17-08-2006,24.15600
16-08-2006,24.24000
14-08-2006,23.83500
11-08-2006,23.53300
10-08-2006,23.29400
09-08-2006,23.16700
08-08-2006,22.80600
07-08-2006,22.51700
04-08-2006,22.55400
03-08-2006,22.77400
02-08-2006,22.68300
01-08-2006,22.37900
31-07-2006,22.44800
28-07-2006,22.19400
27-07-2006,22.11600
26-07-2006,21.82500
25-07-2006,21.44100
24-07-2006,21.18600
21-07-2006,21.28300
20-07-2006,21.77800
19-07-2006,21.37500
18-07-2006,21.84900
17-07-2006,22.10200
14-07-2006,22.63900
13-07-2006,22.95000
12-07-2006,23.10700
11-07-2006,22.64600
10-07-2006,22.62700
07-07-2006,22.33300
06-07-2006,22.71900
05-07-2006,23.00400
04-07-2006,22.71200
03-07-2006,22.76800
30-06-2006,22.61500
29-06-2006,21.90400
28-06-2006,21.77300
27-06-2006,21.81300
26-06-2006,21.86100
23-06-2006,22.52500
22-06-2006,22.30400
21-06-2006,21.75700
20-06-2006,21.27300
19-06-2006,21.50600
16-06-2006,20.95700
15-06-2006,20.03300
14-06-2006,18.79300
13-06-2006,19.21800
12-06-2006,20.49100
09-06-2006,21.08400
08-06-2006,19.98900
07-06-2006,21.12400
06-06-2006,22.26800
05-06-2006,23.13900
02-06-2006,23.55500
01-06-2006,23.25200
31-05-2006,24.07100
30-05-2006,24.79200
29-05-2006,24.96400
26-05-2006,24.67800
25-05-2006,24.19400
24-05-2006,24.12500
23-05-2006,24.59600
22-05-2006,23.92400
19-05-2006,25.15600
18-05-2006,26.29000
17-05-2006,28.18000
16-05-2006,27.51100
15-05-2006,27.60700
12-05-2006,28.93100
11-05-2006,29.01000
10-05-2006,29.15400
09-05-2006,28.90000
08-05-2006,28.71200
05-05-2006,28.74600
04-05-2006,28.69300
03-05-2006,28.86100
02-05-2006,28.85200
28-04-2006,27.98200
27-04-2006,27.94500
26-04-2006,27.89300
25-04-2006,27.25900
24-04-2006,27.79600
21-04-2006,27.56300
20-04-2006,27.71400
19-04-2006,27.50700
18-04-2006,27.43800
17-04-2006,26.99200
13-04-2006,26.30700
12-04-2006,26.84100
10-04-2006,27.31100
07-04-2006,26.76600
05-04-2006,26.99000
04-04-2006,26.61500
03-04-2006,26.49800
