date,nav
29-09-2026,159.17000
28-09-2026,160.25000
25-09-2026,162.99000
24-09-2026,162.60000
23-09-2026,164.82000
22-09-2026,163.92000
21-09-2026,164.60000
18-09-2026,164.13000
17-09-2026,162.34000
16-09-2026,160.63000
15-09-2026,160.76000
11-09-2026,165.80000
10-09-2026,166.75000
09-09-2026,166.88000
08-09-2026,167.43000
07-09-2026,167.25000
04-09-2026,167.32000
03-09-2026,167.66000
02-09-2026,166.64000
01-09-2026,167.24000
31-08-2026,168.18000
28-08-2026,168.61000
27-08-2026,168.73000
26-08-2026,168.71000
25-08-2026,169.85000
24-08-2026,169.01000
21-08-2026,169.34000
20-08-2026,169.21000
19-08-2026,168.66000
18-08-2026,170.05000
17-08-2026,170.73000
14-08-2026,170.42000
13-08-2026,170.77000
12-08-2026,170.04000
11-08-2026,169.68000
10-08-2026,170.40000
07-08-2026,170.66000
06-08-2026,170.40000
05-08-2026,170.25000
04-08-2026,169.76000
03-08-2026,169.74000
31-07-2026,168.33000
30-07-2026,166.95000
29-07-2026,166.84000
28-07-2026,165.78000
27-07-2026,167.47000
24-07-2026,166.11000
23-07-2026,166.75000
22-07-2026,168.06000
21-07-2026,169.59000
20-07-2026,169.54000
17-07-2026,168.17000
16-07-2026,168.51000
15-07-2026,168.34000
14-07-2026,167.98000
13-07-2026,168.65000
10-07-2026,169.37000
09-07-2026,167.35000
08-07-2026,166.14000
07-07-2026,168.98000
06-07-2026,170.50000
03-07-2026,169.26000
02-07-2026,170.92000
01-07-2026,171.02000
30-06-2026,170.66000
29-06-2026,170.21000
25-06-2026,170.94000
24-06-2026,171.40000
23-06-2026,172.62000
22-06-2026,174.46000
19-06-2026,173.85000
18-06-2026,173.05000
17-06-2026,172.35000
16-06-2026,169.90000
15-06-2026,169.21000
12-06-2026,166.93000
11-06-2026,163.49000
10-06-2026,165.14000
09-06-2026,166.78000
08-06-2026,165.77000
05-06-2026,168.34000
04-06-2026,168.36000
03-06-2026,167.57000
02-06-2026,167.79000
01-06-2026,167.87000
29-05-2026,170.46000
27-05-2026,172.78000
26-05-2026,170.33000
25-05-2026,170.22000
22-05-2026,169.06000
21-05-2026,169.22000
20-05-2026,168.25000
19-05-2026,166.97000
18-05-2026,166.51000
15-05-2026,167.76000
14-05-2026,168.51000
13-05-2026,166.96000
12-05-2026,165.84000
11-05-2026,169.45000
08-05-2026,172.54000
07-05-2026,173.72000
06-05-2026,172.71000
05-05-2026,172.01000
04-05-2026,171.98000
30-04-2026,171.12000
29-04-2026,172.96000
28-04-2026,173.20000
27-04-2026,173.10000
24-04-2026,170.96000
23-04-2026,171.96000
22-04-2026,172.11000
21-04-2026,171.23000
20-04-2026,170.70000
17-04-2026,169.97000
16-04-2026,167.98000
15-04-2026,167.11000
13-04-2026,163.44000
10-04-2026,164.05000
09-04-2026,161.78000
08-04-2026,161.37000
07-04-2026,156.50000
06-04-2026,156.40000
02-04-2026,155.03000
01-04-2026,154.96000
31-03-2026,151.48000
30-03-2026,151.49000
27-03-2026,154.44000
25-03-2026,157.67000
24-03-2026,154.58000
23-03-2026,151.90000
20-03-2026,156.55000
19-03-2026,155.97000
18-03-2026,159.98000
17-03-2026,158.13000
16-03-2026,156.32000
13-03-2026,156.79000
12-03-2026,161.25000
11-03-2026,160.36000
10-03-2026,161.19000
09-03-2026,159.07000
06-03-2026,162.55000
05-03-2026,162.64000
04-03-2026,159.17000
02-03-2026,162.41000
27-02-2026,165.10000
26-02-2026,166.21000
25-02-2026,165.43000
24-02-2026,164.90000
23-02-2026,165.46000
20-02-2026,164.61000
19-02-2026,162.72000
18-02-2026,165.46000
17-02-2026,164.40000
16-02-2026,163.47000
13-02-2026,161.88000
12-02-2026,163.82000
11-02-2026,164.19000
10-02-2026,163.80000
09-02-2026,163.64000
06-02-2026,160.98000
05-02-2026,160.19000
04-02-2026,161.24000
03-02-2026,159.62000
02-02-2026,154.83000
30-01-2026,155.98000
29-01-2026,155.51000
28-01-2026,154.07000
27-01-2026,149.92000
23-01-2026,149.21000
22-01-2026,151.35000
21-01-2026,149.66000
20-01-2026,150.59000
19-01-2026,153.51000
16-01-2026,153.48000
14-01-2026,154.30000
13-01-2026,153.88000
12-01-2026,155.06000
09-01-2026,154.97000
08-01-2026,156.60000
07-01-2026,159.39000
06-01-2026,159.32000
05-01-2026,160.37000
02-01-2026,160.42000
01-01-2026,158.49000
31-12-2025,157.77000
30-12-2025,156.03000
29-12-2025,156.44000
26-12-2025,157.19000
24-12-2025,157.86000
23-12-2025,158.17000
22-12-2025,157.99000
19-12-2025,156.62000
18-12-2025,155.26000
17-12-2025,156.14000
16-12-2025,156.50000
15-12-2025,157.57000
12-12-2025,157.15000
11-12-2025,155.73000
10-12-2025,154.76000
09-12-2025,155.61000
08-12-2025,154.77000
05-12-2025,157.62000
04-12-2025,157.80000
03-12-2025,158.86000
02-12-2025,160.45000
01-12-2025,160.86000
28-11-2025,161.31000
27-11-2025,161.73000
26-11-2025,162.47000
25-11-2025,160.25000
24-11-2025,160.55000
21-11-2025,161.99000
20-11-2025,163.77000
19-11-2025,163.28000
18-11-2025,163.16000
17-11-2025,164.40000
14-11-2025,163.68000
13-11-2025,163.86000
12-11-2025,164.04000
11-11-2025,163.32000
10-11-2025,162.12000
07-11-2025,161.48000
06-11-2025,162.10000
04-11-2025,164.36000
03-11-2025,165.34000
31-10-2025,164.89000
30-10-2025,165.30000
29-10-2025,165.57000
28-10-2025,163.90000
27-10-2025,163.90000
24-10-2025,162.86000
23-10-2025,162.76000
20-10-2025,163.33000
17-10-2025,162.81000
16-10-2025,162.92000
15-10-2025,162.35000
14-10-2025,160.89000
13-10-2025,161.91000
10-10-2025,162.63000
09-10-2025,161.93000
08-10-2025,161.04000
07-10-2025,162.54000
06-10-2025,162.37000
03-10-2025,162.25000
01-10-2025,160.50000
30-09-2025,160.25000
26-09-2025,160.55000
25-09-2025,162.44000
24-09-2025,163.20000
23-09-2025,163.69000
22-09-2025,163.68000
19-09-2025,164.64000
18-09-2025,164.58000
17-09-2025,165.02000
16-09-2025,164.08000
15-09-2025,162.52000
12-09-2025,161.91000
11-09-2025,161.00000
10-09-2025,160.51000
09-09-2025,159.27000
08-09-2025,159.40000
05-09-2025,159.34000
04-09-2025,159.30000
03-09-2025,160.31000
02-09-2025,159.40000
01-09-2025,158.92000
29-08-2025,156.87000
28-08-2025,156.63000
26-08-2025,157.82000
25-08-2025,159.70000
22-08-2025,159.91000
21-08-2025,160.33000
20-08-2025,160.75000
19-08-2025,160.70000
18-08-2025,160.19000
14-08-2025,159.02000
13-08-2025,159.59000
12-08-2025,158.64000
11-08-2025,158.97000
08-08-2025,157.91000
07-08-2025,159.61000
06-08-2025,159.98000
05-08-2025,160.65000
04-08-2025,160.23000
01-08-2025,159.62000
31-07-2025,160.53000
30-07-2025,160.83000
29-07-2025,159.52000
28-07-2025,158.42000
25-07-2025,159.84000
24-07-2025,161.95000
23-07-2025,162.60000
22-07-2025,162.09000
21-07-2025,162.50000
18-07-2025,161.81000
17-07-2025,162.99000
16-07-2025,162.77000
15-07-2025,162.39000
14-07-2025,161.81000
11-07-2025,161.89000
10-07-2025,163.05000
09-07-2025,163.37000
08-07-2025,163.24000
07-07-2025,162.55000
04-07-2025,162.68000
03-07-2025,162.19000
02-07-2025,162.53000
01-07-2025,162.97000
30-06-2025,163.20000
27-06-2025,162.26000
26-06-2025,161.18000
25-06-2025,160.19000
24-06-2025,159.78000
23-06-2025,159.04000
20-06-2025,158.78000
19-06-2025,156.46000
18-06-2025,158.11000
17-06-2025,158.42000
16-06-2025,158.92000
13-06-2025,157.98000
12-06-2025,158.73000
11-06-2025,161.37000
10-06-2025,161.53000
09-06-2025,161.42000
06-06-2025,160.10000
05-06-2025,160.23000
04-06-2025,159.34000
03-06-2025,158.33000
02-06-2025,158.80000
30-05-2025,158.48000
29-05-2025,158.62000
28-05-2025,157.76000
27-05-2025,157.25000
26-05-2025,156.94000
23-05-2025,155.82000
22-05-2025,155.33000
21-05-2025,155.75000
20-05-2025,154.26000
19-05-2025,156.09000
16-05-2025,155.92000
15-05-2025,154.57000
14-05-2025,152.98000
13-05-2025,151.56000
12-05-2025,151.00000
09-05-2025,145.92000
08-05-2025,145.82000
07-05-2025,147.38000
06-05-2025,146.23000
05-05-2025,149.04000
02-05-2025,147.32000
30-04-2025,147.38000
29-04-2025,148.68000
28-04-2025,148.32000
25-04-2025,146.29000
24-04-2025,149.52000
23-04-2025,149.89000
22-04-2025,149.19000
21-04-2025,148.44000
17-04-2025,145.91000
16-04-2025,144.64000
15-04-2025,143.48000
11-04-2025,139.57000
09-04-2025,136.32000
08-04-2025,137.36000
07-04-2025,134.89000
04-04-2025,139.34000
03-04-2025,143.71000
02-04-2025,143.37000
01-04-2025,142.57000
31-03-2025,144.50000
28-03-2025,144.52000
27-03-2025,145.23000
26-03-2025,143.72000
25-03-2025,144.75000
24-03-2025,146.26000
21-03-2025,144.22000
20-03-2025,142.71000
19-03-2025,141.96000
18-03-2025,139.24000
17-03-2025,136.74000
13-03-2025,136.19000
12-03-2025,136.47000
11-03-2025,136.36000
10-03-2025,136.04000
07-03-2025,137.74000
06-03-2025,137.60000
05-03-2025,135.78000
04-03-2025,132.54000
03-03-2025,130.88000
28-02-2025,129.65000
27-02-2025,131.86000
25-02-2025,134.27000
24-02-2025,135.09000
21-02-2025,136.43000
20-02-2025,136.58000
19-02-2025,134.42000
18-02-2025,132.73000
17-02-2025,133.31000
14-02-2025,133.22000
13-02-2025,136.35000
12-02-2025,136.57000
11-02-2025,137.09000
10-02-2025,140.26000
07-02-2025,142.43000
06-02-2025,142.58000
05-02-2025,143.88000
04-02-2025,142.77000
03-02-2025,140.31000
31-01-2025,146.01000
30-01-2025,142.79000
29-01-2025,141.67000
28-01-2025,138.17000
27-01-2025,140.64000
24-01-2025,143.89000
23-01-2025,146.03000
22-01-2025,144.98000
21-01-2025,147.62000
20-01-2025,151.35000
17-01-2025,150.31000
16-01-2025,149.53000
15-01-2025,147.65000
14-01-2025,146.62000
13-01-2025,143.68000
10-01-2025,149.04000
09-01-2025,152.33000
08-01-2025,154.61000
07-01-2025,156.66000
06-01-2025,155.70000
03-01-2025,159.71000
02-01-2025,160.04000
01-01-2025,158.88000
31-12-2024,157.55000
30-12-2024,156.26000
27-12-2024,157.85000
26-12-2024,158.51000
24-12-2024,157.98000
23-12-2024,158.14000
20-12-2024,157.85000
19-12-2024,161.20000
18-12-2024,162.25000
17-12-2024,164.21000
16-12-2024,165.52000
13-12-2024,164.54000
12-12-2024,164.23000
11-12-2024,165.10000
10-12-2024,164.84000
09-12-2024,164.73000
06-12-2024,164.18000
05-12-2024,163.49000
04-12-2024,163.35000
03-12-2024,162.95000
02-12-2024,160.71000
29-11-2024,159.22000
28-11-2024,158.51000
27-11-2024,159.32000
26-11-2024,157.91000
25-11-2024,158.04000
22-11-2024,155.46000
21-11-2024,152.29000
19-11-2024,153.42000
18-11-2024,152.46000
14-11-2024,152.65000
13-11-2024,152.50000
12-11-2024,156.10000
11-11-2024,158.69000
08-11-2024,158.85000
07-11-2024,161.02000
06-11-2024,162.48000
05-11-2024,158.85000
04-11-2024,158.17000
31-10-2024,158.79000
30-10-2024,157.68000
29-10-2024,157.94000
28-10-2024,156.16000
25-10-2024,155.80000
24-10-2024,158.96000
23-10-2024,159.26000
22-10-2024,160.37000
21-10-2024,164.76000
18-10-2024,167.51000
17-10-2024,167.33000
16-10-2024,169.30000
15-10-2024,168.99000
14-10-2024,168.03000
11-10-2024,167.38000
10-10-2024,167.28000
09-10-2024,165.94000
08-10-2024,164.34000
07-10-2024,160.52000
04-10-2024,164.12000
03-10-2024,165.42000
01-10-2024,169.31000
30-09-2024,169.03000
27-09-2024,169.88000
26-09-2024,169.01000
25-09-2024,169.20000
24-09-2024,168.80000
23-09-2024,167.78000
20-09-2024,166.32000
19-09-2024,164.84000
18-09-2024,166.18000
17-09-2024,166.68000
16-09-2024,166.41000
13-09-2024,165.49000
12-09-2024,164.98000
11-09-2024,161.88000
10-09-2024,162.33000
09-09-2024,160.82000
06-09-2024,161.43000
05-09-2024,163.26000
04-09-2024,163.01000
03-09-2024,163.58000
02-09-2024,163.16000
30-08-2024,164.54000
29-08-2024,163.64000
28-08-2024,164.15000
27-08-2024,164.42000
26-08-2024,164.31000
23-08-2024,163.96000
22-08-2024,163.37000
21-08-2024,163.44000
20-08-2024,162.97000
19-08-2024,162.10000
16-08-2024,161.40000
14-08-2024,158.77000
13-08-2024,159.66000
12-08-2024,160.30000
09-08-2024,160.15000
08-08-2024,158.68000
07-08-2024,160.12000
06-08-2024,156.70000
05-08-2024,157.79000
02-08-2024,163.48000
01-08-2024,166.23000
31-07-2024,166.22000
30-07-2024,165.88000
29-07-2024,164.93000
26-07-2024,162.91000
25-07-2024,160.87000
24-07-2024,160.40000
23-07-2024,158.72000
22-07-2024,160.36000
19-07-2024,159.00000
18-07-2024,163.13000
16-07-2024,165.45000
15-07-2024,166.21000
12-07-2024,166.06000
11-07-2024,167.27000
10-07-2024,166.98000
09-07-2024,167.95000
08-07-2024,168.17000
05-07-2024,168.39000
04-07-2024,166.98000
03-07-2024,165.69000
02-07-2024,163.52000
01-07-2024,162.96000
28-06-2024,162.08000
27-06-2024,161.97000
26-06-2024,160.65000
25-06-2024,159.63000
24-06-2024,159.68000
21-06-2024,158.45000
20-06-2024,158.77000
19-06-2024,159.03000
18-06-2024,162.27000
14-06-2024,161.30000
13-06-2024,158.60000
12-06-2024,156.16000
11-06-2024,154.48000
10-06-2024,153.60000
07-06-2024,152.19000
06-06-2024,149.55000
05-06-2024,145.11000
04-06-2024,143.53000
03-06-2024,161.03000
31-05-2024,153.51000
30-05-2024,152.75000
29-05-2024,153.56000
28-05-2024,152.64000
27-05-2024,154.03000
24-05-2024,154.29000
23-05-2024,153.23000
22-05-2024,151.67000
21-05-2024,151.18000
17-05-2024,148.91000
16-05-2024,145.75000
15-05-2024,143.19000
14-05-2024,139.43000
13-05-2024,137.05000
10-05-2024,135.77000
09-05-2024,134.72000
08-05-2024,137.81000
07-05-2024,135.85000
06-05-2024,137.77000
03-05-2024,139.59000
02-05-2024,140.28000
30-04-2024,138.64000
29-04-2024,136.66000
26-04-2024,136.24000
25-04-2024,136.20000
24-04-2024,134.41000
23-04-2024,132.91000
22-04-2024,132.36000
19-04-2024,131.04000
18-04-2024,131.02000
16-04-2024,130.43000
15-04-2024,129.79000
12-04-2024,131.54000
10-04-2024,132.35000
09-04-2024,131.57000
08-04-2024,131.99000
05-04-2024,131.54000
04-04-2024,131.18000
03-04-2024,130.72000
02-04-2024,130.09000
01-04-2024,129.18000
31-03-2024,127.20000
28-03-2024,127.22000
27-03-2024,126.13000
26-03-2024,125.05000
22-03-2024,124.61000
21-03-2024,123.38000
20-03-2024,119.64000
19-03-2024,119.00000
18-03-2024,120.34000
15-03-2024,119.98000
14-03-2024,121.11000
13-03-2024,119.32000
12-03-2024,124.13000
11-03-2024,125.80000
07-03-2024,126.39000
06-03-2024,126.01000
05-03-2024,127.13000
04-03-2024,127.13000
01-03-2024,125.56000
29-02-2024,123.55000
28-02-2024,122.74000
27-02-2024,124.38000
26-02-2024,123.81000
23-02-2024,123.41000
22-02-2024,122.68000
21-02-2024,121.44000
20-02-2024,122.63000
19-02-2024,122.68000
16-02-2024,122.30000
15-02-2024,122.06000
14-02-2024,121.07000
13-02-2024,119.56000
12-02-2024,119.01000
09-02-2024,121.79000
08-02-2024,123.17000
07-02-2024,123.41000
06-02-2024,123.52000
05-02-2024,122.69000
02-02-2024,122.84000
01-02-2024,121.77000
31-01-2024,122.00000
30-01-2024,120.62000
29-01-2024,121.90000
25-01-2024,119.55000
24-01-2024,118.98000
23-01-2024,116.67000
19-01-2024,119.46000
18-01-2024,117.81000
17-01-2024,118.47000
16-01-2024,119.06000
15-01-2024,119.34000
12-01-2024,118.72000
11-01-2024,118.24000
10-01-2024,117.88000
09-01-2024,117.91000
08-01-2024,117.17000
05-01-2024,117.76000
04-01-2024,117.22000
03-01-2024,115.65000
02-01-2024,115.91000
01-01-2024,116.94000
29-12-2023,116.47000
28-12-2023,116.15000
27-12-2023,115.72000
26-12-2023,115.41000
22-12-2023,114.56000
21-12-2023,113.84000
20-12-2023,112.63000
19-12-2023,115.41000
18-12-2023,115.22000
15-12-2023,114.41000
14-12-2023,113.67000
13-12-2023,113.24000
12-12-2023,111.12000
11-12-2023,111.51000
08-12-2023,110.83000
07-12-2023,110.71000
06-12-2023,110.32000
05-12-2023,109.98000
04-12-2023,108.96000
01-12-2023,106.74000
30-11-2023,104.76000
29-11-2023,103.62000
28-11-2023,103.17000
24-11-2023,102.73000
23-11-2023,103.08000
22-11-2023,103.16000
21-11-2023,103.02000
20-11-2023,103.00000
17-11-2023,103.07000
16-11-2023,102.44000
15-11-2023,101.92000
13-11-2023,101.45000
10-11-2023,100.87000
09-11-2023,100.74000
08-11-2023,100.85000
07-11-2023,100.26000
06-11-2023,100.24000
03-11-2023,99.60000
02-11-2023,98.92000
01-11-2023,97.67000
31-10-2023,98.10000
30-10-2023,98.16000
27-10-2023,98.05000
26-10-2023,96.61000
25-10-2023,97.47000
23-10-2023,98.26000
20-10-2023,100.73000
19-10-2023,101.71000
18-10-2023,101.82000
17-10-2023,102.61000
16-10-2023,102.26000
13-10-2023,102.26000
12-10-2023,102.18000
11-10-2023,101.83000
10-10-2023,101.60000
09-10-2023,100.52000
06-10-2023,101.59000
05-10-2023,101.07000
04-10-2023,100.74000
03-10-2023,101.98000
29-09-2023,101.72000
27-09-2023,101.09000
26-09-2023,100.18000
25-09-2023,100.09000
22-09-2023,100.05000
21-09-2023,100.08000
20-09-2023,100.69000
18-09-2023,101.15000
15-09-2023,100.97000
14-09-2023,101.13000
13-09-2023,100.50000
12-09-2023,100.87000
11-09-2023,103.69000
08-09-2023,102.41000
07-09-2023,100.82000
06-09-2023,99.75000
05-09-2023,99.93000
04-09-2023,99.74000
01-09-2023,98.92000
31-08-2023,98.15000
30-08-2023,98.26000
29-08-2023,98.48000
28-08-2023,97.88000
25-08-2023,97.30000
24-08-2023,97.95000
23-08-2023,97.94000
22-08-2023,97.35000
21-08-2023,96.68000
18-08-2023,95.67000
17-08-2023,95.94000
16-08-2023,96.07000
14-08-2023,96.06000
11-08-2023,96.75000
10-08-2023,96.74000
09-08-2023,97.05000
08-08-2023,96.93000
07-08-2023,96.82000
04-08-2023,96.67000
03-08-2023,96.24000
02-08-2023,96.94000
01-08-2023,98.08000
31-07-2023,98.78000
28-07-2023,97.53000
27-07-2023,96.80000
26-07-2023,97.04000
25-07-2023,96.46000
24-07-2023,96.22000
21-07-2023,95.89000
20-07-2023,95.73000
19-07-2023,96.01000
18-07-2023,95.44000
17-07-2023,95.57000
14-07-2023,95.02000
13-07-2023,94.82000
12-07-2023,95.43000
11-07-2023,95.06000
10-07-2023,93.96000
07-07-2023,94.17000
06-07-2023,94.84000
05-07-2023,94.02000
04-07-2023,93.73000
03-07-2023,93.79000
30-06-2023,93.83000
28-06-2023,93.18000
27-06-2023,92.55000
26-06-2023,92.18000
23-06-2023,92.08000
22-06-2023,92.91000
21-06-2023,93.44000
20-06-2023,93.21000
19-06-2023,92.99000
16-06-2023,93.13000
15-06-2023,92.31000
14-06-2023,92.37000
13-06-2023,92.06000
12-06-2023,91.50000
09-06-2023,91.35000
08-06-2023,91.07000
07-06-2023,91.02000
06-06-2023,90.06000
05-06-2023,89.67000
02-06-2023,89.38000
01-06-2023,89.05000
31-05-2023,89.13000
30-05-2023,88.81000
29-05-2023,88.29000
26-05-2023,88.07000
25-05-2023,87.40000
24-05-2023,87.02000
23-05-2023,87.12000
22-05-2023,87.44000
19-05-2023,87.06000
18-05-2023,86.86000
17-05-2023,87.62000
16-05-2023,87.59000
15-05-2023,87.38000
12-05-2023,87.19000
11-05-2023,87.43000
10-05-2023,87.44000
09-05-2023,87.02000
08-05-2023,87.11000
05-05-2023,86.50000
04-05-2023,86.62000
03-05-2023,85.85000
02-05-2023,85.53000
28-04-2023,84.79000
27-04-2023,84.05000
26-04-2023,83.74000
25-04-2023,83.18000
24-04-2023,82.89000
21-04-2023,82.60000
20-04-2023,82.95000
19-04-2023,82.74000
18-04-2023,83.45000
17-04-2023,83.72000
13-04-2023,83.60000
12-04-2023,83.62000
11-04-2023,83.86000
10-04-2023,83.84000
06-04-2023,83.39000
05-04-2023,83.14000
03-04-2023,82.75000
31-03-2023,82.50000
29-03-2023,81.07000
28-03-2023,80.43000
27-03-2023,80.54000
24-03-2023,80.88000
23-03-2023,81.47000
22-03-2023,81.54000
21-03-2023,81.51000
20-03-2023,80.94000
17-03-2023,81.54000
16-03-2023,81.13000
15-03-2023,81.25000
14-03-2023,81.09000
13-03-2023,81.22000
10-03-2023,82.35000
09-03-2023,82.72000
08-03-2023,82.99000
06-03-2023,82.69000
03-03-2023,82.31000
02-03-2023,81.68000
01-03-2023,81.95000
28-02-2023,81.08000
27-02-2023,81.19000
24-02-2023,81.41000
23-02-2023,81.79000
22-02-2023,82.01000
21-02-2023,82.55000
20-02-2023,82.26000
17-02-2023,82.40000
16-02-2023,82.20000
15-02-2023,81.97000
14-02-2023,81.62000
13-02-2023,81.74000
10-02-2023,82.15000
09-02-2023,82.14000
08-02-2023,81.87000
07-02-2023,81.42000
06-02-2023,81.42000
03-02-2023,81.05000
02-02-2023,80.73000
01-02-2023,80.59000
31-01-2023,81.08000
30-01-2023,79.77000
27-01-2023,80.42000
25-01-2023,81.83000
24-01-2023,82.80000
23-01-2023,83.37000
20-01-2023,83.68000
19-01-2023,83.98000
18-01-2023,83.95000
17-01-2023,83.45000
16-01-2023,83.08000
13-01-2023,83.04000
12-01-2023,83.02000
11-01-2023,82.83000
10-01-2023,82.73000
09-01-2023,83.31000
06-01-2023,82.63000
05-01-2023,82.88000
04-01-2023,82.50000
03-01-2023,83.25000
02-01-2023,83.29000
30-12-2022,82.48000
29-12-2022,82.44000
28-12-2022,82.43000
27-12-2022,82.47000
26-12-2022,81.66000
23-12-2022,80.28000
22-12-2022,82.13000
21-12-2022,82.89000
20-12-2022,84.34000
19-12-2022,84.17000
16-12-2022,83.58000
15-12-2022,84.74000
14-12-2022,85.70000
13-12-2022,85.21000
12-12-2022,84.96000
09-12-2022,84.77000
08-12-2022,85.32000
07-12-2022,84.60000
06-12-2022,84.56000
05-12-2022,84.75000
02-12-2022,84.64000
01-12-2022,84.47000
30-11-2022,84.07000
29-11-2022,83.86000
28-11-2022,84.23000
25-11-2022,84.02000
24-11-2022,83.95000
23-11-2022,83.36000
22-11-2022,83.45000
21-11-2022,83.19000
18-11-2022,83.47000
17-11-2022,83.97000
16-11-2022,83.60000
15-11-2022,83.47000
14-11-2022,83.41000
11-11-2022,83.64000
10-11-2022,83.58000
09-11-2022,84.07000
07-11-2022,84.86000
04-11-2022,84.28000
03-11-2022,83.83000
02-11-2022,83.98000
01-11-2022,84.15000
31-10-2022,83.15000
28-10-2022,82.23000
27-10-2022,82.56000
25-10-2022,81.95000
21-10-2022,81.15000
20-10-2022,81.38000
19-10-2022,81.99000
18-10-2022,82.00000
17-10-2022,81.10000
14-10-2022,80.73000
13-10-2022,80.74000
12-10-2022,81.55000
11-10-2022,80.93000
10-10-2022,81.92000
07-10-2022,82.58000
06-10-2022,82.52000
04-10-2022,81.46000
03-10-2022,80.21000
30-09-2022,81.07000
29-09-2022,79.82000
28-09-2022,79.82000
27-09-2022,80.48000
26-09-2022,80.61000
23-09-2022,82.84000
22-09-2022,84.98000
21-09-2022,85.07000
20-09-2022,85.86000
19-09-2022,85.51000
16-09-2022,86.13000
15-09-2022,87.94000
14-09-2022,88.11000
13-09-2022,87.63000
12-09-2022,87.32000
09-09-2022,87.02000
08-09-2022,86.91000
07-09-2022,86.05000
06-09-2022,85.60000
05-09-2022,85.11000
02-09-2022,84.47000
01-09-2022,84.36000
30-08-2022,83.82000
29-08-2022,82.80000
26-08-2022,83.39000
25-08-2022,82.61000
24-08-2022,82.28000
23-08-2022,81.69000
22-08-2022,80.72000
19-08-2022,81.33000
18-08-2022,81.94000
17-08-2022,81.66000
16-08-2022,81.77000
12-08-2022,81.13000
11-08-2022,80.79000
10-08-2022,80.35000
08-08-2022,79.56000
05-08-2022,78.82000
04-08-2022,78.97000
03-08-2022,78.99000
02-08-2022,79.63000
01-08-2022,79.60000
29-07-2022,78.59000
28-07-2022,77.45000
27-07-2022,76.91000
26-07-2022,76.31000
25-07-2022,76.71000
22-07-2022,76.31000
21-07-2022,76.45000
20-07-2022,75.01000
19-07-2022,74.81000
18-07-2022,74.57000
15-07-2022,73.35000
14-07-2022,72.79000
13-07-2022,72.66000
12-07-2022,72.61000
11-07-2022,72.99000
08-07-2022,72.82000
07-07-2022,72.50000
06-07-2022,71.82000
05-07-2022,70.66000
04-07-2022,70.36000
01-07-2022,69.90000
30-06-2022,70.17000
29-06-2022,69.94000
28-06-2022,69.73000
27-06-2022,69.56000
24-06-2022,68.39000
23-06-2022,67.78000
22-06-2022,67.34000
21-06-2022,68.04000
20-06-2022,67.29000
17-06-2022,68.20000
16-06-2022,68.86000
15-06-2022,70.29000
14-06-2022,70.45000
13-06-2022,70.25000
10-06-2022,71.89000
09-06-2022,72.41000
08-06-2022,72.29000
07-06-2022,72.22000
06-06-2022,72.64000
03-06-2022,72.71000
02-06-2022,73.47000
01-06-2022,73.53000
31-05-2022,72.79000
30-05-2022,72.26000
27-05-2022,70.69000
26-05-2022,70.18000
25-05-2022,69.70000
24-05-2022,70.40000
23-05-2022,70.61000
20-05-2022,71.22000
19-05-2022,69.86000
18-05-2022,70.97000
17-05-2022,70.83000
16-05-2022,69.36000
13-05-2022,68.64000
12-05-2022,68.91000
11-05-2022,70.17000
10-05-2022,71.02000
09-05-2022,72.00000
06-05-2022,72.65000
05-05-2022,73.35000
04-05-2022,72.92000
02-05-2022,74.38000
29-04-2022,74.71000
28-04-2022,75.51000
27-04-2022,74.82000
26-04-2022,75.14000
25-04-2022,74.16000
22-04-2022,75.71000
21-04-2022,76.45000
20-04-2022,75.67000
19-04-2022,75.65000
18-04-2022,76.14000
13-04-2022,76.64000
12-04-2022,76.06000
11-04-2022,77.19000
08-04-2022,76.92000
07-04-2022,76.15000
06-04-2022,75.94000
05-04-2022,75.41000
04-04-2022,75.12000
01-04-2022,74.30000
31-03-2022,73.53000
30-03-2022,73.43000
29-03-2022,72.79000
28-03-2022,72.19000
25-03-2022,72.14000
24-03-2022,72.63000
23-03-2022,72.60000
22-03-2022,72.74000
21-03-2022,72.56000
17-03-2022,73.03000
16-03-2022,72.34000
15-03-2022,71.43000
14-03-2022,72.11000
11-03-2022,71.98000
10-03-2022,71.90000
09-03-2022,71.25000
08-03-2022,70.32000
07-03-2022,69.65000
04-03-2022,71.63000
03-03-2022,72.83000
02-03-2022,73.24000
28-02-2022,73.61000
25-02-2022,72.67000
24-02-2022,70.22000
23-02-2022,73.38000
22-02-2022,72.96000
21-02-2022,73.93000
18-02-2022,74.48000
17-02-2022,74.70000
16-02-2022,74.39000
15-02-2022,74.90000
14-02-2022,73.72000
11-02-2022,76.04000
10-02-2022,77.23000
09-02-2022,76.92000
08-02-2022,76.75000
07-02-2022,77.40000
04-02-2022,77.96000
03-02-2022,78.57000
02-02-2022,79.23000
01-02-2022,78.58000
31-01-2022,77.33000
28-01-2022,76.10000
27-01-2022,75.95000
25-01-2022,76.62000
24-01-2022,75.91000
21-01-2022,78.61000
20-01-2022,79.77000
19-01-2022,79.71000
18-01-2022,79.41000
17-01-2022,80.82000
14-01-2022,80.09000
13-01-2022,79.62000
12-01-2022,79.20000
11-01-2022,78.57000
10-01-2022,78.30000
07-01-2022,77.08000
06-01-2022,76.94000
05-01-2022,77.30000
04-01-2022,76.85000
03-01-2022,76.65000
31-12-2021,75.69000
30-12-2021,74.97000
29-12-2021,74.91000
28-12-2021,75.06000
27-12-2021,74.25000
24-12-2021,74.28000
23-12-2021,75.01000
22-12-2021,74.75000
21-12-2021,73.34000
20-12-2021,72.02000
17-12-2021,74.12000
16-12-2021,75.22000
15-12-2021,75.51000
14-12-2021,75.97000
13-12-2021,75.87000
10-12-2021,76.07000
09-12-2021,75.64000
08-12-2021,74.87000
07-12-2021,73.81000
06-12-2021,72.79000
03-12-2021,73.78000
02-12-2021,74.06000
01-12-2021,73.32000
30-11-2021,73.07000
29-11-2021,71.78000
26-11-2021,72.54000
25-11-2021,74.95000
24-11-2021,75.04000
23-11-2021,75.29000
22-11-2021,74.26000
18-11-2021,75.87000
17-11-2021,76.91000
16-11-2021,77.44000
15-11-2021,77.66000
12-11-2021,78.19000
11-11-2021,77.83000
10-11-2021,77.92000
09-11-2021,78.06000
08-11-2021,77.45000
03-11-2021,76.22000
02-11-2021,75.42000
01-11-2021,74.85000
29-10-2021,73.72000
28-10-2021,73.18000
27-10-2021,73.86000
26-10-2021,73.56000
25-10-2021,72.39000
22-10-2021,72.64000
21-10-2021,73.50000
20-10-2021,73.55000
19-10-2021,74.38000
18-10-2021,75.42000
14-10-2021,74.74000
13-10-2021,74.41000
12-10-2021,73.57000
11-10-2021,73.53000
08-10-2021,72.80000
07-10-2021,72.99000
06-10-2021,71.90000
05-10-2021,72.45000
04-10-2021,72.38000
01-10-2021,71.75000
30-09-2021,72.14000
29-09-2021,71.93000
28-09-2021,71.74000
27-09-2021,72.03000
24-09-2021,72.22000
23-09-2021,72.68000
22-09-2021,71.67000
21-09-2021,71.42000
20-09-2021,71.16000
17-09-2021,72.74000
16-09-2021,73.59000
15-09-2021,73.47000
14-09-2021,73.09000
13-09-2021,72.81000
09-09-2021,72.66000
08-09-2021,72.58000
07-09-2021,72.50000
06-09-2021,72.68000
03-09-2021,72.51000
02-09-2021,71.86000
01-09-2021,71.23000
31-08-2021,70.66000
30-08-2021,70.04000
27-08-2021,68.82000
26-08-2021,67.89000
25-08-2021,67.75000
24-08-2021,67.59000
23-08-2021,66.52000
20-08-2021,66.53000
18-08-2021,67.97000
17-08-2021,68.25000
16-08-2021,68.34000
13-08-2021,68.48000
12-08-2021,67.92000
11-08-2021,67.15000
10-08-2021,66.82000
09-08-2021,67.54000
06-08-2021,68.02000
05-08-2021,68.33000
04-08-2021,68.63000
03-08-2021,69.01000
02-08-2021,68.69000
30-07-2021,68.16000
29-07-2021,68.39000
28-07-2021,68.12000
27-07-2021,67.68000
26-07-2021,68.08000
23-07-2021,68.01000
22-07-2021,67.63000
20-07-2021,66.64000
19-07-2021,67.21000
16-07-2021,67.45000
15-07-2021,67.39000
14-07-2021,66.04000
13-07-2021,65.82000
12-07-2021,65.35000
09-07-2021,64.90000
08-07-2021,64.83000
07-07-2021,65.06000
06-07-2021,64.85000
05-07-2021,64.70000
02-07-2021,63.92000
01-07-2021,63.96000
30-06-2021,64.00000
29-06-2021,63.17000
28-06-2021,63.25000
25-06-2021,62.94000
24-06-2021,62.39000
23-06-2021,62.23000
22-06-2021,62.00000
21-06-2021,61.86000
18-06-2021,61.61000
17-06-2021,61.89000
16-06-2021,62.17000
15-06-2021,62.68000
14-06-2021,62.31000
11-06-2021,62.54000
10-06-2021,62.81000
09-06-2021,62.32000
08-06-2021,62.87000
07-06-2021,62.95000
04-06-2021,62.62000
03-06-2021,62.59000
02-06-2021,62.06000
01-06-2021,61.34000
31-05-2021,61.55000
28-05-2021,60.69000
27-05-2021,61.09000
26-05-2021,60.86000
25-05-2021,60.77000
24-05-2021,60.84000
21-05-2021,60.14000
20-05-2021,59.47000
19-05-2021,59.41000
18-05-2021,59.48000
17-05-2021,58.48000
14-05-2021,57.60000
12-05-2021,57.98000
11-05-2021,58.18000
10-05-2021,57.81000
07-05-2021,57.26000
06-05-2021,57.13000
05-05-2021,56.87000
04-05-2021,56.42000
03-05-2021,56.73000
30-04-2021,56.68000
29-04-2021,57.17000
28-04-2021,57.11000
27-04-2021,56.56000
26-04-2021,55.79000
23-04-2021,55.21000
22-04-2021,55.40000
20-04-2021,55.24000
19-04-2021,55.20000
16-04-2021,56.13000
15-04-2021,56.06000
13-04-2021,55.92000
12-04-2021,54.75000
09-04-2021,57.56000
08-04-2021,57.82000
07-04-2021,57.20000
06-04-2021,56.84000
05-04-2021,56.79000
01-04-2021,57.85000
31-03-2021,57.44000
30-03-2021,57.12000
26-03-2021,56.14000
25-03-2021,55.33000
24-03-2021,55.94000
23-03-2021,56.89000
22-03-2021,56.58000
19-03-2021,56.63000
18-03-2021,56.36000
17-03-2021,56.81000
16-03-2021,57.90000
15-03-2021,58.09000
12-03-2021,58.50000
10-03-2021,58.70000
09-03-2021,58.29000
08-03-2021,58.59000
05-03-2021,58.21000
04-03-2021,59.15000
03-03-2021,58.91000
02-03-2021,58.20000
01-03-2021,57.84000
26-02-2021,56.88000
25-02-2021,58.19000
24-02-2021,57.83000
23-02-2021,57.02000
22-02-2021,56.27000
19-02-2021,57.40000
18-02-2021,58.32000
17-02-2021,58.30000
16-02-2021,57.94000
15-02-2021,58.09000
12-02-2021,57.84000
11-02-2021,57.87000
10-02-2021,57.43000
09-02-2021,57.25000
08-02-2021,57.23000
05-02-2021,55.84000
04-02-2021,55.69000
03-02-2021,54.90000
02-02-2021,54.49000
01-02-2021,52.41000
29-01-2021,49.96000
28-01-2021,50.23000
27-01-2021,50.29000
25-01-2021,50.48000
22-01-2021,50.95000
21-01-2021,51.47000
20-01-2021,51.70000
19-01-2021,51.55000
18-01-2021,50.53000
15-01-2021,51.31000
14-01-2021,52.08000
13-01-2021,51.70000
12-01-2021,51.48000
11-01-2021,51.50000
08-01-2021,51.53000
07-01-2021,50.88000
06-01-2021,50.16000
05-01-2021,49.61000
04-01-2021,49.31000
01-01-2021,48.81000
31-12-2020,48.48000
30-12-2020,48.30000
29-12-2020,47.92000
28-12-2020,47.87000
24-12-2020,47.31000
23-12-2020,47.00000
22-12-2020,46.33000
21-12-2020,45.88000
18-12-2020,47.72000
17-12-2020,47.46000
16-12-2020,47.44000
15-12-2020,47.03000
14-12-2020,46.98000
11-12-2020,46.46000
10-12-2020,46.27000
09-12-2020,46.69000
08-12-2020,46.58000
07-12-2020,46.65000
04-12-2020,46.33000
03-12-2020,46.01000
02-12-2020,45.62000
01-12-2020,45.48000
27-11-2020,45.16000
26-11-2020,44.78000
25-11-2020,44.24000
24-11-2020,44.62000
23-11-2020,44.22000
20-11-2020,44.09000
19-11-2020,44.06000
18-11-2020,44.34000
17-11-2020,43.50000
13-11-2020,43.10000
12-11-2020,42.92000
11-11-2020,42.90000
10-11-2020,42.60000
09-11-2020,42.31000
06-11-2020,41.81000
05-11-2020,41.64000
04-11-2020,40.84000
03-11-2020,40.55000
02-11-2020,40.28000
30-10-2020,40.52000
29-10-2020,40.43000
28-10-2020,40.52000
27-10-2020,40.89000
26-10-2020,40.34000
23-10-2020,40.86000
22-10-2020,40.79000
21-10-2020,40.42000
20-10-2020,40.13000
19-10-2020,40.14000
16-10-2020,39.92000
15-10-2020,39.42000
14-10-2020,39.85000
13-10-2020,39.76000
12-10-2020,39.88000
09-10-2020,40.16000
08-10-2020,40.08000
07-10-2020,40.19000
06-10-2020,40.25000
05-10-2020,40.27000
01-10-2020,40.46000
30-09-2020,40.29000
29-09-2020,40.31000
28-09-2020,40.37000
25-09-2020,39.60000
24-09-2020,38.80000
23-09-2020,39.76000
22-09-2020,39.94000
21-09-2020,40.52000
18-09-2020,41.80000
17-09-2020,41.73000
16-09-2020,42.16000
15-09-2020,42.12000
14-09-2020,41.76000
11-09-2020,41.12000
10-09-2020,41.11000
09-09-2020,40.39000
08-09-2020,40.58000
07-09-2020,40.98000
04-09-2020,41.10000
03-09-2020,41.73000
02-09-2020,41.85000
01-09-2020,41.54000
31-08-2020,41.23000
28-08-2020,42.73000
27-08-2020,42.81000
26-08-2020,42.99000
25-08-2020,42.80000
24-08-2020,42.67000
21-08-2020,42.77000
20-08-2020,42.24000
19-08-2020,42.07000
18-08-2020,41.72000
17-08-2020,41.12000
14-08-2020,40.92000
13-08-2020,41.34000
12-08-2020,40.78000
11-08-2020,40.66000
10-08-2020,40.47000
07-08-2020,39.99000
06-08-2020,39.71000
05-08-2020,39.74000
04-08-2020,39.69000
03-08-2020,39.30000
31-07-2020,39.53000
30-07-2020,39.43000
29-07-2020,39.85000
28-07-2020,39.89000
27-07-2020,39.77000
24-07-2020,40.14000
23-07-2020,40.36000
22-07-2020,40.27000
21-07-2020,40.14000
20-07-2020,39.63000
17-07-2020,39.34000
16-07-2020,38.90000
15-07-2020,38.86000
14-07-2020,39.12000
13-07-2020,39.58000
10-07-2020,39.50000
09-07-2020,39.60000
08-07-2020,39.48000
07-07-2020,39.85000
06-07-2020,40.19000
03-07-2020,39.79000
02-07-2020,39.38000
01-07-2020,39.17000
30-06-2020,39.02000
29-06-2020,39.03000
26-06-2020,39.47000
25-06-2020,39.05000
24-06-2020,39.02000
23-06-2020,39.65000
22-06-2020,38.96000
19-06-2020,38.69000
18-06-2020,38.11000
17-06-2020,37.31000
16-06-2020,37.27000
15-06-2020,37.29000
12-06-2020,37.69000
11-06-2020,37.60000
10-06-2020,38.20000
09-06-2020,38.05000
08-06-2020,38.56000
05-06-2020,38.30000
04-06-2020,37.61000
03-06-2020,37.72000
02-06-2020,37.38000
01-06-2020,36.89000
29-05-2020,36.30000
28-05-2020,35.82000
27-05-2020,35.14000
26-05-2020,34.82000
22-05-2020,34.74000
21-05-2020,34.88000
20-05-2020,34.84000
19-05-2020,34.35000
18-05-2020,33.85000
15-05-2020,35.19000
14-05-2020,35.11000
13-05-2020,35.63000
12-05-2020,34.73000
11-05-2020,34.75000
08-05-2020,34.74000
07-05-2020,34.89000
06-05-2020,35.23000
05-05-2020,35.17000
04-05-2020,35.43000
30-04-2020,36.76000
29-04-2020,36.03000
28-04-2020,35.39000
27-04-2020,35.23000
24-04-2020,35.15000
23-04-2020,35.53000
22-04-2020,35.64000
21-04-2020,35.35000
20-04-2020,36.29000
17-04-2020,36.03000
16-04-2020,35.15000
15-04-2020,34.39000
13-04-2020,34.15000
09-04-2020,33.85000
08-04-2020,32.74000
07-04-2020,32.60000
03-04-2020,31.15000
01-04-2020,31.86000
31-03-2020,32.68000
30-03-2020,31.38000
27-03-2020,32.37000
26-03-2020,32.25000
25-03-2020,31.08000
24-03-2020,29.90000
23-03-2020,29.85000
20-03-2020,34.23000
19-03-2020,32.90000
18-03-2020,34.26000
17-03-2020,36.11000
16-03-2020,36.77000
13-03-2020,38.88000
12-03-2020,37.76000
11-03-2020,40.90000
09-03-2020,40.91000
06-03-2020,42.58000
05-03-2020,43.38000
04-03-2020,43.51000
03-03-2020,44.10000
02-03-2020,43.24000
28-02-2020,43.67000
27-02-2020,45.03000
26-02-2020,45.28000
25-02-2020,45.80000
24-02-2020,46.07000
20-02-2020,46.89000
19-02-2020,46.74000
18-02-2020,46.21000
17-02-2020,46.34000
14-02-2020,46.85000
13-02-2020,46.88000
12-02-2020,46.83000
11-02-2020,46.79000
10-02-2020,46.67000
07-02-2020,47.15000
06-02-2020,47.17000
05-02-2020,46.84000
04-02-2020,46.35000
03-02-2020,45.37000
31-01-2020,46.14000
30-01-2020,46.46000
29-01-2020,46.65000
28-01-2020,46.41000
27-01-2020,46.81000
24-01-2020,46.86000
23-01-2020,46.43000
22-01-2020,45.90000
21-01-2020,46.22000
20-01-2020,46.35000
17-01-2020,46.48000
16-01-2020,46.10000
15-01-2020,46.04000
14-01-2020,45.88000
13-01-2020,45.78000
10-01-2020,45.57000
09-01-2020,45.32000
08-01-2020,44.61000
07-01-2020,44.65000
06-01-2020,44.37000
03-01-2020,45.03000
02-01-2020,45.28000
01-01-2020,44.73000
31-12-2019,44.47000
30-12-2019,44.38000
27-12-2019,44.30000
26-12-2019,43.82000
24-12-2019,44.05000
23-12-2019,44.16000
20-12-2019,44.37000
19-12-2019,44.24000
18-12-2019,44.33000
17-12-2019,44.56000
16-12-2019,44.19000
13-12-2019,44.32000
12-12-2019,43.93000
11-12-2019,43.52000
10-12-2019,43.51000
09-12-2019,43.92000
06-12-2019,43.94000
05-12-2019,44.20000
04-12-2019,44.20000
03-12-2019,44.15000
02-12-2019,44.59000
29-11-2019,44.62000
28-11-2019,44.69000
27-11-2019,44.42000
26-11-2019,44.42000
25-11-2019,44.51000
22-11-2019,44.26000
21-11-2019,44.35000
20-11-2019,44.48000
19-11-2019,44.28000
18-11-2019,44.17000
15-11-2019,44.14000
14-11-2019,43.97000
13-11-2019,43.96000
11-11-2019,44.52000
08-11-2019,44.34000
07-11-2019,44.56000
06-11-2019,44.71000
05-11-2019,44.83000
04-11-2019,45.22000
01-11-2019,44.91000
31-10-2019,44.98000
30-10-2019,44.97000
29-10-2019,44.52000
25-10-2019,43.97000
24-10-2019,44.03000
23-10-2019,44.15000
22-10-2019,44.22000
18-10-2019,44.02000
17-10-2019,43.51000
16-10-2019,43.32000
15-10-2019,43.27000
14-10-2019,43.10000
11-10-2019,42.82000
10-10-2019,42.61000
09-10-2019,42.74000
07-10-2019,42.12000
04-10-2019,42.46000
03-10-2019,43.09000
01-10-2019,43.34000
30-09-2019,44.00000
27-09-2019,44.15000
26-09-2019,44.19000
25-09-2019,43.54000
24-09-2019,44.00000
23-09-2019,44.55000
20-09-2019,43.06000
19-09-2019,40.86000
18-09-2019,41.41000
17-09-2019,41.29000
16-09-2019,41.96000
13-09-2019,42.07000
12-09-2019,41.63000
11-09-2019,41.70000
09-09-2019,41.53000
06-09-2019,41.15000
05-09-2019,40.71000
04-09-2019,40.49000
03-09-2019,40.22000
30-08-2019,41.25000
29-08-2019,41.24000
28-08-2019,41.54000
27-08-2019,41.91000
26-08-2019,41.27000
23-08-2019,40.46000
22-08-2019,40.43000
21-08-2019,41.12000
20-08-2019,41.81000
19-08-2019,42.21000
16-08-2019,41.96000
14-08-2019,41.92000
13-08-2019,41.42000
09-08-2019,42.23000
08-08-2019,41.92000
07-08-2019,41.69000
06-08-2019,42.00000
05-08-2019,41.42000
02-08-2019,42.01000
01-08-2019,42.20000
31-07-2019,42.73000
30-07-2019,42.56000
29-07-2019,43.10000
26-07-2019,43.40000
25-07-2019,43.31000
24-07-2019,43.40000
23-07-2019,43.92000
22-07-2019,43.95000
19-07-2019,44.03000
18-07-2019,44.49000
17-07-2019,45.05000
16-07-2019,45.09000
15-07-2019,44.94000
12-07-2019,45.18000
11-07-2019,45.32000
10-07-2019,45.21000
09-07-2019,45.51000
08-07-2019,45.09000
05-07-2019,46.38000
04-07-2019,47.13000
03-07-2019,47.01000
02-07-2019,46.89000
01-07-2019,46.78000
28-06-2019,46.59000
27-06-2019,46.55000
26-06-2019,46.36000
25-06-2019,45.96000
24-06-2019,45.56000
21-06-2019,45.70000
20-06-2019,45.90000
19-06-2019,45.26000
18-06-2019,45.49000
17-06-2019,45.26000
14-06-2019,45.98000
13-06-2019,46.31000
12-06-2019,46.17000
11-06-2019,46.45000
10-06-2019,46.28000
07-06-2019,46.15000
06-06-2019,46.05000
04-06-2019,46.92000
03-06-2019,47.11000
31-05-2019,46.91000
30-05-2019,47.16000
29-05-2019,46.71000
28-05-2019,47.11000
27-05-2019,47.31000
24-05-2019,45.95000
23-05-2019,44.59000
22-05-2019,44.38000
21-05-2019,44.36000
20-05-2019,44.76000
17-05-2019,42.71000
16-05-2019,42.25000
15-05-2019,41.95000
14-05-2019,42.42000
13-05-2019,41.92000
10-05-2019,42.74000
09-05-2019,42.78000
08-05-2019,42.98000
07-05-2019,43.48000
06-05-2019,43.85000
03-05-2019,44.19000
02-05-2019,44.07000
30-04-2019,44.41000
26-04-2019,44.65000
25-04-2019,44.48000
24-04-2019,44.49000
23-04-2019,44.22000
22-04-2019,44.35000
18-04-2019,44.89000
16-04-2019,45.24000
15-04-2019,44.96000
12-04-2019,44.89000
11-04-2019,44.59000
10-04-2019,44.57000
09-04-2019,44.79000
08-04-2019,44.64000
05-04-2019,44.91000
04-04-2019,44.63000
03-04-2019,44.89000
02-04-2019,45.48000
01-04-2019,45.27000
29-03-2019,45.27000
28-03-2019,44.94000
27-03-2019,44.47000
26-03-2019,44.48000
25-03-2019,43.93000
22-03-2019,44.41000
20-03-2019,44.49000
19-03-2019,44.82000
18-03-2019,44.77000
15-03-2019,44.70000
14-03-2019,44.51000
13-03-2019,44.57000
12-03-2019,44.53000
11-03-2019,43.89000
08-03-2019,43.14000
07-03-2019,43.07000
06-03-2019,42.95000
05-03-2019,42.50000
01-03-2019,41.60000
28-02-2019,41.24000
27-02-2019,41.06000
26-02-2019,40.94000
25-02-2019,41.00000
22-02-2019,40.79000
21-02-2019,40.61000
20-02-2019,40.30000
19-02-2019,39.84000
18-02-2019,39.78000
15-02-2019,40.15000
14-02-2019,40.00000
13-02-2019,40.02000
12-02-2019,40.67000
11-02-2019,40.84000
08-02-2019,41.34000
07-02-2019,41.84000
06-02-2019,41.86000
05-02-2019,41.62000
04-02-2019,41.60000
01-02-2019,41.86000
31-01-2019,41.88000
30-01-2019,41.50000
29-01-2019,40.96000
28-01-2019,41.12000
25-01-2019,41.77000
24-01-2019,42.02000
23-01-2019,42.12000
22-01-2019,42.30000
21-01-2019,42.81000
18-01-2019,42.97000
17-01-2019,43.30000
16-01-2019,43.28000
15-01-2019,43.28000
14-01-2019,43.06000
11-01-2019,43.40000
10-01-2019,43.50000
09-01-2019,43.46000
08-01-2019,43.51000
07-01-2019,43.27000
04-01-2019,43.04000
03-01-2019,42.78000
02-01-2019,43.22000
01-01-2019,43.58000
31-12-2018,43.47000
28-12-2018,43.33000
27-12-2018,42.97000
26-12-2018,42.72000
24-12-2018,42.50000
21-12-2018,42.84000
20-12-2018,43.58000
19-12-2018,43.72000
18-12-2018,43.02000
17-12-2018,42.76000
14-12-2018,42.52000
13-12-2018,42.46000
12-12-2018,42.25000
11-12-2018,41.69000
10-12-2018,41.39000
07-12-2018,41.97000
06-12-2018,41.94000
05-12-2018,42.48000
04-12-2018,43.02000
03-12-2018,43.11000
30-11-2018,42.91000
29-11-2018,42.96000
28-11-2018,42.74000
27-11-2018,42.90000
26-11-2018,42.87000
22-11-2018,42.62000
21-11-2018,42.95000
20-11-2018,42.90000
19-11-2018,43.16000
16-11-2018,43.10000
15-11-2018,43.16000
14-11-2018,42.97000
13-11-2018,42.81000
12-11-2018,42.34000
09-11-2018,42.77000
06-11-2018,42.36000
05-11-2018,42.34000
02-11-2018,42.32000
01-11-2018,41.99000
31-10-2018,41.38000
30-10-2018,40.34000
29-10-2018,40.02000
26-10-2018,38.87000
25-10-2018,39.10000
24-10-2018,39.27000
23-10-2018,39.11000
22-10-2018,39.49000
19-10-2018,40.09000
17-10-2018,40.61000
16-10-2018,41.23000
15-10-2018,40.74000
12-10-2018,40.80000
11-10-2018,39.51000
10-10-2018,40.30000
09-10-2018,39.27000
08-10-2018,39.13000
05-10-2018,39.31000
04-10-2018,40.75000
03-10-2018,41.67000
01-10-2018,41.90000
28-09-2018,41.54000
27-09-2018,42.49000
26-09-2018,43.24000
25-09-2018,43.22000
24-09-2018,43.11000
21-09-2018,43.99000
19-09-2018,44.36000
18-09-2018,44.34000
17-09-2018,45.12000
14-09-2018,45.42000
12-09-2018,44.86000
11-09-2018,44.82000
10-09-2018,45.62000
07-09-2018,46.15000
06-09-2018,45.66000
05-09-2018,45.37000
04-09-2018,45.69000
03-09-2018,46.80000
31-08-2018,47.38000
30-08-2018,46.89000
29-08-2018,46.76000
28-08-2018,46.46000
27-08-2018,46.67000
24-08-2018,46.29000
23-08-2018,46.38000
21-08-2018,46.46000
20-08-2018,46.42000
17-08-2018,46.05000
16-08-2018,45.51000
14-08-2018,46.05000
13-08-2018,46.01000
10-08-2018,46.38000
09-08-2018,46.73000
08-08-2018,46.45000
07-08-2018,46.75000
06-08-2018,46.67000
03-08-2018,46.78000
02-08-2018,46.43000
01-08-2018,46.19000
31-07-2018,46.04000
30-07-2018,46.09000
27-07-2018,45.60000
26-07-2018,45.15000
25-07-2018,44.88000
24-07-2018,45.06000
23-07-2018,44.08000
20-07-2018,43.73000
19-07-2018,43.93000
18-07-2018,44.05000
17-07-2018,44.15000
16-07-2018,43.75000
13-07-2018,44.39000
12-07-2018,44.68000
11-07-2018,44.77000
10-07-2018,45.30000
09-07-2018,44.94000
06-07-2018,44.39000
05-07-2018,44.16000
04-07-2018,44.10000
03-07-2018,44.29000
02-07-2018,44.18000
29-06-2018,44.63000
28-06-2018,43.35000
27-06-2018,44.13000
26-06-2018,45.33000
25-06-2018,45.19000
22-06-2018,45.45000
21-06-2018,45.31000
20-06-2018,45.42000
19-06-2018,45.54000
18-06-2018,45.97000
15-06-2018,46.20000
14-06-2018,46.78000
13-06-2018,47.03000
12-06-2018,47.03000
11-06-2018,46.81000
08-06-2018,47.00000
07-06-2018,46.59000
06-06-2018,46.13000
05-06-2018,45.89000
04-06-2018,46.77000
01-06-2018,47.03000
31-05-2018,47.59000
30-05-2018,47.62000
29-05-2018,47.86000
28-05-2018,47.79000
25-05-2018,47.26000
24-05-2018,46.84000
23-05-2018,46.83000
22-05-2018,47.11000
21-05-2018,47.23000
18-05-2018,47.98000
17-05-2018,48.56000
16-05-2018,48.38000
15-05-2018,48.56000
14-05-2018,48.75000
11-05-2018,48.88000
10-05-2018,48.53000
09-05-2018,48.80000
08-05-2018,49.14000
07-05-2018,48.83000
04-05-2018,48.73000
03-05-2018,48.82000
02-05-2018,48.99000
30-04-2018,49.41000
27-04-2018,49.56000
26-04-2018,49.29000
25-04-2018,49.40000
24-04-2018,50.00000
23-04-2018,49.53000
20-04-2018,49.62000
19-04-2018,49.71000
18-04-2018,49.49000
17-04-2018,49.58000
16-04-2018,49.38000
13-04-2018,49.16000
12-04-2018,49.28000
11-04-2018,49.44000
10-04-2018,49.82000
09-04-2018,49.80000
06-04-2018,49.52000
05-04-2018,49.26000
04-04-2018,48.55000
03-04-2018,49.02000
02-04-2018,48.48000
28-03-2018,48.31000
27-03-2018,48.24000
26-03-2018,47.69000
23-03-2018,47.42000
22-03-2018,47.68000
21-03-2018,48.07000
20-03-2018,47.68000
19-03-2018,47.86000
16-03-2018,48.39000
15-03-2018,49.04000
14-03-2018,49.24000
13-03-2018,49.40000
12-03-2018,49.06000
09-03-2018,48.69000
08-03-2018,49.06000
07-03-2018,48.98000
06-03-2018,49.50000
05-03-2018,49.91000
01-03-2018,50.36000
28-02-2018,50.30000
27-02-2018,50.58000
26-02-2018,50.54000
23-02-2018,49.97000
22-02-2018,49.54000
21-02-2018,49.77000
20-02-2018,49.80000
19-02-2018,49.64000
16-02-2018,50.23000
15-02-2018,50.87000
14-02-2018,51.03000
12-02-2018,51.10000
09-02-2018,50.56000
08-02-2018,50.74000
07-02-2018,50.08000
06-02-2018,49.25000
05-02-2018,50.09000
02-02-2018,50.24000
01-02-2018,52.14000
31-01-2018,52.14000
30-01-2018,52.12000
29-01-2018,52.23000
25-01-2018,52.45000
24-01-2018,52.87000
23-01-2018,53.00000
22-01-2018,52.92000
19-01-2018,52.80000
18-01-2018,52.67000
17-01-2018,53.29000
16-01-2018,53.17000
15-01-2018,54.01000
12-01-2018,53.93000
11-01-2018,54.00000
10-01-2018,54.17000
09-01-2018,53.93000
08-01-2018,54.19000
05-01-2018,54.09000
04-01-2018,53.74000
03-01-2018,53.59000
02-01-2018,53.44000
01-01-2018,53.82000
29-12-2017,53.75000
28-12-2017,53.64000
27-12-2017,53.90000
26-12-2017,54.49000
22-12-2017,54.03000
21-12-2017,53.71000
20-12-2017,53.19000
19-12-2017,52.99000
18-12-2017,52.37000
15-12-2017,52.16000
14-12-2017,51.94000
13-12-2017,52.10000
12-12-2017,52.32000
11-12-2017,52.79000
08-12-2017,52.73000
07-12-2017,52.31000
06-12-2017,51.65000
05-12-2017,52.14000
04-12-2017,52.19000
01-12-2017,52.13000
30-11-2017,53.01000
29-11-2017,53.20000
28-11-2017,53.37000
27-11-2017,52.84000
24-11-2017,52.55000
23-11-2017,52.03000
22-11-2017,51.66000
21-11-2017,51.34000
20-11-2017,50.94000
17-11-2017,50.80000
16-11-2017,50.05000
15-11-2017,49.78000
14-11-2017,50.58000
13-11-2017,50.88000
10-11-2017,51.61000
09-11-2017,51.60000
08-11-2017,51.73000
07-11-2017,51.82000
06-11-2017,52.50000
03-11-2017,52.34000
02-11-2017,52.59000
01-11-2017,52.30000
31-10-2017,52.24000
30-10-2017,51.85000
27-10-2017,51.56000
26-10-2017,51.65000
25-10-2017,51.02000
24-10-2017,50.20000
23-10-2017,49.84000
18-10-2017,49.49000
17-10-2017,49.27000
16-10-2017,49.07000
13-10-2017,49.16000
12-10-2017,48.82000
11-10-2017,48.70000
10-10-2017,48.50000
09-10-2017,48.37000
06-10-2017,48.57000
05-10-2017,48.20000
04-10-2017,48.10000
03-10-2017,48.10000
29-09-2017,48.05000
28-09-2017,47.65000
27-09-2017,47.10000
26-09-2017,47.85000
25-09-2017,47.78000
22-09-2017,48.48000
21-09-2017,49.69000
20-09-2017,49.91000
19-09-2017,50.06000
18-09-2017,49.94000
15-09-2017,49.72000
14-09-2017,49.69000
13-09-2017,49.54000
12-09-2017,50.22000
11-09-2017,49.61000
08-09-2017,49.03000
07-09-2017,49.09000
06-09-2017,49.22000
05-09-2017,49.16000
04-09-2017,48.57000
01-09-2017,48.91000
31-08-2017,48.87000
30-08-2017,48.43000
29-08-2017,47.63000
28-08-2017,48.10000
24-08-2017,47.77000
23-08-2017,47.66000
22-08-2017,47.62000
21-08-2017,47.44000
18-08-2017,48.03000
17-08-2017,47.85000
16-08-2017,47.73000
14-08-2017,47.22000
11-08-2017,46.37000
10-08-2017,46.37000
09-08-2017,47.26000
08-08-2017,47.83000
07-08-2017,48.36000
04-08-2017,47.98000
03-08-2017,47.61000
02-08-2017,47.48000
01-08-2017,47.42000
31-07-2017,47.18000
28-07-2017,46.88000
27-07-2017,47.07000
26-07-2017,47.15000
25-07-2017,47.10000
24-07-2017,47.15000
21-07-2017,47.40000
20-07-2017,47.41000
19-07-2017,47.70000
18-07-2017,47.71000
17-07-2017,47.89000
14-07-2017,47.73000
13-07-2017,47.99000
12-07-2017,47.98000
11-07-2017,47.70000
10-07-2017,47.76000
07-07-2017,47.68000
06-07-2017,47.64000
05-07-2017,47.64000
04-07-2017,47.15000
03-07-2017,46.92000
30-06-2017,46.55000
29-06-2017,46.12000
28-06-2017,45.67000
27-06-2017,45.60000
23-06-2017,45.99000
22-06-2017,46.58000
21-06-2017,46.89000
20-06-2017,47.03000
19-06-2017,46.80000
16-06-2017,46.66000
15-06-2017,46.48000
14-06-2017,46.82000
13-06-2017,47.01000
12-06-2017,46.91000
09-06-2017,47.22000
08-06-2017,47.10000
07-06-2017,47.42000
06-06-2017,47.33000
05-06-2017,47.48000
02-06-2017,47.44000
01-06-2017,47.26000
31-05-2017,47.15000
30-05-2017,46.72000
29-05-2017,46.75000
26-05-2017,47.12000
25-05-2017,46.27000
24-05-2017,45.93000
23-05-2017,46.14000
22-05-2017,46.53000
19-05-2017,47.09000
18-05-2017,47.42000
17-05-2017,48.19000
16-05-2017,48.34000
15-05-2017,48.20000
12-05-2017,47.79000
11-05-2017,47.95000
10-05-2017,48.28000
09-05-2017,47.98000
08-05-2017,47.80000
05-05-2017,47.98000
04-05-2017,48.35000
03-05-2017,48.18000
02-05-2017,48.16000
28-04-2017,48.11000
27-04-2017,48.12000
26-04-2017,47.89000
25-04-2017,48.43000
24-04-2017,47.88000
21-04-2017,47.22000
20-04-2017,47.35000
19-04-2017,47.22000
18-04-2017,46.54000
17-04-2017,46.76000
13-04-2017,46.71000
12-04-2017,46.45000
11-04-2017,46.43000
10-04-2017,45.95000
07-04-2017,45.47000
06-04-2017,45.18000
05-04-2017,44.88000
03-04-2017,44.50000
31-03-2017,44.28000
30-03-2017,43.93000
29-03-2017,43.75000
28-03-2017,43.64000
27-03-2017,43.51000
24-03-2017,43.49000
23-03-2017,43.42000
22-03-2017,43.14000
21-03-2017,43.44000
20-03-2017,43.54000
17-03-2017,43.55000
16-03-2017,43.54000
15-03-2017,42.95000
14-03-2017,42.49000
10-03-2017,41.86000
09-03-2017,41.88000
08-03-2017,41.99000
07-03-2017,42.30000
06-03-2017,42.19000
03-03-2017,42.05000
02-03-2017,41.90000
01-03-2017,42.15000
28-02-2017,42.10000
27-02-2017,42.22000
23-02-2017,42.32000
22-02-2017,42.40000
21-02-2017,42.54000
20-02-2017,42.46000
17-02-2017,42.08000
16-02-2017,41.74000
15-02-2017,41.47000
14-02-2017,42.05000
13-02-2017,42.53000
10-02-2017,42.60000
09-02-2017,42.68000
08-02-2017,42.44000
07-02-2017,42.13000
06-02-2017,42.30000
03-02-2017,41.87000
02-02-2017,41.75000
01-02-2017,41.64000
31-01-2017,41.05000
30-01-2017,41.55000
27-01-2017,41.61000
25-01-2017,41.40000
24-01-2017,40.86000
23-01-2017,40.31000
20-01-2017,39.92000
19-01-2017,40.26000
18-01-2017,40.11000
17-01-2017,39.98000
16-01-2017,39.98000
13-01-2017,39.87000
12-01-2017,40.12000
11-01-2017,39.78000
10-01-2017,39.44000
09-01-2017,39.18000
06-01-2017,39.31000
05-01-2017,39.68000
04-01-2017,39.33000
03-01-2017,39.50000
02-01-2017,38.82000
30-12-2016,38.33000
29-12-2016,38.11000
28-12-2016,37.61000
27-12-2016,37.54000
26-12-2016,36.99000
23-12-2016,37.39000
22-12-2016,37.30000
21-12-2016,37.73000
20-12-2016,37.62000
19-12-2016,38.00000
16-12-2016,38.01000
15-12-2016,38.19000
14-12-2016,38.15000
13-12-2016,38.52000
12-12-2016,38.48000
09-12-2016,38.85000
08-12-2016,38.87000
07-12-2016,38.54000
06-12-2016,38.28000
05-12-2016,38.18000
02-12-2016,38.19000
01-12-2016,38.61000
30-11-2016,39.23000
29-11-2016,38.71000
28-11-2016,38.62000
25-11-2016,38.34000
24-11-2016,38.16000
23-11-2016,38.01000
22-11-2016,37.92000
21-11-2016,37.52000
18-11-2016,38.75000
17-11-2016,38.44000
16-11-2016,38.53000
15-11-2016,38.51000
11-11-2016,39.88000
10-11-2016,41.06000
09-11-2016,40.28000
08-11-2016,40.68000
07-11-2016,40.40000
04-11-2016,40.02000
03-11-2016,40.37000
02-11-2016,40.79000
01-11-2016,41.54000
28-10-2016,41.39000
27-10-2016,40.96000
26-10-2016,41.23000
25-10-2016,41.54000
24-10-2016,41.49000
21-10-2016,41.38000
20-10-2016,41.44000
19-10-2016,41.49000
18-10-2016,41.43000
17-10-2016,41.18000
14-10-2016,41.58000
13-10-2016,41.36000
10-10-2016,42.04000
07-10-2016,42.13000
06-10-2016,42.50000
05-10-2016,42.29000
04-10-2016,41.94000
03-10-2016,41.84000
30-09-2016,41.08000
29-09-2016,40.64000
28-09-2016,41.65000
27-09-2016,41.25000
26-09-2016,41.29000
23-09-2016,41.37000
22-09-2016,41.43000
21-09-2016,40.96000
20-09-2016,40.97000
19-09-2016,41.13000
16-09-2016,40.97000
15-09-2016,40.86000
14-09-2016,40.95000
12-09-2016,40.69000
09-09-2016,41.75000
08-09-2016,42.06000
07-09-2016,41.70000
06-09-2016,41.81000
02-09-2016,41.42000
01-09-2016,41.31000
31-08-2016,41.42000
30-08-2016,40.81000
29-08-2016,40.43000
26-08-2016,40.46000
25-08-2016,40.45000
24-08-2016,40.31000
23-08-2016,40.03000
22-08-2016,40.26000
19-08-2016,40.35000
18-08-2016,40.31000
17-08-2016,39.63000
16-08-2016,39.58000
12-08-2016,39.52000
11-08-2016,39.49000
10-08-2016,39.78000
09-08-2016,40.37000
08-08-2016,40.66000
05-08-2016,40.41000
04-08-2016,39.68000
03-08-2016,39.62000
02-08-2016,40.05000
01-08-2016,40.26000
29-07-2016,40.33000
28-07-2016,40.18000
27-07-2016,39.88000
26-07-2016,39.66000
25-07-2016,39.95000
22-07-2016,39.67000
21-07-2016,39.34000
20-07-2016,39.44000
19-07-2016,38.98000
18-07-2016,38.64000
15-07-2016,38.95000
14-07-2016,38.97000
13-07-2016,38.60000
12-07-2016,38.87000
11-07-2016,38.73000
08-07-2016,38.47000
07-07-2016,38.60000
05-07-2016,38.60000
04-07-2016,38.70000
01-07-2016,38.55000
30-06-2016,38.10000
29-06-2016,37.61000
28-06-2016,37.02000
27-06-2016,36.70000
24-06-2016,36.26000
23-06-2016,36.80000
22-06-2016,36.69000
21-06-2016,36.71000
20-06-2016,36.66000
17-06-2016,36.65000
16-06-2016,36.49000
15-06-2016,36.80000
14-06-2016,36.43000
13-06-2016,36.55000
10-06-2016,36.72000
09-06-2016,36.81000
08-06-2016,36.82000
07-06-2016,36.44000
06-06-2016,36.28000
03-06-2016,36.39000
02-06-2016,36.45000
01-06-2016,36.31000
31-05-2016,36.27000
30-05-2016,36.33000
27-05-2016,36.21000
26-05-2016,35.79000
25-05-2016,35.55000
24-05-2016,35.12000
23-05-2016,35.22000
20-05-2016,35.18000
19-05-2016,35.43000
18-05-2016,35.67000
17-05-2016,35.79000
16-05-2016,35.55000
13-05-2016,35.48000
12-05-2016,35.60000
11-05-2016,35.37000
10-05-2016,35.24000
09-05-2016,35.18000
06-05-2016,34.87000
05-05-2016,35.02000
04-05-2016,35.17000
03-05-2016,35.44000
02-05-2016,35.37000
29-04-2016,35.35000
28-04-2016,35.33000
27-04-2016,35.93000
26-04-2016,36.08000
25-04-2016,35.90000
22-04-2016,36.12000
21-04-2016,36.17000
20-04-2016,36.43000
18-04-2016,36.24000
13-04-2016,35.72000
12-04-2016,35.45000
11-04-2016,35.25000
08-04-2016,35.00000
07-04-2016,34.73000
06-04-2016,34.75000
05-04-2016,34.82000
04-04-2016,35.28000
01-04-2016,35.18000
31-03-2016,35.21000
30-03-2016,35.15000
29-03-2016,34.53000
28-03-2016,34.72000
23-03-2016,34.88000
22-03-2016,34.91000
21-03-2016,34.67000
18-03-2016,33.80000
17-03-2016,33.77000
16-03-2016,33.42000
15-03-2016,33.44000
14-03-2016,33.57000
11-03-2016,33.46000
10-03-2016,33.45000
09-03-2016,33.58000
08-03-2016,33.60000
04-03-2016,33.53000
03-03-2016,33.27000
02-03-2016,33.02000
01-03-2016,32.58000
29-02-2016,31.38000
26-02-2016,31.58000
25-02-2016,31.76000
24-02-2016,32.35000
23-02-2016,32.52000
22-02-2016,33.13000
19-02-2016,32.82000
18-02-2016,32.97000
17-02-2016,32.92000
16-02-2016,32.77000
15-02-2016,33.52000
12-02-2016,32.57000
11-02-2016,33.01000
10-02-2016,34.20000
09-02-2016,34.53000
08-02-2016,34.77000
05-02-2016,34.94000
04-02-2016,34.64000
03-02-2016,34.52000
02-02-2016,35.21000
01-02-2016,35.71000
29-01-2016,35.66000
28-01-2016,35.07000
27-01-2016,35.06000
25-01-2016,34.99000
22-01-2016,34.68000
21-01-2016,34.07000
20-01-2016,34.01000
19-01-2016,34.63000
18-01-2016,34.26000
15-01-2016,35.44000
14-01-2016,35.92000
13-01-2016,36.28000
12-01-2016,36.43000
11-01-2016,36.78000
08-01-2016,37.00000
07-01-2016,36.57000
06-01-2016,37.37000
05-01-2016,37.32000
04-01-2016,37.34000
01-01-2016,37.90000
31-12-2015,37.53000
30-12-2015,37.40000
29-12-2015,37.53000
28-12-2015,37.71000
24-12-2015,37.61000
23-12-2015,37.61000
22-12-2015,37.37000
21-12-2015,37.56000
18-12-2015,37.21000
17-12-2015,37.25000
16-12-2015,37.05000
15-12-2015,36.82000
14-12-2015,36.78000
11-12-2015,36.74000
10-12-2015,36.69000
09-12-2015,36.41000
08-12-2015,37.07000
07-12-2015,37.47000
04-12-2015,37.49000
03-12-2015,37.78000
02-12-2015,38.01000
01-12-2015,38.05000
30-11-2015,37.77000
27-11-2015,37.53000
26-11-2015,37.26000
24-11-2015,37.02000
23-11-2015,36.88000
20-11-2015,36.84000
19-11-2015,36.71000
18-11-2015,36.27000
17-11-2015,36.38000
16-11-2015,36.01000
13-11-2015,36.02000
10-11-2015,35.76000
09-11-2015,36.33000
06-11-2015,36.35000
05-11-2015,36.42000
04-11-2015,36.59000
03-11-2015,36.59000
02-11-2015,36.44000
30-10-2015,36.55000
29-10-2015,36.67000
28-10-2015,36.93000
27-10-2015,36.98000
26-10-2015,37.06000
23-10-2015,37.20000
21-10-2015,37.47000
20-10-2015,37.42000
19-10-2015,37.47000
16-10-2015,37.43000
15-10-2015,37.40000
14-10-2015,37.07000
13-10-2015,37.02000
12-10-2015,36.91000
09-10-2015,36.92000
08-10-2015,36.75000
07-10-2015,36.64000
06-10-2015,36.61000
05-10-2015,36.52000
01-10-2015,36.08000
30-09-2015,36.00000
29-09-2015,35.40000
28-09-2015,35.31000
24-09-2015,35.57000
23-09-2015,35.64000
22-09-2015,35.52000
21-09-2015,35.92000
18-09-2015,35.89000
16-09-2015,35.48000
15-09-2015,35.62000
14-09-2015,35.85000
11-09-2015,35.56000
10-09-2015,35.54000
09-09-2015,35.68000
08-09-2015,34.99000
07-09-2015,34.64000
04-09-2015,35.24000
03-09-2015,36.00000
02-09-2015,35.58000
01-09-2015,35.75000
31-08-2015,36.39000
28-08-2015,36.63000
27-08-2015,36.43000
26-08-2015,35.48000
25-08-2015,35.67000
24-08-2015,35.54000
21-08-2015,37.83000
20-08-2015,38.35000
19-08-2015,38.90000
18-08-2015,38.71000
17-08-2015,38.36000
14-08-2015,38.52000
13-08-2015,37.84000
12-08-2015,38.04000
11-08-2015,39.12000
10-08-2015,39.43000
07-08-2015,39.52000
06-08-2015,39.48000
05-08-2015,39.41000
04-08-2015,39.34000
03-08-2015,39.23000
31-07-2015,39.32000
30-07-2015,39.26000
29-07-2015,38.98000
28-07-2015,38.73000
27-07-2015,38.74000
24-07-2015,39.26000
23-07-2015,39.53000
22-07-2015,39.60000
21-07-2015,39.18000
20-07-2015,39.89000
17-07-2015,39.59000
16-07-2015,39.57000
15-07-2015,39.07000
14-07-2015,38.81000
13-07-2015,38.62000
10-07-2015,38.35000
09-07-2015,38.18000
08-07-2015,38.22000
07-07-2015,38.81000
06-07-2015,38.73000
03-07-2015,38.48000
02-07-2015,38.37000
01-07-2015,38.21000
30-06-2015,37.53000
29-06-2015,37.14000
26-06-2015,37.42000
25-06-2015,37.49000
24-06-2015,37.26000
23-06-2015,37.54000
22-06-2015,37.24000
19-06-2015,36.70000
18-06-2015,36.51000
17-06-2015,36.13000
16-06-2015,35.95000
15-06-2015,35.89000
12-06-2015,36.05000
11-06-2015,35.92000
10-06-2015,36.54000
09-06-2015,36.41000
08-06-2015,36.46000
05-06-2015,36.71000
04-06-2015,36.72000
03-06-2015,36.49000
02-06-2015,37.17000
01-06-2015,37.85000
29-05-2015,37.94000
28-05-2015,37.09000
27-05-2015,37.24000
26-05-2015,37.31000
25-05-2015,37.54000
22-05-2015,37.70000
21-05-2015,37.53000
20-05-2015,37.66000
19-05-2015,37.41000
18-05-2015,37.33000
15-05-2015,37.03000
14-05-2015,36.60000
13-05-2015,36.36000
12-05-2015,35.82000
11-05-2015,36.63000
08-05-2015,35.93000
07-05-2015,35.14000
06-05-2015,35.93000
05-05-2015,36.93000
04-05-2015,36.85000
30-04-2015,36.22000
29-04-2015,36.35000
28-04-2015,36.41000
27-04-2015,36.01000
24-04-2015,36.84000
23-04-2015,37.76000
22-04-2015,37.93000
21-04-2015,37.91000
20-04-2015,38.04000
17-04-2015,38.78000
16-04-2015,39.23000
15-04-2015,39.63000
13-04-2015,39.76000
10-04-2015,39.66000
09-04-2015,39.63000
08-04-2015,39.46000
07-04-2015,39.27000
06-04-2015,39.26000
01-04-2015,38.89000
31-03-2015,38.39000
30-03-2015,38.23000
27-03-2015,37.48000
26-03-2015,37.36000
25-03-2015,37.87000
24-03-2015,38.12000
23-03-2015,38.37000
20-03-2015,38.55000
19-03-2015,38.74000
18-03-2015,39.15000
17-03-2015,39.20000
16-03-2015,38.74000
13-03-2015,38.76000
12-03-2015,39.15000
11-03-2015,38.80000
10-03-2015,38.97000
09-03-2015,39.23000
05-03-2015,39.74000
04-03-2015,39.54000
03-03-2015,40.13000
02-03-2015,40.10000
27-02-2015,38.82000
26-02-2015,37.56000
25-02-2015,38.03000
24-02-2015,37.98000
23-02-2015,38.36000
20-02-2015,38.52000
19-02-2015,38.54000
18-02-2015,38.31000
16-02-2015,37.95000
13-02-2015,38.02000
12-02-2015,37.88000
11-02-2015,37.39000
10-02-2015,37.06000
09-02-2015,36.80000
06-02-2015,37.29000
05-02-2015,37.82000
04-02-2015,38.06000
03-02-2015,38.31000
02-02-2015,38.34000
30-01-2015,38.39000
29-01-2015,38.69000
28-01-2015,38.64000
27-01-2015,38.46000
23-01-2015,38.20000
22-01-2015,38.14000
21-01-2015,37.69000
20-01-2015,37.66000
19-01-2015,37.32000
16-01-2015,37.21000
15-01-2015,37.08000
14-01-2015,36.19000
13-01-2015,36.11000
12-01-2015,35.94000
09-01-2015,35.83000
08-01-2015,35.76000
07-01-2015,35.05000
06-01-2015,35.08000
05-01-2015,36.02000
02-01-2015,35.74000
01-01-2015,35.25000
31-12-2014,35.16000
30-12-2014,34.85000
29-12-2014,34.71000
26-12-2014,34.53000
24-12-2014,34.57000
23-12-2014,34.61000
22-12-2014,34.51000
19-12-2014,34.24000
18-12-2014,33.96000
17-12-2014,33.38000
16-12-2014,33.46000
15-12-2014,34.16000
12-12-2014,33.92000
11-12-2014,34.14000
10-12-2014,34.41000
09-12-2014,34.29000
08-12-2014,34.60000
05-12-2014,34.92000
04-12-2014,35.19000
03-12-2014,35.10000
02-12-2014,34.75000
01-12-2014,34.70000
28-11-2014,35.05000
27-11-2014,34.83000
26-11-2014,34.73000
25-11-2014,34.53000
24-11-2014,34.90000
21-11-2014,34.86000
20-11-2014,34.59000
19-11-2014,34.56000
18-11-2014,34.78000
17-11-2014,34.64000
14-11-2014,34.54000
13-11-2014,34.32000
12-11-2014,34.56000
11-11-2014,34.55000
10-11-2014,34.26000
07-11-2014,34.13000
05-11-2014,34.05000
03-11-2014,34.17000
31-10-2014,34.09000
30-10-2014,33.30000
29-10-2014,33.11000
28-10-2014,32.88000
27-10-2014,32.73000
22-10-2014,32.51000
21-10-2014,32.15000
20-10-2014,32.03000
17-10-2014,31.59000
16-10-2014,31.41000
14-10-2014,32.16000
13-10-2014,32.36000
10-10-2014,32.23000
09-10-2014,32.90000
08-10-2014,32.35000
07-10-2014,32.30000
01-10-2014,32.79000
30-09-2014,32.91000
29-09-2014,32.85000
26-09-2014,32.61000
25-09-2014,32.08000
24-09-2014,32.84000
23-09-2014,32.96000
22-09-2014,33.46000
19-09-2014,33.28000
18-09-2014,33.41000
17-09-2014,32.67000
16-09-2014,32.57000
15-09-2014,33.35000
12-09-2014,33.41000
11-09-2014,33.38000
10-09-2014,33.11000
09-09-2014,33.31000
08-09-2014,33.12000
05-09-2014,32.77000
04-09-2014,32.78000
03-09-2014,32.88000
02-09-2014,32.78000
01-09-2014,32.34000
28-08-2014,31.93000
27-08-2014,31.76000
26-08-2014,31.73000
25-08-2014,31.97000
22-08-2014,32.20000
21-08-2014,32.24000
20-08-2014,32.16000
19-08-2014,32.25000
18-08-2014,31.83000
14-08-2014,31.27000
13-08-2014,30.97000
12-08-2014,31.06000
11-08-2014,30.72000
08-08-2014,30.43000
07-08-2014,30.99000
06-08-2014,30.92000
05-08-2014,31.03000
04-08-2014,30.75000
01-08-2014,30.46000
31-07-2014,30.70000
30-07-2014,30.80000
28-07-2014,30.67000
25-07-2014,31.06000
24-07-2014,31.28000
23-07-2014,31.36000
22-07-2014,31.54000
21-07-2014,31.49000
18-07-2014,31.49000
17-07-2014,31.37000
16-07-2014,30.94000
15-07-2014,30.50000
14-07-2014,30.01000
11-07-2014,29.95000
10-07-2014,30.80000
09-07-2014,30.50000
08-07-2014,30.91000
07-07-2014,32.21000
04-07-2014,32.04000
03-07-2014,31.71000
02-07-2014,31.84000
01-07-2014,31.38000
30-06-2014,31.08000
27-06-2014,30.50000
26-06-2014,30.57000
25-06-2014,30.90000
24-06-2014,30.95000
23-06-2014,30.67000
20-06-2014,30.55000
19-06-2014,30.83000
18-06-2014,31.16000
17-06-2014,31.26000
16-06-2014,30.74000
13-06-2014,30.81000
12-06-2014,31.40000
11-06-2014,31.18000
10-06-2014,31.46000
09-06-2014,31.72000
06-06-2014,31.06000
05-06-2014,30.64000
04-06-2014,30.20000
03-06-2014,30.02000
02-06-2014,29.57000
30-05-2014,28.83000
29-05-2014,28.56000
28-05-2014,28.72000
27-05-2014,28.58000
26-05-2014,29.04000
23-05-2014,29.35000
22-05-2014,28.83000
21-05-2014,28.29000
20-05-2014,28.53000
19-05-2014,28.43000
16-05-2014,26.83000
15-05-2014,25.88000
14-05-2014,25.70000
13-05-2014,25.52000
12-05-2014,24.89000
09-05-2014,24.36000
08-05-2014,23.70000
07-05-2014,23.49000
06-05-2014,23.57000
05-05-2014,23.54000
02-05-2014,23.53000
30-04-2014,23.60000
29-04-2014,23.78000
28-04-2014,23.89000
25-04-2014,23.98000
23-04-2014,24.10000
22-04-2014,24.10000
21-04-2014,23.99000
17-04-2014,23.75000
16-04-2014,23.35000
15-04-2014,23.71000
11-04-2014,23.91000
10-04-2014,24.03000
09-04-2014,23.84000
07-04-2014,23.27000
04-04-2014,23.18000
03-04-2014,23.31000
02-04-2014,23.23000
01-04-2014,23.10000
31-03-2014,23.13000
28-03-2014,23.07000
27-03-2014,22.57000
26-03-2014,22.32000
25-03-2014,22.24000
24-03-2014,22.07000
21-03-2014,21.74000
20-03-2014,21.75000
19-03-2014,21.89000
18-03-2014,21.79000
14-03-2014,21.68000
13-03-2014,21.71000
12-03-2014,21.58000
11-03-2014,21.72000
10-03-2014,21.73000
07-03-2014,21.58000
06-03-2014,21.21000
05-03-2014,20.77000
04-03-2014,20.46000
03-03-2014,20.13000
28-02-2014,20.19000
26-02-2014,20.13000
25-02-2014,20.08000
24-02-2014,20.01000
21-02-2014,19.90000
20-02-2014,19.60000
19-02-2014,19.77000
18-02-2014,19.73000
17-02-2014,19.60000
14-02-2014,19.55000
13-02-2014,19.53000
12-02-2014,19.80000
11-02-2014,19.74000
10-02-2014,19.75000
07-02-2014,19.80000
06-02-2014,19.69000
05-02-2014,19.66000
04-02-2014,19.59000
03-02-2014,19.61000
31-01-2014,19.75000
30-01-2014,19.60000
29-01-2014,19.81000
28-01-2014,19.77000
27-01-2014,19.80000
24-01-2014,20.21000
23-01-2014,20.42000
22-01-2014,20.37000
21-01-2014,20.31000
20-01-2014,20.31000
17-01-2014,20.24000
16-01-2014,20.32000
15-01-2014,20.31000
14-01-2014,20.12000
13-01-2014,20.18000
10-01-2014,20.02000
09-01-2014,20.18000
08-01-2014,20.26000
07-01-2014,20.21000
06-01-2014,20.38000
03-01-2014,20.34000
02-01-2014,20.41000
01-01-2014,20.87000
31-12-2013,20.70000
30-12-2013,20.53000
27-12-2013,20.57000
26-12-2013,20.50000
24-12-2013,20.49000
23-12-2013,20.47000
20-12-2013,20.28000
19-12-2013,20.00000
18-12-2013,20.22000
17-12-2013,19.92000
16-12-2013,20.00000
13-12-2013,20.11000
12-12-2013,20.44000
11-12-2013,20.61000
10-12-2013,20.70000
09-12-2013,21.09000
06-12-2013,20.72000
05-12-2013,20.64000
04-12-2013,20.40000
03-12-2013,20.51000
02-12-2013,20.49000
29-11-2013,20.38000
28-11-2013,20.09000
27-11-2013,19.84000
26-11-2013,19.73000
25-11-2013,19.85000
22-11-2013,19.59000
21-11-2013,19.51000
20-11-2013,19.85000
19-11-2013,19.99000
18-11-2013,19.94000
14-11-2013,19.70000
13-11-2013,19.51000
12-11-2013,19.63000
11-11-2013,19.79000
08-11-2013,20.05000
07-11-2013,20.29000
06-11-2013,20.49000
05-11-2013,20.35000
01-11-2013,20.27000
31-10-2013,20.14000
30-10-2013,20.00000
29-10-2013,19.96000
28-10-2013,19.63000
25-10-2013,19.73000
24-10-2013,19.86000
23-10-2013,19.87000
22-10-2013,19.96000
21-10-2013,19.93000
18-10-2013,19.81000
17-10-2013,19.50000
15-10-2013,19.60000
14-10-2013,19.75000
11-10-2013,19.67000
10-10-2013,19.65000
09-10-2013,19.52000
08-10-2013,19.32000
07-10-2013,19.27000
04-10-2013,19.21000
03-10-2013,19.15000
01-10-2013,18.79000
30-09-2013,18.77000
27-09-2013,19.04000
26-09-2013,19.04000
25-09-2013,19.02000
24-09-2013,18.97000
23-09-2013,18.92000
20-09-2013,19.35000
19-09-2013,19.45000
18-09-2013,18.90000
17-09-2013,18.77000
16-09-2013,18.77000
13-09-2013,18.79000
12-09-2013,18.73000
11-09-2013,18.83000
10-09-2013,18.62000
06-09-2013,18.09000
05-09-2013,17.71000
04-09-2013,17.26000
03-09-2013,17.03000
02-09-2013,17.52000
30-08-2013,17.32000
29-08-2013,17.17000
28-08-2013,16.86000
27-08-2013,17.27000
26-08-2013,17.86000
23-08-2013,17.81000
22-08-2013,17.76000
21-08-2013,17.65000
20-08-2013,17.82000
19-08-2013,17.86000
16-08-2013,18.24000
14-08-2013,18.79000
13-08-2013,18.69000
12-08-2013,18.38000
08-08-2013,18.08000
07-08-2013,17.79000
06-08-2013,17.61000
05-08-2013,18.24000
02-08-2013,18.33000
01-08-2013,18.75000
31-07-2013,18.88000
30-07-2013,19.11000
29-07-2013,19.49000
26-07-2013,19.73000
25-07-2013,19.85000
24-07-2013,20.06000
23-07-2013,20.40000
22-07-2013,20.40000
19-07-2013,20.54000
18-07-2013,20.61000
17-07-2013,20.54000
16-07-2013,20.59000
15-07-2013,20.84000
12-07-2013,20.76000
11-07-2013,20.36000
10-07-2013,20.09000
09-07-2013,20.18000
08-07-2013,20.07000
05-07-2013,20.41000
04-07-2013,20.33000
03-07-2013,20.23000
02-07-2013,20.62000
01-07-2013,20.72000
28-06-2013,20.46000
27-06-2013,20.02000
26-06-2013,19.86000
25-06-2013,19.88000
24-06-2013,19.91000
21-06-2013,20.21000
20-06-2013,20.26000
19-06-2013,20.64000
18-06-2013,20.64000
17-06-2013,20.76000
14-06-2013,20.70000
13-06-2013,20.31000
12-06-2013,20.60000
11-06-2013,20.60000
10-06-2013,20.95000
07-06-2013,20.99000
06-06-2013,21.18000
05-06-2013,21.33000
04-06-2013,21.37000
03-06-2013,21.55000
31-05-2013,21.74000
30-05-2013,22.17000
29-05-2013,22.12000
28-05-2013,22.12000
27-05-2013,22.07000
24-05-2013,21.75000
23-05-2013,21.69000
22-05-2013,22.14000
21-05-2013,22.29000
20-05-2013,22.54000
17-05-2013,22.70000
16-05-2013,22.50000
15-05-2013,22.34000
14-05-2013,21.98000
13-05-2013,21.80000
10-05-2013,22.08000
09-05-2013,22.09000
08-05-2013,22.17000
07-05-2013,22.11000
06-05-2013,21.97000
03-05-2013,21.93000
02-05-2013,21.96000
30-04-2013,21.72000
29-04-2013,21.74000
26-04-2013,21.72000
25-04-2013,21.70000
23-04-2013,21.41000
22-04-2013,21.44000
18-04-2013,21.28000
17-04-2013,21.05000
16-04-2013,21.09000
15-04-2013,20.74000
12-04-2013,20.62000
11-04-2013,20.51000
10-04-2013,20.64000
09-04-2013,20.54000
08-04-2013,20.65000
05-04-2013,20.66000
04-04-2013,20.73000
03-04-2013,21.08000
02-04-2013,21.20000
01-04-2013,21.05000
28-03-2013,20.95000
26-03-2013,20.79000
25-03-2013,20.71000
22-03-2013,20.70000
21-03-2013,20.69000
20-03-2013,20.80000
19-03-2013,21.20000
18-03-2013,21.51000
15-03-2013,21.62000
14-03-2013,21.72000
13-03-2013,21.63000
12-03-2013,21.81000
11-03-2013,21.92000
08-03-2013,21.88000
07-03-2013,21.56000
06-03-2013,21.50000
05-03-2013,21.27000
04-03-2013,21.08000
01-03-2013,21.28000
28-02-2013,21.09000
27-02-2013,21.50000
26-02-2013,21.38000
25-02-2013,21.71000
22-02-2013,21.76000
21-02-2013,21.78000
20-02-2013,22.00000
19-02-2013,22.01000
18-02-2013,21.89000
15-02-2013,21.75000
14-02-2013,21.74000
13-02-2013,22.08000
12-02-2013,22.00000
11-02-2013,21.97000
08-02-2013,21.95000
07-02-2013,22.11000
06-02-2013,22.12000
05-02-2013,22.12000
04-02-2013,22.17000
01-02-2013,22.16000
31-01-2013,22.27000
30-01-2013,22.25000
29-01-2013,22.33000
28-01-2013,22.39000
25-01-2013,22.44000
24-01-2013,22.37000
23-01-2013,22.66000
22-01-2013,22.78000
21-01-2013,22.85000
18-01-2013,22.83000
17-01-2013,22.70000
16-01-2013,22.68000
15-01-2013,22.79000
14-01-2013,22.78000
11-01-2013,22.71000
10-01-2013,22.97000
09-01-2013,23.13000
08-01-2013,23.27000
07-01-2013,23.31000
04-01-2013,23.30000
03-01-2013,23.13000
02-01-2013,23.04000
01-01-2013,22.88000
31-12-2012,22.78000
28-12-2012,22.68000
27-12-2012,22.47000
26-12-2012,22.57000
24-12-2012,22.39000
21-12-2012,22.47000
20-12-2012,22.72000
19-12-2012,22.81000
18-12-2012,22.74000
17-12-2012,22.62000
14-12-2012,22.68000
13-12-2012,22.58000
12-12-2012,22.66000
11-12-2012,22.69000
10-12-2012,22.80000
07-12-2012,22.81000
06-12-2012,22.84000
05-12-2012,22.78000
04-12-2012,22.76000
03-12-2012,22.70000
30-11-2012,22.62000
29-11-2012,22.47000
27-11-2012,22.22000
26-11-2012,22.09000
23-11-2012,22.07000
22-11-2012,22.09000
21-11-2012,22.06000
20-11-2012,22.02000
19-11-2012,22.01000
16-11-2012,22.15000
15-11-2012,22.34000
12-11-2012,22.45000
09-11-2012,22.43000
08-11-2012,22.60000
07-11-2012,22.64000
06-11-2012,22.52000
05-11-2012,22.43000
02-11-2012,22.52000
01-11-2012,22.41000
31-10-2012,22.32000
30-10-2012,22.37000
29-10-2012,22.62000
26-10-2012,22.68000
25-10-2012,22.81000
23-10-2012,22.72000
22-10-2012,22.81000
19-10-2012,22.72000
18-10-2012,22.89000
17-10-2012,22.77000
16-10-2012,22.74000
15-10-2012,22.80000
12-10-2012,22.79000
11-10-2012,22.84000
10-10-2012,22.65000
09-10-2012,22.84000
08-10-2012,22.74000
05-10-2012,22.89000
04-10-2012,22.99000
03-10-2012,22.81000
01-10-2012,22.68000
28-09-2012,22.54000
27-09-2012,22.28000
26-09-2012,22.25000
25-09-2012,22.21000
24-09-2012,22.25000
21-09-2012,22.22000
20-09-2012,21.78000
18-09-2012,21.88000
17-09-2012,21.77000
14-09-2012,21.63000
13-09-2012,21.33000
12-09-2012,21.33000
11-09-2012,21.26000
10-09-2012,21.24000
07-09-2012,21.19000
06-09-2012,20.94000
05-09-2012,20.93000
04-09-2012,21.07000
03-09-2012,21.02000
31-08-2012,21.11000
30-08-2012,21.31000
29-08-2012,21.19000
28-08-2012,21.40000
27-08-2012,21.47000
24-08-2012,21.50000
23-08-2012,21.61000
22-08-2012,21.62000
21-08-2012,21.65000
17-08-2012,21.53000
16-08-2012,21.57000
14-08-2012,21.55000
13-08-2012,21.47000
10-08-2012,21.33000
09-08-2012,21.25000
08-08-2012,21.28000
07-08-2012,21.26000
06-08-2012,21.21000
03-08-2012,21.06000
02-08-2012,21.15000
01-08-2012,21.11000
31-07-2012,21.04000
30-07-2012,20.92000
27-07-2012,20.69000
26-07-2012,20.68000
25-07-2012,20.84000
24-07-2012,20.97000
23-07-2012,20.92000
20-07-2012,21.18000
19-07-2012,21.30000
18-07-2012,21.13000
17-07-2012,21.13000
16-07-2012,21.21000
13-07-2012,21.25000
12-07-2012,21.31000
11-07-2012,21.36000
10-07-2012,21.46000
09-07-2012,21.35000
06-07-2012,21.58000
05-07-2012,21.72000
04-07-2012,21.55000
03-07-2012,21.47000
02-07-2012,21.35000
29-06-2012,21.18000
28-06-2012,20.85000
27-06-2012,20.76000
26-06-2012,20.64000
25-06-2012,20.55000
22-06-2012,20.65000
21-06-2012,20.68000
20-06-2012,20.50000
19-06-2012,20.32000
18-06-2012,20.12000
15-06-2012,20.26000
14-06-2012,20.07000
13-06-2012,20.25000
12-06-2012,20.16000
11-06-2012,20.05000
08-06-2012,20.09000
07-06-2012,20.05000
06-06-2012,19.93000
05-06-2012,19.53000
04-06-2012,19.55000
01-06-2012,19.55000
31-05-2012,19.68000
30-05-2012,19.58000
29-05-2012,19.70000
28-05-2012,19.74000
25-05-2012,19.57000
24-05-2012,19.51000
23-05-2012,19.35000
22-05-2012,19.43000
21-05-2012,19.64000
18-05-2012,19.53000
17-05-2012,19.62000
16-05-2012,19.57000
15-05-2012,19.72000
14-05-2012,19.63000
11-05-2012,19.73000
10-05-2012,19.87000
09-05-2012,19.84000
08-05-2012,20.06000
07-05-2012,20.31000
04-05-2012,20.15000
03-05-2012,20.50000
02-05-2012,20.70000
30-04-2012,20.85000
27-04-2012,20.69000
26-04-2012,20.82000
25-04-2012,20.90000
24-04-2012,21.00000
23-04-2012,21.12000
20-04-2012,21.41000
19-04-2012,21.67000
18-04-2012,21.70000
17-04-2012,21.62000
16-04-2012,21.34000
13-04-2012,21.34000
12-04-2012,21.39000
11-04-2012,21.22000
10-04-2012,21.53000
09-04-2012,21.72000
04-04-2012,22.13000
03-04-2012,22.20000
02-04-2012,21.96000
30-03-2012,21.91000
29-03-2012,21.38000
28-03-2012,21.43000
27-03-2012,21.56000
26-03-2012,21.47000
23-03-2012,21.84000
22-03-2012,21.65000
21-03-2012,22.12000
20-03-2012,21.78000
19-03-2012,21.63000
16-03-2012,21.82000
15-03-2012,22.06000
14-03-2012,22.37000
13-03-2012,22.35000
12-03-2012,21.99000
09-03-2012,21.83000
07-03-2012,21.38000
06-03-2012,21.50000
05-03-2012,21.68000
02-03-2012,22.00000
01-03-2012,22.04000
29-02-2012,22.12000
28-02-2012,21.91000
27-02-2012,21.34000
24-02-2012,21.88000
23-02-2012,22.10000
22-02-2012,22.23000
21-02-2012,22.79000
17-02-2012,22.64000
16-02-2012,22.55000
15-02-2012,22.44000
14-02-2012,22.06000
13-02-2012,21.92000
10-02-2012,21.91000
09-02-2012,22.10000
08-02-2012,21.92000
07-02-2012,21.71000
06-02-2012,21.90000
03-02-2012,21.54000
02-02-2012,21.11000
01-02-2012,20.83000
31-01-2012,20.62000
30-01-2012,20.30000
27-01-2012,20.76000
25-01-2012,20.59000
24-01-2012,20.47000
23-01-2012,20.28000
20-01-2012,20.29000
19-01-2012,20.19000
18-01-2012,19.92000
17-01-2012,20.01000
16-01-2012,19.61000
13-01-2012,19.61000
12-01-2012,19.33000
11-01-2012,19.28000
10-01-2012,19.20000
09-01-2012,18.92000
06-01-2012,18.80000
05-01-2012,18.91000
04-01-2012,18.88000
03-01-2012,18.93000
02-01-2012,18.55000
30-12-2011,18.54000
29-12-2011,18.54000
28-12-2011,18.70000
27-12-2011,18.80000
26-12-2011,18.90000
23-12-2011,18.74000
22-12-2011,18.75000
21-12-2011,18.55000
20-12-2011,18.24000
19-12-2011,18.61000
16-12-2011,18.82000
15-12-2011,19.09000
14-12-2011,19.09000
13-12-2011,19.34000
12-12-2011,19.26000
09-12-2011,19.75000
08-12-2011,20.01000
07-12-2011,20.41000
05-12-2011,20.41000
02-12-2011,20.35000
01-12-2011,19.91000
30-11-2011,19.84000
29-11-2011,19.82000
28-11-2011,20.08000
25-11-2011,19.57000
24-11-2011,19.56000
23-11-2011,19.35000
22-11-2011,19.78000
21-11-2011,19.72000
18-11-2011,20.11000
17-11-2011,20.22000
16-11-2011,20.64000
15-11-2011,20.93000
14-11-2011,21.30000
11-11-2011,21.42000
09-11-2011,21.47000
08-11-2011,21.73000
04-11-2011,21.73000
03-11-2011,21.66000
02-11-2011,21.47000
01-11-2011,21.51000
31-10-2011,21.57000
28-10-2011,21.76000
25-10-2011,21.25000
24-10-2011,21.05000
21-10-2011,20.90000
20-10-2011,21.02000
19-10-2011,21.19000
18-10-2011,20.94000
17-10-2011,21.11000
14-10-2011,21.29000
13-10-2011,21.15000
12-10-2011,21.29000
11-10-2011,21.12000
10-10-2011,21.04000
07-10-2011,20.78000
05-10-2011,20.55000
04-10-2011,20.67000
03-10-2011,20.85000
30-09-2011,21.01000
29-09-2011,21.12000
28-09-2011,21.01000
27-09-2011,21.06000
26-09-2011,20.77000
23-09-2011,20.95000
22-09-2011,21.03000
21-09-2011,21.56000
20-09-2011,21.48000
19-09-2011,21.28000
16-09-2011,21.40000
15-09-2011,21.36000
14-09-2011,21.22000
13-09-2011,21.13000
12-09-2011,21.04000
09-09-2011,21.30000
08-09-2011,21.58000
07-09-2011,21.57000
06-09-2011,21.20000
05-09-2011,21.12000
02-09-2011,21.24000
30-08-2011,21.10000
29-08-2011,20.98000
26-08-2011,20.62000
25-08-2011,21.02000
24-08-2011,21.04000
23-08-2011,21.23000
22-08-2011,21.12000
19-08-2011,20.91000
18-08-2011,21.21000
17-08-2011,21.46000
16-08-2011,21.50000
12-08-2011,21.59000
11-08-2011,21.68000
10-08-2011,21.77000
09-08-2011,21.55000
08-08-2011,21.67000
05-08-2011,21.82000
04-08-2011,22.19000
03-08-2011,22.33000
02-08-2011,22.45000
01-08-2011,22.56000
29-07-2011,22.49000
28-07-2011,22.49000
27-07-2011,22.56000
26-07-2011,22.62000
25-07-2011,22.85000
22-07-2011,22.68000
21-07-2011,22.38000
20-07-2011,22.46000
19-07-2011,22.64000
18-07-2011,22.52000
15-07-2011,22.47000
14-07-2011,22.51000
13-07-2011,22.44000
12-07-2011,22.22000
11-07-2011,22.32000
08-07-2011,22.42000
07-07-2011,22.63000
06-07-2011,22.29000
05-07-2011,22.28000
04-07-2011,22.39000
01-07-2011,22.28000
30-06-2011,22.25000
29-06-2011,22.23000
28-06-2011,22.16000
27-06-2011,22.14000
24-06-2011,21.90000
23-06-2011,21.52000
22-06-2011,21.50000
21-06-2011,21.50000
20-06-2011,21.51000
17-06-2011,21.84000
16-06-2011,21.88000
15-06-2011,22.01000
14-06-2011,22.22000
13-06-2011,22.19000
10-06-2011,22.15000
09-06-2011,22.26000
08-06-2011,22.27000
07-06-2011,22.30000
06-06-2011,22.29000
03-06-2011,22.25000
02-06-2011,22.33000
01-06-2011,22.49000
31-05-2011,22.25000
30-05-2011,21.95000
27-05-2011,21.90000
26-05-2011,21.81000
25-05-2011,21.64000
24-05-2011,21.74000
23-05-2011,21.67000
20-05-2011,22.04000
19-05-2011,21.91000
18-05-2011,21.98000
17-05-2011,22.12000
16-05-2011,22.34000
13-05-2011,22.44000
12-05-2011,22.32000
11-05-2011,22.51000
10-05-2011,22.50000
09-05-2011,22.49000
06-05-2011,22.38000
05-05-2011,22.24000
04-05-2011,22.52000
03-05-2011,22.57000
02-05-2011,22.97000
29-04-2011,23.03000
28-04-2011,23.14000
27-04-2011,23.19000
26-04-2011,23.33000
25-04-2011,23.25000
21-04-2011,23.23000
20-04-2011,23.26000
19-04-2011,22.87000
18-04-2011,22.93000
15-04-2011,23.12000
13-04-2011,23.17000
11-04-2011,22.95000
08-04-2011,23.07000
07-04-2011,23.24000
06-04-2011,23.24000
05-04-2011,23.10000
04-04-2011,23.05000
01-04-2011,22.70000
31-03-2011,22.64000
30-03-2011,22.51000
29-03-2011,22.22000
28-03-2011,22.11000
25-03-2011,22.02000
24-03-2011,21.70000
23-03-2011,21.57000
22-03-2011,21.41000
21-03-2011,21.24000
18-03-2011,21.31000
17-03-2011,21.42000
16-03-2011,21.41000
15-03-2011,21.20000
14-03-2011,21.43000
11-03-2011,21.21000
10-03-2011,21.38000
09-03-2011,21.38000
08-03-2011,21.35000
07-03-2011,21.29000
04-03-2011,21.37000
03-03-2011,21.44000
01-03-2011,21.41000
28-02-2011,20.92000
25-02-2011,20.84000
24-02-2011,20.88000
23-02-2011,21.22000
22-02-2011,21.28000
21-02-2011,21.34000
18-02-2011,21.27000
17-02-2011,21.52000
16-02-2011,21.40000
15-02-2011,21.45000
14-02-2011,21.40000
11-02-2011,20.98000
10-02-2011,20.85000
09-02-2011,20.93000
08-02-2011,21.23000
07-02-2011,21.49000
04-02-2011,21.48000
03-02-2011,21.71000
02-02-2011,21.51000
01-02-2011,21.45000
31-01-2011,21.67000
28-01-2011,21.61000
27-01-2011,21.94000
25-01-2011,22.14000
24-01-2011,22.10000
21-01-2011,22.01000
20-01-2011,22.02000
19-01-2011,22.05000
18-01-2011,22.16000
17-01-2011,22.15000
14-01-2011,22.24000
13-01-2011,22.43000
12-01-2011,22.48000
11-01-2011,22.37000
10-01-2011,22.42000
07-01-2011,22.75000
06-01-2011,23.05000
05-01-2011,23.20000
04-01-2011,23.40000
03-01-2011,23.36000
31-12-2010,23.30000
30-12-2010,23.22000
29-12-2010,23.09000
28-12-2010,22.95000
27-12-2010,23.01000
24-12-2010,23.04000
23-12-2010,23.03000
22-12-2010,22.96000
21-12-2010,22.88000
20-12-2010,22.87000
16-12-2010,22.94000
15-12-2010,22.98000
14-12-2010,23.00000
13-12-2010,22.89000
10-12-2010,22.77000
09-12-2010,22.55000
08-12-2010,22.99000
07-12-2010,23.11000
06-12-2010,23.05000
03-12-2010,23.04000
02-12-2010,23.20000
01-12-2010,23.13000
30-11-2010,22.81000
29-11-2010,22.61000
26-11-2010,22.40000
25-11-2010,22.67000
24-11-2010,22.93000
23-11-2010,23.03000
22-11-2010,23.36000
19-11-2010,23.20000
18-11-2010,23.40000
16-11-2010,23.39000
15-11-2010,23.74000
12-11-2010,23.80000
11-11-2010,24.16000
10-11-2010,24.42000
09-11-2010,24.54000
08-11-2010,24.50000
04-11-2010,24.55000
03-11-2010,24.28000
02-11-2010,24.14000
01-11-2010,24.12000
29-10-2010,23.97000
28-10-2010,24.10000
27-10-2010,24.24000
26-10-2010,24.45000
25-10-2010,24.72000
22-10-2010,24.65000
21-10-2010,24.61000
20-10-2010,24.32000
19-10-2010,24.38000
18-10-2010,24.41000
15-10-2010,24.49000
14-10-2010,24.80000
13-10-2010,25.09000
12-10-2010,24.80000
11-10-2010,24.96000
08-10-2010,24.94000
07-10-2010,25.05000
06-10-2010,25.14000
05-10-2010,24.96000
04-10-2010,24.87000
01-10-2010,24.74000
30-09-2010,24.42000
29-09-2010,24.46000
28-09-2010,24.61000
27-09-2010,24.56000
24-09-2010,24.46000
23-09-2010,24.39000
22-09-2010,24.51000
21-09-2010,24.59000
20-09-2010,24.69000
17-09-2010,24.49000
16-09-2010,24.27000
15-09-2010,24.43000
14-09-2010,24.35000
13-09-2010,24.33000
09-09-2010,23.95000
08-09-2010,23.85000
07-09-2010,23.72000
06-09-2010,23.66000
03-09-2010,23.42000
02-09-2010,23.32000
01-09-2010,23.33000
31-08-2010,23.03000
30-08-2010,23.14000
27-08-2010,23.15000
26-08-2010,23.31000
25-08-2010,23.17000
24-08-2010,23.43000
23-08-2010,23.60000
20-08-2010,23.42000
19-08-2010,23.37000
18-08-2010,23.23000
17-08-2010,23.17000
16-08-2010,23.11000
13-08-2010,23.11000
12-08-2010,23.00000
11-08-2010,22.87000
10-08-2010,22.93000
09-08-2010,22.92000
06-08-2010,22.70000
05-08-2010,22.70000
04-08-2010,22.65000
03-08-2010,22.68000
02-08-2010,22.57000
30-07-2010,22.39000
29-07-2010,22.40000
28-07-2010,22.42000
27-07-2010,22.47000
26-07-2010,22.49000
23-07-2010,22.71000
22-07-2010,22.61000
21-07-2010,22.50000
20-07-2010,22.46000
19-07-2010,22.52000
16-07-2010,22.47000
15-07-2010,22.41000
14-07-2010,22.58000
13-07-2010,22.62000
12-07-2010,22.49000
09-07-2010,22.55000
08-07-2010,22.42000
07-07-2010,22.20000
06-07-2010,22.29000
05-07-2010,22.24000
02-07-2010,22.25000
01-07-2010,22.26000
30-06-2010,22.38000
29-06-2010,22.23000
28-06-2010,22.29000
25-06-2010,21.99000
24-06-2010,21.78000
23-06-2010,21.82000
22-06-2010,21.77000
21-06-2010,21.77000
18-06-2010,21.62000
17-06-2010,21.71000
16-06-2010,21.64000
15-06-2010,21.69000
14-06-2010,21.79000
11-06-2010,21.59000
10-06-2010,21.51000
09-06-2010,21.37000
08-06-2010,21.23000
07-06-2010,21.34000
04-06-2010,21.69000
03-06-2010,21.69000
02-06-2010,21.39000
01-06-2010,21.29000
31-05-2010,21.57000
28-05-2010,21.33000
27-05-2010,21.16000
26-05-2010,20.87000
25-05-2010,20.69000
24-05-2010,21.15000
21-05-2010,21.12000
20-05-2010,21.25000
19-05-2010,21.08000
18-05-2010,21.42000
17-05-2010,21.32000
14-05-2010,21.48000
13-05-2010,21.70000
12-05-2010,21.66000
11-05-2010,21.57000
10-05-2010,21.66000
07-05-2010,21.22000
06-05-2010,21.55000
05-05-2010,21.62000
04-05-2010,21.65000
03-05-2010,21.88000
30-04-2010,21.99000
29-04-2010,21.95000
28-04-2010,21.82000
27-04-2010,22.15000
26-04-2010,22.15000
23-04-2010,22.06000
22-04-2010,21.94000
21-04-2010,21.87000
20-04-2010,21.75000
19-04-2010,21.47000
16-04-2010,21.71000
15-04-2010,21.76000
13-04-2010,21.76000
12-04-2010,21.76000
09-04-2010,22.00000
08-04-2010,21.89000
07-04-2010,22.09000
06-04-2010,21.94000
05-04-2010,21.85000
01-04-2010,21.47000
31-03-2010,21.36000
30-03-2010,21.37000
29-03-2010,21.23000
26-03-2010,21.08000
25-03-2010,20.99000
23-03-2010,20.93000
22-03-2010,20.84000
19-03-2010,20.97000
18-03-2010,20.85000
17-03-2010,20.79000
16-03-2010,20.71000
15-03-2010,20.57000
12-03-2010,20.61000
11-03-2010,20.65000
10-03-2010,20.61000
09-03-2010,20.67000
08-03-2010,20.80000
05-03-2010,20.59000
04-03-2010,20.52000
03-03-2010,20.34000
02-03-2010,20.00000
26-02-2010,19.81000
25-02-2010,19.63000
24-02-2010,19.63000
23-02-2010,19.73000
22-02-2010,19.81000
19-02-2010,19.83000
18-02-2010,20.03000
17-02-2010,20.09000
16-02-2010,19.94000
15-02-2010,19.84000
11-02-2010,20.14000
10-02-2010,20.08000
09-02-2010,20.10000
08-02-2010,20.03000
05-02-2010,19.84000
04-02-2010,20.28000
03-02-2010,20.54000
02-02-2010,20.29000
01-02-2010,20.45000
29-01-2010,20.11000
28-01-2010,20.05000
27-01-2010,20.08000
25-01-2010,20.72000
22-01-2010,20.89000
21-01-2010,20.99000
20-01-2010,21.52000
19-01-2010,21.54000
18-01-2010,21.60000
15-01-2010,21.59000
14-01-2010,21.62000
13-01-2010,21.37000
12-01-2010,21.35000
11-01-2010,21.56000
08-01-2010,21.41000
07-01-2010,21.38000
06-01-2010,21.35000
05-01-2010,21.22000
04-01-2010,21.06000
31-12-2009,20.85000
30-12-2009,20.75000
29-12-2009,20.76000
24-12-2009,20.63000
23-12-2009,20.54000
22-12-2009,20.11000
21-12-2009,19.94000
18-12-2009,19.95000
17-12-2009,20.03000
16-12-2009,19.98000
15-12-2009,19.97000
14-12-2009,20.27000
11-12-2009,20.31000
10-12-2009,20.38000
09-12-2009,20.26000
08-12-2009,20.34000
07-12-2009,20.11000
04-12-2009,20.18000
03-12-2009,20.20000
02-12-2009,20.13000
01-12-2009,20.06000
30-11-2009,19.73000
27-11-2009,19.45000
26-11-2009,19.53000
25-11-2009,19.83000
24-11-2009,19.61000
23-11-2009,19.59000
20-11-2009,19.47000
19-11-2009,19.36000
18-11-2009,19.47000
17-11-2009,19.50000
16-11-2009,19.51000
13-11-2009,19.38000
12-11-2009,19.33000
11-11-2009,19.45000
10-11-2009,19.25000
09-11-2009,19.29000
06-11-2009,19.09000
05-11-2009,18.89000
04-11-2009,18.62000
03-11-2009,18.29000
30-10-2009,18.78000
29-10-2009,18.97000
28-10-2009,19.12000
27-10-2009,19.19000
26-10-2009,19.65000
23-10-2009,19.84000
22-10-2009,19.89000
21-10-2009,20.10000
20-10-2009,20.17000
16-10-2009,20.14000
15-10-2009,19.98000
14-10-2009,19.93000
12-10-2009,19.90000
09-10-2009,19.73000
08-10-2009,19.79000
07-10-2009,19.66000
06-10-2009,19.61000
05-10-2009,19.77000
01-10-2009,20.08000
30-09-2009,20.08000
29-09-2009,19.95000
25-09-2009,19.90000
24-09-2009,19.84000
23-09-2009,19.71000
22-09-2009,19.86000
18-09-2009,19.78000
17-09-2009,19.69000
16-09-2009,19.81000
15-09-2009,19.72000
14-09-2009,19.44000
11-09-2009,19.36000
10-09-2009,19.52000
09-09-2009,19.48000
08-09-2009,19.57000
07-09-2009,19.58000
04-09-2009,19.13000
03-09-2009,19.00000
02-09-2009,18.99000
01-09-2009,19.07000
31-08-2009,19.25000
28-08-2009,19.30000
27-08-2009,19.18000
26-08-2009,19.02000
25-08-2009,18.90000
24-08-2009,18.94000
21-08-2009,18.69000
20-08-2009,18.50000
19-08-2009,18.33000
18-08-2009,18.45000
17-08-2009,18.20000
14-08-2009,18.72000
13-08-2009,18.63000
12-08-2009,18.22000
11-08-2009,18.23000
10-08-2009,18.12000
07-08-2009,18.29000
06-08-2009,18.59000
05-08-2009,18.88000
04-08-2009,18.80000
03-08-2009,18.89000
31-07-2009,18.73000
30-07-2009,18.59000
29-07-2009,18.46000
28-07-2009,18.71000
27-07-2009,18.64000
24-07-2009,18.53000
23-07-2009,18.24000
22-07-2009,17.90000
21-07-2009,18.08000
20-07-2009,18.17000
17-07-2009,17.83000
16-07-2009,17.52000
15-07-2009,17.48000
14-07-2009,17.07000
13-07-2009,16.66000
10-07-2009,16.82000
09-07-2009,17.12000
08-07-2009,16.99000
07-07-2009,17.19000
06-07-2009,17.12000
03-07-2009,17.77000
02-07-2009,17.63000
01-07-2009,17.54000
30-06-2009,17.32000
29-06-2009,17.59000
26-06-2009,17.40000
25-06-2009,17.12000
24-06-2009,17.24000
23-06-2009,17.01000
22-06-2009,16.94000
19-06-2009,17.15000
18-06-2009,16.99000
17-06-2009,17.26000
16-06-2009,17.74000
15-06-2009,17.58000
12-06-2009,18.00000
11-06-2009,18.13000
10-06-2009,18.21000
09-06-2009,17.92000
08-06-2009,17.57000
05-06-2009,18.32000
04-06-2009,18.32000
03-06-2009,18.13000
02-06-2009,18.16000
01-06-2009,18.27000
29-05-2009,17.93000
28-05-2009,17.49000
27-05-2009,17.26000
26-05-2009,16.55000
25-05-2009,17.05000
22-05-2009,16.89000
21-05-2009,16.61000
20-05-2009,16.87000
19-05-2009,16.75000
15-05-2009,14.09000
14-05-2009,13.79000
13-05-2009,13.83000
12-05-2009,13.88000
11-05-2009,13.48000
08-05-2009,13.77000
07-05-2009,13.90000
06-05-2009,13.61000
05-05-2009,13.68000
04-05-2009,13.53000
29-04-2009,12.95000
28-04-2009,12.60000
27-04-2009,13.00000
24-04-2009,13.06000
23-04-2009,12.68000
22-04-2009,12.41000
21-04-2009,12.60000
20-04-2009,12.62000
17-04-2009,12.50000
16-04-2009,12.36000
15-04-2009,12.96000
13-04-2009,12.53000
09-04-2009,12.28000
08-04-2009,12.20000
06-04-2009,11.98000
02-04-2009,11.70000
01-04-2009,11.14000
31-03-2009,10.99000
30-03-2009,10.79000
27-03-2009,11.21000
26-03-2009,11.05000
25-03-2009,10.76000
24-03-2009,10.50000
23-03-2009,10.59000
20-03-2009,10.13000
19-03-2009,10.18000
18-03-2009,10.18000
17-03-2009,9.94000
16-03-2009,10.03000
13-03-2009,9.80000
12-03-2009,9.45000
09-03-2009,9.36000
06-03-2009,9.51000
05-03-2009,9.43000
04-03-2009,9.68000
03-03-2009,9.66000
02-03-2009,9.81000
27-02-2009,10.06000
26-02-2009,10.13000
25-02-2009,10.09000
24-02-2009,10.00000
19-02-2009,10.29000
18-02-2009,10.28000
17-02-2009,10.28000
16-02-2009,10.56000
13-02-2009,10.95000
12-02-2009,10.77000
11-02-2009,10.88000
10-02-2009,10.84000
09-02-2009,10.73000
06-02-2009,10.44000
05-02-2009,10.22000
04-02-2009,10.30000
03-02-2009,10.27000
02-02-2009,10.25000
30-01-2009,10.56000
29-01-2009,10.36000
28-01-2009,10.42000
27-01-2009,10.21000
23-01-2009,9.95000
22-01-2009,10.10000
21-01-2009,10.16000
20-01-2009,10.54000
19-01-2009,10.69000
16-01-2009,10.55000
15-01-2009,10.29000
14-01-2009,10.56000
13-01-2009,10.30000
12-01-2009,10.36000
09-01-2009,10.65000
07-01-2009,10.96000
06-01-2009,11.77000
05-01-2009,11.71000
02-01-2009,11.43000
01-01-2009,11.30000
31-12-2008,11.04000
30-12-2008,11.05000
29-12-2008,10.81000
26-12-2008,10.70000
24-12-2008,10.81000
23-12-2008,10.89000
22-12-2008,11.14000
19-12-2008,11.16000
18-12-2008,11.05000
17-12-2008,10.85000
16-12-2008,11.26000
15-12-2008,11.11000
12-12-2008,10.83000
11-12-2008,10.74000
10-12-2008,10.58000
08-12-2008,10.08000
05-12-2008,9.92000
04-12-2008,10.10000
03-12-2008,9.63000
02-12-2008,9.52000
01-12-2008,9.57000
28-11-2008,9.78000
26-11-2008,9.81000
25-11-2008,9.62000
24-11-2008,9.81000
21-11-2008,9.76000
20-11-2008,9.44000
19-11-2008,9.76000
18-11-2008,9.97000
17-11-2008,10.29000
14-11-2008,10.38000
12-11-2008,10.49000
11-11-2008,10.79000
10-11-2008,11.32000
07-11-2008,10.73000
06-11-2008,10.53000
05-11-2008,10.82000
04-11-2008,11.18000
03-11-2008,10.72000
31-10-2008,10.13000
29-10-2008,9.59000
27-10-2008,9.09000
24-10-2008,9.23000
23-10-2008,10.07000
22-10-2008,10.45000
21-10-2008,11.00000
20-10-2008,10.59000
17-10-2008,10.58000
16-10-2008,11.22000
15-10-2008,11.36000
14-10-2008,12.05000
13-10-2008,11.90000
10-10-2008,11.17000
08-10-2008,11.97000
07-10-2008,12.41000
06-10-2008,12.66000
03-10-2008,13.49000
01-10-2008,13.90000
30-09-2008,13.79000
29-09-2008,13.59000
26-09-2008,14.18000
25-09-2008,14.68000
24-09-2008,14.84000
23-09-2008,14.66000
22-09-2008,14.98000
19-09-2008,15.10000
18-09-2008,14.51000
17-09-2008,14.59000
16-09-2008,14.85000
15-09-2008,14.86000
12-09-2008,15.50000
11-09-2008,15.74000
10-09-2008,16.07000
09-09-2008,16.43000
08-09-2008,16.56000
05-09-2008,16.20000
04-09-2008,16.62000
02-09-2008,16.72000
01-09-2008,16.32000
29-08-2008,16.30000
28-08-2008,15.80000
27-08-2008,16.06000
26-08-2008,16.14000
25-08-2008,16.15000
22-08-2008,16.17000
21-08-2008,16.04000
20-08-2008,16.38000
19-08-2008,16.17000
18-08-2008,16.24000
14-08-2008,16.43000
13-08-2008,16.86000
12-08-2008,16.91000
11-08-2008,17.10000
08-08-2008,16.81000
07-08-2008,16.81000
06-08-2008,16.79000
05-08-2008,16.75000
04-08-2008,16.50000
01-08-2008,16.39000
31-07-2008,16.12000
30-07-2008,16.09000
29-07-2008,15.55000
28-07-2008,16.00000
25-07-2008,15.91000
24-07-2008,16.24000
23-07-2008,16.48000
22-07-2008,15.51000
21-07-2008,15.12000
18-07-2008,15.07000
17-07-2008,14.59000
16-07-2008,14.27000
15-07-2008,14.44000
14-07-2008,15.05000
11-07-2008,15.09000
10-07-2008,15.51000
09-07-2008,15.53000
08-07-2008,14.85000
07-07-2008,14.99000
04-07-2008,14.91000
03-07-2008,14.40000
02-07-2008,15.06000
01-07-2008,14.36000
30-06-2008,14.99000
27-06-2008,15.46000
26-06-2008,16.16000
25-06-2008,16.07000
24-06-2008,15.76000
23-06-2008,15.97000
20-06-2008,16.64000
19-06-2008,17.27000
18-06-2008,17.64000
17-06-2008,17.93000
16-06-2008,17.63000
13-06-2008,17.38000
12-06-2008,17.49000
11-06-2008,17.34000
10-06-2008,16.93000
09-06-2008,17.06000
06-06-2008,17.58000
05-06-2008,17.78000
04-06-2008,17.61000
03-06-2008,18.32000
02-06-2008,18.53000
30-05-2008,19.10000
29-05-2008,19.13000
28-05-2008,19.26000
27-05-2008,19.13000
26-05-2008,19.28000
23-05-2008,19.81000
22-05-2008,20.18000
21-05-2008,20.57000
20-05-2008,20.38000
16-05-2008,20.40000
15-05-2008,20.14000
14-05-2008,19.78000
13-05-2008,19.54000
12-05-2008,19.70000
09-05-2008,19.68000
08-05-2008,20.19000
07-05-2008,20.34000
06-05-2008,20.46000
05-05-2008,20.77000
02-05-2008,20.86000
30-04-2008,20.59000
29-04-2008,20.57000
28-04-2008,20.09000
25-04-2008,20.10000
24-04-2008,19.89000
23-04-2008,20.00000
22-04-2008,20.03000
21-04-2008,19.78000
17-04-2008,19.36000
16-04-2008,19.13000
15-04-2008,19.00000
11-04-2008,18.73000
10-04-2008,18.47000
09-04-2008,18.36000
08-04-2008,18.13000
07-04-2008,18.32000
04-04-2008,18.10000
03-04-2008,18.55000
02-04-2008,18.66000
01-04-2008,18.69000
31-03-2008,18.85000
28-03-2008,19.38000
27-03-2008,18.80000
26-03-2008,18.87000
25-03-2008,18.82000
24-03-2008,17.91000
19-03-2008,18.08000
18-03-2008,18.09000
17-03-2008,18.12000
14-03-2008,19.21000
13-03-2008,18.84000
12-03-2008,19.95000
11-03-2008,20.00000
10-03-2008,19.36000
07-03-2008,19.38000
05-03-2008,20.15000
04-03-2008,20.25000
03-03-2008,20.61000
29-02-2008,21.61000
28-02-2008,21.90000
27-02-2008,21.84000
26-02-2008,21.78000
25-02-2008,21.39000
22-02-2008,21.10000
21-02-2008,21.43000
20-02-2008,21.20000
19-02-2008,21.66000
18-02-2008,21.71000
15-02-2008,21.72000
14-02-2008,21.36000
13-02-2008,20.18000
12-02-2008,20.05000
11-02-2008,20.24000
08-02-2008,21.46000
07-02-2008,21.91000
06-02-2008,22.53000
05-02-2008,23.01000
04-02-2008,22.75000
01-02-2008,22.09000
31-01-2008,21.92000
30-01-2008,22.09000
29-01-2008,22.67000
28-01-2008,22.67000
25-01-2008,22.87000
24-01-2008,21.47000
23-01-2008,22.24000
22-01-2008,20.74000
21-01-2008,21.99000
18-01-2008,24.73000
17-01-2008,25.79000
16-01-2008,25.78000
15-01-2008,26.45000
14-01-2008,26.95000
11-01-2008,26.63000
10-01-2008,26.47000
09-01-2008,27.18000
08-01-2008,27.31000
07-01-2008,27.75000
04-01-2008,27.79000
03-01-2008,27.51000
02-01-2008,27.33000
01-01-2008,27.15000
31-12-2007,26.77000
28-12-2007,26.53000
27-12-2007,26.24000
26-12-2007,26.22000
24-12-2007,25.64000
20-12-2007,25.01000
19-12-2007,25.05000
18-12-2007,25.03000
17-12-2007,25.12000
14-12-2007,26.31000
13-12-2007,26.30000
12-12-2007,26.32000
11-12-2007,25.98000
10-12-2007,25.80000
07-12-2007,25.87000
06-12-2007,25.93000
05-12-2007,25.99000
04-12-2007,25.71000
03-12-2007,25.57000
30-11-2007,24.96000
29-11-2007,24.51000
28-11-2007,24.62000
27-11-2007,24.81000
26-11-2007,24.80000
23-11-2007,24.32000
22-11-2007,23.88000
21-11-2007,24.16000
20-11-2007,25.24000
19-11-2007,25.84000
16-11-2007,25.47000
15-11-2007,25.62000
14-11-2007,25.79000
13-11-2007,24.95000
12-11-2007,24.43000
08-11-2007,24.76000
07-11-2007,25.05000
06-11-2007,25.13000
05-11-2007,25.23000
02-11-2007,25.16000
01-11-2007,24.74000
31-10-2007,24.94000
30-10-2007,24.76000
29-10-2007,24.67000
26-10-2007,23.78000
25-10-2007,23.06000
24-10-2007,22.73000
23-10-2007,22.45000
22-10-2007,21.19000
19-10-2007,21.11000
18-10-2007,21.90000
17-10-2007,22.84000
16-10-2007,23.27000
15-10-2007,22.86000
12-10-2007,21.95000
11-10-2007,22.19000
10-10-2007,21.79000
09-10-2007,21.23000
08-10-2007,20.36000
05-10-2007,20.88000
04-10-2007,20.94000
03-10-2007,20.92000
01-10-2007,20.48000
28-09-2007,20.17000
27-09-2007,19.99000
26-09-2007,19.89000
25-09-2007,20.02000
24-09-2007,20.03000
21-09-2007,19.54000
20-09-2007,19.23000
19-09-2007,18.99000
18-09-2007,18.44000
17-09-2007,18.17000
14-09-2007,18.17000
13-09-2007,18.28000
12-09-2007,18.22000
11-09-2007,18.20000
10-09-2007,18.20000
07-09-2007,18.05000
06-09-2007,18.11000
05-09-2007,17.93000
04-09-2007,17.93000
03-09-2007,17.86000
31-08-2007,17.72000
30-08-2007,17.52000
29-08-2007,17.48000
28-08-2007,17.32000
27-08-2007,17.17000
24-08-2007,16.70000
23-08-2007,16.37000
22-08-2007,16.48000
21-08-2007,16.26000
17-08-2007,16.52000
16-08-2007,16.69000
14-08-2007,17.32000
13-08-2007,17.30000
10-08-2007,17.11000
09-08-2007,17.31000
08-08-2007,17.58000
07-08-2007,17.23000
06-08-2007,17.06000
03-08-2007,17.28000
02-08-2007,16.99000
01-08-2007,16.87000
31-07-2007,17.61000
30-07-2007,17.17000
27-07-2007,17.12000
26-07-2007,17.77000
25-07-2007,17.78000
24-07-2007,17.90000
23-07-2007,17.79000
20-07-2007,17.51000
19-07-2007,17.41000
18-07-2007,17.20000
17-07-2007,17.26000
16-07-2007,17.42000
13-07-2007,17.33000
12-07-2007,17.21000
11-07-2007,16.92000
10-07-2007,16.77000
09-07-2007,16.89000
06-07-2007,16.72000
05-07-2007,16.59000
04-07-2007,16.63000
03-07-2007,16.49000
02-07-2007,16.31000
29-06-2007,16.17000
28-06-2007,16.02000
27-06-2007,15.84000
26-06-2007,15.89000
25-06-2007,15.81000
22-06-2007,15.64000
21-06-2007,15.68000
20-06-2007,15.55000
19-06-2007,15.31000
18-06-2007,15.01000
15-06-2007,15.05000
14-06-2007,15.02000
13-06-2007,14.72000
12-06-2007,14.81000
11-06-2007,14.81000
08-06-2007,14.86000
07-06-2007,14.92000
06-06-2007,15.06000
05-06-2007,15.28000
04-06-2007,15.16000
01-06-2007,15.29000
31-05-2007,15.22000
30-05-2007,15.14000
29-05-2007,15.15000
28-05-2007,14.94000
25-05-2007,14.74000
24-05-2007,14.68000
23-05-2007,14.81000
22-05-2007,14.86000
21-05-2007,14.80000
18-05-2007,14.63000
17-05-2007,14.64000
16-05-2007,14.49000
15-05-2007,14.29000
14-05-2007,14.25000
11-05-2007,14.08000
10-05-2007,14.03000
09-05-2007,14.11000
08-05-2007,14.10000
07-05-2007,14.18000
04-05-2007,14.20000
03-05-2007,14.26000
30-04-2007,14.03000
27-04-2007,13.95000
26-04-2007,14.17000
25-04-2007,14.17000
24-04-2007,14.07000
23-04-2007,13.89000
20-04-2007,13.87000
19-04-2007,13.64000
18-04-2007,13.65000
17-04-2007,13.71000
16-04-2007,13.72000
13-04-2007,13.41000
12-04-2007,13.21000
11-04-2007,13.28000
10-04-2007,13.17000
09-04-2007,13.04000
05-04-2007,12.69000
04-04-2007,12.57000
03-04-2007,12.48000
02-04-2007,12.40000
30-03-2007,12.87000
29-03-2007,12.76000
28-03-2007,12.75000
26-03-2007,12.89000
23-03-2007,12.99000
22-03-2007,12.98000
21-03-2007,12.71000
20-03-2007,12.64000
16-03-2007,12.39000
15-03-2007,12.54000
14-03-2007,12.53000
13-03-2007,12.81000
12-03-2007,12.66000
09-03-2007,12.64000
08-03-2007,12.82000
07-03-2007,12.34000
06-03-2007,12.55000
05-03-2007,12.44000
02-03-2007,13.01000
01-03-2007,13.20000
28-02-2007,13.15000
27-02-2007,13.68000
26-02-2007,13.68000
23-02-2007,13.60000
22-02-2007,14.05000
21-02-2007,14.22000
20-02-2007,14.24000
19-02-2007,14.44000
15-02-2007,14.48000
14-02-2007,14.12000
13-02-2007,14.10000
12-02-2007,14.26000
09-02-2007,14.76000
08-02-2007,15.02000
07-02-2007,15.01000
06-02-2007,14.98000
05-02-2007,15.00000
02-02-2007,14.89000
31-01-2007,14.56000
29-01-2007,14.78000
25-01-2007,14.71000
24-01-2007,14.48000
23-01-2007,14.44000
22-01-2007,14.73000
19-01-2007,14.78000
18-01-2007,14.77000
17-01-2007,14.75000
16-01-2007,14.68000
15-01-2007,14.64000
12-01-2007,14.39000
11-01-2007,14.11000
10-01-2007,13.88000
09-01-2007,14.09000
08-01-2007,14.17000
05-01-2007,14.27000
04-01-2007,14.27000
03-01-2007,14.27000
02-01-2007,14.22000
29-12-2006,14.02000
28-12-2006,13.90000
27-12-2006,13.92000
26-12-2006,13.86000
22-12-2006,13.69000
21-12-2006,13.57000
20-12-2006,13.50000
19-12-2006,13.60000
18-12-2006,13.94000
15-12-2006,13.83000
14-12-2006,13.70000
13-12-2006,13.33000
12-12-2006,13.04000
11-12-2006,13.62000
08-12-2006,14.07000
07-12-2006,14.25000
06-12-2006,14.17000
05-12-2006,14.27000
04-12-2006,14.22000
01-12-2006,14.08000
30-11-2006,13.90000
29-11-2006,0.00000
28-11-2006,13.74000
27-11-2006,13.83000
24-11-2006,13.73000
23-11-2006,13.71000
22-11-2006,13.68000
21-11-2006,13.54000
20-11-2006,13.28000
17-11-2006,13.39000
16-11-2006,13.51000
15-11-2006,13.49000
14-11-2006,13.53000
13-11-2006,13.62000
10-11-2006,13.48000
09-11-2006,13.37000
08-11-2006,13.31000
07-11-2006,13.49000
06-11-2006,13.57000
03-11-2006,13.47000
02-11-2006,13.30000
01-11-2006,13.12000
31-10-2006,13.04000
30-10-2006,13.09000
27-10-2006,12.94000
26-10-2006,12.72000
23-10-2006,12.67000
20-10-2006,12.60000
19-10-2006,12.55000
18-10-2006,12.64000
17-10-2006,12.70000
16-10-2006,12.72000
13-10-2006,12.67000
12-10-2006,12.54000
11-10-2006,12.42000
10-10-2006,12.57000
09-10-2006,12.59000
06-10-2006,12.56000
05-10-2006,12.44000
04-10-2006,12.24000
03-10-2006,12.35000
29-09-2006,12.38000
28-09-2006,12.27000
27-09-2006,12.28000
26-09-2006,12.20000
25-09-2006,12.07000
22-09-2006,12.11000
21-09-2006,12.09000
20-09-2006,11.96000
19-09-2006,11.86000
18-09-2006,12.04000
15-09-2006,12.01000
14-09-2006,11.94000
13-09-2006,11.86000
12-09-2006,11.70000
11-09-2006,11.64000
08-09-2006,12.07000
07-09-2006,11.97000
06-09-2006,12.06000
05-09-2006,11.94000
04-09-2006,11.82000
01-09-2006,11.69000
31-08-2006,11.60000
30-08-2006,11.69000
29-08-2006,11.74000
28-08-2006,11.71000
25-08-2006,11.66000
24-08-2006,11.60000
23-08-2006,11.53000
22-08-2006,11.60000
21-08-2006,11.60000
18-08-2006,11.55000
17-08-2006,11.57000
16-08-2006,11.63000
14-08-2006,11.47000
11-08-2006,11.31000
10-08-2006,11.14000
09-08-2006,11.02000
08-08-2006,10.83000
07-08-2006,10.69000
04-08-2006,10.69000
03-08-2006,10.76000
02-08-2006,10.71000
01-08-2006,10.62000
31-07-2006,10.66000
28-07-2006,10.64000
27-07-2006,10.60000
26-07-2006,10.41000
25-07-2006,10.16000
24-07-2006,9.92000
21-07-2006,9.96000
20-07-2006,10.23000
19-07-2006,10.10000
18-07-2006,10.36000
17-07-2006,10.50000
14-07-2006,10.80000
13-07-2006,10.94000
12-07-2006,10.92000
11-07-2006,10.80000
10-07-2006,10.81000
07-07-2006,10.74000
06-07-2006,10.93000
05-07-2006,11.04000
04-07-2006,10.89000
03-07-2006,10.92000
30-06-2006,10.91000
29-06-2006,10.48000
28-06-2006,10.40000
27-06-2006,10.42000
26-06-2006,10.48000
23-06-2006,10.88000
22-06-2006,10.82000
21-06-2006,10.62000
20-06-2006,10.38000
19-06-2006,10.38000
16-06-2006,10.17000
15-06-2006,9.92000
14-06-2006,9.37000
13-06-2006,9.54000
12-06-2006,10.08000
09-06-2006,10.29000
08-06-2006,9.68000
07-06-2006,10.32000
06-06-2006,10.87000
05-06-2006,11.26000
02-06-2006,11.40000
01-06-2006,11.29000
31-05-2006,11.68000
30-05-2006,12.08000
29-05-2006,12.13000
26-05-2006,12.05000
25-05-2006,11.83000
24-05-2006,11.91000
23-05-2006,12.22000
22-05-2006,11.63000
19-05-2006,12.44000
18-05-2006,12.95000
17-05-2006,13.85000
16-05-2006,13.49000
15-05-2006,13.54000
12-05-2006,14.04000
11-05-2006,14.07000
10-05-2006,14.26000
09-05-2006,14.23000
08-05-2006,14.29000
05-05-2006,14.21000
04-05-2006,14.16000
03-05-2006,14.18000
02-05-2006,14.22000
28-04-2006,13.79000
27-04-2006,13.90000
26-04-2006,13.97000
25-04-2006,13.73000
24-04-2006,13.92000
21-04-2006,13.81000
20-04-2006,13.72000
19-04-2006,13.63000
18-04-2006,13.58000
17-04-2006,13.50000
13-04-2006,13.22000
12-04-2006,13.54000
10-04-2006,13.73000
07-04-2006,13.65000
05-04-2006,13.81000
04-04-2006,13.54000
03-04-2006,13.43000
