date,nav
29-09-2026,173.07950
28-09-2026,173.96100
25-09-2026,176.37640
24-09-2026,176.20640
23-09-2026,179.11820
22-09-2026,177.96180
21-09-2026,178.01630
18-09-2026,178.55970
17-09-2026,176.67060
16-09-2026,175.59440
15-09-2026,175.90920
11-09-2026,180.05170
10-09-2026,180.21730
09-09-2026,180.85330
08-09-2026,181.50480
07-09-2026,180.50400
04-09-2026,180.63220
03-09-2026,179.96480
02-09-2026,178.25660
01-09-2026,179.20220
31-08-2026,179.84970
28-08-2026,180.66380
27-08-2026,181.30310
26-08-2026,181.71950
25-08-2026,180.82430
24-08-2026,180.91350
21-08-2026,181.72710
20-08-2026,181.75160
19-08-2026,180.44500
18-08-2026,181.54100
17-08-2026,181.63130
14-08-2026,180.79130
13-08-2026,181.50070
12-08-2026,181.54280
11-08-2026,181.93420
10-08-2026,181.44410
07-08-2026,180.54550
06-08-2026,180.89050
05-08-2026,179.73820
04-08-2026,179.05130
03-08-2026,179.18050
31-07-2026,176.63760
30-07-2026,176.27470
29-07-2026,177.47280
28-07-2026,175.73760
27-07-2026,176.39280
24-07-2026,175.00910
23-07-2026,175.22200
22-07-2026,176.91030
21-07-2026,179.01490
20-07-2026,178.33390
17-07-2026,178.62740
16-07-2026,179.41260
15-07-2026,179.53640
14-07-2026,178.69960
13-07-2026,180.57480
10-07-2026,179.77640
09-07-2026,176.47150
08-07-2026,173.08790
07-07-2026,176.32610
06-07-2026,177.61870
03-07-2026,177.21490
02-07-2026,177.82390
01-07-2026,176.59900
30-06-2026,175.41220
29-06-2026,174.61170
25-06-2026,176.37690
24-06-2026,178.08570
23-06-2026,176.77720
22-06-2026,177.79010
19-06-2026,176.07030
18-06-2026,175.77760
17-06-2026,174.72730
16-06-2026,172.95350
15-06-2026,172.33760
12-06-2026,170.05780
11-06-2026,165.90820
10-06-2026,167.84060
09-06-2026,169.56220
08-06-2026,167.19030
05-06-2026,169.90550
04-06-2026,169.88830
03-06-2026,169.50430
02-06-2026,169.17880
01-06-2026,167.98470
29-05-2026,169.97740
27-05-2026,171.68130
26-05-2026,171.01110
25-05-2026,170.79320
22-05-2026,168.70010
21-05-2026,169.15460
20-05-2026,168.19660
19-05-2026,167.50920
18-05-2026,166.40640
15-05-2026,169.45730
14-05-2026,169.48500
13-05-2026,168.84280
12-05-2026,168.56140
11-05-2026,172.89660
08-05-2026,175.36010
07-05-2026,175.86200
06-05-2026,174.20830
05-05-2026,172.18390
04-05-2026,172.15290
30-04-2026,170.46220
29-04-2026,170.92740
28-04-2026,170.06230
27-04-2026,170.08200
24-04-2026,167.48160
23-04-2026,169.29070
22-04-2026,170.09440
21-04-2026,168.74400
20-04-2026,166.31810
17-04-2026,166.42000
16-04-2026,164.66400
15-04-2026,163.35110
13-04-2026,159.50540
10-04-2026,159.65020
09-04-2026,157.56250
08-04-2026,157.98550
07-04-2026,152.23600
06-04-2026,151.56430
02-04-2026,149.53140
01-04-2026,149.25070
31-03-2026,144.85330
30-03-2026,144.85860
27-03-2026,148.75460
25-03-2026,151.16820
24-03-2026,148.08510
23-03-2026,145.39040
20-03-2026,150.51640
19-03-2026,150.01890
18-03-2026,153.97670
17-03-2026,150.96330
16-03-2026,149.77870
13-03-2026,150.38890
12-03-2026,154.05490
11-03-2026,154.29220
10-03-2026,154.80850
09-03-2026,152.33180
06-03-2026,155.88500
05-03-2026,155.97620
04-03-2026,154.16660
02-03-2026,157.71190
27-02-2026,160.43600
26-02-2026,162.23460
25-02-2026,162.27890
24-02-2026,161.68130
23-02-2026,163.11470
20-02-2026,162.40600
19-02-2026,162.40820
18-02-2026,164.07300
17-02-2026,163.76410
16-02-2026,162.99560
13-02-2026,163.09590
12-02-2026,165.20680
11-02-2026,166.07240
10-02-2026,165.91710
09-02-2026,164.72220
06-02-2026,160.70450
05-02-2026,160.74730
04-02-2026,162.14710
03-02-2026,160.75070
02-02-2026,156.26300
30-01-2026,158.40570
29-01-2026,156.30990
28-01-2026,156.82900
27-01-2026,154.42910
23-01-2026,153.83880
22-01-2026,156.68150
21-01-2026,155.12340
20-01-2026,156.59920
19-01-2026,160.73260
16-01-2026,162.63930
14-01-2026,162.48080
13-01-2026,162.30750
12-01-2026,161.82370
09-01-2026,162.77530
08-01-2026,164.69780
07-01-2026,166.77640
06-01-2026,166.56660
05-01-2026,167.44280
02-01-2026,166.31040
01-01-2026,164.36390
31-12-2025,164.49800
30-12-2025,162.74530
29-12-2025,163.84370
26-12-2025,164.95010
24-12-2025,165.10350
23-12-2025,165.56020
22-12-2025,165.76030
19-12-2025,164.33080
18-12-2025,162.44730
17-12-2025,162.75710
16-12-2025,163.35150
15-12-2025,164.35690
12-12-2025,164.19890
11-12-2025,163.03260
10-12-2025,162.51440
09-12-2025,163.33510
08-12-2025,161.86100
05-12-2025,165.09770
04-12-2025,166.39560
03-12-2025,166.43360
02-12-2025,167.29540
01-12-2025,168.20550
28-11-2025,168.20130
27-11-2025,168.49160
26-11-2025,169.71160
25-11-2025,167.75930
24-11-2025,167.54790
21-11-2025,168.71650
20-11-2025,170.74980
19-11-2025,171.29100
18-11-2025,171.31100
17-11-2025,172.39270
14-11-2025,170.75800
13-11-2025,170.45530
12-11-2025,171.07230
11-11-2025,169.77450
10-11-2025,170.04610
07-11-2025,170.49330
06-11-2025,170.06770
04-11-2025,172.25060
03-11-2025,172.97910
31-10-2025,171.67360
30-10-2025,172.92660
29-10-2025,172.84560
28-10-2025,171.95740
27-10-2025,171.87940
24-10-2025,170.76700
23-10-2025,171.30400
20-10-2025,169.85590
17-10-2025,168.44130
16-10-2025,168.25530
15-10-2025,167.12310
14-10-2025,165.66930
13-10-2025,167.18180
10-10-2025,167.81260
09-10-2025,167.19810
08-10-2025,167.26830
07-10-2025,167.78030
06-10-2025,167.81260
03-10-2025,167.69270
01-10-2025,166.06160
30-09-2025,164.77280
26-09-2025,165.80480
25-09-2025,168.89250
24-09-2025,170.12290
23-09-2025,170.59240
22-09-2025,171.30150
19-09-2025,172.35080
18-09-2025,172.12220
17-09-2025,172.10850
16-09-2025,171.75430
15-09-2025,170.84400
12-09-2025,170.11890
11-09-2025,170.24470
10-09-2025,170.31000
09-09-2025,168.77960
08-09-2025,168.62260
05-09-2025,168.11850
04-09-2025,168.62580
03-09-2025,169.02510
02-09-2025,168.29020
01-09-2025,167.55550
29-08-2025,165.63000
28-08-2025,165.74640
26-08-2025,167.22080
25-08-2025,169.60880
22-08-2025,169.48990
21-08-2025,170.29980
20-08-2025,170.22510
19-08-2025,169.57470
18-08-2025,168.47230
14-08-2025,165.64730
13-08-2025,166.30070
12-08-2025,166.00040
11-08-2025,166.24330
08-08-2025,165.69960
07-08-2025,167.42810
06-08-2025,167.89980
05-08-2025,170.02410
04-08-2025,170.78450
01-08-2025,170.23000
31-07-2025,172.89140
30-07-2025,174.17410
29-07-2025,173.27800
28-07-2025,172.24590
25-07-2025,173.67330
24-07-2025,176.54020
23-07-2025,177.26690
22-07-2025,177.38860
21-07-2025,177.88540
18-07-2025,177.79170
17-07-2025,179.32550
16-07-2025,178.78820
15-07-2025,177.93820
14-07-2025,176.22800
11-07-2025,175.60460
10-07-2025,176.95520
09-07-2025,176.97040
08-07-2025,176.21220
07-07-2025,176.29150
04-07-2025,176.64540
03-07-2025,176.27470
02-07-2025,175.41080
01-07-2025,175.72550
30-06-2025,175.73410
27-06-2025,174.95470
26-06-2025,174.02890
25-06-2025,173.86020
24-06-2025,171.46320
23-06-2025,170.83750
20-06-2025,169.84920
19-06-2025,169.70020
18-06-2025,172.41080
17-06-2025,172.93300
16-06-2025,174.01960
13-06-2025,173.24150
12-06-2025,173.54350
11-06-2025,175.19030
10-06-2025,175.38590
09-06-2025,174.91380
06-06-2025,173.82280
05-06-2025,173.01990
04-06-2025,171.98540
03-06-2025,171.50150
02-06-2025,171.74290
30-05-2025,170.50190
29-05-2025,170.89630
28-05-2025,170.08900
27-05-2025,170.18250
26-05-2025,170.45180
23-05-2025,169.85540
22-05-2025,168.85770
21-05-2025,169.07230
20-05-2025,168.86470
19-05-2025,169.81700
16-05-2025,169.20800
15-05-2025,167.03740
14-05-2025,165.88620
13-05-2025,164.08110
12-05-2025,162.95190
09-05-2025,157.95060
08-05-2025,158.07500
07-05-2025,159.19540
06-05-2025,156.70550
05-05-2025,159.47560
02-05-2025,157.94690
30-04-2025,158.06170
29-04-2025,159.87290
28-04-2025,159.24800
25-04-2025,158.20130
24-04-2025,161.69070
23-04-2025,161.74380
22-04-2025,161.01760
21-04-2025,159.57280
17-04-2025,156.92650
16-04-2025,156.10620
15-04-2025,154.52710
11-04-2025,150.91750
09-04-2025,146.97810
08-04-2025,147.77300
07-04-2025,145.34720
04-04-2025,149.85700
03-04-2025,153.62840
02-04-2025,153.27340
01-04-2025,151.21560
31-03-2025,151.63530
28-03-2025,151.65100
27-03-2025,151.75160
26-03-2025,151.20780
25-03-2025,153.21280
24-03-2025,154.74840
21-03-2025,152.75180
20-03-2025,150.35860
19-03-2025,149.74810
18-03-2025,147.50270
17-03-2025,144.18800
13-03-2025,143.99130
12-03-2025,145.17160
11-03-2025,145.63450
10-03-2025,146.19150
07-03-2025,148.44990
06-03-2025,147.97270
05-03-2025,146.25690
04-03-2025,143.34170
03-03-2025,142.24660
28-02-2025,143.22130
27-02-2025,145.79560
25-02-2025,147.80300
24-02-2025,148.28180
21-02-2025,149.57860
20-02-2025,150.82730
19-02-2025,149.89050
18-02-2025,147.44900
17-02-2025,148.87290
14-02-2025,150.06240
13-02-2025,154.42340
12-02-2025,154.55090
11-02-2025,155.92010
10-02-2025,160.98510
07-02-2025,164.16260
06-02-2025,165.48670
05-02-2025,165.32760
04-02-2025,163.98520
03-02-2025,162.53270
31-01-2025,163.66960
30-01-2025,160.85030
29-01-2025,160.39580
28-01-2025,156.21040
27-01-2025,157.90370
24-01-2025,161.58370
23-01-2025,165.44620
22-01-2025,164.14310
21-01-2025,166.53630
20-01-2025,169.37620
17-01-2025,168.33520
16-01-2025,168.99020
15-01-2025,167.51950
14-01-2025,166.62770
13-01-2025,164.31580
10-01-2025,170.38140
09-01-2025,174.07830
08-01-2025,175.89290
07-01-2025,178.44050
06-01-2025,176.91500
03-01-2025,181.47740
02-01-2025,181.90220
01-01-2025,180.78100
31-12-2024,179.56860
30-12-2024,178.78320
27-12-2024,179.73840
26-12-2024,178.82340
24-12-2024,179.29530
23-12-2024,178.96580
20-12-2024,179.24720
19-12-2024,182.83130
18-12-2024,183.07550
17-12-2024,184.07130
16-12-2024,185.12650
13-12-2024,184.26090
12-12-2024,184.99770
11-12-2024,186.34400
10-12-2024,186.07620
09-12-2024,184.82720
06-12-2024,183.88520
05-12-2024,183.12290
04-12-2024,182.95710
03-12-2024,181.95900
02-12-2024,180.60630
29-11-2024,179.84690
28-11-2024,178.73010
27-11-2024,178.49120
26-11-2024,176.15370
25-11-2024,175.52260
22-11-2024,172.33880
21-11-2024,170.91050
19-11-2024,171.75350
18-11-2024,169.81520
14-11-2024,170.56080
13-11-2024,169.52800
12-11-2024,173.92470
11-11-2024,175.90770
08-11-2024,177.57830
07-11-2024,179.79610
06-11-2024,181.53440
05-11-2024,178.08050
04-11-2024,177.48530
31-10-2024,179.31420
30-10-2024,177.54700
29-10-2024,175.71440
28-10-2024,174.04540
25-10-2024,173.05220
24-10-2024,175.60850
23-10-2024,176.40400
22-10-2024,175.48100
21-10-2024,180.99820
18-10-2024,183.21650
17-10-2024,183.63290
16-10-2024,185.95440
15-10-2024,185.66850
14-10-2024,183.42170
11-10-2024,182.93080
10-10-2024,182.47030
09-10-2024,181.97340
08-10-2024,180.23310
07-10-2024,178.03640
04-10-2024,182.16520
03-10-2024,183.21300
01-10-2024,186.65180
30-09-2024,186.23950
27-09-2024,186.05210
26-09-2024,185.98140
25-09-2024,186.93940
24-09-2024,187.87790
23-09-2024,188.14430
20-09-2024,186.56630
19-09-2024,184.88770
18-09-2024,186.24320
17-09-2024,187.40180
16-09-2024,187.35920
13-09-2024,188.04530
12-09-2024,187.06420
11-09-2024,185.76100
10-09-2024,187.09270
09-09-2024,185.09830
06-09-2024,185.92180
05-09-2024,187.21060
04-09-2024,186.86250
03-09-2024,186.61260
02-09-2024,185.60300
30-08-2024,185.56220
29-08-2024,184.35990
28-08-2024,185.33200
27-08-2024,185.82490
26-08-2024,184.62770
23-08-2024,184.15900
22-08-2024,185.15910
21-08-2024,184.72570
20-08-2024,183.49510
19-08-2024,182.59210
16-08-2024,181.41140
14-08-2024,177.95420
13-08-2024,178.35140
12-08-2024,179.96070
09-08-2024,179.45940
08-08-2024,178.43360
07-08-2024,179.99660
06-08-2024,176.70010
05-08-2024,176.69010
02-08-2024,183.76360
01-08-2024,185.52020
31-07-2024,186.32860
30-07-2024,186.31410
29-07-2024,185.25930
26-07-2024,183.78030
25-07-2024,182.33480
24-07-2024,182.30340
23-07-2024,179.66500
22-07-2024,180.18110
19-07-2024,179.17780
18-07-2024,182.12660
16-07-2024,183.08160
15-07-2024,182.72000
12-07-2024,182.43340
11-07-2024,182.63780
10-07-2024,182.50900
09-07-2024,183.25250
08-07-2024,182.43330
05-07-2024,183.00700
04-07-2024,182.90080
03-07-2024,182.59960
02-07-2024,181.94410
01-07-2024,182.44080
28-06-2024,179.94160
27-06-2024,178.45800
26-06-2024,179.74530
25-06-2024,179.08520
24-06-2024,178.69590
21-06-2024,178.29370
20-06-2024,178.15640
19-06-2024,177.10230
18-06-2024,177.77790
14-06-2024,176.90020
13-06-2024,175.59860
12-06-2024,173.79310
11-06-2024,172.54830
10-06-2024,172.06050
07-06-2024,169.84590
06-06-2024,166.63550
05-06-2024,162.27300
04-06-2024,157.42010
03-06-2024,167.50420
31-05-2024,164.16500
30-05-2024,162.72490
29-05-2024,163.88990
28-05-2024,163.86200
27-05-2024,165.24730
24-05-2024,164.92550
23-05-2024,164.73210
22-05-2024,164.37030
21-05-2024,164.22160
17-05-2024,164.39330
16-05-2024,161.82000
15-05-2024,160.05190
14-05-2024,158.13760
13-05-2024,155.81520
10-05-2024,156.63100
09-05-2024,156.13100
08-05-2024,159.31860
07-05-2024,158.38280
06-05-2024,160.48430
03-05-2024,160.70140
02-05-2024,161.53220
30-04-2024,161.10590
29-04-2024,160.59250
26-04-2024,160.02770
25-04-2024,159.23070
24-04-2024,157.71470
23-04-2024,156.76980
22-04-2024,155.54950
19-04-2024,154.36940
18-04-2024,154.94810
16-04-2024,154.69430
15-04-2024,153.76210
12-04-2024,155.10370
10-04-2024,155.32220
09-04-2024,154.36930
08-04-2024,154.31300
05-04-2024,153.91590
04-04-2024,153.53300
03-04-2024,152.73980
02-04-2024,151.40080
01-04-2024,150.03040
31-03-2024,147.33300
28-03-2024,147.34920
27-03-2024,146.92400
26-03-2024,145.84680
22-03-2024,145.79940
21-03-2024,144.29950
20-03-2024,141.31830
19-03-2024,141.20140
18-03-2024,142.18730
15-03-2024,142.41950
14-03-2024,142.23950
13-03-2024,139.74250
12-03-2024,144.81660
11-03-2024,146.76710
07-03-2024,149.03360
06-03-2024,148.61610
05-03-2024,150.67720
04-03-2024,152.11040
01-03-2024,151.81860
29-02-2024,150.53680
28-02-2024,150.16740
27-02-2024,152.23320
26-02-2024,152.09140
23-02-2024,152.07330
22-02-2024,151.46970
21-02-2024,151.00280
20-02-2024,151.23440
19-02-2024,151.49310
16-02-2024,151.65780
15-02-2024,149.62140
14-02-2024,148.24850
13-02-2024,146.53830
12-02-2024,146.99650
09-02-2024,149.71540
08-02-2024,151.02250
07-02-2024,151.48160
06-02-2024,150.95950
05-02-2024,149.81260
02-02-2024,150.04880
01-02-2024,149.67410
31-01-2024,150.75070
30-01-2024,148.64510
29-01-2024,148.88570
25-01-2024,147.97810
24-01-2024,148.10590
23-01-2024,146.57330
19-01-2024,149.37810
18-01-2024,148.47300
17-01-2024,148.35390
16-01-2024,149.86980
15-01-2024,150.10520
12-01-2024,150.13070
11-01-2024,149.59270
10-01-2024,148.49750
09-01-2024,148.40680
08-01-2024,148.02010
05-01-2024,148.82420
04-01-2024,147.77200
03-01-2024,146.30470
02-01-2024,146.21850
01-01-2024,146.32690
29-12-2023,145.79720
28-12-2023,145.36540
27-12-2023,145.42330
26-12-2023,144.81500
22-12-2023,144.54480
21-12-2023,142.98050
20-12-2023,140.92290
19-12-2023,144.08060
18-12-2023,144.54020
15-12-2023,144.07540
14-12-2023,143.65890
13-12-2023,142.22490
12-12-2023,141.25860
11-12-2023,141.56330
08-12-2023,140.49880
07-12-2023,140.95960
06-12-2023,141.00890
05-12-2023,140.63590
04-12-2023,140.29660
01-12-2023,139.22820
30-11-2023,138.55380
29-11-2023,137.22050
28-11-2023,136.66800
24-11-2023,135.99380
23-11-2023,135.97220
22-11-2023,135.88040
21-11-2023,136.01240
20-11-2023,135.51320
17-11-2023,135.03660
16-11-2023,134.46880
15-11-2023,134.27220
13-11-2023,132.45550
10-11-2023,131.31600
09-11-2023,130.46870
08-11-2023,130.86030
07-11-2023,129.78290
06-11-2023,129.52790
03-11-2023,127.69900
02-11-2023,126.38900
01-11-2023,125.79330
31-10-2023,125.34420
30-10-2023,125.28710
27-10-2023,125.07130
26-10-2023,123.38220
25-10-2023,124.15860
23-10-2023,125.21770
20-10-2023,129.92590
19-10-2023,130.22650
18-10-2023,130.61260
17-10-2023,130.80120
16-10-2023,129.69250
13-10-2023,129.31440
12-10-2023,129.49720
11-10-2023,128.86930
10-10-2023,127.88960
09-10-2023,126.23740
06-10-2023,127.90420
05-10-2023,126.90440
04-10-2023,125.95630
03-10-2023,127.32640
29-09-2023,126.45100
27-09-2023,125.95570
26-09-2023,125.23980
25-09-2023,124.50250
22-09-2023,124.06360
21-09-2023,124.22660
20-09-2023,125.23860
18-09-2023,126.29640
15-09-2023,127.11200
14-09-2023,127.16680
13-09-2023,126.03060
12-09-2023,125.70220
11-09-2023,129.67210
08-09-2023,128.84110
07-09-2023,127.79440
06-09-2023,127.02030
05-09-2023,127.38880
04-09-2023,126.95140
01-09-2023,125.88530
31-08-2023,125.19990
30-08-2023,123.60740
29-08-2023,123.20060
28-08-2023,121.88490
25-08-2023,121.26530
24-08-2023,121.50360
23-08-2023,121.58880
22-08-2023,120.68750
21-08-2023,120.08970
18-08-2023,119.47130
17-08-2023,119.42780
16-08-2023,119.68190
14-08-2023,119.33550
11-08-2023,119.97550
10-08-2023,119.59430
09-08-2023,119.72700
08-08-2023,119.31310
07-08-2023,119.16630
04-08-2023,118.98110
03-08-2023,117.85170
02-08-2023,117.74830
01-08-2023,119.24720
31-07-2023,119.24680
28-07-2023,118.43950
27-07-2023,117.84590
26-07-2023,117.75020
25-07-2023,117.41580
24-07-2023,116.49170
21-07-2023,116.55890
20-07-2023,116.66540
19-07-2023,116.68800
18-07-2023,116.06370
17-07-2023,116.65740
14-07-2023,115.84330
13-07-2023,114.84220
12-07-2023,115.20360
11-07-2023,114.46040
10-07-2023,113.53570
07-07-2023,114.20760
06-07-2023,114.66310
05-07-2023,113.52280
04-07-2023,112.98280
03-07-2023,112.98150
30-06-2023,112.51540
28-06-2023,111.82420
27-06-2023,111.42650
26-06-2023,110.73800
23-06-2023,110.00080
22-06-2023,111.51470
21-06-2023,112.03650
20-06-2023,111.89460
19-06-2023,111.63380
16-06-2023,111.27820
15-06-2023,110.19740
14-06-2023,109.89270
13-06-2023,109.52560
12-06-2023,108.58320
09-06-2023,107.72870
08-06-2023,107.67160
07-06-2023,108.67150
06-06-2023,108.19680
05-06-2023,108.19300
02-06-2023,107.69720
01-06-2023,107.18760
31-05-2023,106.47550
30-05-2023,105.95720
29-05-2023,105.57310
26-05-2023,105.30090
25-05-2023,104.80160
24-05-2023,104.59790
23-05-2023,104.58440
22-05-2023,104.54340
19-05-2023,104.57670
18-05-2023,104.65050
17-05-2023,104.92980
16-05-2023,104.02680
15-05-2023,104.02880
12-05-2023,103.46580
11-05-2023,103.60810
10-05-2023,103.00020
09-05-2023,102.34100
08-05-2023,102.46630
05-05-2023,101.41250
04-05-2023,102.09130
03-05-2023,101.05770
02-05-2023,100.76240
28-04-2023,100.27880
27-04-2023,99.56190
26-04-2023,99.38710
25-04-2023,99.03380
24-04-2023,98.88460
21-04-2023,98.55890
20-04-2023,98.64890
19-04-2023,98.39040
18-04-2023,98.63130
17-04-2023,98.67550
13-04-2023,98.22650
12-04-2023,97.94280
11-04-2023,97.78030
10-04-2023,97.64320
06-04-2023,97.50470
05-04-2023,96.77910
03-04-2023,96.39770
31-03-2023,96.37130
29-03-2023,95.24550
28-03-2023,93.82540
27-03-2023,94.00500
24-03-2023,94.62980
23-03-2023,95.52280
22-03-2023,95.56290
21-03-2023,95.35780
20-03-2023,95.12020
17-03-2023,95.75560
16-03-2023,94.61720
15-03-2023,95.38730
14-03-2023,94.93490
13-03-2023,95.51750
10-03-2023,97.27250
09-03-2023,98.28940
08-03-2023,98.36930
06-03-2023,98.12580
03-03-2023,97.87050
02-03-2023,97.08530
01-03-2023,97.23080
28-02-2023,96.35240
27-02-2023,95.99140
24-02-2023,96.26570
23-02-2023,96.68810
22-02-2023,95.78090
21-02-2023,96.47260
20-02-2023,96.43760
17-02-2023,96.47690
16-02-2023,96.57470
15-02-2023,96.07540
14-02-2023,95.60410
13-02-2023,95.71110
10-02-2023,96.80660
09-02-2023,96.18440
08-02-2023,95.99430
07-02-2023,95.23950
06-02-2023,95.08040
03-02-2023,94.70930
02-02-2023,94.36190
01-02-2023,93.49410
31-01-2023,94.38910
30-01-2023,92.65190
27-01-2023,92.77160
25-01-2023,94.14530
24-01-2023,94.85510
23-01-2023,94.89150
20-01-2023,94.91690
19-01-2023,95.22130
18-01-2023,95.40010
17-01-2023,95.58110
16-01-2023,95.40230
13-01-2023,95.47850
12-01-2023,95.25830
11-01-2023,95.08330
10-01-2023,94.94280
09-01-2023,95.49170
06-01-2023,95.30970
05-01-2023,95.93810
04-01-2023,95.84330
03-01-2023,96.51800
02-01-2023,96.26130
30-12-2022,95.82720
29-12-2022,95.45520
28-12-2022,95.38650
27-12-2022,95.25890
26-12-2022,94.04330
23-12-2022,91.57290
22-12-2022,94.50820
21-12-2022,95.67450
20-12-2022,97.68180
19-12-2022,97.72090
16-12-2022,97.63160
15-12-2022,98.50290
14-12-2022,99.12630
13-12-2022,98.64840
12-12-2022,98.42560
09-12-2022,97.76610
08-12-2022,98.55880
07-12-2022,97.90070
06-12-2022,98.53140
05-12-2022,98.49970
02-12-2022,97.97670
01-12-2022,97.56380
30-11-2022,97.27410
29-11-2022,96.59590
28-11-2022,96.40880
25-11-2022,95.52270
24-11-2022,95.11890
23-11-2022,94.56850
22-11-2022,94.12290
21-11-2022,94.50210
18-11-2022,94.58390
17-11-2022,94.82450
16-11-2022,94.90870
15-11-2022,94.79490
14-11-2022,94.41180
11-11-2022,94.57530
10-11-2022,94.19000
09-11-2022,95.66600
07-11-2022,96.45310
04-11-2022,95.89320
03-11-2022,95.59710
02-11-2022,95.41540
01-11-2022,95.36260
31-10-2022,95.10290
28-10-2022,93.99900
27-10-2022,94.66550
25-10-2022,94.06350
21-10-2022,93.33270
20-10-2022,93.22860
19-10-2022,93.78740
18-10-2022,93.90270
17-10-2022,93.11440
14-10-2022,92.97130
13-10-2022,92.78370
12-10-2022,93.41300
11-10-2022,93.03650
10-10-2022,94.24160
07-10-2022,94.93970
06-10-2022,94.53460
04-10-2022,93.71840
03-10-2022,92.59370
30-09-2022,92.76200
29-09-2022,91.34200
28-09-2022,91.39610
27-09-2022,91.58240
26-09-2022,91.44570
23-09-2022,93.76710
22-09-2022,95.16940
21-09-2022,94.53900
20-09-2022,95.32280
19-09-2022,93.68400
16-09-2022,94.37070
15-09-2022,96.66790
14-09-2022,96.65480
13-09-2022,96.18950
12-09-2022,95.64060
09-09-2022,94.87800
08-09-2022,94.21730
07-09-2022,93.53840
06-09-2022,92.63780
05-09-2022,92.46670
02-09-2022,91.40700
01-09-2022,91.39430
30-08-2022,91.00470
29-08-2022,89.82560
26-08-2022,90.54100
25-08-2022,89.91900
24-08-2022,89.28780
23-08-2022,88.68610
22-08-2022,87.93340
19-08-2022,89.12950
18-08-2022,90.18870
17-08-2022,90.13070
16-08-2022,89.75400
12-08-2022,89.50380
11-08-2022,89.02100
10-08-2022,88.85740
08-08-2022,88.86680
05-08-2022,88.55890
04-08-2022,88.10020
03-08-2022,87.86680
02-08-2022,87.79510
01-08-2022,87.91710
29-07-2022,87.68440
28-07-2022,86.76110
27-07-2022,86.07760
26-07-2022,86.06680
25-07-2022,86.30420
22-07-2022,86.21910
21-07-2022,86.09150
20-07-2022,85.21730
19-07-2022,85.02800
18-07-2022,84.00930
15-07-2022,83.05970
14-07-2022,82.54890
13-07-2022,82.78990
12-07-2022,82.91020
11-07-2022,83.45180
08-07-2022,82.68460
07-07-2022,82.46180
06-07-2022,81.45260
05-07-2022,80.59220
04-07-2022,79.97230
01-07-2022,79.58170
30-06-2022,79.77140
29-06-2022,79.86720
28-06-2022,80.12500
27-06-2022,80.03050
24-06-2022,78.88710
23-06-2022,78.07360
22-06-2022,76.90070
21-06-2022,77.55010
20-06-2022,76.34180
17-06-2022,77.15050
16-06-2022,77.78300
15-06-2022,79.57120
14-06-2022,78.95610
13-06-2022,79.32280
10-06-2022,81.46030
09-06-2022,81.90620
08-06-2022,81.89100
07-06-2022,82.02540
06-06-2022,82.42880
03-06-2022,82.93310
02-06-2022,83.45980
01-06-2022,83.09960
31-05-2022,82.89340
30-05-2022,82.59610
27-05-2022,80.64660
26-05-2022,79.78180
25-05-2022,79.36130
24-05-2022,81.14480
23-05-2022,81.94540
20-05-2022,82.40920
19-05-2022,81.51470
18-05-2022,82.80900
17-05-2022,82.80020
16-05-2022,81.20100
13-05-2022,80.37740
12-05-2022,80.00350
11-05-2022,81.24790
10-05-2022,82.55720
09-05-2022,84.03690
06-05-2022,84.91700
05-05-2022,86.99640
04-05-2022,87.43170
02-05-2022,89.15720
29-04-2022,89.79240
28-04-2022,90.19590
27-04-2022,89.90360
26-04-2022,89.96110
25-04-2022,89.00320
22-04-2022,90.23980
21-04-2022,90.38840
20-04-2022,89.60390
19-04-2022,89.46330
18-04-2022,90.26940
13-04-2022,91.16260
12-04-2022,91.16770
11-04-2022,92.54860
08-04-2022,92.52200
07-04-2022,91.66050
06-04-2022,92.01020
05-04-2022,92.01640
04-04-2022,91.30120
01-04-2022,90.07630
31-03-2022,88.68490
30-03-2022,88.60890
29-03-2022,87.59280
28-03-2022,87.05310
25-03-2022,87.19150
24-03-2022,87.32070
23-03-2022,87.37740
22-03-2022,87.50850
21-03-2022,87.04580
17-03-2022,87.11200
16-03-2022,86.08500
15-03-2022,84.81190
14-03-2022,85.45670
11-03-2022,84.91440
10-03-2022,84.49720
09-03-2022,83.60090
08-03-2022,82.46820
07-03-2022,81.14110
04-03-2022,83.82370
03-03-2022,85.26540
02-03-2022,84.98030
28-02-2022,85.77830
25-02-2022,85.36510
24-02-2022,82.22260
23-02-2022,86.78170
22-02-2022,86.31010
21-02-2022,87.27910
18-02-2022,88.19450
17-02-2022,88.85500
16-02-2022,89.14830
15-02-2022,88.31780
14-02-2022,86.80670
11-02-2022,90.27330
10-02-2022,91.65530
09-02-2022,91.85840
08-02-2022,91.36150
07-02-2022,92.18840
04-02-2022,92.86060
03-02-2022,93.20480
02-02-2022,93.69270
01-02-2022,91.56340
31-01-2022,91.08720
28-01-2022,89.83830
27-01-2022,89.29650
25-01-2022,89.73880
24-01-2022,89.70860
21-01-2022,93.55940
20-01-2022,95.19430
19-01-2022,95.26820
18-01-2022,95.48100
17-01-2022,96.83250
14-01-2022,95.95490
13-01-2022,95.77060
12-01-2022,95.38990
11-01-2022,94.54710
10-01-2022,94.81540
07-01-2022,93.44610
06-01-2022,93.01280
05-01-2022,93.42400
04-01-2022,93.77610
03-01-2022,93.60420
31-12-2021,92.51590
30-12-2021,91.69380
29-12-2021,91.52990
28-12-2021,91.01270
27-12-2021,89.70150
24-12-2021,89.13300
23-12-2021,89.49240
22-12-2021,88.98080
21-12-2021,87.50180
20-12-2021,86.18320
17-12-2021,88.97660
16-12-2021,90.85900
15-12-2021,91.21940
14-12-2021,91.85600
13-12-2021,91.71000
10-12-2021,91.86960
09-12-2021,91.58380
08-12-2021,91.22940
07-12-2021,90.33830
06-12-2021,89.48070
03-12-2021,90.58070
02-12-2021,90.44970
01-12-2021,90.13160
30-11-2021,90.16960
29-11-2021,88.23160
26-11-2021,89.66440
25-11-2021,92.40090
24-11-2021,91.80760
23-11-2021,91.32090
22-11-2021,90.07120
18-11-2021,93.07020
17-11-2021,94.46470
16-11-2021,94.80730
15-11-2021,94.73190
12-11-2021,95.09910
11-11-2021,94.57120
10-11-2021,94.71420
09-11-2021,94.33550
08-11-2021,94.04860
03-11-2021,92.32680
02-11-2021,92.01690
01-11-2021,90.60170
29-10-2021,89.51500
28-10-2021,89.16470
27-10-2021,91.07050
26-10-2021,90.79240
25-10-2021,88.99000
22-10-2021,90.14580
21-10-2021,90.82200
20-10-2021,91.25940
19-10-2021,93.37640
18-10-2021,94.56700
14-10-2021,94.42810
13-10-2021,94.19040
12-10-2021,93.84720
11-10-2021,93.81600
08-10-2021,92.91980
07-10-2021,92.36970
06-10-2021,90.70440
05-10-2021,90.50920
04-10-2021,90.07570
01-10-2021,88.68090
30-09-2021,88.83940
29-09-2021,88.66100
28-09-2021,88.61270
27-09-2021,89.61100
24-09-2021,89.42650
23-09-2021,88.93110
22-09-2021,87.89310
21-09-2021,87.39570
20-09-2021,87.02030
17-09-2021,88.73870
16-09-2021,89.49610
15-09-2021,89.33780
14-09-2021,88.81460
13-09-2021,88.38870
09-09-2021,87.95890
08-09-2021,87.49250
07-09-2021,87.00700
06-09-2021,86.93440
03-09-2021,85.95960
02-09-2021,85.75690
01-09-2021,84.70680
31-08-2021,83.82480
30-08-2021,82.75280
27-08-2021,81.37780
26-08-2021,80.72910
25-08-2021,80.86790
24-08-2021,80.63260
23-08-2021,79.67400
20-08-2021,80.69150
18-08-2021,82.34910
17-08-2021,82.52930
16-08-2021,82.64490
13-08-2021,82.86860
12-08-2021,82.83890
11-08-2021,81.32390
10-08-2021,81.78860
09-08-2021,83.41440
06-08-2021,83.85810
05-08-2021,83.78650
04-08-2021,84.00350
03-08-2021,84.61160
02-08-2021,84.56150
30-07-2021,83.87170
29-07-2021,83.51170
28-07-2021,82.60490
27-07-2021,83.12460
26-07-2021,82.81670
23-07-2021,82.80040
22-07-2021,82.66840
20-07-2021,81.65190
19-07-2021,82.99700
16-07-2021,83.39070
15-07-2021,82.70330
14-07-2021,81.82930
13-07-2021,81.94280
12-07-2021,81.62130
09-07-2021,80.89930
08-07-2021,80.70850
07-07-2021,80.58450
06-07-2021,79.44030
05-07-2021,79.60360
02-07-2021,78.92610
01-07-2021,77.98840
30-06-2021,77.39750
29-06-2021,76.78740
28-06-2021,77.12170
25-06-2021,76.48650
24-06-2021,76.18540
23-06-2021,76.42180
22-06-2021,76.40110
21-06-2021,75.92560
18-06-2021,75.81790
17-06-2021,76.20190
16-06-2021,76.38650
15-06-2021,76.66930
14-06-2021,76.53350
11-06-2021,76.86400
10-06-2021,76.74730
09-06-2021,75.70190
08-06-2021,76.68920
07-06-2021,75.95290
04-06-2021,75.14460
03-06-2021,74.88340
02-06-2021,74.43640
01-06-2021,73.80110
31-05-2021,74.25920
28-05-2021,74.39840
27-05-2021,74.60430
26-05-2021,74.37280
25-05-2021,73.79440
24-05-2021,73.17740
21-05-2021,72.24910
20-05-2021,71.64260
19-05-2021,71.38530
18-05-2021,71.28030
17-05-2021,70.33800
14-05-2021,69.42380
12-05-2021,69.93040
11-05-2021,70.09560
10-05-2021,69.79360
07-05-2021,69.50020
06-05-2021,69.65580
05-05-2021,69.45730
04-05-2021,68.98430
03-05-2021,69.02380
30-04-2021,68.49040
29-04-2021,68.66510
28-04-2021,68.42600
27-04-2021,67.79900
26-04-2021,66.58130
23-04-2021,65.92800
22-04-2021,65.49580
20-04-2021,65.27710
19-04-2021,64.87570
16-04-2021,66.02710
15-04-2021,66.06580
13-04-2021,66.38430
12-04-2021,65.28040
09-04-2021,68.54190
08-04-2021,68.45560
07-04-2021,68.03930
06-04-2021,67.06790
05-04-2021,66.68030
01-04-2021,67.93320
31-03-2021,67.50960
30-03-2021,67.21570
26-03-2021,66.21320
25-03-2021,65.47630
24-03-2021,66.20000
23-03-2021,67.01480
22-03-2021,66.44060
19-03-2021,66.40420
18-03-2021,65.94360
17-03-2021,67.07950
16-03-2021,68.52970
15-03-2021,68.52750
12-03-2021,68.94590
10-03-2021,69.16140
09-03-2021,68.40830
08-03-2021,68.69800
05-03-2021,68.58420
04-03-2021,69.37460
03-03-2021,69.01000
02-03-2021,68.56630
01-03-2021,67.76140
26-02-2021,66.49340
25-02-2021,67.53390
24-02-2021,66.43780
23-02-2021,65.63800
22-02-2021,65.13610
19-02-2021,65.64610
18-02-2021,66.41510
17-02-2021,66.10300
16-02-2021,65.92170
15-02-2021,65.55430
12-02-2021,65.16550
11-02-2021,65.51930
10-02-2021,64.64000
09-02-2021,64.50110
08-02-2021,64.66840
05-02-2021,63.70920
04-02-2021,63.57100
03-02-2021,62.82260
02-02-2021,62.05910
01-02-2021,61.06370
29-01-2021,59.81180
28-01-2021,59.90250
27-01-2021,59.97100
25-01-2021,60.49840
22-01-2021,61.13270
21-01-2021,61.38270
20-01-2021,61.48130
19-01-2021,61.36240
18-01-2021,60.73580
15-01-2021,61.88010
14-01-2021,62.60650
13-01-2021,62.40540
12-01-2021,62.31750
11-01-2021,62.10840
08-01-2021,62.04720
07-01-2021,61.37810
06-01-2021,60.54040
05-01-2021,60.76570
04-01-2021,60.46510
01-01-2021,59.73270
31-12-2020,59.16640
30-12-2020,58.80540
29-12-2020,58.57300
28-12-2020,58.37470
24-12-2020,57.68110
23-12-2020,57.22170
22-12-2020,55.98180
21-12-2020,55.36820
18-12-2020,57.91950
17-12-2020,57.96760
16-12-2020,57.89390
15-12-2020,57.30600
14-12-2020,57.18420
11-12-2020,56.78170
10-12-2020,56.39790
09-12-2020,56.73770
08-12-2020,56.24730
07-12-2020,56.37790
04-12-2020,55.98590
03-12-2020,55.74940
02-12-2020,55.37210
01-12-2020,55.23200
27-11-2020,54.70650
26-11-2020,53.53990
25-11-2020,53.25830
24-11-2020,53.92410
23-11-2020,53.44760
20-11-2020,52.89650
19-11-2020,52.45100
18-11-2020,52.39020
17-11-2020,52.11740
13-11-2020,51.26690
12-11-2020,50.87030
11-11-2020,50.58260
10-11-2020,50.39620
09-11-2020,50.32730
06-11-2020,49.74970
05-11-2020,49.41790
04-11-2020,48.26400
03-11-2020,48.03470
02-11-2020,47.87620
30-10-2020,47.98310
29-10-2020,47.74760
28-10-2020,48.17350
27-10-2020,48.33060
26-10-2020,47.99420
23-10-2020,48.39730
22-10-2020,48.15300
21-10-2020,47.67440
20-10-2020,47.38310
19-10-2020,47.20360
16-10-2020,47.14580
15-10-2020,46.75030
14-10-2020,47.43580
13-10-2020,47.40980
12-10-2020,47.51770
09-10-2020,47.97080
08-10-2020,47.90260
07-10-2020,48.20700
06-10-2020,48.45150
05-10-2020,48.30080
01-10-2020,48.03270
30-09-2020,47.57850
29-09-2020,47.80600
28-09-2020,47.90490
25-09-2020,46.76680
24-09-2020,45.82720
23-09-2020,46.91560
22-09-2020,46.94360
21-09-2020,47.73450
18-09-2020,49.33430
17-09-2020,49.26120
16-09-2020,49.22700
15-09-2020,49.05780
14-09-2020,48.24230
11-09-2020,46.00010
10-09-2020,45.87610
09-09-2020,45.30070
08-09-2020,45.86810
07-09-2020,46.21540
04-09-2020,46.24200
03-09-2020,46.94940
02-09-2020,46.85970
01-09-2020,46.11000
31-08-2020,46.07320
28-08-2020,48.12780
27-08-2020,48.11360
26-08-2020,47.81310
25-08-2020,47.37560
24-08-2020,47.26280
21-08-2020,46.16960
20-08-2020,45.78220
19-08-2020,45.24740
18-08-2020,44.54970
17-08-2020,44.05120
14-08-2020,43.55470
13-08-2020,43.80150
12-08-2020,43.42570
11-08-2020,43.16320
10-08-2020,42.85200
07-08-2020,42.45140
06-08-2020,42.48970
05-08-2020,42.30430
04-08-2020,41.80890
03-08-2020,41.59210
31-07-2020,41.59940
30-07-2020,41.39910
29-07-2020,41.44520
28-07-2020,41.51070
27-07-2020,41.25380
24-07-2020,41.46650
23-07-2020,41.46490
22-07-2020,41.15120
21-07-2020,41.20530
20-07-2020,40.91750
17-07-2020,40.53270
16-07-2020,40.15140
15-07-2020,39.92430
14-07-2020,39.99750
13-07-2020,40.41470
10-07-2020,40.48170
09-07-2020,40.76070
08-07-2020,40.58450
07-07-2020,40.92480
06-07-2020,40.57960
03-07-2020,39.96700
02-07-2020,39.93060
01-07-2020,39.57110
30-06-2020,39.38530
29-06-2020,39.65120
26-06-2020,40.43430
25-06-2020,40.06980
24-06-2020,40.03250
23-06-2020,40.65360
22-06-2020,40.07270
19-06-2020,39.45540
18-06-2020,38.86530
17-06-2020,38.23520
16-06-2020,37.91440
15-06-2020,37.98040
12-06-2020,38.21770
11-06-2020,38.24300
10-06-2020,38.62280
09-06-2020,38.53140
08-06-2020,39.10240
05-06-2020,38.59490
04-06-2020,37.69010
03-06-2020,37.69370
02-06-2020,37.26900
01-06-2020,36.52660
29-05-2020,35.48140
28-05-2020,35.20800
27-05-2020,34.57140
26-05-2020,34.13410
22-05-2020,33.99510
21-05-2020,34.29300
20-05-2020,34.17980
19-05-2020,33.78590
18-05-2020,33.87020
15-05-2020,35.05020
14-05-2020,35.12320
13-05-2020,35.59930
12-05-2020,35.01280
11-05-2020,35.22670
08-05-2020,35.49650
07-05-2020,35.83290
06-05-2020,35.72380
05-05-2020,35.61410
04-05-2020,35.81620
30-04-2020,37.28820
29-04-2020,36.75170
28-04-2020,36.38840
27-04-2020,36.08290
24-04-2020,35.83270
23-04-2020,36.71630
22-04-2020,36.31630
21-04-2020,36.22990
20-04-2020,37.55940
17-04-2020,37.16290
16-04-2020,36.10440
15-04-2020,35.82620
13-04-2020,35.58490
09-04-2020,35.67410
08-04-2020,34.45910
07-04-2020,33.95360
03-04-2020,32.66620
01-04-2020,33.28110
31-03-2020,33.75590
30-03-2020,32.74650
27-03-2020,33.65180
26-03-2020,33.47380
25-03-2020,32.51370
24-03-2020,31.68860
23-03-2020,31.87540
20-03-2020,36.55520
19-03-2020,35.68780
18-03-2020,37.31700
17-03-2020,39.65290
16-03-2020,40.49050
13-03-2020,42.59100
12-03-2020,42.27540
11-03-2020,45.52140
09-03-2020,45.84370
06-03-2020,47.52510
05-03-2020,48.29180
04-03-2020,48.12110
03-03-2020,48.60140
02-03-2020,48.04750
28-02-2020,48.51320
27-02-2020,49.94370
26-02-2020,50.04690
25-02-2020,50.28140
24-02-2020,50.35030
20-02-2020,51.11070
19-02-2020,50.78790
18-02-2020,50.32950
17-02-2020,50.56270
14-02-2020,51.06550
13-02-2020,51.31880
12-02-2020,51.44920
11-02-2020,51.69310
10-02-2020,51.50910
07-02-2020,52.07000
06-02-2020,52.06230
05-02-2020,51.96360
04-02-2020,51.45870
03-02-2020,50.96470
31-01-2020,52.11330
30-01-2020,51.97400
29-01-2020,52.36400
28-01-2020,52.33630
27-01-2020,52.42780
24-01-2020,52.61940
23-01-2020,52.28440
22-01-2020,51.97960
21-01-2020,52.22310
20-01-2020,52.35280
17-01-2020,52.57850
16-01-2020,52.39980
15-01-2020,52.11150
14-01-2020,51.82160
13-01-2020,51.61730
10-01-2020,51.10510
09-01-2020,50.73350
08-01-2020,50.07060
07-01-2020,50.06230
06-01-2020,49.68670
03-01-2020,50.71570
02-01-2020,50.72520
01-01-2020,50.12460
31-12-2019,49.85080
30-12-2019,49.71200
27-12-2019,49.38470
26-12-2019,49.11040
24-12-2019,49.06550
23-12-2019,49.06090
20-12-2019,48.97860
19-12-2019,48.97490
18-12-2019,49.00490
17-12-2019,48.89600
16-12-2019,48.66200
13-12-2019,48.61490
12-12-2019,48.43150
11-12-2019,48.14680
10-12-2019,48.17490
09-12-2019,48.56830
06-12-2019,48.82610
05-12-2019,49.09820
04-12-2019,49.01440
03-12-2019,48.87430
02-12-2019,49.28960
29-11-2019,49.57870
28-11-2019,49.30740
27-11-2019,49.12390
26-11-2019,49.12170
25-11-2019,49.32630
22-11-2019,48.88580
21-11-2019,48.91300
20-11-2019,49.02140
19-11-2019,49.09700
18-11-2019,49.02840
15-11-2019,48.92610
14-11-2019,48.76210
13-11-2019,48.77250
11-11-2019,49.36120
08-11-2019,49.25640
07-11-2019,49.54670
06-11-2019,49.31800
05-11-2019,49.51280
04-11-2019,49.93750
01-11-2019,49.81530
31-10-2019,49.66680
30-10-2019,49.45500
29-10-2019,49.25920
25-10-2019,48.47390
24-10-2019,48.60170
23-10-2019,48.99570
22-10-2019,49.00560
18-10-2019,49.02410
17-10-2019,48.53640
16-10-2019,48.19500
15-10-2019,48.11270
14-10-2019,48.18560
11-10-2019,48.15290
10-10-2019,47.97510
09-10-2019,48.21070
07-10-2019,47.79490
04-10-2019,48.28070
03-10-2019,48.72080
01-10-2019,48.90020
30-09-2019,49.61280
27-09-2019,49.81390
26-09-2019,49.92330
25-09-2019,49.60750
24-09-2019,50.31830
23-09-2019,50.55780
20-09-2019,48.95600
19-09-2019,47.03870
18-09-2019,47.60440
17-09-2019,47.48050
16-09-2019,48.24090
13-09-2019,48.21800
12-09-2019,47.88340
11-09-2019,47.80120
09-09-2019,47.28630
06-09-2019,47.12590
05-09-2019,46.67320
04-09-2019,46.41820
03-09-2019,46.33050
30-08-2019,46.87010
29-08-2019,46.60510
28-08-2019,46.93630
27-08-2019,47.02050
26-08-2019,46.62330
23-08-2019,46.07270
22-08-2019,45.92500
21-08-2019,46.77040
20-08-2019,47.23510
19-08-2019,47.34330
16-08-2019,47.04200
14-08-2019,46.96680
13-08-2019,46.85400
09-08-2019,47.59750
08-08-2019,47.27440
07-08-2019,46.95070
06-08-2019,46.98160
05-08-2019,46.50860
02-08-2019,47.22740
01-08-2019,47.49640
31-07-2019,48.16250
30-07-2019,47.82730
29-07-2019,48.45630
26-07-2019,48.89080
25-07-2019,48.92740
24-07-2019,49.13210
23-07-2019,49.54430
22-07-2019,49.38850
19-07-2019,50.18270
18-07-2019,51.12940
17-07-2019,51.62870
16-07-2019,51.69140
15-07-2019,51.50090
12-07-2019,51.62640
11-07-2019,51.57790
10-07-2019,51.46510
09-07-2019,51.83590
08-07-2019,51.81090
05-07-2019,52.69230
04-07-2019,53.17040
03-07-2019,53.10470
02-07-2019,53.10900
01-07-2019,53.12900
28-06-2019,52.96020
27-06-2019,52.94900
26-06-2019,52.73540
25-06-2019,52.63550
24-06-2019,52.56890
21-06-2019,52.69700
20-06-2019,52.82320
19-06-2019,52.57910
18-06-2019,52.86520
17-06-2019,53.04730
14-06-2019,53.60860
13-06-2019,53.91110
12-06-2019,54.12130
11-06-2019,54.42270
10-06-2019,54.29450
07-06-2019,54.44640
06-06-2019,54.43970
04-06-2019,55.00100
03-06-2019,54.99310
31-05-2019,54.79280
30-05-2019,54.79690
29-05-2019,54.67180
28-05-2019,55.11030
27-05-2019,54.91600
24-05-2019,53.79960
23-05-2019,52.87440
22-05-2019,52.97640
21-05-2019,52.94050
20-05-2019,53.15390
17-05-2019,51.62570
16-05-2019,51.41120
15-05-2019,51.31700
14-05-2019,51.47280
13-05-2019,51.38000
10-05-2019,52.10330
09-05-2019,52.04980
08-05-2019,52.16940
07-05-2019,52.80810
06-05-2019,53.08690
03-05-2019,53.55210
02-05-2019,53.61740
30-04-2019,53.70970
26-04-2019,54.23900
25-04-2019,54.15870
24-04-2019,54.33210
23-04-2019,54.02660
22-04-2019,54.12970
18-04-2019,54.78190
16-04-2019,55.08340
15-04-2019,54.89850
12-04-2019,54.52980
11-04-2019,54.28660
10-04-2019,54.45760
09-04-2019,54.57190
08-04-2019,54.66980
05-04-2019,54.78540
04-04-2019,54.15680
03-04-2019,54.46620
02-04-2019,54.97950
01-04-2019,55.27420
29-03-2019,55.03600
28-03-2019,54.55980
27-03-2019,54.32300
26-03-2019,53.86170
25-03-2019,53.46940
22-03-2019,54.02400
20-03-2019,54.10290
19-03-2019,54.21520
18-03-2019,54.05930
15-03-2019,53.86670
14-03-2019,53.92730
13-03-2019,54.03210
12-03-2019,54.09080
11-03-2019,53.59650
08-03-2019,52.85390
07-03-2019,52.80090
06-03-2019,52.67070
05-03-2019,52.18140
01-03-2019,50.78500
28-02-2019,50.03880
27-02-2019,49.67880
26-02-2019,49.66990
25-02-2019,49.88830
22-02-2019,49.50170
21-02-2019,49.31060
20-02-2019,49.00150
19-02-2019,48.67230
18-02-2019,48.65720
15-02-2019,49.04100
14-02-2019,49.28820
13-02-2019,49.23490
12-02-2019,49.38910
11-02-2019,49.66490
08-02-2019,50.30980
07-02-2019,50.87730
06-02-2019,50.60880
05-02-2019,50.51660
04-02-2019,50.81210
01-02-2019,51.30980
31-01-2019,51.20160
30-01-2019,50.87600
29-01-2019,50.71410
28-01-2019,50.70780
25-01-2019,51.24680
24-01-2019,51.74130
23-01-2019,51.96640
22-01-2019,52.07630
21-01-2019,52.35570
18-01-2019,52.62390
17-01-2019,52.97410
16-01-2019,52.79830
15-01-2019,52.64620
14-01-2019,52.15980
11-01-2019,52.26600
10-01-2019,52.48450
09-01-2019,52.45590
08-01-2019,52.40520
07-01-2019,52.39060
04-01-2019,52.16090
03-01-2019,52.17500
02-01-2019,52.41320
01-01-2019,52.63380
31-12-2018,52.48600
28-12-2018,52.14430
27-12-2018,51.90160
26-12-2018,51.83680
24-12-2018,51.77460
21-12-2018,52.17250
20-12-2018,52.55300
19-12-2018,52.41200
18-12-2018,51.84620
17-12-2018,51.70090
14-12-2018,51.67220
13-12-2018,51.67670
12-12-2018,51.25370
11-12-2018,50.31300
10-12-2018,49.95300
07-12-2018,50.60400
06-12-2018,50.60300
05-12-2018,51.17320
04-12-2018,51.61150
03-12-2018,51.34080
30-11-2018,51.14230
29-11-2018,51.16620
28-11-2018,51.00990
27-11-2018,51.38690
26-11-2018,51.47630
22-11-2018,51.50340
21-11-2018,51.76560
20-11-2018,51.71640
19-11-2018,51.96620
16-11-2018,51.78420
15-11-2018,51.92720
14-11-2018,51.95460
13-11-2018,51.89160
12-11-2018,51.66640
09-11-2018,52.16140
06-11-2018,51.59350
05-11-2018,51.55600
02-11-2018,51.69660
01-11-2018,51.00830
31-10-2018,50.54870
30-10-2018,49.90870
29-10-2018,49.58560
26-10-2018,49.16220
25-10-2018,49.70490
24-10-2018,49.89970
23-10-2018,49.59280
22-10-2018,49.93090
19-10-2018,50.67960
17-10-2018,51.26270
16-10-2018,51.97990
15-10-2018,51.49370
12-10-2018,51.11740
11-10-2018,50.19580
10-10-2018,50.67910
09-10-2018,49.42250
08-10-2018,49.51690
05-10-2018,49.98910
04-10-2018,50.93850
03-10-2018,51.91790
01-10-2018,51.95060
28-09-2018,52.21120
27-09-2018,52.92860
26-09-2018,53.57380
25-09-2018,53.43740
24-09-2018,53.33740
21-09-2018,54.02180
19-09-2018,55.28740
18-09-2018,55.48520
17-09-2018,56.17230
14-09-2018,56.41300
12-09-2018,55.73260
11-09-2018,56.03480
10-09-2018,56.64180
07-09-2018,57.31690
06-09-2018,57.15360
05-09-2018,57.09740
04-09-2018,57.38030
03-09-2018,57.89690
31-08-2018,58.10940
30-08-2018,57.99220
29-08-2018,58.11970
28-08-2018,58.13290
27-08-2018,58.06980
24-08-2018,57.73430
23-08-2018,57.92710
21-08-2018,57.95490
20-08-2018,57.93430
17-08-2018,57.75410
16-08-2018,57.55230
14-08-2018,57.92800
13-08-2018,57.61960
10-08-2018,58.13970
09-08-2018,58.34000
08-08-2018,58.06520
07-08-2018,58.05230
06-08-2018,58.05850
03-08-2018,57.87890
02-08-2018,57.40270
01-08-2018,57.59590
31-07-2018,57.45870
30-07-2018,57.37670
27-07-2018,57.22080
26-07-2018,56.80790
25-07-2018,56.87300
24-07-2018,56.86070
23-07-2018,56.05010
20-07-2018,55.42550
19-07-2018,55.45010
18-07-2018,55.79960
17-07-2018,56.40520
16-07-2018,55.94610
13-07-2018,56.85180
12-07-2018,57.38540
11-07-2018,57.43530
10-07-2018,57.41640
09-07-2018,57.06750
06-07-2018,56.58850
05-07-2018,56.42660
04-07-2018,56.76640
03-07-2018,56.55280
02-07-2018,56.38130
29-06-2018,56.75860
28-06-2018,56.00000
27-06-2018,56.65650
26-06-2018,57.26010
25-06-2018,57.54460
22-06-2018,58.09050
21-06-2018,58.13340
20-06-2018,58.26980
19-06-2018,58.28960
18-06-2018,58.93020
15-06-2018,59.02560
14-06-2018,59.26350
13-06-2018,59.34860
12-06-2018,59.49440
11-06-2018,59.16630
08-06-2018,59.00370
07-06-2018,58.77920
06-06-2018,57.81160
05-06-2018,57.35240
04-06-2018,58.23800
01-06-2018,59.06500
31-05-2018,59.70590
30-05-2018,59.68460
29-05-2018,59.90190
28-05-2018,60.16590
25-05-2018,59.74720
24-05-2018,59.20890
23-05-2018,59.16420
22-05-2018,59.27080
21-05-2018,58.96790
18-05-2018,60.00190
17-05-2018,60.58300
16-05-2018,60.52350
15-05-2018,60.53740
14-05-2018,60.67720
11-05-2018,60.97080
10-05-2018,60.87010
09-05-2018,61.25290
08-05-2018,61.38300
07-05-2018,61.21110
04-05-2018,61.13140
03-05-2018,61.36320
02-05-2018,61.64530
30-04-2018,62.07140
27-04-2018,61.66990
26-04-2018,61.24740
25-04-2018,60.97550
24-04-2018,61.29720
23-04-2018,61.02820
20-04-2018,60.89010
19-04-2018,60.87090
18-04-2018,60.56020
17-04-2018,60.68180
16-04-2018,60.66520
13-04-2018,60.67900
12-04-2018,60.63350
11-04-2018,60.76130
10-04-2018,60.72310
09-04-2018,60.71190
06-04-2018,60.57760
05-04-2018,60.43080
04-04-2018,59.53570
03-04-2018,60.06730
02-04-2018,59.74570
28-03-2018,58.87080
27-03-2018,58.87360
26-03-2018,58.18980
23-03-2018,57.78590
22-03-2018,58.39730
21-03-2018,58.72100
20-03-2018,58.43260
19-03-2018,58.49790
16-03-2018,59.25710
15-03-2018,59.88410
14-03-2018,59.75010
13-03-2018,59.85950
12-03-2018,59.51130
09-03-2018,59.25150
08-03-2018,59.26830
07-03-2018,59.07510
06-03-2018,59.80160
05-03-2018,60.30620
01-03-2018,60.82520
28-02-2018,60.88490
27-02-2018,60.67430
26-02-2018,60.85300
23-02-2018,60.11120
22-02-2018,59.42910
21-02-2018,59.77650
20-02-2018,59.89960
19-02-2018,59.89620
16-02-2018,60.28610
15-02-2018,60.69490
14-02-2018,61.28470
12-02-2018,61.29550
09-02-2018,60.81210
08-02-2018,60.77460
07-02-2018,59.74430
06-02-2018,59.02320
05-02-2018,59.98440
02-02-2018,60.31920
01-02-2018,62.20010
31-01-2018,62.00480
30-01-2018,62.15820
29-01-2018,62.81040
25-01-2018,63.31320
24-01-2018,63.72910
23-01-2018,64.12310
22-01-2018,64.17100
19-01-2018,63.75440
18-01-2018,63.33670
17-01-2018,63.96220
16-01-2018,63.87450
15-01-2018,64.68690
12-01-2018,64.54490
11-01-2018,64.50990
10-01-2018,64.45720
09-01-2018,64.78640
08-01-2018,64.66320
05-01-2018,64.21740
04-01-2018,63.65110
03-01-2018,63.28510
02-01-2018,63.01130
01-01-2018,63.40130
29-12-2017,63.55740
28-12-2017,63.24820
27-12-2017,63.20430
26-12-2017,63.07190
22-12-2017,63.07390
21-12-2017,62.76470
20-12-2017,62.18570
19-12-2017,61.85960
18-12-2017,61.29050
15-12-2017,60.99380
14-12-2017,60.31940
13-12-2017,60.36820
12-12-2017,60.70140
11-12-2017,61.02730
08-12-2017,61.08600
07-12-2017,60.77930
06-12-2017,60.31300
05-12-2017,60.76590
04-12-2017,60.89750
01-12-2017,60.96740
30-11-2017,61.54650
29-11-2017,61.31940
28-11-2017,61.16130
27-11-2017,60.98080
24-11-2017,60.58920
23-11-2017,60.54170
22-11-2017,60.00670
21-11-2017,59.67660
20-11-2017,59.38670
17-11-2017,58.89360
16-11-2017,58.65400
15-11-2017,58.32810
14-11-2017,58.94440
13-11-2017,58.91010
10-11-2017,59.15770
09-11-2017,58.92110
08-11-2017,58.66310
07-11-2017,58.96430
06-11-2017,59.51940
03-11-2017,59.42060
02-11-2017,59.10390
01-11-2017,59.01900
31-10-2017,58.95890
30-10-2017,58.76560
27-10-2017,58.17120
26-10-2017,58.10140
25-10-2017,58.08090
24-10-2017,58.23900
23-10-2017,58.16420
18-10-2017,57.95500
17-10-2017,57.96740
16-10-2017,57.79500
13-10-2017,57.65360
12-10-2017,57.56400
11-10-2017,57.18960
10-10-2017,57.61240
09-10-2017,57.26430
06-10-2017,56.90220
05-10-2017,56.55380
04-10-2017,56.32010
03-10-2017,56.08390
29-09-2017,55.88320
28-09-2017,55.31930
27-09-2017,54.92330
26-09-2017,55.77290
25-09-2017,55.59790
22-09-2017,56.19300
21-09-2017,57.41020
20-09-2017,57.61600
19-09-2017,57.75630
18-09-2017,57.67180
15-09-2017,57.15700
14-09-2017,56.93000
13-09-2017,56.67390
12-09-2017,57.01310
11-09-2017,56.76440
08-09-2017,56.50840
07-09-2017,56.50590
06-09-2017,56.26460
05-09-2017,55.90230
04-09-2017,55.48860
01-09-2017,55.72150
31-08-2017,55.33150
30-08-2017,54.87270
29-08-2017,54.31050
28-08-2017,54.83410
24-08-2017,54.41100
23-08-2017,54.21670
22-08-2017,53.71370
21-08-2017,53.90130
18-08-2017,54.19160
17-08-2017,54.50680
16-08-2017,54.50830
14-08-2017,53.86770
11-08-2017,52.66660
10-08-2017,52.60280
09-08-2017,53.83640
08-08-2017,54.50530
07-08-2017,54.95340
04-08-2017,54.71230
03-08-2017,54.61060
02-08-2017,55.11130
01-08-2017,55.15110
31-07-2017,55.14360
28-07-2017,55.19750
27-07-2017,55.08720
26-07-2017,55.25620
25-07-2017,55.16000
24-07-2017,55.08210
21-07-2017,55.13740
20-07-2017,55.31860
19-07-2017,55.37150
18-07-2017,55.01410
17-07-2017,55.25200
14-07-2017,55.35090
13-07-2017,55.71760
12-07-2017,55.37240
11-07-2017,54.99560
10-07-2017,55.14540
07-07-2017,55.02120
06-07-2017,54.98570
05-07-2017,54.83710
04-07-2017,54.42430
03-07-2017,54.19550
30-06-2017,53.67690
29-06-2017,53.55430
28-06-2017,53.38360
27-06-2017,53.32180
23-06-2017,54.05780
22-06-2017,54.49340
21-06-2017,54.84270
20-06-2017,55.05710
19-06-2017,55.19940
16-06-2017,55.11920
15-06-2017,54.58910
14-06-2017,54.69860
13-06-2017,54.61320
12-06-2017,54.50210
09-06-2017,54.63600
08-06-2017,54.53720
07-06-2017,54.22410
06-06-2017,54.08710
05-06-2017,54.28450
02-06-2017,53.92710
01-06-2017,53.65550
31-05-2017,53.53980
30-05-2017,53.33910
29-05-2017,53.25740
26-05-2017,53.62050
25-05-2017,52.81610
24-05-2017,51.99670
23-05-2017,52.26120
22-05-2017,52.76820
19-05-2017,53.09700
18-05-2017,53.55120
17-05-2017,54.39920
16-05-2017,54.49050
15-05-2017,54.25160
12-05-2017,53.83270
11-05-2017,54.08470
10-05-2017,54.12190
09-05-2017,53.74430
08-05-2017,53.52370
05-05-2017,53.26630
04-05-2017,53.60680
03-05-2017,53.53400
02-05-2017,53.55080
28-04-2017,53.58510
27-04-2017,53.51830
26-04-2017,53.54560
25-04-2017,53.73070
24-04-2017,53.50890
21-04-2017,53.22230
20-04-2017,53.15090
19-04-2017,52.90250
18-04-2017,52.68630
17-04-2017,52.93360
13-04-2017,52.75620
12-04-2017,52.65360
11-04-2017,52.80210
10-04-2017,52.33070
07-04-2017,52.18060
06-04-2017,52.52200
05-04-2017,52.72520
03-04-2017,52.10760
31-03-2017,51.66900
30-03-2017,51.21030
29-03-2017,50.70240
28-03-2017,50.31870
27-03-2017,49.93220
24-03-2017,49.78880
23-03-2017,49.60740
22-03-2017,49.28610
21-03-2017,49.66400
20-03-2017,49.79600
17-03-2017,49.85350
16-03-2017,49.82910
15-03-2017,49.52910
14-03-2017,49.11160
10-03-2017,48.57860
09-03-2017,48.56650
08-03-2017,48.46820
07-03-2017,48.72530
06-03-2017,48.65450
03-03-2017,48.57940
02-03-2017,48.57090
01-03-2017,48.93660
28-02-2017,48.75060
27-02-2017,48.50120
23-02-2017,48.55420
22-02-2017,48.56550
21-02-2017,48.72140
20-02-2017,48.63090
17-02-2017,48.42820
16-02-2017,48.17720
15-02-2017,47.80120
14-02-2017,48.49820
13-02-2017,48.87490
10-02-2017,48.96700
09-02-2017,48.90720
08-02-2017,48.72830
07-02-2017,48.66810
06-02-2017,48.99300
03-02-2017,48.69100
02-02-2017,48.28720
01-02-2017,47.86570
31-01-2017,47.24650
30-01-2017,47.48980
27-01-2017,47.44980
25-01-2017,47.03970
24-01-2017,46.66370
23-01-2017,46.41620
20-01-2017,46.32970
19-01-2017,46.75190
18-01-2017,46.61780
17-01-2017,46.35110
16-01-2017,46.23450
13-01-2017,46.02070
12-01-2017,45.99800
11-01-2017,46.05820
10-01-2017,45.56940
09-01-2017,45.43790
06-01-2017,45.39170
05-01-2017,45.45680
04-01-2017,45.08030
03-01-2017,44.90310
02-01-2017,44.53960
30-12-2016,44.30250
29-12-2016,43.99630
28-12-2016,43.61580
27-12-2016,43.21360
26-12-2016,42.83830
23-12-2016,43.30670
22-12-2016,43.38460
21-12-2016,43.88700
20-12-2016,43.96060
19-12-2016,44.23860
16-12-2016,44.49860
15-12-2016,44.59090
14-12-2016,44.65000
13-12-2016,44.89410
12-12-2016,44.92400
09-12-2016,45.25560
08-12-2016,45.22240
07-12-2016,44.70140
06-12-2016,44.77120
05-12-2016,44.65160
02-12-2016,44.64360
01-12-2016,45.02260
30-11-2016,45.33160
29-11-2016,44.81140
28-11-2016,44.64170
25-11-2016,44.48680
24-11-2016,43.82930
23-11-2016,43.96780
22-11-2016,43.60950
21-11-2016,43.03010
18-11-2016,43.98440
17-11-2016,43.97950
16-11-2016,44.21130
15-11-2016,43.89760
11-11-2016,45.87390
10-11-2016,47.10310
09-11-2016,46.58410
08-11-2016,47.33350
07-11-2016,47.30140
04-11-2016,47.12190
03-11-2016,47.85080
02-11-2016,48.19600
01-11-2016,48.85680
28-10-2016,48.54940
27-10-2016,48.39800
26-10-2016,48.81330
25-10-2016,49.22340
24-10-2016,49.19060
21-10-2016,49.10900
20-10-2016,49.10130
19-10-2016,48.99520
18-10-2016,48.86090
17-10-2016,48.44650
14-10-2016,48.54590
13-10-2016,48.18240
10-10-2016,48.76020
07-10-2016,48.67790
06-10-2016,48.79430
05-10-2016,48.85040
04-10-2016,48.66770
03-10-2016,48.10490
30-09-2016,47.27790
29-09-2016,46.69320
28-09-2016,47.67330
27-09-2016,47.40050
26-09-2016,47.35240
23-09-2016,47.60270
22-09-2016,47.74930
21-09-2016,47.33460
20-09-2016,47.27350
19-09-2016,47.35140
16-09-2016,47.39140
15-09-2016,47.37940
14-09-2016,47.20970
12-09-2016,46.83250
09-09-2016,47.76460
08-09-2016,48.14560
07-09-2016,47.95050
06-09-2016,47.91970
02-09-2016,47.33550
01-09-2016,47.33580
31-08-2016,47.42650
30-08-2016,47.19370
29-08-2016,46.80520
26-08-2016,46.64670
25-08-2016,46.56250
24-08-2016,46.67890
23-08-2016,46.32710
22-08-2016,46.40190
19-08-2016,46.61290
18-08-2016,46.39760
17-08-2016,45.87760
16-08-2016,45.57260
12-08-2016,45.51220
11-08-2016,45.23700
10-08-2016,45.37310
09-08-2016,45.72380
08-08-2016,45.81730
05-08-2016,45.68830
04-08-2016,45.14060
03-08-2016,45.05690
02-08-2016,45.49710
01-08-2016,45.81930
29-07-2016,45.74190
28-07-2016,45.78730
27-07-2016,45.47880
26-07-2016,45.40530
25-07-2016,45.50120
22-07-2016,45.26410
21-07-2016,44.89480
20-07-2016,44.75710
19-07-2016,44.44140
18-07-2016,44.44230
15-07-2016,44.56300
14-07-2016,44.65000
13-07-2016,44.35700
12-07-2016,44.51930
11-07-2016,44.46620
08-07-2016,44.14900
07-07-2016,44.16630
05-07-2016,44.23910
04-07-2016,44.23660
01-07-2016,43.87340
30-06-2016,43.59780
29-06-2016,43.15840
28-06-2016,42.54420
27-06-2016,42.46700
24-06-2016,42.21780
23-06-2016,42.69650
22-06-2016,42.60050
21-06-2016,42.67550
20-06-2016,42.67820
17-06-2016,42.63920
16-06-2016,42.44700
15-06-2016,42.60550
14-06-2016,42.35460
13-06-2016,42.29730
10-06-2016,42.61720
09-06-2016,42.69450
08-06-2016,42.71600
07-06-2016,42.36730
06-06-2016,41.92270
03-06-2016,41.95060
02-06-2016,41.92500
01-06-2016,41.72690
31-05-2016,41.67580
30-05-2016,41.60050
27-05-2016,41.40980
26-05-2016,41.09950
25-05-2016,40.80130
24-05-2016,40.47090
23-05-2016,40.64110
20-05-2016,40.70220
19-05-2016,40.85800
18-05-2016,41.03720
17-05-2016,41.01360
16-05-2016,40.95480
13-05-2016,40.88450
12-05-2016,40.98190
11-05-2016,40.56860
10-05-2016,40.55820
09-05-2016,40.43240
06-05-2016,39.99770
05-05-2016,39.96950
04-05-2016,39.91860
03-05-2016,40.22710
02-05-2016,40.23380
29-04-2016,40.32160
28-04-2016,40.27750
27-04-2016,40.56680
26-04-2016,40.54900
25-04-2016,40.13760
22-04-2016,40.22540
21-04-2016,40.37860
20-04-2016,40.49360
18-04-2016,40.23800
13-04-2016,39.55680
12-04-2016,39.08370
11-04-2016,38.82090
08-04-2016,38.57820
07-04-2016,38.42120
06-04-2016,38.47760
05-04-2016,38.21050
04-04-2016,38.80110
01-04-2016,38.41030
31-03-2016,38.18860
30-03-2016,38.02000
29-03-2016,37.38060
28-03-2016,37.15320
23-03-2016,37.68010
22-03-2016,37.73030
21-03-2016,37.65080
18-03-2016,37.09210
17-03-2016,36.79290
16-03-2016,36.59670
15-03-2016,36.63210
14-03-2016,36.66960
11-03-2016,36.49060
10-03-2016,36.42350
09-03-2016,36.45270
08-03-2016,36.40140
04-03-2016,36.43070
03-03-2016,36.45430
02-03-2016,36.18990
01-03-2016,35.58090
29-02-2016,34.50220
26-02-2016,34.55140
25-02-2016,34.55940
24-02-2016,34.90990
23-02-2016,35.25940
22-02-2016,35.57820
19-02-2016,35.48420
18-02-2016,35.45900
17-02-2016,35.31270
16-02-2016,35.21950
15-02-2016,35.80070
12-02-2016,34.72280
11-02-2016,35.04430
10-02-2016,36.27090
09-02-2016,36.68240
08-02-2016,37.03980
05-02-2016,37.16250
04-02-2016,36.89720
03-02-2016,36.91870
02-02-2016,37.45690
01-02-2016,37.81100
29-01-2016,37.87900
28-01-2016,37.36370
27-01-2016,37.42790
25-01-2016,37.29210
22-01-2016,36.86910
21-01-2016,36.23380
20-01-2016,35.91220
19-01-2016,36.49390
18-01-2016,36.17520
15-01-2016,37.22780
14-01-2016,38.11980
13-01-2016,38.47540
12-01-2016,38.88180
11-01-2016,39.21180
08-01-2016,39.37300
07-01-2016,39.04750
06-01-2016,39.89260
05-01-2016,40.03510
04-01-2016,39.92900
01-01-2016,40.42100
31-12-2015,40.20440
30-12-2015,39.97840
29-12-2015,39.81940
28-12-2015,39.88940
24-12-2015,39.70750
23-12-2015,39.54970
22-12-2015,39.31850
21-12-2015,39.41120
18-12-2015,39.24450
17-12-2015,39.23060
16-12-2015,38.89860
15-12-2015,38.83750
14-12-2015,38.53310
11-12-2015,38.41620
10-12-2015,38.69190
09-12-2015,38.47940
08-12-2015,39.04970
07-12-2015,39.37100
04-12-2015,39.33190
03-12-2015,39.46310
02-12-2015,39.57930
01-12-2015,39.63690
30-11-2015,39.69970
27-11-2015,39.56360
26-11-2015,39.40470
24-11-2015,39.32500
23-11-2015,39.27080
20-11-2015,39.27680
19-11-2015,39.11040
18-11-2015,38.56260
17-11-2015,38.80750
16-11-2015,38.83440
13-11-2015,38.62670
10-11-2015,38.45980
09-11-2015,38.77220
06-11-2015,38.64740
05-11-2015,38.79440
04-11-2015,39.33140
03-11-2015,39.55760
02-11-2015,39.26200
30-10-2015,39.26220
29-10-2015,39.22270
28-10-2015,39.41620
27-10-2015,39.63590
26-10-2015,39.62310
23-10-2015,39.73840
21-10-2015,39.77200
20-10-2015,39.88190
19-10-2015,39.73180
16-10-2015,39.59690
15-10-2015,39.70740
14-10-2015,39.41200
13-10-2015,39.32800
12-10-2015,39.05450
09-10-2015,39.15500
08-10-2015,39.11220
07-10-2015,39.19880
06-10-2015,39.27140
05-10-2015,39.16900
01-10-2015,38.52850
30-09-2015,38.46340
29-09-2015,37.95670
28-09-2015,37.94350
24-09-2015,38.04260
23-09-2015,37.99210
22-09-2015,37.77320
21-09-2015,38.19690
18-09-2015,37.98830
16-09-2015,37.60150
15-09-2015,37.60090
14-09-2015,37.84650
11-09-2015,37.57180
10-09-2015,37.35670
09-09-2015,37.43010
08-09-2015,36.82030
07-09-2015,36.58770
04-09-2015,37.19460
03-09-2015,37.86860
02-09-2015,37.42970
01-09-2015,37.47250
31-08-2015,38.18690
28-08-2015,38.23130
27-08-2015,38.14270
26-08-2015,37.27810
25-08-2015,37.28930
24-08-2015,37.03970
21-08-2015,39.41000
20-08-2015,39.66660
19-08-2015,40.30950
18-08-2015,40.12640
17-08-2015,39.76170
14-08-2015,39.65340
13-08-2015,39.02170
12-08-2015,39.29930
11-08-2015,40.24410
10-08-2015,40.63360
07-08-2015,40.73070
06-08-2015,40.63980
05-08-2015,40.63260
04-08-2015,40.28310
03-08-2015,40.11490
31-07-2015,39.99440
30-07-2015,39.54650
29-07-2015,39.40130
28-07-2015,39.05850
27-07-2015,38.87930
24-07-2015,39.33430
23-07-2015,39.56500
22-07-2015,39.30700
21-07-2015,39.01250
20-07-2015,39.46620
17-07-2015,39.28170
16-07-2015,39.20180
15-07-2015,39.04470
14-07-2015,38.98930
13-07-2015,38.74440
10-07-2015,38.29780
09-07-2015,38.27440
08-07-2015,38.36060
07-07-2015,38.87360
06-07-2015,38.71940
03-07-2015,38.47680
02-07-2015,38.44830
01-07-2015,38.30500
30-06-2015,37.99560
29-06-2015,37.68970
26-06-2015,38.11610
25-06-2015,37.95710
24-06-2015,37.98540
23-06-2015,38.04830
22-06-2015,37.87810
19-06-2015,37.46390
18-06-2015,37.44740
17-06-2015,37.02410
16-06-2015,36.58970
15-06-2015,36.60410
12-06-2015,36.47940
11-06-2015,36.58940
10-06-2015,37.20970
09-06-2015,36.90810
08-06-2015,37.04800
05-06-2015,37.41900
04-06-2015,37.35600
03-06-2015,37.30670
02-06-2015,37.90120
01-06-2015,38.66010
29-05-2015,38.64070
28-05-2015,38.16390
27-05-2015,38.26450
26-05-2015,38.27640
25-05-2015,38.33810
22-05-2015,38.36200
21-05-2015,38.28270
20-05-2015,38.43310
19-05-2015,38.47760
18-05-2015,38.45780
15-05-2015,38.09590
14-05-2015,37.71570
13-05-2015,37.47060
12-05-2015,37.18970
11-05-2015,37.74010
08-05-2015,37.37240
07-05-2015,36.81130
06-05-2015,37.26630
05-05-2015,38.20480
04-05-2015,38.15620
30-04-2015,37.70950
29-04-2015,37.74230
28-04-2015,37.44930
27-04-2015,36.98450
24-04-2015,37.70760
23-04-2015,38.38230
22-04-2015,38.29900
21-04-2015,38.36140
20-04-2015,38.32600
17-04-2015,39.05620
16-04-2015,39.60300
15-04-2015,39.75070
13-04-2015,39.86180
10-04-2015,39.96130
09-04-2015,39.88450
08-04-2015,39.61900
07-04-2015,39.32810
06-04-2015,39.33050
01-04-2015,39.10980
31-03-2015,38.45810
30-03-2015,38.32300
27-03-2015,37.55390
26-03-2015,37.48990
25-03-2015,37.82790
24-03-2015,38.06220
23-03-2015,38.22000
20-03-2015,38.51220
19-03-2015,38.77960
18-03-2015,39.03100
17-03-2015,38.89450
16-03-2015,38.57190
13-03-2015,38.75790
12-03-2015,38.99390
11-03-2015,38.73650
10-03-2015,38.80250
09-03-2015,38.85150
05-03-2015,39.25020
04-03-2015,38.92380
03-03-2015,39.27840
02-03-2015,38.81700
27-02-2015,38.18120
26-02-2015,37.65770
25-02-2015,37.81750
24-02-2015,37.95160
23-02-2015,38.12740
20-02-2015,38.38730
19-02-2015,38.29270
18-02-2015,38.29270
16-02-2015,38.06230
13-02-2015,38.10100
12-02-2015,37.82310
11-02-2015,37.38260
10-02-2015,36.94570
09-02-2015,36.69060
06-02-2015,37.15530
05-02-2015,37.73630
04-02-2015,37.95530
03-02-2015,37.93070
02-02-2015,38.06480
30-01-2015,38.02290
29-01-2015,38.25280
28-01-2015,38.33670
27-01-2015,38.37030
23-01-2015,38.10090
22-01-2015,38.19510
21-01-2015,37.98010
20-01-2015,38.05430
19-01-2015,37.83700
16-01-2015,37.73750
15-01-2015,37.64310
14-01-2015,37.22350
13-01-2015,37.21390
12-01-2015,36.99300
09-01-2015,36.91710
08-01-2015,36.80840
07-01-2015,36.19020
06-01-2015,36.19320
05-01-2015,37.11370
02-01-2015,37.19830
01-01-2015,36.75340
31-12-2014,36.69570
30-12-2014,36.20730
29-12-2014,35.91350
26-12-2014,35.54750
24-12-2014,35.49570
23-12-2014,35.56280
22-12-2014,35.67050
19-12-2014,35.47640
18-12-2014,35.06480
17-12-2014,34.29430
16-12-2014,34.59750
15-12-2014,35.28580
12-12-2014,35.32660
11-12-2014,35.59840
10-12-2014,35.74880
09-12-2014,35.43630
08-12-2014,35.80880
05-12-2014,36.16180
04-12-2014,36.22000
03-12-2014,35.97220
02-12-2014,35.47950
01-12-2014,35.31920
28-11-2014,35.25350
27-11-2014,34.95970
26-11-2014,34.86870
25-11-2014,34.79060
24-11-2014,35.05780
21-11-2014,35.00490
20-11-2014,34.99920
19-11-2014,35.02030
18-11-2014,34.98590
17-11-2014,34.83850
14-11-2014,34.46130
13-11-2014,34.48520
12-11-2014,34.54310
11-11-2014,34.39700
10-11-2014,34.32340
07-11-2014,34.23260
05-11-2014,33.98330
03-11-2014,33.80640
31-10-2014,33.73880
30-10-2014,33.41400
29-10-2014,33.06580
28-10-2014,32.78310
27-10-2014,32.74840
22-10-2014,32.61540
21-10-2014,32.24920
20-10-2014,31.99610
17-10-2014,31.73520
16-10-2014,31.72690
14-10-2014,32.35670
13-10-2014,32.29010
10-10-2014,32.18180
09-10-2014,32.45110
08-10-2014,32.02640
07-10-2014,32.20170
01-10-2014,32.50170
30-09-2014,32.45960
29-09-2014,32.21370
26-09-2014,31.96040
25-09-2014,31.68270
24-09-2014,32.19810
23-09-2014,32.65670
22-09-2014,33.22800
19-09-2014,33.21010
18-09-2014,33.09680
17-09-2014,32.50900
16-09-2014,32.38940
15-09-2014,33.51350
12-09-2014,33.61780
11-09-2014,33.34160
10-09-2014,33.14730
09-09-2014,33.05270
08-09-2014,32.89480
05-09-2014,32.54420
04-09-2014,32.35560
03-09-2014,32.36840
02-09-2014,32.04850
01-09-2014,31.86930
28-08-2014,31.37530
27-08-2014,31.38510
26-08-2014,30.96360
25-08-2014,30.95050
22-08-2014,30.99290
21-08-2014,30.82210
20-08-2014,30.69070
19-08-2014,30.52420
18-08-2014,30.15300
14-08-2014,29.48350
13-08-2014,29.17220
12-08-2014,29.45390
11-08-2014,29.28310
08-08-2014,29.05170
07-08-2014,29.55660
06-08-2014,29.76430
05-08-2014,29.62630
04-08-2014,29.50060
01-08-2014,29.18330
31-07-2014,29.36120
30-07-2014,29.37740
28-07-2014,29.19540
25-07-2014,29.12460
24-07-2014,29.28910
23-07-2014,29.14820
22-07-2014,29.13120
21-07-2014,28.95050
18-07-2014,28.82660
17-07-2014,28.83750
16-07-2014,28.53840
15-07-2014,28.11360
14-07-2014,27.59080
11-07-2014,27.60180
10-07-2014,28.18760
09-07-2014,28.04080
08-07-2014,28.29480
07-07-2014,29.17270
04-07-2014,29.05970
03-07-2014,28.93090
02-07-2014,28.81500
01-07-2014,28.38590
30-06-2014,28.16760
27-06-2014,27.76420
26-06-2014,27.68750
25-06-2014,27.73990
24-06-2014,27.68590
23-06-2014,27.36120
20-06-2014,27.30480
19-06-2014,27.37730
18-06-2014,27.39230
17-06-2014,27.40110
16-06-2014,26.85410
13-06-2014,26.86230
12-06-2014,27.41800
11-06-2014,27.37000
10-06-2014,27.34060
09-06-2014,27.50260
06-06-2014,27.28270
05-06-2014,26.79120
04-06-2014,26.66410
03-06-2014,26.36120
02-06-2014,26.16360
30-05-2014,25.72410
29-05-2014,25.51690
28-05-2014,25.59830
27-05-2014,25.41170
26-05-2014,25.52250
23-05-2014,25.94950
22-05-2014,25.69620
21-05-2014,25.32610
20-05-2014,25.11830
19-05-2014,24.61910
16-05-2014,23.74980
15-05-2014,23.36400
14-05-2014,23.49720
13-05-2014,23.47730
12-05-2014,23.25570
09-05-2014,23.09610
08-05-2014,22.76550
07-05-2014,22.60960
06-05-2014,22.59130
05-05-2014,22.43380
02-05-2014,22.59510
30-04-2014,22.53370
29-04-2014,22.62650
28-04-2014,22.60740
25-04-2014,22.66940
23-04-2014,22.78560
22-04-2014,22.67680
21-04-2014,22.72030
17-04-2014,22.43980
16-04-2014,22.21560
15-04-2014,22.34300
11-04-2014,22.45570
10-04-2014,22.24500
09-04-2014,22.14840
07-04-2014,21.87920
04-04-2014,21.98150
03-04-2014,21.92330
02-04-2014,21.92800
01-04-2014,21.63110
31-03-2014,21.69990
28-03-2014,21.56340
27-03-2014,21.29660
26-03-2014,21.17830
25-03-2014,21.02710
24-03-2014,20.86600
21-03-2014,20.79570
20-03-2014,20.68320
19-03-2014,20.69480
18-03-2014,20.62850
14-03-2014,20.33530
13-03-2014,20.37560
12-03-2014,20.46290
11-03-2014,20.44480
10-03-2014,20.33560
07-03-2014,20.14950
06-03-2014,20.11290
05-03-2014,19.94270
04-03-2014,19.85360
03-03-2014,19.63170
28-02-2014,19.58510
26-02-2014,19.52110
25-02-2014,19.46430
24-02-2014,19.43170
21-02-2014,19.26220
20-02-2014,19.07560
19-02-2014,19.03450
18-02-2014,18.90230
17-02-2014,18.74020
14-02-2014,18.78280
13-02-2014,18.74370
12-02-2014,18.92360
11-02-2014,18.86850
10-02-2014,18.78250
07-02-2014,18.71830
06-02-2014,18.68890
05-02-2014,18.75960
04-02-2014,18.72280
03-02-2014,18.62440
31-01-2014,18.66440
30-01-2014,18.54350
29-01-2014,18.67810
28-01-2014,18.69300
27-01-2014,18.60190
24-01-2014,18.89680
23-01-2014,19.12450
22-01-2014,19.12790
21-01-2014,19.04890
20-01-2014,18.99530
17-01-2014,18.91820
16-01-2014,19.16760
15-01-2014,19.17510
14-01-2014,19.12170
13-01-2014,19.14700
10-01-2014,19.10530
09-01-2014,19.21280
08-01-2014,19.29840
07-01-2014,19.25660
06-01-2014,19.35530
03-01-2014,19.28240
02-01-2014,19.13440
01-01-2014,19.43280
31-12-2013,19.32190
30-12-2013,19.30240
27-12-2013,19.33660
26-12-2013,19.26940
24-12-2013,19.19330
23-12-2013,19.07820
20-12-2013,18.93210
19-12-2013,18.74370
18-12-2013,18.78690
17-12-2013,18.67780
16-12-2013,18.61490
13-12-2013,18.62610
12-12-2013,18.79630
11-12-2013,18.81090
10-12-2013,18.75180
09-12-2013,18.80120
06-12-2013,18.67280
05-12-2013,18.55490
04-12-2013,18.50270
03-12-2013,18.61280
02-12-2013,18.56000
29-11-2013,18.37550
28-11-2013,18.09550
27-11-2013,17.97980
26-11-2013,17.95850
25-11-2013,17.96810
22-11-2013,17.87010
21-11-2013,17.83390
20-11-2013,18.00340
19-11-2013,17.96550
18-11-2013,17.91770
14-11-2013,17.80390
13-11-2013,17.57920
12-11-2013,17.63560
11-11-2013,17.71980
08-11-2013,17.78000
07-11-2013,17.81030
06-11-2013,17.98970
05-11-2013,17.95510
01-11-2013,17.72990
31-10-2013,17.54770
30-10-2013,17.42690
29-10-2013,17.29860
28-10-2013,17.08690
25-10-2013,17.20300
24-10-2013,17.25680
23-10-2013,17.20640
22-10-2013,17.19440
21-10-2013,17.10220
18-10-2013,16.93780
17-10-2013,16.79320
15-10-2013,16.84820
14-10-2013,17.07550
11-10-2013,17.01990
10-10-2013,16.88420
09-10-2013,16.72120
08-10-2013,16.41860
07-10-2013,16.38440
04-10-2013,16.30350
03-10-2013,16.21910
01-10-2013,16.06260
30-09-2013,15.93570
27-09-2013,15.99440
26-09-2013,16.04030
25-09-2013,16.00430
24-09-2013,16.00810
23-09-2013,15.87240
20-09-2013,15.95380
19-09-2013,16.06940
18-09-2013,15.76340
17-09-2013,15.63520
16-09-2013,15.68630
13-09-2013,15.67860
12-09-2013,15.55480
11-09-2013,15.60700
10-09-2013,15.42380
06-09-2013,15.21120
05-09-2013,15.17970
04-09-2013,14.87910
03-09-2013,14.70770
02-09-2013,14.94290
30-08-2013,14.77660
29-08-2013,14.79320
28-08-2013,14.58090
27-08-2013,14.71700
26-08-2013,15.01670
23-08-2013,14.99140
22-08-2013,14.89610
21-08-2013,14.91440
20-08-2013,14.97900
19-08-2013,15.10260
16-08-2013,15.43990
14-08-2013,15.76090
13-08-2013,15.65960
12-08-2013,15.49080
08-08-2013,15.23630
07-08-2013,15.09390
06-08-2013,15.04130
05-08-2013,15.39740
02-08-2013,15.42480
01-08-2013,15.47600
31-07-2013,15.49750
30-07-2013,15.63300
29-07-2013,15.86610
26-07-2013,15.98010
25-07-2013,16.17150
24-07-2013,16.31580
23-07-2013,16.74470
22-07-2013,16.70020
19-07-2013,16.64020
18-07-2013,16.67680
17-07-2013,16.58890
16-07-2013,16.71030
15-07-2013,17.01630
12-07-2013,16.81110
11-07-2013,16.59610
10-07-2013,16.48600
09-07-2013,16.56330
08-07-2013,16.45410
05-07-2013,16.42040
04-07-2013,16.40240
03-07-2013,16.27120
02-07-2013,16.41350
01-07-2013,16.35450
28-06-2013,16.21960
27-06-2013,15.96590
26-06-2013,16.01110
25-06-2013,16.07840
24-06-2013,16.04460
21-06-2013,16.41290
20-06-2013,16.41900
19-06-2013,16.69590
18-06-2013,16.60210
17-06-2013,16.58390
14-06-2013,16.42260
13-06-2013,16.26500
12-06-2013,16.41800
11-06-2013,16.39740
10-06-2013,16.63410
07-06-2013,16.65730
06-06-2013,16.64270
05-06-2013,16.74200
04-06-2013,16.73090
03-06-2013,16.81800
31-05-2013,16.76340
30-05-2013,17.00390
29-05-2013,16.93980
28-05-2013,16.88360
27-05-2013,16.80940
24-05-2013,16.66190
23-05-2013,16.52100
22-05-2013,16.68700
21-05-2013,16.74460
20-05-2013,16.88450
17-05-2013,16.93010
16-05-2013,16.96230
15-05-2013,16.96530
14-05-2013,16.77030
13-05-2013,16.73440
10-05-2013,16.86520
09-05-2013,16.77480
08-05-2013,16.72490
07-05-2013,16.51400
06-05-2013,16.28010
03-05-2013,16.11410
02-05-2013,16.13670
30-04-2013,16.05840
29-04-2013,16.12270
26-04-2013,16.06980
25-04-2013,16.02630
23-04-2013,15.85130
22-04-2013,15.84180
18-04-2013,15.65400
17-04-2013,15.48650
16-04-2013,15.49460
15-04-2013,15.36890
12-04-2013,15.38000
11-04-2013,15.42540
10-04-2013,15.42220
09-04-2013,15.50410
08-04-2013,15.66860
05-04-2013,15.73930
04-04-2013,15.81030
03-04-2013,16.09570
02-04-2013,16.19210
01-04-2013,15.98570
28-03-2013,15.73650
26-03-2013,15.60150
25-03-2013,15.56180
22-03-2013,15.60660
21-03-2013,15.65580
20-03-2013,15.80160
19-03-2013,16.03340
18-03-2013,16.11190
15-03-2013,16.13020
14-03-2013,16.19600
13-03-2013,16.16590
12-03-2013,16.36760
11-03-2013,16.47770
08-03-2013,16.47270
07-03-2013,16.38570
06-03-2013,16.28810
05-03-2013,16.13610
04-03-2013,15.91400
01-03-2013,16.10800
28-02-2013,16.14310
27-02-2013,16.35230
26-02-2013,16.19980
25-02-2013,16.45300
22-02-2013,16.61130
21-02-2013,16.61010
20-02-2013,16.87900
19-02-2013,16.85870
18-02-2013,16.71990
15-02-2013,16.74330
14-02-2013,16.73830
13-02-2013,16.96120
12-02-2013,16.88940
11-02-2013,16.78520
08-02-2013,16.76750
07-02-2013,16.86650
06-02-2013,16.96810
05-02-2013,17.05920
04-02-2013,17.09610
01-02-2013,17.22400
31-01-2013,17.15720
30-01-2013,17.05250
29-01-2013,17.02580
28-01-2013,17.05260
25-01-2013,17.10230
24-01-2013,16.89690
23-01-2013,17.12450
22-01-2013,17.20130
21-01-2013,17.24620
18-01-2013,17.24480
17-01-2013,17.29160
16-01-2013,17.19930
15-01-2013,17.38190
14-01-2013,17.21670
11-01-2013,17.10560
10-01-2013,17.38610
09-01-2013,17.34750
08-01-2013,17.37020
07-01-2013,17.41590
04-01-2013,17.41950
03-01-2013,17.42480
02-01-2013,17.38190
01-01-2013,17.20130
31-12-2012,17.06510
28-12-2012,17.00130
27-12-2012,16.96480
26-12-2012,17.00290
24-12-2012,16.84740
21-12-2012,16.61740
20-12-2012,16.75750
19-12-2012,16.81390
18-12-2012,16.71140
17-12-2012,16.64450
14-12-2012,16.54320
13-12-2012,16.43810
12-12-2012,16.54370
11-12-2012,16.55040
10-12-2012,16.64360
07-12-2012,16.53890
06-12-2012,16.56350
05-12-2012,16.52820
04-12-2012,16.53370
03-12-2012,16.58780
30-11-2012,16.41020
29-11-2012,16.28690
27-11-2012,16.10270
26-11-2012,15.94660
23-11-2012,15.84710
22-11-2012,15.80240
21-11-2012,15.69640
20-11-2012,15.70850
19-11-2012,15.78500
16-11-2012,15.92900
15-11-2012,16.06590
12-11-2012,15.98710
09-11-2012,15.88200
08-11-2012,15.85970
07-11-2012,15.84400
06-11-2012,15.77240
05-11-2012,15.55580
02-11-2012,15.61120
01-11-2012,15.63210
31-10-2012,15.55570
30-10-2012,15.45980
29-10-2012,15.64130
26-10-2012,15.64930
25-10-2012,15.75400
23-10-2012,15.80290
22-10-2012,15.83980
19-10-2012,15.87250
18-10-2012,15.89740
17-10-2012,15.73420
16-10-2012,15.60640
15-10-2012,15.67390
12-10-2012,15.51310
11-10-2012,15.49310
10-10-2012,15.44770
09-10-2012,15.64170
08-10-2012,15.58790
05-10-2012,15.65530
04-10-2012,15.78380
03-10-2012,15.83210
01-10-2012,15.70450
28-09-2012,15.55370
27-09-2012,15.38850
26-09-2012,15.32890
25-09-2012,15.17030
24-09-2012,14.97110
21-09-2012,14.87230
20-09-2012,14.64270
18-09-2012,14.65020
17-09-2012,14.67810
14-09-2012,14.61930
13-09-2012,14.61300
12-09-2012,14.60770
11-09-2012,14.56130
10-09-2012,14.52960
07-09-2012,14.33980
06-09-2012,14.22970
05-09-2012,14.15850
04-09-2012,14.23840
03-09-2012,14.25940
31-08-2012,14.20160
30-08-2012,14.17020
29-08-2012,14.09340
28-08-2012,14.15780
27-08-2012,14.28480
24-08-2012,14.34810
23-08-2012,14.36810
22-08-2012,14.31600
21-08-2012,14.32380
17-08-2012,14.32280
16-08-2012,14.30560
14-08-2012,14.32060
13-08-2012,14.17120
10-08-2012,14.10860
09-08-2012,14.13040
08-08-2012,14.16390
07-08-2012,14.24310
06-08-2012,14.15910
03-08-2012,14.02620
02-08-2012,14.02560
01-08-2012,13.95300
31-07-2012,13.87040
30-07-2012,13.77440
27-07-2012,13.62410
26-07-2012,13.57070
25-07-2012,13.70520
24-07-2012,13.69160
23-07-2012,13.64560
20-07-2012,13.78820
19-07-2012,13.73530
18-07-2012,13.72070
17-07-2012,13.68720
16-07-2012,13.73720
13-07-2012,13.75900
12-07-2012,13.78990
11-07-2012,13.84830
10-07-2012,13.92080
09-07-2012,13.84340
06-07-2012,13.92900
05-07-2012,14.02970
04-07-2012,13.84820
03-07-2012,13.68170
02-07-2012,13.61790
29-06-2012,13.52470
28-06-2012,13.35140
27-06-2012,13.35960
26-06-2012,13.31210
25-06-2012,13.30470
22-06-2012,13.28820
21-06-2012,13.24110
20-06-2012,13.12470
19-06-2012,13.05940
18-06-2012,13.08300
15-06-2012,13.12890
14-06-2012,13.03670
13-06-2012,13.20310
12-06-2012,13.27600
11-06-2012,13.25260
08-06-2012,13.25790
07-06-2012,13.16430
06-06-2012,13.01770
05-06-2012,12.83150
04-06-2012,12.82660
01-06-2012,12.87360
31-05-2012,12.98880
30-05-2012,12.93590
29-05-2012,13.07260
28-05-2012,13.16910
25-05-2012,13.02010
24-05-2012,12.90110
23-05-2012,12.83590
22-05-2012,12.91890
21-05-2012,12.99550
18-05-2012,12.94340
17-05-2012,12.99700
16-05-2012,12.99290
15-05-2012,13.19630
14-05-2012,13.15600
11-05-2012,13.23270
10-05-2012,13.26720
09-05-2012,13.27280
08-05-2012,13.26960
07-05-2012,13.45420
04-05-2012,13.38460
03-05-2012,13.50780
02-05-2012,13.64370
30-04-2012,13.69160
27-04-2012,13.53760
26-04-2012,13.60280
25-04-2012,13.64660
24-04-2012,13.69920
23-04-2012,13.73660
20-04-2012,13.92110
19-04-2012,14.03000
18-04-2012,14.01830
17-04-2012,13.89570
16-04-2012,13.80070
13-04-2012,13.69600
12-04-2012,13.80100
11-04-2012,13.70470
10-04-2012,13.77500
09-04-2012,13.82980
04-04-2012,13.93740
03-04-2012,13.91330
02-04-2012,13.77130
30-03-2012,13.67110
29-03-2012,13.41190
28-03-2012,13.35150
27-03-2012,13.40020
26-03-2012,13.33250
23-03-2012,13.48570
22-03-2012,13.43180
21-03-2012,13.59650
20-03-2012,13.42500
19-03-2012,13.34330
16-03-2012,13.41810
15-03-2012,13.47170
14-03-2012,13.61740
13-03-2012,13.65480
12-03-2012,13.52450
09-03-2012,13.44720
07-03-2012,13.22110
06-03-2012,13.23830
05-03-2012,13.24560
02-03-2012,13.39210
01-03-2012,13.39450
29-02-2012,13.46990
28-02-2012,13.39770
27-02-2012,13.02550
24-02-2012,13.26510
23-02-2012,13.41830
22-02-2012,13.37780
21-02-2012,13.72290
17-02-2012,13.67380
16-02-2012,13.68900
15-02-2012,13.66770
14-02-2012,13.38190
13-02-2012,13.29610
10-02-2012,13.19790
09-02-2012,13.15410
08-02-2012,13.09050
07-02-2012,12.99530
06-02-2012,13.04350
03-02-2012,12.84580
02-02-2012,12.71670
01-02-2012,12.59980
31-01-2012,12.45010
30-01-2012,12.24340
27-01-2012,12.49540
25-01-2012,12.46740
24-01-2012,12.27440
23-01-2012,12.18390
20-01-2012,12.15680
19-01-2012,12.11880
18-01-2012,11.99920
17-01-2012,12.12770
16-01-2012,11.96700
13-01-2012,11.93690
12-01-2012,11.86600
11-01-2012,11.83560
10-01-2012,11.75290
09-01-2012,11.53620
06-01-2012,11.41900
05-01-2012,11.50550
04-01-2012,11.54520
03-01-2012,11.49170
02-01-2012,11.22430
30-12-2011,11.24920
29-12-2011,11.25140
28-12-2011,11.21040
27-12-2011,11.31690
26-12-2011,11.39190
23-12-2011,11.36080
22-12-2011,11.36480
21-12-2011,11.24930
20-12-2011,11.09670
19-12-2011,11.30040
16-12-2011,11.52220
15-12-2011,11.66060
14-12-2011,11.77210
13-12-2011,11.80880
12-12-2011,11.86520
09-12-2011,12.10780
08-12-2011,12.21370
07-12-2011,12.39660
05-12-2011,12.42030
02-12-2011,12.44950
01-12-2011,12.21730
30-11-2011,12.16890
29-11-2011,12.22880
28-11-2011,12.28820
25-11-2011,12.10320
24-11-2011,12.02900
23-11-2011,11.89530
22-11-2011,12.05520
21-11-2011,12.10630
18-11-2011,12.28930
17-11-2011,12.35730
16-11-2011,12.45080
15-11-2011,12.56440
14-11-2011,12.83350
11-11-2011,12.93920
09-11-2011,13.11210
08-11-2011,13.23290
04-11-2011,13.27620
03-11-2011,13.20200
02-11-2011,13.13450
01-11-2011,13.16100
31-10-2011,13.12690
28-10-2011,13.07410
25-10-2011,12.81030
24-10-2011,12.79140
21-10-2011,12.84740
20-10-2011,12.95070
19-10-2011,13.06440
18-10-2011,12.95350
17-10-2011,13.05240
14-10-2011,13.01100
13-10-2011,12.96810
12-10-2011,12.95630
11-10-2011,12.76470
10-10-2011,12.74340
07-10-2011,12.63470
05-10-2011,12.48510
04-10-2011,12.55760
03-10-2011,12.71030
30-09-2011,12.90650
29-09-2011,12.97040
28-09-2011,12.91420
27-09-2011,12.98760
26-09-2011,12.79390
23-09-2011,12.92660
22-09-2011,12.97620
21-09-2011,13.27920
20-09-2011,13.21730
19-09-2011,13.16670
16-09-2011,13.13940
15-09-2011,13.21150
14-09-2011,13.18250
13-09-2011,13.11800
12-09-2011,13.10070
09-09-2011,13.38150
08-09-2011,13.51100
07-09-2011,13.46110
06-09-2011,13.31260
05-09-2011,13.30480
02-09-2011,13.23340
30-08-2011,13.15590
29-08-2011,12.95850
26-08-2011,12.68620
25-08-2011,12.97970
24-08-2011,13.08410
23-08-2011,13.17140
22-08-2011,13.04710
19-08-2011,12.93550
18-08-2011,13.13770
17-08-2011,13.33820
16-08-2011,13.46820
12-08-2011,13.57350
11-08-2011,13.73890
10-08-2011,13.77040
09-08-2011,13.56380
08-08-2011,13.73770
05-08-2011,13.84900
04-08-2011,14.05310
03-08-2011,14.09300
02-08-2011,14.13720
01-08-2011,14.27590
29-07-2011,14.21270
28-07-2011,14.32860
27-07-2011,14.41990
26-07-2011,14.39210
25-07-2011,14.50000
22-07-2011,14.48060
21-07-2011,14.27880
20-07-2011,14.38200
19-07-2011,14.49790
18-07-2011,14.53810
15-07-2011,14.48080
14-07-2011,14.48670
13-07-2011,14.50260
12-07-2011,14.34930
11-07-2011,14.49530
08-07-2011,14.57970
07-07-2011,14.67400
06-07-2011,14.53360
05-07-2011,14.44660
04-07-2011,14.43590
01-07-2011,14.34240
30-06-2011,14.26980
29-06-2011,14.30530
28-06-2011,14.18540
27-06-2011,14.12640
24-06-2011,14.03000
23-06-2011,13.81200
22-06-2011,13.82940
21-06-2011,13.98860
20-06-2011,13.93320
17-06-2011,14.16370
16-06-2011,14.26860
15-06-2011,14.37100
14-06-2011,14.44730
13-06-2011,14.37140
10-06-2011,14.30640
09-06-2011,14.39750
08-06-2011,14.37050
07-06-2011,14.41560
06-06-2011,14.40360
03-06-2011,14.35130
02-06-2011,14.36820
01-06-2011,14.37340
31-05-2011,14.32200
30-05-2011,14.20890
27-05-2011,14.06640
26-05-2011,13.94800
25-05-2011,13.86570
24-05-2011,13.93070
23-05-2011,13.88360
20-05-2011,14.04860
19-05-2011,13.94490
18-05-2011,14.00560
17-05-2011,14.06480
16-05-2011,14.14040
13-05-2011,14.19920
12-05-2011,14.10820
11-05-2011,14.20720
10-05-2011,14.12000
09-05-2011,14.08110
06-05-2011,14.03340
05-05-2011,13.92350
04-05-2011,14.05570
03-05-2011,14.12220
02-05-2011,14.30270
29-04-2011,14.50060
28-04-2011,14.67900
27-04-2011,14.76610
26-04-2011,14.79110
25-04-2011,14.76240
21-04-2011,14.76440
20-04-2011,14.71980
19-04-2011,14.57340
18-04-2011,14.53340
15-04-2011,14.66070
13-04-2011,14.67500
11-04-2011,14.49850
08-04-2011,14.56830
07-04-2011,14.76130
06-04-2011,14.64610
05-04-2011,14.62110
04-04-2011,14.56620
01-04-2011,14.35350
31-03-2011,14.21450
30-03-2011,14.16930
29-03-2011,13.90120
28-03-2011,13.82940
25-03-2011,13.72400
24-03-2011,13.63450
23-03-2011,13.55330
22-03-2011,13.42910
21-03-2011,13.30920
18-03-2011,13.33710
17-03-2011,13.40720
16-03-2011,13.43530
15-03-2011,13.24860
14-03-2011,13.41720
11-03-2011,13.36740
10-03-2011,13.50080
09-03-2011,13.50290
08-03-2011,13.43540
07-03-2011,13.34950
04-03-2011,13.50180
03-03-2011,13.45570
01-03-2011,13.44890
28-02-2011,13.08540
25-02-2011,13.05260
24-02-2011,13.09520
23-02-2011,13.37550
22-02-2011,13.50420
21-02-2011,13.59520
18-02-2011,13.63200
17-02-2011,13.79440
16-02-2011,13.64840
15-02-2011,13.58070
14-02-2011,13.46780
11-02-2011,13.05030
10-02-2011,12.77480
09-02-2011,12.72070
08-02-2011,13.08720
07-02-2011,13.29360
04-02-2011,13.39230
03-02-2011,13.57870
02-02-2011,13.50600
01-02-2011,13.47150
31-01-2011,13.58650
28-01-2011,13.59580
27-01-2011,13.99680
25-01-2011,14.17240
24-01-2011,14.25320
21-01-2011,14.15590
20-01-2011,14.14130
19-01-2011,14.15860
18-01-2011,14.12200
17-01-2011,14.14660
14-01-2011,14.26340
13-01-2011,14.43730
12-01-2011,14.50590
11-01-2011,14.31880
10-01-2011,14.37540
07-01-2011,14.63890
06-01-2011,14.93440
05-01-2011,15.05900
04-01-2011,15.23640
03-01-2011,15.29770
31-12-2010,15.18300
30-12-2010,15.01910
29-12-2010,14.91270
28-12-2010,14.82680
27-12-2010,14.86520
24-12-2010,14.91990
23-12-2010,14.91450
22-12-2010,14.90590
21-12-2010,14.91060
20-12-2010,14.86500
16-12-2010,14.93280
15-12-2010,14.99680
14-12-2010,15.18920
13-12-2010,15.02780
10-12-2010,14.81440
09-12-2010,14.59690
08-12-2010,15.09360
07-12-2010,15.36370
06-12-2010,15.49410
03-12-2010,15.53180
02-12-2010,15.78920
01-12-2010,15.61520
30-11-2010,15.34290
29-11-2010,15.11970
26-11-2010,15.00530
25-11-2010,15.24410
24-11-2010,15.47930
23-11-2010,15.55980
22-11-2010,15.72100
19-11-2010,15.59950
18-11-2010,15.75390
16-11-2010,15.80390
15-11-2010,16.10530
12-11-2010,16.06250
11-11-2010,16.36330
10-11-2010,16.54810
09-11-2010,16.51620
08-11-2010,16.47650
04-11-2010,16.44140
03-11-2010,16.30660
02-11-2010,16.19280
01-11-2010,16.18060
29-10-2010,15.97660
28-10-2010,16.04690
27-10-2010,16.10740
26-10-2010,16.25610
25-10-2010,16.29930
22-10-2010,16.17490
21-10-2010,16.16830
20-10-2010,16.00230
19-10-2010,16.01390
18-10-2010,15.94140
15-10-2010,16.03730
14-10-2010,16.26540
13-10-2010,16.30890
12-10-2010,16.21900
11-10-2010,16.32000
08-10-2010,16.21980
07-10-2010,16.31220
06-10-2010,16.30410
05-10-2010,16.15080
04-10-2010,16.04550
01-10-2010,15.99340
30-09-2010,15.81080
29-09-2010,15.85250
28-09-2010,15.88120
27-09-2010,15.85340
24-09-2010,15.80330
23-09-2010,15.49110
22-09-2010,15.53490
21-09-2010,15.54860
20-09-2010,15.71600
17-09-2010,15.60070
16-09-2010,15.43250
15-09-2010,15.61840
14-09-2010,15.62290
13-09-2010,15.68110
09-09-2010,15.62660
08-09-2010,15.55870
07-09-2010,15.50520
06-09-2010,15.40290
03-09-2010,15.19810
02-09-2010,15.06050
01-09-2010,14.97210
31-08-2010,14.74330
30-08-2010,14.85240
27-08-2010,14.81880
26-08-2010,14.88290
25-08-2010,14.79640
24-08-2010,14.99110
23-08-2010,15.09240
20-08-2010,15.01290
19-08-2010,15.06310
18-08-2010,14.87410
17-08-2010,14.76270
16-08-2010,14.65620
13-08-2010,14.63900
12-08-2010,14.56010
11-08-2010,14.58650
10-08-2010,14.66780
09-08-2010,14.72480
06-08-2010,14.57170
05-08-2010,14.47490
04-08-2010,14.46600
03-08-2010,14.40160
02-08-2010,14.38130
30-07-2010,14.31700
29-07-2010,14.27440
28-07-2010,14.25400
27-07-2010,14.29510
26-07-2010,14.32410
23-07-2010,14.46270
22-07-2010,14.45190
21-07-2010,14.35780
20-07-2010,14.29680
19-07-2010,14.35520
16-07-2010,14.35880
15-07-2010,14.21820
14-07-2010,14.27420
13-07-2010,14.34470
12-07-2010,14.26960
09-07-2010,14.23540
08-07-2010,14.08880
07-07-2010,13.93020
06-07-2010,13.88330
05-07-2010,13.76380
02-07-2010,13.68630
01-07-2010,13.67230
30-06-2010,13.71260
29-06-2010,13.63650
28-06-2010,13.64060
25-06-2010,13.47680
24-06-2010,13.53140
23-06-2010,13.55190
22-06-2010,13.48090
21-06-2010,13.53110
18-06-2010,13.37630
17-06-2010,13.45260
16-06-2010,13.42790
15-06-2010,13.42930
14-06-2010,13.34800
11-06-2010,13.25950
10-06-2010,13.22230
09-06-2010,13.08760
08-06-2010,13.01250
07-06-2010,13.03200
04-06-2010,13.21360
03-06-2010,13.16640
02-06-2010,13.00010
01-06-2010,12.87330
31-05-2010,12.97420
28-05-2010,12.88910
27-05-2010,12.70700
26-05-2010,12.56180
25-05-2010,12.37300
24-05-2010,12.71930
21-05-2010,12.65810
20-05-2010,12.84060
19-05-2010,12.86770
18-05-2010,13.08470
17-05-2010,13.01240
14-05-2010,13.08610
13-05-2010,13.26090
12-05-2010,13.06650
11-05-2010,13.09320
10-05-2010,13.27850
07-05-2010,12.99050
06-05-2010,13.31460
05-05-2010,13.42130
04-05-2010,13.45250
03-05-2010,13.69170
30-04-2010,13.85850
29-04-2010,13.78880
28-04-2010,13.66460
27-04-2010,13.90920
26-04-2010,13.90330
23-04-2010,13.81900
22-04-2010,13.80410
21-04-2010,13.75580
20-04-2010,13.62410
19-04-2010,13.43000
16-04-2010,13.56300
15-04-2010,13.62750
13-04-2010,13.68530
12-04-2010,13.72170
09-04-2010,13.72750
08-04-2010,13.61000
07-04-2010,13.70220
06-04-2010,13.67340
05-04-2010,13.63560
01-04-2010,13.44310
31-03-2010,13.26700
30-03-2010,13.21540
29-03-2010,13.15400
26-03-2010,13.20600
25-03-2010,13.10000
23-03-2010,13.09770
22-03-2010,13.04350
19-03-2010,13.13900
18-03-2010,13.10220
17-03-2010,13.05870
16-03-2010,13.02170
15-03-2010,12.87520
12-03-2010,12.98390
11-03-2010,12.95680
10-03-2010,12.95830
09-03-2010,12.91230
08-03-2010,12.99420
05-03-2010,12.95440
04-03-2010,12.81450
03-03-2010,12.66130
02-03-2010,12.50310
26-02-2010,12.17800
25-02-2010,11.98740
24-02-2010,12.05380
23-02-2010,12.13960
22-02-2010,12.21260
19-02-2010,12.28210
18-02-2010,12.45420
17-02-2010,12.54500
16-02-2010,12.42440
15-02-2010,12.40460
11-02-2010,12.48440
10-02-2010,12.44890
09-02-2010,12.43650
08-02-2010,12.36840
05-02-2010,12.21420
04-02-2010,12.55780
03-02-2010,12.75600
02-02-2010,12.54530
01-02-2010,12.64930
29-01-2010,12.45390
28-01-2010,12.37570
27-01-2010,12.36180
25-01-2010,12.97420
22-01-2010,13.13700
21-01-2010,13.21920
20-01-2010,13.54010
19-01-2010,13.50230
18-01-2010,13.56760
15-01-2010,13.51550
14-01-2010,13.45620
13-01-2010,13.38810
12-01-2010,13.31610
11-01-2010,13.44020
08-01-2010,13.27890
07-01-2010,13.28420
06-01-2010,13.25060
05-01-2010,13.10110
04-01-2010,12.96540
31-12-2009,12.80240
30-12-2009,12.76550
29-12-2009,12.67050
24-12-2009,12.61770
23-12-2009,12.55550
22-12-2009,12.38910
21-12-2009,12.27030
18-12-2009,12.29240
17-12-2009,12.36710
16-12-2009,12.25060
15-12-2009,12.24100
14-12-2009,12.41970
11-12-2009,12.45480
10-12-2009,12.51700
09-12-2009,12.46620
08-12-2009,12.56190
07-12-2009,12.40610
04-12-2009,12.45120
03-12-2009,12.53210
02-12-2009,12.51870
01-12-2009,12.38250
30-11-2009,12.16730
27-11-2009,11.95520
26-11-2009,12.09960
25-11-2009,12.28160
24-11-2009,12.23210
23-11-2009,12.22090
20-11-2009,12.12270
19-11-2009,12.05440
18-11-2009,12.25030
17-11-2009,12.22900
16-11-2009,12.21860
13-11-2009,12.06680
12-11-2009,11.96280
11-11-2009,12.08980
10-11-2009,11.91040
09-11-2009,11.92790
06-11-2009,11.64960
05-11-2009,11.38810
04-11-2009,11.19170
03-11-2009,10.95470
30-10-2009,11.34840
29-10-2009,11.35150
28-10-2009,11.44720
27-10-2009,11.46480
26-10-2009,11.86010
23-10-2009,11.96700
22-10-2009,11.82020
21-10-2009,11.96180
20-10-2009,12.07440
16-10-2009,11.90490
15-10-2009,11.79920
14-10-2009,11.69200
12-10-2009,11.46570
09-10-2009,11.34470
08-10-2009,11.35830
07-10-2009,11.30960
06-10-2009,11.15450
05-10-2009,11.18590
01-10-2009,11.40370
30-09-2009,11.43470
29-09-2009,11.35940
25-09-2009,11.28450
24-09-2009,11.24120
23-09-2009,11.21370
22-09-2009,11.33730
18-09-2009,11.25080
17-09-2009,11.20170
16-09-2009,11.18330
15-09-2009,11.03460
14-09-2009,10.83230
11-09-2009,10.81720
10-09-2009,10.90400
09-09-2009,10.87440
08-09-2009,10.94640
07-09-2009,10.94020
04-09-2009,10.72390
03-09-2009,10.64260
02-09-2009,10.62350
01-09-2009,10.74570
31-08-2009,10.88630
28-08-2009,10.86520
27-08-2009,10.77900
26-08-2009,10.77070
25-08-2009,10.61730
24-08-2009,10.52250
21-08-2009,10.29500
20-08-2009,10.12580
19-08-2009,10.03570
18-08-2009,10.14910
17-08-2009,9.96250
14-08-2009,10.32870
13-08-2009,10.31930
12-08-2009,9.95660
11-08-2009,9.92830
10-08-2009,9.82020
07-08-2009,9.98090
06-08-2009,10.26910
05-08-2009,10.50320
04-08-2009,10.45910
03-08-2009,10.56420
31-07-2009,10.42620
30-07-2009,10.29660
29-07-2009,10.28940
28-07-2009,10.40500
27-07-2009,10.22790
24-07-2009,10.09340
23-07-2009,9.90050
22-07-2009,9.77620
21-07-2009,9.87750
20-07-2009,9.92770
17-07-2009,9.68860
16-07-2009,9.40120
15-07-2009,9.33930
14-07-2009,9.02440
13-07-2009,8.65810
10-07-2009,8.84500
09-07-2009,9.04410
08-07-2009,8.97190
07-07-2009,9.22940
06-07-2009,9.09260
03-07-2009,9.59020
02-07-2009,9.51030
01-07-2009,9.45940
30-06-2009,9.45700
29-06-2009,9.73530
26-06-2009,9.58250
25-06-2009,9.46160
24-06-2009,9.46660
23-06-2009,9.27940
22-06-2009,9.21800
19-06-2009,9.23230
18-06-2009,9.09190
17-06-2009,9.35020
16-06-2009,9.68840
15-06-2009,9.51120
12-06-2009,9.72620
11-06-2009,9.94910
10-06-2009,10.01430
09-06-2009,9.84070
08-06-2009,9.59710
05-06-2009,10.15240
04-06-2009,10.17590
03-06-2009,9.97990
02-06-2009,9.76960
01-06-2009,9.70350
29-05-2009,9.40470
28-05-2009,9.15980
27-05-2009,9.18460
26-05-2009,8.80300
25-05-2009,9.07010
22-05-2009,8.97080
21-05-2009,8.82100
20-05-2009,8.83780
19-05-2009,8.35870
15-05-2009,7.24220
14-05-2009,7.18250
13-05-2009,7.10000
12-05-2009,7.04680
11-05-2009,6.97800
08-05-2009,7.09280
07-05-2009,7.12820
06-05-2009,6.97550
05-05-2009,7.05970
04-05-2009,6.98700
29-04-2009,6.75420
28-04-2009,6.59080
27-04-2009,6.80820
24-04-2009,6.80840
23-04-2009,6.72300
22-04-2009,6.63300
21-04-2009,6.69880
20-04-2009,6.68500
17-04-2009,6.56920
16-04-2009,6.50030
15-04-2009,6.77580
13-04-2009,6.54960
09-04-2009,6.36570
08-04-2009,6.29860
06-04-2009,6.18580
02-04-2009,6.04170
01-04-2009,5.83050
31-03-2009,5.75590
30-03-2009,5.66470
27-03-2009,5.74070
26-03-2009,5.65070
25-03-2009,5.54180
24-03-2009,5.51900
23-03-2009,5.51780
20-03-2009,5.36510
19-03-2009,5.38840
18-03-2009,5.40290
17-03-2009,5.27800
16-03-2009,5.31470
13-03-2009,5.22000
12-03-2009,5.08750
09-03-2009,5.07020
06-03-2009,5.11120
05-03-2009,5.09270
04-03-2009,5.16840
03-03-2009,5.20340
02-03-2009,5.27170
27-02-2009,5.39010
26-02-2009,5.40980
25-02-2009,5.40660
24-02-2009,5.40080
20-02-2009,5.45850
19-02-2009,5.52460
18-02-2009,5.52700
17-02-2009,5.54560
16-02-2009,5.65740
13-02-2009,5.80800
12-02-2009,5.74670
11-02-2009,5.75910
10-02-2009,5.72270
09-02-2009,5.68100
06-02-2009,5.56910
05-02-2009,5.49100
04-02-2009,5.54420
03-02-2009,5.56710
02-02-2009,5.55730
30-01-2009,5.61850
29-01-2009,5.59320
28-01-2009,5.65760
27-01-2009,5.57460
23-01-2009,5.51290
22-01-2009,5.64940
21-01-2009,5.71730
20-01-2009,5.85100
19-01-2009,5.93910
16-01-2009,5.89390
15-01-2009,5.85060
14-01-2009,5.93200
13-01-2009,5.78800
12-01-2009,5.89380
09-01-2009,6.03220
07-01-2009,6.17990
06-01-2009,6.62130
05-01-2009,6.65170
02-01-2009,6.53430
01-01-2009,6.42840
31-12-2008,6.25880
30-12-2008,6.25360
29-12-2008,6.13580
26-12-2008,6.03510
24-12-2008,6.08610
23-12-2008,6.14640
22-12-2008,6.30690
19-12-2008,6.34990
18-12-2008,6.29450
17-12-2008,6.15560
16-12-2008,6.29160
15-12-2008,6.15590
12-12-2008,6.01610
11-12-2008,5.94600
10-12-2008,5.83700
08-12-2008,5.71970
05-12-2008,5.67990
04-12-2008,5.72840
03-12-2008,5.55670
02-12-2008,5.53080
01-12-2008,5.58850
28-11-2008,5.67520
26-11-2008,5.64510
25-11-2008,5.59920
24-11-2008,5.69710
21-11-2008,5.70020
20-11-2008,5.60090
19-11-2008,5.77290
18-11-2008,5.86730
17-11-2008,6.03430
14-11-2008,6.25090
12-11-2008,6.38510
11-11-2008,6.55310
10-11-2008,6.77570
07-11-2008,6.53240
06-11-2008,6.43800
05-11-2008,6.60830
04-11-2008,6.74320
03-11-2008,6.56000
31-10-2008,6.32530
29-10-2008,6.12330
27-10-2008,5.91980
24-10-2008,6.07460
23-10-2008,6.62550
22-10-2008,6.78140
21-10-2008,6.96250
20-10-2008,6.75570
17-10-2008,6.80470
16-10-2008,7.03410
15-10-2008,7.10560
14-10-2008,7.36370
13-10-2008,7.28480
10-10-2008,6.92760
08-10-2008,7.44660
07-10-2008,7.78670
06-10-2008,7.92160
03-10-2008,8.44590
01-10-2008,8.62940
30-09-2008,8.54400
29-09-2008,8.42190
26-09-2008,8.70450
25-09-2008,8.96810
24-09-2008,8.99040
23-09-2008,8.96480
22-09-2008,9.11740
19-09-2008,9.12380
18-09-2008,8.86510
17-09-2008,8.94370
16-09-2008,9.04290
15-09-2008,9.04760
12-09-2008,9.39290
11-09-2008,9.46480
10-09-2008,9.58060
09-09-2008,9.67440
08-09-2008,9.76300
05-09-2008,9.61780
04-09-2008,9.81050
02-09-2008,9.85230
01-09-2008,9.68230
29-08-2008,9.67250
28-08-2008,9.42250
27-08-2008,9.50880
26-08-2008,9.62040
25-08-2008,9.61320
22-08-2008,9.58540
21-08-2008,9.51120
20-08-2008,9.75150
19-08-2008,9.65950
18-08-2008,9.74240
14-08-2008,9.83480
13-08-2008,10.03960
12-08-2008,10.07360
11-08-2008,10.15630
08-08-2008,9.98380
07-08-2008,9.94130
06-08-2008,9.94010
05-08-2008,9.90590
04-08-2008,9.66320
01-08-2008,9.58070
31-07-2008,9.42680
30-07-2008,9.46500
29-07-2008,9.29940
28-07-2008,9.54160
25-07-2008,9.47280
24-07-2008,9.59320
23-07-2008,9.69010
22-07-2008,9.26870
21-07-2008,9.11710
18-07-2008,9.11550
17-07-2008,8.94460
16-07-2008,8.72210
15-07-2008,8.80090
14-07-2008,9.08340
11-07-2008,9.17320
10-07-2008,9.29090
09-07-2008,9.28640
08-07-2008,8.98150
07-07-2008,9.04840
04-07-2008,8.94950
03-07-2008,8.74170
02-07-2008,8.99710
01-07-2008,8.72240
30-06-2008,8.98290
27-06-2008,9.24120
26-06-2008,9.51770
25-06-2008,9.53260
24-06-2008,9.43080
23-06-2008,9.56290
20-06-2008,9.87440
19-06-2008,10.18470
18-06-2008,10.28460
17-06-2008,10.33130
16-06-2008,10.23730
13-06-2008,10.16920
12-06-2008,10.16300
11-06-2008,10.12900
10-06-2008,10.00100
09-06-2008,10.10290
06-06-2008,10.34750
05-06-2008,10.47840
04-06-2008,10.40770
03-06-2008,10.59390
02-06-2008,10.74930
30-05-2008,10.97990
29-05-2008,10.86990
28-05-2008,10.92120
27-05-2008,10.86250
26-05-2008,10.99220
23-05-2008,11.23380
22-05-2008,11.41230
21-05-2008,11.56240
20-05-2008,11.46330
16-05-2008,11.40510
15-05-2008,11.34310
14-05-2008,11.23210
13-05-2008,11.14000
12-05-2008,11.18190
09-05-2008,11.23620
08-05-2008,11.42800
07-05-2008,11.52080
06-05-2008,11.61160
05-05-2008,11.69930
02-05-2008,11.64090
30-04-2008,11.55910
29-04-2008,11.59410
28-04-2008,11.54150
25-04-2008,11.55740
24-04-2008,11.50510
23-04-2008,11.60360
22-04-2008,11.60550
21-04-2008,11.54590
17-04-2008,11.33940
16-04-2008,11.18710
15-04-2008,11.08300
11-04-2008,10.89690
10-04-2008,10.79770
09-04-2008,10.78440
08-04-2008,10.74730
07-04-2008,10.70390
04-04-2008,10.59530
03-04-2008,10.75780
02-04-2008,10.83690
01-04-2008,10.78920
31-03-2008,10.90370
28-03-2008,10.99840
27-03-2008,10.59050
26-03-2008,10.64420
25-03-2008,10.56560
24-03-2008,10.03330
19-03-2008,10.27760
18-03-2008,10.34970
17-03-2008,10.50150
14-03-2008,11.27040
13-03-2008,11.21350
12-03-2008,11.81310
11-03-2008,11.86810
10-03-2008,11.45370
07-03-2008,11.55010
05-03-2008,12.03240
04-03-2008,12.18360
03-03-2008,12.52290
29-02-2008,13.10830
28-02-2008,13.22650
27-02-2008,13.23510
26-02-2008,13.14780
25-02-2008,12.93230
22-02-2008,12.99990
21-02-2008,13.18420
20-02-2008,13.17100
19-02-2008,13.36550
18-02-2008,13.23850
15-02-2008,13.10790
14-02-2008,12.87070
13-02-2008,12.40430
12-02-2008,12.36640
11-02-2008,12.70610
08-02-2008,13.27570
07-02-2008,13.52830
06-02-2008,13.91230
05-02-2008,14.07130
04-02-2008,14.10680
01-02-2008,13.88390
31-01-2008,14.08980
30-01-2008,14.08890
29-01-2008,14.48250
28-01-2008,14.34110
25-01-2008,14.44950
24-01-2008,13.85200
23-01-2008,14.28080
22-01-2008,13.44700
21-01-2008,14.31870
18-01-2008,15.66130
17-01-2008,16.50000
16-01-2008,16.46150
15-01-2008,16.69400
14-01-2008,16.84790
11-01-2008,16.68390
10-01-2008,16.58440
09-01-2008,17.10360
08-01-2008,17.08780
07-01-2008,17.59330
04-01-2008,17.69840
03-01-2008,17.49340
02-01-2008,17.42140
01-01-2008,17.15760
31-12-2007,16.98700
28-12-2007,16.44890
27-12-2007,16.23910
26-12-2007,16.17130
24-12-2007,15.85070
20-12-2007,15.52940
19-12-2007,15.49330
18-12-2007,15.54050
17-12-2007,15.52110
14-12-2007,16.01280
13-12-2007,15.94660
12-12-2007,15.92320
11-12-2007,15.67860
10-12-2007,15.58650
07-12-2007,15.41860
06-12-2007,15.36140
05-12-2007,15.25880
04-12-2007,14.94880
03-12-2007,14.78110
30-11-2007,14.57370
29-11-2007,14.40530
28-11-2007,14.37940
27-11-2007,14.38190
26-11-2007,14.37760
23-11-2007,14.20290
22-11-2007,14.10370
21-11-2007,14.28500
20-11-2007,14.81310
19-11-2007,15.05030
16-11-2007,14.64750
15-11-2007,14.37560
14-11-2007,14.17620
13-11-2007,13.90240
12-11-2007,13.58660
08-11-2007,13.56950
07-11-2007,13.78620
06-11-2007,13.88380
05-11-2007,14.07100
02-11-2007,13.99140
01-11-2007,13.87650
31-10-2007,14.22910
30-10-2007,13.89170
29-10-2007,13.89300
26-10-2007,13.70280
25-10-2007,13.39840
24-10-2007,13.15840
23-10-2007,13.11770
22-10-2007,12.59100
19-10-2007,12.64070
18-10-2007,13.05710
17-10-2007,13.32370
16-10-2007,13.57840
15-10-2007,13.59150
12-10-2007,13.36510
11-10-2007,13.52200
10-10-2007,13.23550
09-10-2007,13.22390
08-10-2007,12.90090
05-10-2007,13.16690
04-10-2007,13.27280
03-10-2007,13.16120
01-10-2007,13.00420
28-09-2007,12.88010
27-09-2007,12.71400
26-09-2007,12.70600
25-09-2007,12.67000
24-09-2007,12.70660
21-09-2007,12.68450
20-09-2007,12.61620
19-09-2007,12.58530
18-09-2007,12.44450
17-09-2007,12.36090
14-09-2007,12.40110
13-09-2007,12.43120
12-09-2007,12.38890
11-09-2007,12.40930
10-09-2007,12.42530
07-09-2007,12.48670
06-09-2007,12.58030
05-09-2007,12.50520
04-09-2007,12.45830
03-09-2007,12.36990
31-08-2007,12.31440
30-08-2007,12.13060
29-08-2007,12.05500
28-08-2007,11.99820
27-08-2007,11.86090
24-08-2007,11.61980
23-08-2007,11.41050
22-08-2007,11.52240
21-08-2007,11.46830
20-08-2007,11.79070
17-08-2007,11.69390
16-08-2007,11.83940
14-08-2007,12.14020
13-08-2007,12.17120
10-08-2007,12.03050
09-08-2007,12.14770
08-08-2007,12.36410
07-08-2007,12.18070
06-08-2007,12.18260
03-08-2007,12.28560
02-08-2007,12.12900
01-08-2007,12.10660
31-07-2007,12.47460
30-07-2007,12.29690
27-07-2007,12.20750
26-07-2007,12.55320
25-07-2007,12.49020
24-07-2007,12.58830
23-07-2007,12.75100
20-07-2007,12.72480
19-07-2007,12.65440
18-07-2007,12.58660
17-07-2007,12.61790
16-07-2007,12.71290
13-07-2007,12.67350
12-07-2007,12.58810
11-07-2007,12.40090
10-07-2007,12.37310
09-07-2007,12.42340
06-07-2007,12.37070
05-07-2007,12.34140
04-07-2007,12.39620
03-07-2007,12.42720
02-07-2007,12.34140
29-06-2007,12.22940
28-06-2007,12.18050
27-06-2007,12.13180
26-06-2007,12.14870
25-06-2007,12.08150
22-06-2007,12.04780
21-06-2007,11.94960
20-06-2007,11.82500
19-06-2007,11.69400
18-06-2007,11.60180
15-06-2007,11.60420
14-06-2007,11.59680
13-06-2007,11.40430
12-06-2007,11.39250
11-06-2007,11.47460
08-06-2007,11.44240
07-06-2007,11.58490
06-06-2007,11.54640
05-06-2007,11.69600
04-06-2007,11.66890
01-06-2007,11.71100
31-05-2007,11.68510
30-05-2007,11.60010
29-05-2007,11.57070
28-05-2007,11.46230
25-05-2007,11.31200
24-05-2007,11.29900
23-05-2007,11.33100
22-05-2007,11.33880
21-05-2007,11.25440
18-05-2007,11.16090
17-05-2007,11.17230
16-05-2007,11.11240
15-05-2007,10.90750
14-05-2007,10.85120
11-05-2007,10.72720
10-05-2007,10.65870
09-05-2007,10.63960
08-05-2007,10.55020
07-05-2007,10.64910
04-05-2007,10.67470
03-05-2007,10.67110
30-04-2007,10.62360
27-04-2007,10.53300
26-04-2007,10.57170
25-04-2007,10.63570
24-04-2007,10.54850
23-04-2007,10.52700
20-04-2007,10.49260
19-04-2007,10.40650
18-04-2007,10.40980
17-04-2007,10.40720
16-04-2007,10.42910
13-04-2007,10.32000
12-04-2007,10.22030
11-04-2007,10.21230
10-04-2007,10.14240
09-04-2007,10.05190
05-04-2007,9.91760
04-04-2007,9.84500
03-04-2007,9.80070
02-04-2007,9.74180
30-03-2007,10.01000
29-03-2007,9.95000
28-03-2007,9.90000
26-03-2007,10.02000
23-03-2007,10.11000
22-03-2007,10.07000
21-03-2007,9.94000
20-03-2007,9.88000
19-03-2007,9.80000
16-03-2007,9.77000
15-03-2007,9.91000
14-03-2007,9.85000
13-03-2007,10.04000
12-03-2007,9.96000
09-03-2007,9.82000
08-03-2007,9.77000
07-03-2007,9.52000
06-03-2007,9.73000
05-03-2007,9.71000
02-03-2007,10.15000
01-03-2007,10.25000
28-02-2007,10.23000
27-02-2007,10.63000
26-02-2007,10.61000
23-02-2007,10.58000
22-02-2007,10.83000
21-02-2007,10.85000
20-02-2007,10.78000
19-02-2007,10.87000
15-02-2007,10.90000
14-02-2007,10.64000
13-02-2007,10.60000
12-02-2007,10.64000
09-02-2007,10.99000
08-02-2007,11.18000
07-02-2007,11.17000
06-02-2007,11.16000
05-02-2007,11.19000
02-02-2007,11.20000
01-02-2007,11.20000
31-01-2007,11.14000
29-01-2007,11.19000
25-01-2007,11.16000
24-01-2007,11.06000
23-01-2007,11.09000
22-01-2007,11.26000
19-01-2007,11.22000
18-01-2007,11.25000
17-01-2007,11.30000
16-01-2007,11.28000
15-01-2007,11.27000
12-01-2007,11.08000
11-01-2007,11.02000
10-01-2007,10.95000
09-01-2007,11.07000
08-01-2007,11.02000
05-01-2007,11.04000
04-01-2007,11.06000
03-01-2007,11.03000
02-01-2007,10.94000
29-12-2006,10.88000
28-12-2006,10.80000
27-12-2006,10.80000
26-12-2006,10.74000
22-12-2006,10.60000
21-12-2006,10.55000
20-12-2006,10.49000
19-12-2006,10.56000
18-12-2006,10.69000
15-12-2006,10.70000
14-12-2006,10.65000
13-12-2006,10.42000
12-12-2006,10.29000
11-12-2006,10.66000
08-12-2006,10.91000
07-12-2006,10.94000
06-12-2006,10.93000
05-12-2006,11.02000
04-12-2006,10.97000
01-12-2006,10.97000
30-11-2006,10.91000
29-11-2006,10.90000
28-11-2006,10.80000
27-11-2006,10.86000
24-11-2006,10.78000
23-11-2006,10.76000
22-11-2006,10.80000
21-11-2006,10.68000
20-11-2006,10.56000
17-11-2006,10.68000
16-11-2006,10.82000
15-11-2006,10.86000
14-11-2006,10.84000
13-11-2006,10.93000
10-11-2006,10.84000
09-11-2006,10.83000
08-11-2006,10.77000
07-11-2006,10.88000
06-11-2006,10.89000
03-11-2006,10.80000
02-11-2006,10.77000
01-11-2006,10.69000
31-10-2006,10.63000
30-10-2006,10.72000
27-10-2006,10.70000
26-10-2006,10.62000
23-10-2006,10.61000
20-10-2006,10.59000
19-10-2006,10.61000
18-10-2006,10.62000
17-10-2006,10.64000
16-10-2006,10.66000
13-10-2006,10.69000
12-10-2006,10.67000
11-10-2006,10.60000
10-10-2006,10.70000
09-10-2006,10.67000
06-10-2006,10.59000
05-10-2006,10.48000
04-10-2006,10.32000
03-10-2006,10.42000
29-09-2006,10.42000
28-09-2006,10.30000
27-09-2006,10.30000
26-09-2006,10.27000
25-09-2006,10.23000
22-09-2006,10.32000
21-09-2006,10.36000
20-09-2006,10.32000
19-09-2006,10.28000
18-09-2006,10.37000
15-09-2006,10.37000
14-09-2006,10.37000
13-09-2006,10.36000
12-09-2006,10.25000
11-09-2006,10.16000
08-09-2006,10.46000
07-09-2006,10.26000
06-09-2006,10.20000
05-09-2006,10.13000
04-09-2006,10.06000
01-09-2006,9.90000
31-08-2006,9.80000
30-08-2006,9.90000
29-08-2006,9.84000
28-08-2006,9.85000
25-08-2006,9.78000
24-08-2006,9.70000
23-08-2006,9.63000
22-08-2006,9.68000
21-08-2006,9.64000
18-08-2006,9.57000
17-08-2006,9.55000
16-08-2006,9.61000
14-08-2006,9.52000
11-08-2006,9.37000
10-08-2006,9.26000
09-08-2006,9.15000
08-08-2006,9.00000
07-08-2006,8.94000
04-08-2006,8.92000
03-08-2006,8.99000
02-08-2006,8.94000
01-08-2006,8.79000
31-07-2006,8.84000
28-07-2006,8.79000
27-07-2006,8.78000
26-07-2006,8.70000
25-07-2006,8.54000
24-07-2006,8.33000
21-07-2006,8.35000
20-07-2006,8.46000
19-07-2006,8.36000
18-07-2006,8.58000
17-07-2006,8.69000
14-07-2006,8.83000
13-07-2006,8.87000
12-07-2006,8.88000
11-07-2006,8.82000
10-07-2006,8.85000
07-07-2006,8.81000
06-07-2006,8.93000
05-07-2006,8.92000
04-07-2006,8.89000
03-07-2006,8.92000
30-06-2006,8.92000
29-06-2006,8.68000
28-06-2006,8.64000
27-06-2006,8.71000
26-06-2006,8.77000
23-06-2006,9.00000
22-06-2006,8.97000
21-06-2006,8.80000
20-06-2006,8.64000
19-06-2006,8.68000
16-06-2006,8.50000
15-06-2006,8.13000
14-06-2006,7.70000
13-06-2006,7.86000
12-06-2006,8.33000
09-06-2006,8.49000
08-06-2006,8.00000
07-06-2006,8.66000
06-06-2006,9.20000
05-06-2006,9.55000
02-06-2006,9.70000
01-06-2006,9.68000
31-05-2006,9.92000
30-05-2006,10.18000
29-05-2006,10.26000
26-05-2006,10.18000
25-05-2006,9.98000
24-05-2006,10.01000
23-05-2006,10.03000
22-05-2006,9.75000
19-05-2006,10.39000
18-05-2006,10.71000
17-05-2006,11.34000
16-05-2006,10.99000
15-05-2006,11.07000
12-05-2006,11.40000
11-05-2006,11.49000
10-05-2006,11.50000
09-05-2006,11.44000
08-05-2006,11.35000
05-05-2006,11.33000
04-05-2006,11.34000
03-05-2006,11.35000
02-05-2006,11.32000
28-04-2006,11.06000
27-04-2006,11.03000
26-04-2006,11.05000
25-04-2006,10.92000
24-04-2006,11.06000
21-04-2006,11.04000
20-04-2006,11.05000
19-04-2006,11.06000
18-04-2006,11.01000
17-04-2006,10.92000
13-04-2006,10.74000
12-04-2006,10.94000
10-04-2006,11.12000
07-04-2006,11.07000
05-04-2006,11.21000
04-04-2006,10.98000
03-04-2006,10.99000
