date,nav
29-09-2026,112.94400
28-09-2026,113.59300
25-09-2026,115.22500
24-09-2026,114.74300
23-09-2026,116.74200
22-09-2026,116.22500
21-09-2026,116.26400
18-09-2026,115.76800
17-09-2026,114.78600
16-09-2026,114.18000
15-09-2026,114.09400
11-09-2026,116.23700
10-09-2026,116.36000
09-09-2026,116.37200
08-09-2026,117.29300
07-09-2026,117.45600
04-09-2026,117.55100
03-09-2026,117.66100
02-09-2026,117.44900
01-09-2026,118.02200
31-08-2026,118.73000
28-08-2026,118.72300
27-08-2026,118.63300
26-08-2026,118.96700
25-08-2026,119.09900
24-08-2026,118.54200
21-08-2026,118.86000
20-08-2026,118.53600
19-08-2026,117.89600
18-08-2026,118.36100
17-08-2026,118.53600
14-08-2026,118.60900
13-08-2026,118.73000
12-08-2026,118.78400
11-08-2026,118.49000
10-08-2026,118.77200
07-08-2026,118.73100
06-08-2026,118.89500
05-08-2026,119.17400
04-08-2026,118.59600
03-08-2026,119.11400
31-07-2026,117.45100
30-07-2026,117.12600
29-07-2026,116.80800
28-07-2026,115.92900
27-07-2026,116.09600
24-07-2026,115.02000
23-07-2026,115.51200
22-07-2026,116.50500
21-07-2026,117.30600
20-07-2026,117.23100
17-07-2026,117.20200
16-07-2026,116.70200
15-07-2026,116.53800
14-07-2026,115.73900
13-07-2026,116.53000
10-07-2026,116.59300
09-07-2026,115.55100
08-07-2026,114.49300
07-07-2026,116.90600
06-07-2026,117.04800
03-07-2026,116.16000
02-07-2026,115.94400
01-07-2026,114.97600
30-06-2026,114.31800
29-06-2026,114.12900
25-06-2026,114.92400
24-06-2026,115.16400
23-06-2026,114.67300
22-06-2026,115.63600
19-06-2026,115.16900
18-06-2026,114.95800
17-06-2026,114.32800
16-06-2026,113.48600
15-06-2026,112.90700
12-06-2026,111.80200
11-06-2026,109.12100
10-06-2026,109.80100
09-06-2026,110.56500
08-06-2026,109.40900
05-06-2026,110.43700
04-06-2026,110.45100
03-06-2026,109.91300
02-06-2026,110.12000
01-06-2026,109.79400
29-05-2026,110.77300
27-05-2026,112.18700
26-05-2026,111.84500
25-05-2026,112.13900
22-05-2026,110.55900
21-05-2026,110.24700
20-05-2026,110.31500
19-05-2026,110.08900
18-05-2026,109.70900
15-05-2026,110.20400
14-05-2026,110.64600
13-05-2026,109.71400
12-05-2026,109.31000
11-05-2026,111.70800
08-05-2026,113.54500
07-05-2026,114.60100
06-05-2026,114.17100
05-05-2026,112.36300
04-05-2026,112.73900
30-04-2026,112.16400
29-04-2026,113.00500
28-04-2026,112.67700
27-04-2026,113.20300
24-04-2026,112.18500
23-04-2026,113.32000
22-04-2026,114.31400
21-04-2026,114.48800
20-04-2026,113.38300
17-04-2026,113.14300
16-04-2026,112.23900
15-04-2026,112.25800
13-04-2026,110.31800
10-04-2026,110.93300
09-04-2026,109.43800
08-04-2026,110.18200
07-04-2026,106.08600
06-04-2026,105.53000
02-04-2026,104.24300
01-04-2026,104.15000
31-03-2026,102.26700
30-03-2026,102.27200
27-03-2026,104.93100
25-03-2026,107.24400
24-03-2026,105.50600
23-03-2026,102.92100
20-03-2026,106.17200
19-03-2026,105.42500
18-03-2026,109.12000
17-03-2026,108.05500
16-03-2026,107.20900
13-03-2026,106.69900
12-03-2026,109.41900
11-03-2026,110.07600
10-03-2026,111.44400
09-03-2026,110.05300
06-03-2026,112.41300
05-03-2026,113.49500
04-03-2026,112.18700
02-03-2026,114.31200
27-02-2026,116.16300
26-02-2026,117.41800
25-02-2026,117.10700
24-02-2026,116.46500
23-02-2026,117.46200
20-02-2026,116.76700
19-02-2026,116.34200
18-02-2026,118.15500
17-02-2026,117.89700
16-02-2026,117.56200
13-02-2026,116.83000
12-02-2026,117.75900
11-02-2026,118.58300
10-02-2026,118.26600
09-02-2026,117.85200
06-02-2026,116.63400
05-02-2026,116.59700
04-02-2026,117.24000
03-02-2026,116.97000
02-02-2026,114.28600
30-01-2026,114.88800
29-01-2026,114.92000
28-01-2026,114.83700
27-01-2026,113.17200
23-01-2026,112.52500
22-01-2026,114.18100
21-01-2026,113.20900
20-01-2026,113.89900
19-01-2026,116.02100
16-01-2026,116.41600
14-01-2026,116.01600
13-01-2026,116.24800
12-01-2026,116.19800
09-01-2026,116.09400
08-01-2026,116.99100
07-01-2026,118.66600
06-01-2026,118.64200
05-01-2026,118.65700
02-01-2026,118.84900
01-01-2026,117.78400
31-12-2025,117.40400
30-12-2025,116.26800
29-12-2025,116.59800
26-12-2025,116.85500
24-12-2025,117.38400
23-12-2025,117.62600
22-12-2025,117.55200
19-12-2025,116.80800
18-12-2025,115.88200
17-12-2025,116.07600
16-12-2025,116.55600
15-12-2025,117.34600
12-12-2025,117.28600
11-12-2025,116.28900
10-12-2025,115.62800
09-12-2025,116.49800
08-12-2025,116.30700
05-12-2025,117.87100
04-12-2025,117.51100
03-12-2025,117.34100
02-12-2025,117.70400
01-12-2025,118.21300
28-11-2025,118.38300
27-11-2025,118.50500
26-11-2025,118.50000
25-11-2025,117.25900
24-11-2025,117.36600
21-11-2025,117.91400
20-11-2025,118.82000
19-11-2025,118.37000
18-11-2025,118.02500
17-11-2025,118.13100
14-11-2025,117.40900
13-11-2025,117.25600
12-11-2025,117.29800
11-11-2025,116.70600
10-11-2025,116.41000
07-11-2025,116.18600
06-11-2025,116.21800
04-11-2025,117.08900
03-11-2025,117.59500
31-10-2025,117.01100
30-10-2025,117.85200
29-10-2025,118.45300
28-10-2025,117.94800
27-10-2025,118.25700
24-10-2025,117.38700
23-10-2025,117.78000
20-10-2025,117.92400
17-10-2025,117.51600
16-10-2025,117.44800
15-10-2025,116.62700
14-10-2025,115.84500
13-10-2025,116.31300
10-10-2025,116.59300
09-10-2025,116.19400
08-10-2025,115.65400
07-10-2025,116.27900
06-10-2025,116.19400
03-10-2025,115.43100
01-10-2025,114.61700
30-09-2025,113.81100
26-09-2025,113.52000
25-09-2025,115.17500
24-09-2025,115.77500
23-09-2025,116.36900
22-09-2025,116.48300
19-09-2025,117.22900
18-09-2025,117.48600
17-09-2025,117.14000
16-09-2025,116.69000
15-09-2025,115.98800
12-09-2025,115.89900
11-09-2025,115.66300
10-09-2025,115.37900
09-09-2025,114.89000
08-09-2025,114.51700
05-09-2025,114.26400
04-09-2025,114.31200
03-09-2025,114.55800
02-09-2025,113.94100
01-09-2025,113.79600
29-08-2025,112.45900
28-08-2025,112.75300
26-08-2025,113.96600
25-08-2025,115.20300
22-08-2025,114.95500
21-08-2025,115.67600
20-08-2025,115.80500
19-08-2025,115.21700
18-08-2025,114.69600
14-08-2025,113.63600
13-08-2025,113.53300
12-08-2025,113.09500
11-08-2025,113.38200
08-08-2025,112.34000
07-08-2025,113.42400
06-08-2025,113.15900
05-08-2025,114.37800
04-08-2025,114.73900
01-08-2025,114.06000
31-07-2025,115.40600
30-07-2025,115.70100
29-07-2025,115.19900
28-07-2025,114.50500
25-07-2025,115.28800
24-07-2025,116.81700
23-07-2025,117.29100
22-07-2025,116.75000
21-07-2025,116.71000
18-07-2025,116.24800
17-07-2025,117.09100
16-07-2025,117.60800
15-07-2025,117.41900
14-07-2025,116.81800
11-07-2025,116.83200
10-07-2025,117.62000
09-07-2025,118.15700
08-07-2025,118.20100
07-07-2025,117.78800
04-07-2025,117.87500
03-07-2025,117.36300
02-07-2025,117.42200
01-07-2025,117.40300
30-06-2025,117.83900
27-06-2025,117.71500
26-06-2025,116.86000
25-06-2025,115.70700
24-06-2025,114.81900
23-06-2025,114.34700
20-06-2025,114.57300
19-06-2025,113.42700
18-06-2025,114.16100
17-06-2025,114.34600
16-06-2025,114.47200
13-06-2025,113.51100
12-06-2025,114.35000
11-06-2025,115.97000
10-06-2025,115.71400
09-06-2025,115.66400
06-06-2025,114.81700
05-06-2025,114.08400
04-06-2025,113.70700
03-06-2025,113.19800
02-06-2025,113.64100
30-05-2025,113.76000
29-05-2025,113.99500
28-05-2025,113.70400
27-05-2025,113.63900
26-05-2025,114.23800
23-05-2025,113.54300
22-05-2025,112.79700
21-05-2025,113.34400
20-05-2025,112.45500
19-05-2025,113.97800
16-05-2025,114.04600
15-05-2025,113.81100
14-05-2025,112.22400
13-05-2025,111.66300
12-05-2025,112.25000
09-05-2025,108.44000
08-05-2025,109.05300
07-05-2025,110.14600
06-05-2025,109.54700
05-05-2025,110.77500
02-05-2025,110.10600
30-04-2025,110.22300
29-04-2025,110.66600
28-04-2025,110.47500
25-04-2025,109.21100
24-04-2025,110.81400
23-04-2025,111.16100
22-04-2025,110.57200
21-04-2025,110.18500
17-04-2025,108.32800
16-04-2025,106.96900
15-04-2025,106.42300
11-04-2025,103.77000
09-04-2025,101.97600
08-04-2025,102.80200
07-04-2025,100.77500
04-04-2025,103.79200
03-04-2025,105.86100
02-04-2025,106.01100
01-04-2025,105.25100
31-03-2025,106.45000
28-03-2025,106.46400
27-03-2025,106.78100
26-03-2025,105.88200
25-03-2025,107.02600
24-03-2025,107.33200
21-03-2025,105.88400
20-03-2025,104.71800
19-03-2025,103.68000
18-03-2025,102.84900
17-03-2025,101.14600
13-03-2025,100.59500
12-03-2025,100.94600
11-03-2025,101.23000
10-03-2025,101.12000
07-03-2025,101.82500
06-03-2025,101.93100
05-03-2025,101.02000
04-03-2025,99.29500
03-03-2025,99.07700
28-02-2025,99.02600
27-02-2025,101.15700
25-02-2025,101.70400
24-02-2025,101.98800
21-02-2025,102.93800
20-02-2025,103.75600
19-02-2025,103.33200
18-02-2025,102.77200
17-02-2025,103.02500
14-02-2025,103.17200
13-02-2025,104.61000
12-02-2025,104.81500
11-02-2025,105.01100
10-02-2025,106.83700
07-02-2025,108.11700
06-02-2025,108.09800
05-02-2025,108.55200
04-02-2025,108.43600
03-02-2025,106.84900
31-01-2025,108.46900
30-01-2025,107.45400
29-01-2025,107.60700
28-01-2025,106.00500
27-01-2025,105.97300
24-01-2025,108.10500
23-01-2025,109.02900
22-01-2025,108.28200
21-01-2025,108.51400
20-01-2025,110.41800
17-01-2025,109.86400
16-01-2025,110.41900
15-01-2025,109.83200
14-01-2025,109.52800
13-01-2025,108.45300
10-01-2025,111.42900
09-01-2025,112.50500
08-01-2025,113.46600
07-01-2025,114.01400
06-01-2025,113.72500
03-01-2025,116.09700
02-01-2025,116.92300
01-01-2025,115.86000
31-12-2024,115.36500
30-12-2024,115.08700
27-12-2024,115.28200
26-12-2024,115.24700
24-12-2024,115.38000
23-12-2024,115.47600
20-12-2024,115.10300
19-12-2024,117.18900
18-12-2024,117.99500
17-12-2024,119.08300
16-12-2024,120.26100
13-12-2024,120.08800
12-12-2024,119.27900
11-12-2024,119.93400
10-12-2024,119.62600
09-12-2024,119.38100
06-12-2024,119.37700
05-12-2024,119.22900
04-12-2024,118.20700
03-12-2024,117.66500
02-12-2024,116.77300
29-11-2024,116.20900
28-11-2024,115.43000
27-11-2024,116.36100
26-11-2024,115.70200
25-11-2024,115.43200
22-11-2024,113.74700
21-11-2024,111.98000
19-11-2024,112.70300
18-11-2024,112.18100
14-11-2024,112.70300
13-11-2024,112.45100
12-11-2024,113.99400
11-11-2024,115.44200
08-11-2024,115.48100
07-11-2024,116.33400
06-11-2024,117.36900
05-11-2024,115.18100
04-11-2024,114.45400
31-10-2024,115.33200
30-10-2024,115.70500
29-10-2024,115.92700
28-10-2024,115.23200
25-10-2024,114.48600
24-10-2024,116.15900
23-10-2024,116.39300
22-10-2024,116.23600
21-10-2024,118.35400
18-10-2024,119.23000
17-10-2024,118.83600
16-10-2024,120.07400
15-10-2024,120.01800
14-10-2024,119.76400
11-10-2024,119.04800
10-10-2024,118.81300
09-10-2024,119.06900
08-10-2024,118.54500
07-10-2024,116.87600
04-10-2024,119.01300
03-10-2024,120.21400
01-10-2024,122.78200
30-09-2024,122.54600
27-09-2024,123.71200
26-09-2024,123.49200
25-09-2024,123.19800
24-09-2024,123.15100
23-09-2024,123.01800
20-09-2024,121.86000
19-09-2024,120.56100
18-09-2024,121.05500
17-09-2024,121.72600
16-09-2024,121.42000
13-09-2024,120.49500
12-09-2024,120.15700
11-09-2024,118.16200
10-09-2024,118.86400
09-09-2024,118.00700
06-09-2024,118.08600
05-09-2024,119.60200
04-09-2024,119.17200
03-09-2024,119.16900
02-09-2024,119.09000
30-08-2024,118.99700
29-08-2024,118.32200
28-08-2024,118.36700
27-08-2024,118.44000
26-08-2024,118.34600
23-08-2024,117.76700
22-08-2024,117.87800
21-08-2024,117.51600
20-08-2024,117.52500
19-08-2024,116.82700
16-08-2024,116.34300
14-08-2024,114.80900
13-08-2024,115.11300
12-08-2024,116.02500
09-08-2024,116.10100
08-08-2024,115.29800
07-08-2024,116.21800
06-08-2024,114.36700
05-08-2024,114.94700
02-08-2024,118.54300
01-08-2024,119.86100
31-07-2024,120.12300
30-07-2024,119.68200
29-07-2024,119.30600
26-07-2024,118.67700
25-07-2024,117.10800
24-07-2024,116.76400
23-07-2024,116.38300
22-07-2024,116.89300
19-07-2024,116.30900
18-07-2024,118.34500
16-07-2024,118.79300
15-07-2024,118.80200
12-07-2024,118.36800
11-07-2024,118.51300
10-07-2024,118.09800
09-07-2024,118.73000
08-07-2024,118.29500
05-07-2024,118.49400
04-07-2024,117.90600
03-07-2024,117.64400
02-07-2024,116.59500
01-07-2024,116.56400
28-06-2024,115.99400
27-06-2024,116.19100
26-06-2024,115.75000
25-06-2024,115.44600
24-06-2024,114.97900
21-06-2024,114.85200
20-06-2024,115.35700
19-06-2024,115.14900
18-06-2024,116.00600
14-06-2024,115.82000
13-06-2024,114.90700
12-06-2024,114.44400
11-06-2024,113.37900
10-06-2024,112.77600
07-06-2024,112.31700
06-06-2024,110.53700
05-06-2024,108.63900
04-06-2024,105.33800
03-06-2024,113.97200
31-05-2024,109.85100
30-05-2024,109.65500
29-05-2024,110.20800
28-05-2024,110.80800
27-05-2024,111.26300
24-05-2024,111.48700
23-05-2024,111.45000
22-05-2024,110.37300
21-05-2024,110.40100
17-05-2024,109.50700
16-05-2024,108.27000
15-05-2024,107.50800
14-05-2024,106.77400
13-05-2024,105.49700
10-05-2024,105.01400
09-05-2024,104.19000
08-05-2024,105.83500
07-05-2024,105.01500
06-05-2024,106.56300
03-05-2024,107.13600
02-05-2024,107.97700
30-04-2024,107.25300
29-04-2024,107.25300
26-04-2024,106.33600
25-04-2024,106.30400
24-04-2024,105.05900
23-04-2024,104.33900
22-04-2024,104.10300
19-04-2024,103.33400
18-04-2024,102.96000
16-04-2024,103.30800
15-04-2024,103.16600
12-04-2024,104.15100
10-04-2024,105.27700
09-04-2024,104.43400
08-04-2024,104.72900
05-04-2024,103.58500
04-04-2024,103.52800
03-04-2024,103.65700
02-04-2024,103.36700
01-04-2024,102.72800
31-03-2024,101.76400
28-03-2024,101.77800
27-03-2024,100.99500
26-03-2024,100.71100
22-03-2024,100.68300
21-03-2024,99.89800
20-03-2024,98.42300
19-03-2024,98.00900
18-03-2024,99.23100
15-03-2024,98.92000
14-03-2024,99.52300
13-03-2024,98.13700
12-03-2024,100.97700
11-03-2024,101.52700
07-03-2024,102.07900
06-03-2024,101.80300
05-03-2024,102.19400
04-03-2024,102.23500
01-03-2024,101.18400
29-02-2024,99.60600
28-02-2024,99.07600
27-02-2024,100.40500
26-02-2024,100.32900
23-02-2024,100.28500
22-02-2024,100.20300
21-02-2024,99.31700
20-02-2024,99.86400
19-02-2024,99.61100
16-02-2024,99.20900
15-02-2024,98.53600
14-02-2024,97.74400
13-02-2024,96.46200
12-02-2024,95.82800
09-02-2024,97.25100
08-02-2024,97.11700
07-02-2024,97.37800
06-02-2024,97.29600
05-02-2024,96.10200
02-02-2024,96.23400
01-02-2024,95.65400
31-01-2024,95.60800
30-01-2024,94.57900
29-01-2024,95.18600
25-01-2024,93.93300
24-01-2024,94.44200
23-01-2024,93.37800
19-01-2024,94.90100
18-01-2024,93.69500
17-01-2024,93.93100
16-01-2024,95.49400
15-01-2024,95.73400
12-01-2024,95.30500
11-01-2024,94.69700
10-01-2024,94.37400
09-01-2024,94.37800
08-01-2024,94.08900
05-01-2024,95.02200
04-01-2024,94.79700
03-01-2024,94.09900
02-01-2024,94.33200
01-01-2024,94.80300
29-12-2023,94.69200
28-12-2023,94.48400
27-12-2023,93.98900
26-12-2023,93.56800
22-12-2023,93.17200
21-12-2023,92.36200
20-12-2023,91.83000
19-12-2023,93.71900
18-12-2023,93.78600
15-12-2023,93.71700
14-12-2023,93.11300
13-12-2023,92.39300
12-12-2023,92.00800
11-12-2023,92.32500
08-12-2023,91.99800
07-12-2023,92.09200
06-12-2023,92.09500
05-12-2023,92.01200
04-12-2023,91.39600
01-12-2023,90.13200
30-11-2023,89.47300
29-11-2023,88.70400
28-11-2023,88.01400
24-11-2023,87.76000
23-11-2023,87.60700
22-11-2023,87.72200
21-11-2023,87.72700
20-11-2023,87.53200
17-11-2023,87.89400
16-11-2023,87.85100
15-11-2023,87.43000
13-11-2023,86.71000
10-11-2023,86.50700
09-11-2023,86.40000
08-11-2023,86.66600
07-11-2023,86.42800
06-11-2023,86.25100
03-11-2023,85.58100
02-11-2023,85.06000
01-11-2023,84.35500
31-10-2023,84.83000
30-10-2023,84.95000
27-10-2023,84.87500
26-10-2023,84.07800
25-10-2023,84.94100
23-10-2023,85.52300
20-10-2023,87.13600
19-10-2023,87.85200
18-10-2023,87.97800
17-10-2023,88.48000
16-10-2023,88.10600
13-10-2023,87.95300
12-10-2023,88.24700
11-10-2023,87.77300
10-10-2023,87.28100
09-10-2023,86.49200
06-10-2023,87.19000
05-10-2023,86.85700
04-10-2023,86.30800
03-10-2023,87.21800
29-09-2023,87.38200
27-09-2023,87.45000
26-09-2023,87.04800
25-09-2023,87.10100
22-09-2023,87.06000
21-09-2023,87.05900
20-09-2023,87.82600
18-09-2023,88.36000
15-09-2023,88.46300
14-09-2023,88.32900
13-09-2023,87.91600
12-09-2023,87.71600
11-09-2023,88.70000
08-09-2023,87.88600
07-09-2023,87.53400
06-09-2023,87.19000
05-09-2023,87.26600
04-09-2023,87.06200
01-09-2023,86.63300
31-08-2023,85.74900
30-08-2023,85.75600
29-08-2023,85.66400
28-08-2023,85.39300
25-08-2023,84.88500
24-08-2023,85.57800
23-08-2023,85.68100
22-08-2023,85.29400
21-08-2023,84.86500
18-08-2023,84.23400
17-08-2023,84.24100
16-08-2023,84.38000
14-08-2023,84.06300
11-08-2023,84.38700
10-08-2023,84.72900
09-08-2023,85.10200
08-08-2023,84.75000
07-08-2023,84.80000
04-08-2023,84.61400
03-08-2023,84.37900
02-08-2023,84.86100
01-08-2023,85.80800
31-07-2023,85.75900
28-07-2023,85.10500
27-07-2023,84.88400
26-07-2023,85.05300
25-07-2023,84.59700
24-07-2023,84.40200
21-07-2023,84.70900
20-07-2023,85.09200
19-07-2023,84.55600
18-07-2023,84.21300
17-07-2023,84.26800
14-07-2023,83.73100
13-07-2023,83.28400
12-07-2023,83.42200
11-07-2023,83.35700
10-07-2023,82.88900
07-07-2023,83.19300
06-07-2023,83.67300
05-07-2023,83.24800
04-07-2023,82.85000
03-07-2023,82.65100
30-06-2023,82.09500
28-06-2023,81.37100
27-06-2023,80.98800
26-06-2023,80.56600
23-06-2023,80.31000
22-06-2023,81.04000
21-06-2023,81.47100
20-06-2023,81.37100
19-06-2023,81.19800
16-06-2023,81.27300
15-06-2023,80.61800
14-06-2023,80.81900
13-06-2023,80.56500
12-06-2023,79.94900
09-06-2023,79.79600
08-06-2023,80.00100
07-06-2023,80.40800
06-06-2023,79.85200
05-06-2023,79.62200
02-06-2023,79.27400
01-06-2023,78.82900
31-05-2023,79.00000
30-05-2023,79.11400
29-05-2023,78.92300
26-05-2023,78.65100
25-05-2023,77.88900
24-05-2023,77.65300
23-05-2023,77.85100
22-05-2023,77.66100
19-05-2023,77.32500
18-05-2023,77.16100
17-05-2023,77.64300
16-05-2023,77.79700
15-05-2023,77.92100
12-05-2023,77.65500
11-05-2023,77.66900
10-05-2023,77.67400
09-05-2023,77.54900
08-05-2023,77.67700
05-05-2023,77.01000
04-05-2023,77.32500
03-05-2023,76.75900
02-05-2023,77.03800
28-04-2023,76.73400
27-04-2023,76.05400
26-04-2023,75.79900
25-04-2023,75.57800
24-04-2023,75.35700
21-04-2023,74.92600
20-04-2023,75.16700
19-04-2023,74.93700
18-04-2023,75.16900
17-04-2023,75.30400
13-04-2023,75.50400
12-04-2023,75.21600
11-04-2023,75.09700
10-04-2023,74.66700
06-04-2023,74.68500
05-04-2023,74.39700
03-04-2023,74.13100
31-03-2023,73.97000
29-03-2023,73.05800
28-03-2023,72.37500
27-03-2023,72.64900
24-03-2023,72.81400
23-03-2023,73.46200
22-03-2023,73.54800
21-03-2023,73.33500
20-03-2023,72.82700
17-03-2023,73.38400
16-03-2023,73.02300
15-03-2023,73.00300
14-03-2023,73.20700
13-03-2023,73.53200
10-03-2023,74.67300
09-03-2023,75.14800
08-03-2023,75.62300
06-03-2023,75.29600
03-03-2023,74.95600
02-03-2023,73.98800
01-03-2023,74.29400
28-02-2023,73.41800
27-02-2023,73.67400
24-02-2023,73.99600
23-02-2023,74.03800
22-02-2023,74.08300
21-02-2023,74.87600
20-02-2023,75.11200
17-02-2023,75.40000
16-02-2023,75.78000
15-02-2023,75.53000
14-02-2023,75.14800
13-02-2023,74.83200
10-02-2023,75.41700
09-02-2023,75.33300
08-02-2023,75.25100
07-02-2023,74.77800
06-02-2023,74.86100
03-02-2023,74.85800
02-02-2023,74.09300
01-02-2023,73.75700
31-01-2023,74.30000
30-01-2023,73.58600
27-01-2023,73.50100
25-01-2023,74.88500
24-01-2023,75.94000
23-01-2023,76.30200
20-01-2023,76.11000
19-01-2023,76.55400
18-01-2023,76.68300
17-01-2023,76.35300
16-01-2023,76.11600
13-01-2023,76.38500
12-01-2023,76.17200
11-01-2023,76.15500
10-01-2023,76.21500
09-01-2023,76.80700
06-01-2023,75.98200
05-01-2023,76.48900
04-01-2023,76.48500
03-01-2023,77.18700
02-01-2023,77.05500
30-12-2022,76.59900
29-12-2022,76.65300
28-12-2022,76.36000
27-12-2022,76.36000
26-12-2022,75.73700
23-12-2022,74.52600
22-12-2022,76.33200
21-12-2022,76.70500
20-12-2022,77.76600
19-12-2022,77.73000
16-12-2022,77.17700
15-12-2022,77.93100
14-12-2022,78.77400
13-12-2022,78.44800
12-12-2022,78.06200
09-12-2022,78.16700
08-12-2022,78.42700
07-12-2022,77.82700
06-12-2022,77.82000
05-12-2022,78.07900
02-12-2022,78.11600
01-12-2022,78.29500
30-11-2022,77.91100
29-11-2022,77.37100
28-11-2022,77.31100
25-11-2022,77.10100
24-11-2022,76.82900
23-11-2022,76.24900
22-11-2022,76.01900
21-11-2022,75.71800
18-11-2022,76.03200
17-11-2022,76.36900
16-11-2022,76.57000
15-11-2022,76.89400
14-11-2022,76.55400
11-11-2022,76.74500
10-11-2022,76.18700
09-11-2022,76.87300
07-11-2022,77.03800
04-11-2022,76.40000
03-11-2022,76.24500
02-11-2022,76.24800
01-11-2022,76.45600
31-10-2022,76.11900
28-10-2022,75.22400
27-10-2022,75.48600
25-10-2022,74.95800
21-10-2022,74.31200
20-10-2022,74.20600
19-10-2022,74.23600
18-10-2022,74.24900
17-10-2022,73.53700
14-10-2022,72.89300
13-10-2022,72.53600
12-10-2022,73.14400
11-10-2022,72.59700
10-10-2022,73.56500
07-10-2022,73.91700
06-10-2022,74.00700
04-10-2022,73.37800
03-10-2022,71.95100
30-09-2022,72.80100
29-09-2022,71.62200
28-09-2022,71.40200
27-09-2022,71.86800
26-09-2022,71.88500
23-09-2022,73.83600
22-09-2022,75.26000
21-09-2022,75.42900
20-09-2022,75.94000
19-09-2022,74.96900
16-09-2022,74.61000
15-09-2022,76.23900
14-09-2022,76.45200
13-09-2022,76.48800
12-09-2022,75.97500
09-09-2022,75.42600
08-09-2022,75.33400
07-09-2022,74.52000
06-09-2022,74.51900
05-09-2022,74.34200
02-09-2022,73.97800
01-09-2022,74.08800
30-08-2022,74.22800
29-08-2022,72.60000
26-08-2022,73.32300
25-08-2022,73.06700
24-08-2022,73.12600
23-08-2022,72.85900
22-08-2022,72.27900
19-08-2022,73.41600
18-08-2022,74.14300
17-08-2022,74.00400
16-08-2022,73.73700
12-08-2022,73.24600
11-08-2022,73.03800
10-08-2022,72.45600
08-08-2022,72.54200
05-08-2022,72.23400
04-08-2022,72.12900
03-08-2022,72.06700
02-08-2022,72.34300
01-08-2022,72.07300
29-07-2022,71.22000
28-07-2022,70.58500
27-07-2022,69.79700
26-07-2022,69.19400
25-07-2022,69.76700
22-07-2022,69.83100
21-07-2022,69.52100
20-07-2022,68.65600
19-07-2022,68.27600
18-07-2022,67.92600
15-07-2022,67.00200
14-07-2022,66.71200
13-07-2022,66.77100
12-07-2022,66.84000
11-07-2022,67.39300
08-07-2022,67.25300
07-07-2022,66.94300
06-07-2022,66.31500
05-07-2022,65.38500
04-07-2022,65.66100
01-07-2022,65.14100
30-06-2022,65.11500
29-06-2022,65.20100
28-06-2022,65.38300
27-06-2022,65.13900
24-06-2022,64.40000
23-06-2022,63.77100
22-06-2022,62.99600
21-06-2022,63.78600
20-06-2022,62.50900
17-06-2022,62.89300
16-06-2022,63.35800
15-06-2022,64.71100
14-06-2022,64.57100
13-06-2022,64.53100
10-06-2022,66.17800
09-06-2022,66.87100
08-06-2022,66.44700
07-06-2022,66.75100
06-06-2022,67.48600
03-06-2022,67.53500
02-06-2022,68.10300
01-06-2022,67.77500
31-05-2022,67.98600
30-05-2022,68.15400
27-05-2022,66.89900
26-05-2022,66.13200
25-05-2022,65.33900
24-05-2022,66.16000
23-05-2022,66.58800
20-05-2022,67.15800
19-05-2022,65.75500
18-05-2022,67.25400
17-05-2022,67.29600
16-05-2022,65.55300
13-05-2022,65.22600
12-05-2022,65.17900
11-05-2022,66.35900
10-05-2022,66.52900
09-05-2022,67.31300
06-05-2022,67.95000
05-05-2022,68.85400
04-05-2022,68.83200
02-05-2022,70.37500
29-04-2022,70.69200
28-04-2022,71.33400
27-04-2022,70.58400
26-04-2022,71.23700
25-04-2022,70.34300
22-04-2022,71.55500
21-04-2022,72.50800
20-04-2022,71.93600
19-04-2022,71.73200
18-04-2022,72.38700
13-04-2022,73.38600
12-04-2022,73.33100
11-04-2022,74.09200
08-04-2022,74.23900
07-04-2022,73.51200
06-04-2022,73.94500
05-04-2022,74.04300
04-04-2022,73.95300
01-04-2022,72.93600
31-03-2022,72.31900
30-03-2022,72.25200
29-03-2022,71.58800
28-03-2022,71.06500
25-03-2022,70.97100
24-03-2022,71.26600
23-03-2022,71.16500
22-03-2022,71.22600
21-03-2022,70.77500
17-03-2022,71.07500
16-03-2022,70.04200
15-03-2022,68.91000
14-03-2022,69.13300
11-03-2022,68.32600
10-03-2022,68.04300
09-03-2022,67.19400
08-03-2022,65.84700
07-03-2022,65.05000
04-03-2022,66.57100
03-03-2022,67.57300
02-03-2022,67.99100
28-02-2022,68.69400
25-02-2022,68.07700
24-02-2022,66.25100
23-02-2022,69.45500
22-02-2022,69.43300
21-02-2022,70.12800
18-02-2022,70.40500
17-02-2022,70.72100
16-02-2022,71.04700
15-02-2022,71.34800
14-02-2022,69.44300
11-02-2022,71.79800
10-02-2022,73.22000
09-02-2022,73.07200
08-02-2022,72.28000
07-02-2022,72.40400
04-02-2022,73.21700
03-02-2022,73.45800
02-02-2022,73.80200
01-02-2022,72.99800
31-01-2022,71.86100
28-01-2022,70.81900
27-01-2022,70.53300
25-01-2022,71.39900
24-01-2022,70.76400
21-01-2022,73.11700
20-01-2022,74.13700
19-01-2022,74.51600
18-01-2022,75.09000
17-01-2022,76.04800
14-01-2022,75.68200
13-01-2022,75.51000
12-01-2022,75.06800
11-01-2022,74.27600
10-01-2022,74.23600
07-01-2022,73.49200
06-01-2022,73.14300
05-01-2022,73.52900
04-01-2022,73.17100
03-01-2022,72.57100
31-12-2021,71.64200
30-12-2021,71.03600
29-12-2021,71.12700
28-12-2021,71.10100
27-12-2021,70.46200
24-12-2021,70.12900
23-12-2021,70.57800
22-12-2021,69.94400
21-12-2021,68.92500
20-12-2021,68.15500
17-12-2021,70.27500
16-12-2021,71.38400
15-12-2021,71.48400
14-12-2021,71.78400
13-12-2021,72.02100
10-12-2021,72.33600
09-12-2021,72.23600
08-12-2021,71.83100
07-12-2021,70.67400
06-12-2021,69.63200
03-12-2021,71.04500
02-12-2021,71.55100
01-12-2021,70.96700
30-11-2021,70.47500
29-11-2021,70.28800
26-11-2021,70.65600
25-11-2021,72.50300
24-11-2021,72.23100
23-11-2021,72.29400
22-11-2021,71.77900
18-11-2021,73.35000
17-11-2021,74.03600
16-11-2021,74.33100
15-11-2021,74.45400
12-11-2021,74.31200
11-11-2021,73.42900
10-11-2021,73.88100
09-11-2021,73.03900
08-11-2021,72.71900
03-11-2021,71.67700
02-11-2021,71.77200
01-11-2021,71.65900
29-10-2021,70.85400
28-10-2021,70.99600
27-10-2021,72.00800
26-10-2021,71.92300
25-10-2021,71.07400
22-10-2021,71.18100
21-10-2021,71.61000
20-10-2021,71.94700
19-10-2021,72.60700
18-10-2021,73.30600
14-10-2021,72.62300
13-10-2021,72.19200
12-10-2021,71.99200
11-10-2021,71.77300
08-10-2021,71.59600
07-10-2021,71.15400
06-10-2021,70.51000
05-10-2021,71.19400
04-10-2021,71.00500
01-10-2021,70.21100
30-09-2021,70.46900
29-09-2021,70.49600
28-09-2021,70.19600
27-09-2021,70.89100
24-09-2021,70.84900
23-09-2021,71.09700
22-09-2021,70.19200
21-09-2021,69.90200
20-09-2021,69.54200
17-09-2021,70.82000
16-09-2021,71.63800
15-09-2021,71.51400
14-09-2021,70.80800
13-09-2021,70.62700
09-09-2021,70.44200
08-09-2021,70.29900
07-09-2021,70.40500
06-09-2021,70.48400
03-09-2021,70.36400
02-09-2021,69.91500
01-09-2021,69.16500
31-08-2021,69.32500
30-08-2021,68.75900
27-08-2021,67.66500
26-08-2021,67.20100
25-08-2021,67.40600
24-08-2021,67.28800
23-08-2021,66.38600
20-08-2021,66.58100
18-08-2021,67.56900
17-08-2021,67.69100
16-08-2021,67.46000
13-08-2021,67.74200
12-08-2021,67.14700
11-08-2021,66.63900
10-08-2021,66.79500
09-08-2021,67.13600
06-08-2021,67.31800
05-08-2021,67.62600
04-08-2021,67.82300
03-08-2021,67.76500
02-08-2021,67.16600
30-07-2021,66.59000
29-07-2021,66.14300
28-07-2021,65.64400
27-07-2021,65.85500
26-07-2021,66.28300
23-07-2021,66.29500
22-07-2021,66.03900
20-07-2021,65.36500
19-07-2021,65.92200
16-07-2021,66.27000
15-07-2021,66.18900
14-07-2021,66.02600
13-07-2021,65.92200
12-07-2021,65.49700
09-07-2021,65.35400
08-07-2021,65.28400
07-07-2021,65.78600
06-07-2021,65.58200
05-07-2021,65.51200
02-07-2021,65.23200
01-07-2021,65.00900
30-06-2021,65.00000
29-06-2021,64.94300
28-06-2021,65.29400
25-06-2021,65.20000
24-06-2021,64.63300
23-06-2021,64.15000
22-06-2021,64.43500
21-06-2021,64.19300
18-06-2021,63.98200
17-06-2021,64.07600
16-06-2021,64.37200
15-06-2021,64.76000
14-06-2021,64.26800
11-06-2021,64.27300
10-06-2021,64.07200
09-06-2021,63.53900
08-06-2021,64.01200
07-06-2021,63.89900
04-06-2021,63.40100
03-06-2021,63.36900
02-06-2021,62.93200
01-06-2021,62.55100
31-05-2021,62.75800
28-05-2021,62.23500
27-05-2021,62.26200
26-05-2021,61.92300
25-05-2021,61.73200
24-05-2021,61.54500
21-05-2021,61.26900
20-05-2021,60.49100
19-05-2021,60.76500
18-05-2021,60.89100
17-05-2021,60.18700
14-05-2021,59.24500
12-05-2021,59.80500
11-05-2021,60.28500
10-05-2021,60.26900
07-05-2021,59.89700
06-05-2021,59.96800
05-05-2021,59.56000
04-05-2021,58.92700
03-05-2021,59.39800
30-04-2021,59.37200
29-04-2021,60.23100
28-04-2021,60.27200
27-04-2021,59.71300
26-04-2021,59.03000
23-04-2021,58.46700
22-04-2021,58.59700
20-04-2021,58.25800
19-04-2021,58.14100
16-04-2021,59.02000
15-04-2021,58.76800
13-04-2021,58.43800
12-04-2021,57.96000
09-04-2021,60.09000
08-04-2021,60.14500
07-04-2021,59.79000
06-04-2021,59.20100
05-04-2021,59.01900
01-04-2021,59.72900
31-03-2021,59.08400
30-03-2021,59.11300
26-03-2021,57.90700
25-03-2021,57.12700
24-03-2021,57.95500
23-03-2021,58.88300
22-03-2021,58.30700
19-03-2021,58.22500
18-03-2021,57.65300
17-03-2021,58.35900
16-03-2021,59.37200
15-03-2021,59.39200
12-03-2021,59.82800
10-03-2021,60.19200
09-03-2021,59.79900
08-03-2021,59.74800
05-03-2021,59.62600
04-03-2021,60.38600
03-03-2021,60.45000
02-03-2021,59.29300
01-03-2021,58.58900
26-02-2021,57.79700
25-02-2021,59.26700
24-02-2021,58.72200
23-02-2021,57.86300
22-02-2021,57.24200
19-02-2021,58.46700
18-02-2021,59.23000
17-02-2021,59.17400
16-02-2021,59.23900
15-02-2021,59.20900
12-02-2021,58.76000
11-02-2021,58.75600
10-02-2021,58.59600
09-02-2021,58.37300
08-02-2021,58.25300
05-02-2021,57.10500
04-02-2021,57.33300
03-02-2021,56.77800
02-02-2021,56.19500
01-02-2021,55.23900
29-01-2021,53.68200
28-01-2021,54.20400
27-01-2021,54.50800
25-01-2021,55.08600
22-01-2021,55.35000
21-01-2021,55.97100
20-01-2021,56.19600
19-01-2021,55.70000
18-01-2021,54.94500
15-01-2021,55.71900
14-01-2021,56.37100
13-01-2021,56.26800
12-01-2021,56.33700
11-01-2021,56.26600
08-01-2021,55.97200
07-01-2021,55.12200
06-01-2021,55.01600
05-01-2021,55.03600
04-01-2021,54.68800
01-01-2021,54.01900
31-12-2020,53.76900
30-12-2020,53.79500
29-12-2020,53.58700
28-12-2020,53.55300
24-12-2020,53.10300
23-12-2020,52.70100
22-12-2020,51.93400
21-12-2020,51.45200
18-12-2020,53.15300
17-12-2020,53.03700
16-12-2020,52.81600
15-12-2020,52.47500
14-12-2020,52.66300
11-12-2020,52.37200
10-12-2020,52.28600
09-12-2020,52.58000
08-12-2020,52.31000
07-12-2020,52.21300
04-12-2020,51.93300
03-12-2020,51.47500
02-12-2020,51.43000
01-12-2020,51.23900
27-11-2020,50.77600
26-11-2020,50.43800
25-11-2020,50.02000
24-11-2020,50.75000
23-11-2020,50.22500
20-11-2020,49.77000
19-11-2020,49.57400
18-11-2020,49.99100
17-11-2020,49.86500
13-11-2020,49.17600
12-11-2020,48.90100
11-11-2020,48.88900
10-11-2020,48.60600
09-11-2020,48.56500
06-11-2020,47.89100
05-11-2020,47.48000
04-11-2020,46.77700
03-11-2020,46.40600
02-11-2020,46.00400
30-10-2020,46.14600
29-10-2020,46.08800
28-10-2020,46.16500
27-10-2020,46.58000
26-10-2020,46.11200
23-10-2020,46.70000
22-10-2020,46.57700
21-10-2020,46.56100
20-10-2020,46.54500
19-10-2020,46.52200
16-10-2020,46.22900
15-10-2020,45.77200
14-10-2020,46.62300
13-10-2020,46.47200
12-10-2020,46.49200
09-10-2020,46.59300
08-10-2020,46.46200
07-10-2020,46.10300
06-10-2020,45.97000
05-10-2020,45.78600
01-10-2020,45.49700
30-09-2020,45.07100
29-09-2020,44.92500
28-09-2020,44.81100
25-09-2020,44.16900
24-09-2020,43.21700
23-09-2020,44.29500
22-09-2020,44.24700
21-09-2020,44.59400
18-09-2020,45.84200
17-09-2020,45.83100
16-09-2020,45.67600
15-09-2020,45.31200
14-09-2020,45.04100
11-09-2020,44.31600
10-09-2020,44.03200
09-09-2020,43.39800
08-09-2020,43.61600
07-09-2020,43.96100
04-09-2020,43.93900
03-09-2020,44.70100
02-09-2020,44.62900
01-09-2020,44.27600
31-08-2020,44.12500
28-08-2020,45.34800
27-08-2020,45.21300
26-08-2020,45.34500
25-08-2020,44.98100
24-08-2020,45.01300
21-08-2020,44.78500
20-08-2020,44.42200
19-08-2020,44.52700
18-08-2020,44.43500
17-08-2020,43.88900
14-08-2020,43.67200
13-08-2020,43.87200
12-08-2020,43.76100
11-08-2020,43.84500
10-08-2020,43.81800
07-08-2020,43.60600
06-08-2020,43.55900
05-08-2020,43.26800
04-08-2020,43.18400
03-08-2020,42.68600
31-07-2020,43.04700
30-07-2020,42.97000
29-07-2020,43.17300
28-07-2020,43.39000
27-07-2020,43.00800
24-07-2020,43.30700
23-07-2020,43.45300
22-07-2020,43.31400
21-07-2020,43.39300
20-07-2020,43.03600
17-07-2020,42.64500
16-07-2020,42.15200
15-07-2020,41.77700
14-07-2020,41.85100
13-07-2020,42.30600
10-07-2020,42.18500
09-07-2020,42.15500
08-07-2020,42.04100
07-07-2020,42.36400
06-07-2020,42.31300
03-07-2020,41.75100
02-07-2020,41.58000
01-07-2020,41.20200
30-06-2020,41.04300
29-06-2020,40.90000
26-06-2020,41.20300
25-06-2020,40.94500
24-06-2020,40.81300
23-06-2020,41.16200
22-06-2020,40.56100
19-06-2020,40.26800
18-06-2020,39.80000
17-06-2020,39.30000
16-06-2020,39.28300
15-06-2020,39.02400
12-06-2020,39.47300
11-06-2020,39.31500
10-06-2020,39.86500
09-06-2020,39.68000
08-06-2020,40.03300
05-06-2020,39.91300
04-06-2020,39.38700
03-06-2020,39.38200
02-06-2020,39.14700
01-06-2020,38.72800
29-05-2020,37.92100
28-05-2020,37.48000
27-05-2020,36.96600
26-05-2020,36.25200
22-05-2020,36.04500
21-05-2020,36.22100
20-05-2020,36.05900
19-05-2020,35.35100
18-05-2020,35.35400
15-05-2020,36.62600
14-05-2020,36.74700
13-05-2020,37.22900
12-05-2020,36.47500
11-05-2020,36.83700
08-05-2020,36.82900
07-05-2020,36.56000
06-05-2020,36.86500
05-05-2020,36.79800
04-05-2020,37.15300
30-04-2020,38.88100
29-04-2020,38.06800
28-04-2020,37.69100
27-04-2020,37.39800
24-04-2020,36.88800
23-04-2020,37.54800
22-04-2020,37.14200
21-04-2020,36.55400
20-04-2020,37.57100
17-04-2020,37.65700
16-04-2020,36.70200
15-04-2020,36.17800
13-04-2020,36.02800
09-04-2020,36.15600
08-04-2020,35.10300
07-04-2020,35.02600
03-04-2020,32.59900
01-04-2020,33.39100
31-03-2020,34.47900
30-03-2020,33.40300
27-03-2020,34.24500
26-03-2020,34.29300
25-03-2020,33.06600
24-03-2020,31.69600
23-03-2020,31.21200
20-03-2020,35.63800
19-03-2020,33.84000
18-03-2020,35.11100
17-03-2020,37.00800
16-03-2020,37.74700
13-03-2020,40.34200
12-03-2020,39.29200
11-03-2020,42.56300
09-03-2020,42.70600
06-03-2020,44.73300
05-03-2020,45.68700
04-03-2020,45.57200
03-03-2020,45.92000
02-03-2020,45.20200
28-02-2020,45.59200
27-02-2020,47.12700
26-02-2020,47.25900
25-02-2020,47.73400
24-02-2020,48.00400
20-02-2020,48.93900
19-02-2020,48.99300
18-02-2020,48.41900
17-02-2020,48.61600
14-02-2020,48.82000
13-02-2020,49.01300
12-02-2020,49.12400
11-02-2020,48.91700
10-02-2020,48.91900
07-02-2020,49.17300
06-02-2020,49.15300
05-02-2020,49.00200
04-02-2020,48.39300
03-02-2020,47.71300
31-01-2020,48.36100
30-01-2020,48.59100
29-01-2020,49.00200
28-01-2020,48.73300
27-01-2020,48.90100
24-01-2020,49.12800
23-01-2020,48.60400
22-01-2020,47.99900
21-01-2020,48.14200
20-01-2020,48.23000
17-01-2020,48.56600
16-01-2020,48.45200
15-01-2020,48.18000
14-01-2020,48.06500
13-01-2020,47.90000
10-01-2020,47.65000
09-01-2020,47.54300
08-01-2020,46.88100
07-01-2020,46.71100
06-01-2020,46.45300
03-01-2020,47.20800
02-01-2020,47.32200
01-01-2020,46.87200
31-12-2019,46.77800
30-12-2019,46.84800
27-12-2019,46.82400
26-12-2019,46.44600
24-12-2019,46.49100
23-12-2019,46.62700
20-12-2019,46.70600
19-12-2019,46.64000
18-12-2019,46.46500
17-12-2019,46.40900
16-12-2019,46.16100
13-12-2019,46.35300
12-12-2019,46.00300
11-12-2019,45.77200
10-12-2019,45.72800
09-12-2019,46.00700
06-12-2019,45.97500
05-12-2019,46.23800
04-12-2019,46.25800
03-12-2019,46.09900
02-12-2019,46.38000
29-11-2019,46.29000
28-11-2019,46.53000
27-11-2019,46.27500
26-11-2019,46.03800
25-11-2019,46.11900
22-11-2019,45.69200
21-11-2019,45.86300
20-11-2019,46.04900
19-11-2019,45.82900
18-11-2019,45.67600
15-11-2019,45.68100
14-11-2019,45.61300
13-11-2019,45.55200
11-11-2019,45.62300
08-11-2019,45.47000
07-11-2019,45.74700
06-11-2019,45.57200
05-11-2019,45.40400
04-11-2019,45.60900
01-11-2019,45.50000
31-10-2019,45.37100
30-10-2019,45.27300
29-10-2019,45.05400
25-10-2019,44.43900
24-10-2019,44.37800
23-10-2019,44.51600
22-10-2019,44.38900
18-10-2019,44.31600
17-10-2019,43.98400
16-10-2019,43.59700
15-10-2019,43.54300
14-10-2019,43.33300
11-10-2019,43.19800
10-10-2019,42.96200
09-10-2019,43.24600
07-10-2019,42.59200
04-10-2019,42.77200
03-10-2019,43.34800
01-10-2019,43.62900
30-09-2019,44.07200
27-09-2019,44.39500
26-09-2019,44.52000
25-09-2019,44.11100
24-09-2019,44.72000
23-09-2019,44.83500
20-09-2019,43.45800
19-09-2019,41.06100
18-09-2019,41.63100
17-09-2019,41.52700
16-09-2019,42.19200
13-09-2019,42.34000
12-09-2019,41.95900
11-09-2019,42.11000
09-09-2019,41.89400
06-09-2019,41.67200
05-09-2019,41.36800
04-09-2019,41.33100
03-09-2019,41.17500
30-08-2019,41.98500
29-08-2019,41.72100
28-08-2019,42.13700
27-08-2019,42.44000
26-08-2019,42.20500
23-08-2019,41.52200
22-08-2019,41.33600
21-08-2019,41.91200
20-08-2019,42.23700
19-08-2019,42.50100
16-08-2019,42.41900
14-08-2019,42.39200
13-08-2019,42.03200
09-08-2019,42.51100
08-08-2019,42.18800
07-08-2019,41.73400
06-08-2019,42.14500
05-08-2019,41.50700
02-08-2019,42.12200
01-08-2019,42.05200
31-07-2019,42.59000
30-07-2019,42.44900
29-07-2019,43.03500
26-07-2019,43.31100
25-07-2019,43.13000
24-07-2019,42.99700
23-07-2019,43.35900
22-07-2019,43.48500
19-07-2019,43.59900
18-07-2019,44.22900
17-07-2019,44.64100
16-07-2019,44.64100
15-07-2019,44.42800
12-07-2019,44.43500
11-07-2019,44.51400
10-07-2019,44.30200
09-07-2019,44.54600
08-07-2019,44.47500
05-07-2019,45.40100
04-07-2019,46.00900
03-07-2019,45.91000
02-07-2019,45.96000
01-07-2019,45.82800
28-06-2019,45.68800
27-06-2019,45.66800
26-06-2019,45.59700
25-06-2019,45.29100
24-06-2019,44.93100
21-06-2019,45.09600
20-06-2019,45.27800
19-06-2019,44.74500
18-06-2019,44.91100
17-06-2019,44.69300
14-06-2019,45.31000
13-06-2019,45.62100
12-06-2019,45.63800
11-06-2019,45.88400
10-06-2019,45.71700
07-06-2019,45.36200
06-06-2019,45.35500
04-06-2019,46.04100
03-06-2019,46.17600
31-05-2019,45.75500
30-05-2019,45.83100
29-05-2019,45.65800
28-05-2019,45.91700
27-05-2019,45.89800
24-05-2019,45.08700
23-05-2019,44.35300
22-05-2019,44.37300
21-05-2019,44.36300
20-05-2019,44.70100
17-05-2019,43.21800
16-05-2019,42.78200
15-05-2019,42.51900
14-05-2019,42.63200
13-05-2019,42.42300
10-05-2019,42.89900
09-05-2019,42.91600
08-05-2019,43.06800
07-05-2019,43.54500
06-05-2019,43.74800
03-05-2019,44.15200
02-05-2019,44.29900
30-04-2019,44.42800
26-04-2019,44.38600
25-04-2019,44.03600
24-04-2019,44.12100
23-04-2019,43.78700
22-04-2019,43.78900
18-04-2019,44.39800
16-04-2019,44.47300
15-04-2019,44.02700
12-04-2019,43.75100
11-04-2019,43.59700
10-04-2019,43.60300
09-04-2019,43.73700
08-04-2019,43.48200
05-04-2019,43.68700
04-04-2019,43.46700
03-04-2019,43.61400
02-04-2019,43.92800
01-04-2019,43.87600
29-03-2019,43.88100
28-03-2019,43.65100
27-03-2019,43.18200
26-03-2019,43.11100
25-03-2019,42.69300
22-03-2019,43.10900
20-03-2019,43.24900
19-03-2019,43.31900
18-03-2019,43.15500
15-03-2019,43.15800
14-03-2019,43.00700
13-03-2019,43.13600
12-03-2019,43.00300
11-03-2019,42.54800
08-03-2019,42.12100
07-03-2019,42.18300
06-03-2019,42.18300
05-03-2019,41.89300
01-03-2019,41.24400
28-02-2019,40.89500
27-02-2019,40.93000
26-02-2019,40.84200
25-02-2019,40.93100
22-02-2019,40.57600
21-02-2019,40.49100
20-02-2019,40.18700
19-02-2019,39.79600
18-02-2019,39.86300
15-02-2019,40.14700
14-02-2019,40.30000
13-02-2019,40.44400
12-02-2019,40.62300
11-02-2019,40.81100
08-02-2019,41.19400
07-02-2019,41.57800
06-02-2019,41.50900
05-02-2019,41.10400
04-02-2019,41.06900
01-02-2019,41.03700
31-01-2019,40.99100
30-01-2019,40.47500
29-01-2019,40.28800
28-01-2019,40.32500
25-01-2019,40.91000
24-01-2019,41.22200
23-01-2019,41.06800
22-01-2019,41.19900
21-01-2019,41.42900
18-01-2019,41.33800
17-01-2019,41.56300
16-01-2019,41.52700
15-01-2019,41.47500
14-01-2019,41.03700
11-01-2019,41.35600
10-01-2019,41.53200
09-01-2019,41.39700
08-01-2019,41.27200
07-01-2019,41.11800
04-01-2019,40.97200
03-01-2019,40.93000
02-01-2019,41.27600
01-01-2019,41.57900
31-12-2018,41.51900
28-12-2018,41.28900
27-12-2018,41.04200
26-12-2018,40.77600
24-12-2018,40.71800
21-12-2018,41.16300
20-12-2018,41.69400
19-12-2018,41.81100
18-12-2018,41.65900
17-12-2018,41.63100
14-12-2018,41.38300
13-12-2018,41.29800
12-12-2018,41.02800
11-12-2018,40.34100
10-12-2018,40.06100
07-12-2018,40.75600
06-12-2018,40.62300
05-12-2018,41.18800
04-12-2018,41.44300
03-12-2018,41.34800
30-11-2018,41.10900
29-11-2018,40.98000
28-11-2018,40.60900
27-11-2018,40.41900
26-11-2018,40.13600
22-11-2018,39.91400
21-11-2018,40.12900
20-11-2018,40.27000
19-11-2018,40.56100
16-11-2018,40.48000
15-11-2018,40.37200
14-11-2018,40.21200
13-11-2018,40.16500
12-11-2018,39.90000
09-11-2018,40.16900
06-11-2018,39.82800
05-11-2018,39.79100
02-11-2018,39.73700
01-11-2018,39.36400
31-10-2018,39.24800
30-10-2018,38.57400
29-10-2018,38.52100
26-10-2018,37.68600
25-10-2018,37.86100
24-10-2018,38.01900
23-10-2018,37.82600
22-10-2018,38.29800
19-10-2018,38.66800
17-10-2018,39.24800
16-10-2018,39.77300
15-10-2018,39.38400
12-10-2018,39.25600
11-10-2018,38.48000
10-10-2018,39.15000
09-10-2018,38.46100
08-10-2018,38.45400
05-10-2018,38.58500
04-10-2018,39.37800
03-10-2018,40.21100
01-10-2018,40.56100
28-09-2018,40.57900
27-09-2018,40.99400
26-09-2018,41.36900
25-09-2018,41.19400
24-09-2018,41.08800
21-09-2018,41.77500
19-09-2018,42.12800
18-09-2018,42.28700
17-09-2018,42.70900
14-09-2018,43.11900
12-09-2018,42.65300
11-09-2018,42.42000
10-09-2018,42.92900
07-09-2018,43.39500
06-09-2018,43.09100
05-09-2018,42.95300
04-09-2018,43.26400
03-09-2018,43.74500
31-08-2018,44.10100
30-08-2018,44.01100
29-08-2018,44.01300
28-08-2018,44.13400
27-08-2018,44.04900
24-08-2018,43.62000
23-08-2018,43.62900
21-08-2018,43.45100
20-08-2018,43.25900
17-08-2018,43.04700
16-08-2018,42.80400
14-08-2018,42.93700
13-08-2018,42.68600
10-08-2018,43.00300
09-08-2018,43.12900
08-08-2018,43.09400
07-08-2018,42.93700
06-08-2018,42.98300
03-08-2018,42.85500
02-08-2018,42.54200
01-08-2018,42.70300
31-07-2018,42.65500
30-07-2018,42.42500
27-07-2018,42.30200
26-07-2018,41.93600
25-07-2018,41.91300
24-07-2018,41.90600
23-07-2018,41.41800
20-07-2018,41.02300
19-07-2018,40.68900
18-07-2018,40.87600
17-07-2018,41.07700
16-07-2018,40.74600
13-07-2018,41.26500
12-07-2018,41.32000
11-07-2018,41.15300
10-07-2018,41.17400
09-07-2018,40.84800
06-07-2018,40.55100
05-07-2018,40.45100
04-07-2018,40.57900
03-07-2018,40.32200
02-07-2018,40.17500
29-06-2018,40.31400
28-06-2018,39.74500
27-06-2018,40.15500
26-06-2018,40.63700
25-06-2018,40.53900
22-06-2018,40.62900
21-06-2018,40.52600
20-06-2018,40.67300
19-06-2018,40.48600
18-06-2018,40.87200
15-06-2018,41.02800
14-06-2018,41.04400
13-06-2018,41.07600
12-06-2018,41.00600
11-06-2018,40.88800
08-06-2018,40.82000
07-06-2018,40.82800
06-06-2018,40.44000
05-06-2018,40.08300
04-06-2018,40.42500
01-06-2018,40.63700
31-05-2018,40.96900
30-05-2018,40.73600
29-05-2018,40.75200
28-05-2018,40.95300
25-05-2018,40.55700
24-05-2018,40.09800
23-05-2018,39.99300
22-05-2018,40.25100
21-05-2018,40.18100
18-05-2018,40.70900
17-05-2018,41.20400
16-05-2018,41.26600
15-05-2018,41.43100
14-05-2018,41.42700
11-05-2018,41.52300
10-05-2018,41.11500
09-05-2018,41.36300
08-05-2018,41.32900
07-05-2018,41.28800
04-05-2018,40.98600
03-05-2018,41.13700
02-05-2018,41.41200
30-04-2018,41.70300
27-04-2018,41.61200
26-04-2018,41.29900
25-04-2018,41.11400
24-04-2018,41.38300
23-04-2018,41.24000
20-04-2018,41.12900
19-04-2018,41.24900
18-04-2018,41.04800
17-04-2018,41.10300
16-04-2018,41.13900
13-04-2018,40.97700
12-04-2018,40.94700
11-04-2018,40.91500
10-04-2018,40.98500
09-04-2018,40.88900
06-04-2018,40.76600
05-04-2018,40.73500
04-04-2018,40.03100
03-04-2018,40.39900
02-04-2018,40.13900
28-03-2018,39.82600
27-03-2018,40.20900
26-03-2018,39.74600
23-03-2018,39.22600
22-03-2018,39.66000
21-03-2018,39.86300
20-03-2018,39.77500
19-03-2018,39.62800
16-03-2018,39.94700
15-03-2018,40.52000
14-03-2018,40.55700
13-03-2018,40.54400
12-03-2018,40.37400
09-03-2018,39.85000
08-03-2018,39.88000
07-03-2018,39.54300
06-03-2018,40.01600
05-03-2018,40.37400
01-03-2018,40.86000
28-02-2018,40.94300
27-02-2018,41.14500
26-02-2018,41.27800
23-02-2018,40.84400
22-02-2018,40.43600
21-02-2018,40.57300
20-02-2018,40.58600
19-02-2018,40.64100
16-02-2018,40.90200
15-02-2018,41.34200
14-02-2018,41.28400
12-02-2018,41.36200
09-02-2018,40.97700
08-02-2018,41.29700
07-02-2018,40.77200
06-02-2018,40.53500
05-02-2018,41.12600
02-02-2018,41.62100
01-02-2018,42.90600
31-01-2018,42.81200
30-01-2018,42.93100
29-01-2018,43.31900
25-01-2018,43.49700
24-01-2018,43.70800
23-01-2018,43.84500
22-01-2018,43.56700
19-01-2018,43.40700
18-01-2018,43.26500
17-01-2018,43.42200
16-01-2018,43.15000
15-01-2018,43.56200
12-01-2018,43.56000
11-01-2018,43.52400
10-01-2018,43.53600
09-01-2018,43.59700
08-01-2018,43.60000
05-01-2018,43.37300
04-01-2018,42.96300
03-01-2018,42.76300
02-01-2018,42.69400
01-01-2018,42.93500
29-12-2017,43.16100
28-12-2017,43.00300
27-12-2017,43.04400
26-12-2017,43.23400
22-12-2017,43.13100
21-12-2017,42.99900
20-12-2017,42.89800
19-12-2017,42.77500
18-12-2017,42.40900
15-12-2017,42.26800
14-12-2017,41.87400
13-12-2017,41.75800
12-12-2017,41.94000
11-12-2017,42.28800
08-12-2017,42.08400
07-12-2017,41.74100
06-12-2017,41.20300
05-12-2017,41.48300
04-12-2017,41.52300
01-12-2017,41.70300
30-11-2017,42.08200
29-11-2017,42.38900
28-11-2017,42.46300
27-11-2017,42.45400
24-11-2017,42.37000
23-11-2017,42.20100
22-11-2017,42.08100
21-11-2017,42.08000
20-11-2017,41.92000
17-11-2017,41.88600
16-11-2017,41.51800
15-11-2017,41.23100
14-11-2017,41.44900
13-11-2017,41.49600
10-11-2017,41.71100
09-11-2017,41.68300
08-11-2017,41.64600
07-11-2017,41.95500
06-11-2017,42.36500
03-11-2017,42.35000
02-11-2017,42.23200
01-11-2017,42.24600
31-10-2017,41.87800
30-10-2017,41.94000
27-10-2017,41.62800
26-10-2017,41.75400
25-10-2017,41.49300
24-10-2017,41.22700
23-10-2017,41.24900
18-10-2017,41.12700
17-10-2017,41.20400
16-10-2017,41.19900
13-10-2017,41.02600
12-10-2017,40.93700
11-10-2017,40.57300
10-10-2017,40.76800
09-10-2017,40.56200
06-10-2017,40.50100
05-10-2017,40.12600
04-10-2017,40.09500
03-10-2017,39.86700
29-09-2017,39.63800
28-09-2017,39.31800
27-09-2017,39.14500
26-09-2017,39.73500
25-09-2017,39.76000
22-09-2017,40.27800
21-09-2017,41.20400
20-09-2017,41.32100
19-09-2017,41.46800
18-09-2017,41.43300
15-09-2017,41.16900
14-09-2017,41.21500
13-09-2017,41.10100
12-09-2017,41.34100
11-09-2017,40.98300
08-09-2017,40.69000
07-09-2017,40.69400
06-09-2017,40.60800
05-09-2017,40.64800
04-09-2017,40.39300
01-09-2017,40.56700
31-08-2017,40.37400
30-08-2017,40.26000
29-08-2017,39.79800
28-08-2017,40.09500
24-08-2017,39.84500
23-08-2017,39.74600
22-08-2017,39.45500
21-08-2017,39.49200
18-08-2017,39.91000
17-08-2017,40.06000
16-08-2017,40.08100
14-08-2017,39.69300
11-08-2017,39.19400
10-08-2017,39.27600
09-08-2017,39.98900
08-08-2017,40.58400
07-08-2017,40.98200
04-08-2017,40.74500
03-08-2017,40.48900
02-08-2017,40.71700
01-08-2017,40.76400
31-07-2017,40.68700
28-07-2017,40.43200
27-07-2017,40.39400
26-07-2017,40.48700
25-07-2017,40.38500
24-07-2017,40.38700
21-07-2017,40.30200
20-07-2017,40.25700
19-07-2017,40.44500
18-07-2017,40.16000
17-07-2017,40.48800
14-07-2017,40.48900
13-07-2017,40.56200
12-07-2017,40.20500
11-07-2017,39.94900
10-07-2017,39.94200
07-07-2017,39.44800
06-07-2017,39.38800
05-07-2017,39.28700
04-07-2017,39.10600
03-07-2017,39.14000
30-06-2017,38.73100
29-06-2017,38.43400
28-06-2017,38.33700
27-06-2017,38.30500
23-06-2017,38.67600
22-06-2017,39.04800
21-06-2017,39.17600
20-06-2017,39.25200
19-06-2017,39.35800
16-06-2017,39.23200
15-06-2017,39.10300
14-06-2017,39.21200
13-06-2017,39.22900
12-06-2017,39.27700
09-06-2017,39.55400
08-06-2017,39.51800
07-06-2017,39.51700
06-06-2017,39.34800
05-06-2017,39.59900
02-06-2017,39.51300
01-06-2017,39.31000
31-05-2017,39.29200
30-05-2017,39.03600
29-05-2017,38.87200
26-05-2017,39.04900
25-05-2017,38.47900
24-05-2017,37.90200
23-05-2017,38.17700
22-05-2017,38.54600
19-05-2017,38.73000
18-05-2017,38.93000
17-05-2017,39.53900
16-05-2017,39.68600
15-05-2017,39.48400
12-05-2017,39.26900
11-05-2017,39.39700
10-05-2017,39.29200
09-05-2017,39.04700
08-05-2017,38.99600
05-05-2017,38.85700
04-05-2017,39.20200
03-05-2017,39.07800
02-05-2017,39.13100
28-04-2017,39.02700
27-04-2017,39.00500
26-04-2017,39.06000
25-04-2017,38.99900
24-04-2017,38.56700
21-04-2017,38.10200
20-04-2017,38.17100
19-04-2017,38.02400
18-04-2017,37.99000
17-04-2017,38.10700
13-04-2017,38.13900
12-04-2017,38.24300
11-04-2017,38.27900
10-04-2017,38.07400
07-04-2017,37.93900
06-04-2017,37.96200
05-04-2017,37.89000
03-04-2017,37.67000
31-03-2017,37.48200
30-03-2017,37.39400
29-03-2017,37.12000
28-03-2017,37.05900
27-03-2017,36.79500
24-03-2017,36.87700
23-03-2017,36.74800
22-03-2017,36.51800
21-03-2017,36.76800
20-03-2017,36.78100
17-03-2017,36.83300
16-03-2017,36.76700
15-03-2017,36.52000
14-03-2017,36.41500
10-03-2017,35.95700
09-03-2017,35.98500
08-03-2017,36.01200
07-03-2017,36.10500
06-03-2017,36.08300
03-03-2017,35.83800
02-03-2017,35.81000
01-03-2017,36.09100
28-02-2017,36.00400
27-02-2017,36.04700
23-02-2017,36.12300
22-02-2017,36.03900
21-02-2017,35.96200
20-02-2017,35.83000
17-02-2017,35.58100
16-02-2017,35.40000
15-02-2017,34.98000
14-02-2017,35.35200
13-02-2017,35.62400
10-02-2017,35.74700
09-02-2017,35.75700
08-02-2017,35.67700
07-02-2017,35.64200
06-02-2017,35.79900
03-02-2017,35.41500
02-02-2017,35.24300
01-02-2017,35.11400
31-01-2017,34.34900
30-01-2017,34.64700
27-01-2017,34.70700
25-01-2017,34.60000
24-01-2017,34.20000
23-01-2017,33.81800
20-01-2017,33.66800
19-01-2017,34.00300
18-01-2017,33.85100
17-01-2017,33.69500
16-01-2017,33.65800
13-01-2017,33.59300
12-01-2017,33.60500
11-01-2017,33.58500
10-01-2017,33.09800
09-01-2017,32.84500
06-01-2017,32.87500
05-01-2017,33.02000
04-01-2017,32.68600
03-01-2017,32.59600
02-01-2017,32.40200
30-12-2016,32.26700
29-12-2016,31.86900
28-12-2016,31.57600
27-12-2016,31.53900
26-12-2016,31.08500
23-12-2016,31.51600
22-12-2016,31.52400
21-12-2016,31.90500
20-12-2016,31.94800
19-12-2016,32.05800
16-12-2016,32.20000
15-12-2016,32.27700
14-12-2016,32.28900
13-12-2016,32.46800
12-12-2016,32.41800
09-12-2016,32.93200
08-12-2016,32.82800
07-12-2016,32.31000
06-12-2016,32.44000
05-12-2016,32.39000
02-12-2016,32.23400
01-12-2016,32.70000
30-11-2016,33.01600
29-11-2016,32.75800
28-11-2016,32.65500
25-11-2016,32.54400
24-11-2016,31.93800
23-11-2016,32.15100
22-11-2016,32.01500
21-11-2016,31.60800
18-11-2016,32.26400
17-11-2016,32.27700
16-11-2016,32.42000
15-11-2016,32.46400
11-11-2016,33.63700
10-11-2016,34.62600
09-11-2016,34.15000
08-11-2016,34.67200
07-11-2016,34.51000
04-11-2016,34.22000
03-11-2016,34.49100
02-11-2016,34.69200
01-11-2016,35.22000
28-10-2016,35.12600
27-10-2016,34.92000
26-10-2016,35.04300
25-10-2016,35.36600
24-10-2016,35.25300
21-10-2016,35.11300
20-10-2016,35.09800
19-10-2016,34.97900
18-10-2016,35.01400
17-10-2016,34.61000
14-10-2016,34.73200
13-10-2016,34.51800
10-10-2016,34.88700
07-10-2016,34.88300
06-10-2016,34.91000
05-10-2016,34.98100
04-10-2016,35.08700
03-10-2016,34.91900
30-09-2016,34.26300
29-09-2016,34.01900
28-09-2016,34.65500
27-09-2016,34.42500
26-09-2016,34.46800
23-09-2016,34.72900
22-09-2016,34.71500
21-09-2016,34.30900
20-09-2016,34.29800
19-09-2016,34.48100
16-09-2016,34.43500
15-09-2016,34.29500
14-09-2016,34.36600
12-09-2016,34.15800
09-09-2016,34.86300
08-09-2016,35.12000
07-09-2016,34.99200
06-09-2016,34.98800
02-09-2016,34.37000
01-09-2016,34.31100
31-08-2016,34.41800
30-08-2016,33.98800
29-08-2016,33.54900
26-08-2016,33.38900
25-08-2016,33.42700
24-08-2016,33.47500
23-08-2016,33.33300
22-08-2016,33.44300
19-08-2016,33.54200
18-08-2016,33.49700
17-08-2016,33.29000
16-08-2016,33.25400
12-08-2016,33.25300
11-08-2016,33.08800
10-08-2016,33.01900
09-08-2016,33.52300
08-08-2016,33.59600
05-08-2016,33.34100
04-08-2016,32.78500
03-08-2016,32.68700
02-08-2016,33.11100
01-08-2016,33.22100
29-07-2016,33.23200
28-07-2016,33.21400
27-07-2016,33.01200
26-07-2016,32.86600
25-07-2016,32.96700
22-07-2016,32.68600
21-07-2016,32.48700
20-07-2016,32.53000
19-07-2016,32.31500
18-07-2016,32.25800
15-07-2016,32.31700
14-07-2016,32.48400
13-07-2016,32.18400
12-07-2016,32.38800
11-07-2016,32.23800
08-07-2016,31.80100
07-07-2016,31.77700
05-07-2016,31.68500
04-07-2016,31.80800
01-07-2016,31.63700
30-06-2016,31.25600
29-06-2016,31.00900
28-06-2016,30.71000
27-06-2016,30.57900
24-06-2016,30.32500
23-06-2016,30.82000
22-06-2016,30.56700
21-06-2016,30.62200
20-06-2016,30.64600
17-06-2016,30.47500
16-06-2016,30.35700
15-06-2016,30.57700
14-06-2016,30.25700
13-06-2016,30.26900
10-06-2016,30.39600
09-06-2016,30.53000
08-06-2016,30.64800
07-06-2016,30.57700
06-06-2016,30.36000
03-06-2016,30.38600
02-06-2016,30.39500
01-06-2016,30.18600
31-05-2016,30.20400
30-05-2016,30.28100
27-05-2016,30.21500
26-05-2016,29.79200
25-05-2016,29.43400
24-05-2016,28.87200
23-05-2016,28.89100
20-05-2016,29.02000
19-05-2016,29.31700
18-05-2016,29.54300
17-05-2016,29.57700
16-05-2016,29.46400
13-05-2016,29.43700
12-05-2016,29.61800
11-05-2016,29.40700
10-05-2016,29.42200
09-05-2016,29.36400
06-05-2016,28.97900
05-05-2016,28.99600
04-05-2016,28.92900
03-05-2016,29.09300
02-05-2016,29.31500
29-04-2016,29.31300
28-04-2016,29.31000
27-04-2016,29.68000
26-04-2016,29.69300
25-04-2016,29.45000
22-04-2016,29.58500
21-04-2016,29.53500
20-04-2016,29.63800
18-04-2016,29.68500
13-04-2016,29.38100
12-04-2016,28.94200
11-04-2016,28.77500
08-04-2016,28.45800
07-04-2016,28.37500
06-04-2016,28.54800
05-04-2016,28.41700
04-04-2016,28.87200
01-04-2016,28.83400
31-03-2016,28.88200
30-03-2016,28.74200
29-03-2016,28.25500
28-03-2016,28.30900
23-03-2016,28.71500
22-03-2016,28.69500
21-03-2016,28.68500
18-03-2016,28.19400
17-03-2016,27.96800
16-03-2016,27.73700
15-03-2016,27.67700
14-03-2016,27.85100
11-03-2016,27.65500
10-03-2016,27.59300
09-03-2016,27.71000
08-03-2016,27.54700
04-03-2016,27.66500
03-03-2016,27.56700
02-03-2016,27.39500
01-03-2016,26.77500
29-02-2016,25.91300
26-02-2016,25.99900
25-02-2016,25.92900
24-02-2016,26.20600
23-02-2016,26.47000
22-02-2016,26.88000
19-02-2016,26.75500
18-02-2016,26.79200
17-02-2016,26.51000
16-02-2016,26.29400
15-02-2016,26.74200
12-02-2016,25.93900
11-02-2016,26.13200
10-02-2016,26.90200
09-02-2016,27.12600
08-02-2016,27.52100
05-02-2016,27.69300
04-02-2016,27.38700
03-02-2016,27.32300
02-02-2016,27.66600
01-02-2016,28.11200
29-01-2016,28.02000
28-01-2016,27.67100
27-01-2016,27.73200
25-01-2016,27.72300
22-01-2016,27.70400
21-01-2016,27.21200
20-01-2016,27.19700
19-01-2016,27.72900
18-01-2016,27.40600
15-01-2016,28.04700
14-01-2016,28.46400
13-01-2016,28.66500
12-01-2016,28.65800
11-01-2016,28.92600
08-01-2016,29.08200
07-01-2016,28.88200
06-01-2016,29.64200
05-01-2016,29.68600
04-01-2016,29.70300
01-01-2016,30.22200
31-12-2015,30.02700
30-12-2015,29.93400
29-12-2015,30.02500
28-12-2015,29.99900
24-12-2015,29.76600
23-12-2015,29.75000
22-12-2015,29.58200
21-12-2015,29.68500
18-12-2015,29.44800
17-12-2015,29.67600
16-12-2015,29.36500
15-12-2015,29.22700
14-12-2015,29.05300
11-12-2015,29.00000
10-12-2015,29.29800
09-12-2015,29.09100
08-12-2015,29.57000
07-12-2015,29.79000
04-12-2015,29.76200
03-12-2015,29.99200
02-12-2015,30.13500
01-12-2015,30.26200
30-11-2015,30.16800
27-11-2015,30.15200
26-11-2015,29.93200
24-11-2015,29.86000
23-11-2015,29.97200
20-11-2015,29.99000
19-11-2015,29.88100
18-11-2015,29.39100
17-11-2015,29.70300
16-11-2015,29.62400
13-11-2015,29.61900
10-11-2015,29.68900
09-11-2015,30.04800
06-11-2015,30.08500
05-11-2015,30.05100
04-11-2015,30.32900
03-11-2015,30.37800
02-11-2015,30.33100
30-10-2015,30.34500
29-10-2015,30.49400
28-10-2015,30.72500
27-10-2015,30.98800
26-10-2015,31.06100
23-10-2015,31.24400
21-10-2015,31.26200
20-10-2015,31.47200
19-10-2015,31.33200
16-10-2015,31.15500
15-10-2015,31.00300
14-10-2015,30.76700
13-10-2015,30.82500
12-10-2015,30.86000
09-10-2015,30.97900
08-10-2015,30.95800
07-10-2015,31.08500
06-10-2015,31.12900
05-10-2015,31.16400
01-10-2015,30.67400
30-09-2015,30.59900
29-09-2015,30.28400
28-09-2015,30.18600
24-09-2015,30.35000
23-09-2015,30.28500
22-09-2015,30.19200
21-09-2015,30.68300
18-09-2015,30.52900
16-09-2015,30.22300
15-09-2015,30.13200
14-09-2015,30.30300
11-09-2015,29.99500
10-09-2015,29.90300
09-09-2015,29.91900
08-09-2015,29.45700
07-09-2015,29.13300
04-09-2015,29.63200
03-09-2015,30.16200
02-09-2015,29.85100
01-09-2015,29.95400
31-08-2015,30.54600
28-08-2015,30.68900
27-08-2015,30.60000
26-08-2015,30.00600
25-08-2015,30.33300
24-08-2015,29.99300
21-08-2015,32.02700
20-08-2015,32.25300
19-08-2015,32.73200
18-08-2015,32.69400
17-08-2015,32.48500
14-08-2015,32.46000
13-08-2015,31.94600
12-08-2015,31.88400
11-08-2015,32.45700
10-08-2015,32.74400
07-08-2015,32.84200
06-08-2015,32.83800
05-08-2015,32.79100
04-08-2015,32.66700
03-08-2015,32.61600
31-07-2015,32.46300
30-07-2015,32.13100
29-07-2015,31.95300
28-07-2015,31.65700
27-07-2015,31.62300
24-07-2015,32.07500
23-07-2015,32.28800
22-07-2015,32.39100
21-07-2015,32.15800
20-07-2015,32.55000
17-07-2015,32.56100
16-07-2015,32.42800
15-07-2015,32.02400
14-07-2015,31.83000
13-07-2015,31.80100
10-07-2015,31.45900
09-07-2015,31.33600
08-07-2015,31.40200
07-07-2015,31.88500
06-07-2015,31.83900
03-07-2015,31.65300
02-07-2015,31.60500
01-07-2015,31.54700
30-06-2015,31.14600
29-06-2015,30.86600
26-06-2015,31.19800
25-06-2015,31.15600
24-06-2015,31.06800
23-06-2015,31.16500
22-06-2015,31.10100
19-06-2015,30.59100
18-06-2015,30.41300
17-06-2015,30.12200
16-06-2015,29.79800
15-06-2015,29.72200
12-06-2015,29.67100
11-06-2015,29.65600
10-06-2015,30.11600
09-06-2015,29.80600
08-06-2015,29.88800
05-06-2015,30.20500
04-06-2015,30.21100
03-06-2015,30.12300
02-06-2015,30.51900
01-06-2015,31.18300
29-05-2015,31.17100
28-05-2015,30.74200
27-05-2015,30.80100
26-05-2015,30.85300
25-05-2015,30.94600
22-05-2015,31.10000
21-05-2015,31.06000
20-05-2015,31.04500
19-05-2015,30.84900
18-05-2015,30.82300
15-05-2015,30.46800
14-05-2015,30.20800
13-05-2015,30.05500
12-05-2015,29.58600
11-05-2015,30.27100
08-05-2015,29.77100
07-05-2015,29.27000
06-05-2015,29.68700
05-05-2015,30.63900
04-05-2015,30.69600
30-04-2015,30.21200
29-04-2015,30.21200
28-04-2015,30.09500
27-04-2015,29.60100
24-04-2015,30.13800
23-04-2015,30.72100
22-04-2015,30.77900
21-04-2015,30.70700
20-04-2015,30.95700
17-04-2015,31.50200
16-04-2015,32.01400
15-04-2015,32.24800
13-04-2015,32.48400
10-04-2015,32.42700
09-04-2015,32.46300
08-04-2015,32.27100
07-04-2015,32.02800
06-04-2015,31.97000
01-04-2015,31.72500
31-03-2015,31.39800
30-03-2015,31.35800
27-03-2015,30.85700
26-03-2015,30.75100
25-03-2015,31.15800
24-03-2015,31.16800
23-03-2015,31.34400
20-03-2015,31.55200
19-03-2015,31.90100
18-03-2015,32.22200
17-03-2015,32.09800
16-03-2015,31.76800
13-03-2015,31.78900
12-03-2015,32.27300
11-03-2015,32.05300
10-03-2015,32.14800
09-03-2015,32.20300
05-03-2015,32.59700
04-03-2015,32.46300
03-03-2015,32.85700
02-03-2015,32.78000
27-02-2015,31.83000
26-02-2015,31.13000
25-02-2015,31.48700
24-02-2015,31.57300
23-02-2015,31.56200
20-02-2015,31.82900
19-02-2015,31.89600
18-02-2015,31.89400
16-02-2015,31.68400
13-02-2015,31.75500
12-02-2015,31.36400
11-02-2015,30.97500
10-02-2015,30.61300
09-02-2015,30.43600
06-02-2015,30.99600
05-02-2015,31.37100
04-02-2015,31.50900
03-02-2015,31.82300
02-02-2015,31.99200
30-01-2015,31.89700
29-01-2015,32.39400
28-01-2015,32.25100
27-01-2015,32.06400
23-01-2015,31.72900
22-01-2015,31.55500
21-01-2015,31.45500
20-01-2015,31.32900
19-01-2015,30.91000
16-01-2015,30.75100
15-01-2015,30.69300
14-01-2015,30.15100
13-01-2015,30.06300
12-01-2015,30.14800
09-01-2015,29.90200
08-01-2015,29.74200
07-01-2015,29.23500
06-01-2015,29.28900
05-01-2015,30.05400
02-01-2015,29.96400
01-01-2015,29.66300
31-12-2014,29.58900
30-12-2014,29.45700
29-12-2014,29.33500
26-12-2014,29.09500
24-12-2014,29.06100
23-12-2014,29.14100
22-12-2014,29.21900
19-12-2014,28.97400
18-12-2014,28.76400
17-12-2014,28.13100
16-12-2014,28.28100
15-12-2014,28.84400
12-12-2014,28.97600
11-12-2014,29.15500
10-12-2014,29.30300
09-12-2014,29.19600
08-12-2014,29.50100
05-12-2014,29.91800
04-12-2014,30.08600
03-12-2014,29.98200
02-12-2014,29.69100
01-12-2014,29.66100
28-11-2014,29.68800
27-11-2014,29.27500
26-11-2014,29.08000
25-11-2014,29.04800
24-11-2014,29.39300
21-11-2014,29.31300
20-11-2014,29.04900
19-11-2014,29.09300
18-11-2014,29.25200
17-11-2014,29.17000
14-11-2014,28.84400
13-11-2014,28.69400
12-11-2014,28.68400
11-11-2014,28.45700
10-11-2014,28.34600
07-11-2014,28.35600
05-11-2014,28.25300
03-11-2014,27.94000
31-10-2014,27.80200
30-10-2014,27.29600
29-10-2014,27.05300
28-10-2014,26.83500
27-10-2014,26.67500
22-10-2014,26.60200
21-10-2014,26.34600
20-10-2014,26.17300
17-10-2014,25.83200
16-10-2014,25.67600
14-10-2014,26.10100
13-10-2014,26.11500
10-10-2014,25.97600
09-10-2014,26.18400
08-10-2014,25.87200
07-10-2014,25.85600
01-10-2014,26.08800
30-09-2014,26.16600
29-09-2014,26.11500
26-09-2014,25.99600
25-09-2014,25.76600
24-09-2014,26.12800
23-09-2014,26.26500
22-09-2014,26.72300
19-09-2014,26.62400
18-09-2014,26.60100
17-09-2014,26.14300
16-09-2014,26.03400
15-09-2014,26.57100
12-09-2014,26.58700
11-09-2014,26.54600
10-09-2014,26.42600
09-09-2014,26.49100
08-09-2014,26.54700
05-09-2014,26.19100
04-09-2014,26.11200
03-09-2014,26.13600
02-09-2014,25.94200
01-09-2014,25.80800
28-08-2014,25.49600
27-08-2014,25.46400
26-08-2014,25.34400
25-08-2014,25.27100
22-08-2014,25.33100
21-08-2014,25.18800
20-08-2014,25.00300
19-08-2014,25.05500
18-08-2014,24.82100
14-08-2014,24.34400
13-08-2014,24.04900
12-08-2014,24.16600
11-08-2014,23.94500
08-08-2014,23.73300
07-08-2014,24.08000
06-08-2014,24.09300
05-08-2014,24.23600
04-08-2014,24.01500
01-08-2014,23.75900
31-07-2014,23.99500
30-07-2014,24.10600
28-07-2014,23.95700
25-07-2014,24.09200
24-07-2014,24.24700
23-07-2014,24.21500
22-07-2014,24.05800
21-07-2014,23.98000
18-07-2014,23.97200
17-07-2014,23.90100
16-07-2014,23.80400
15-07-2014,23.53100
14-07-2014,23.14700
11-07-2014,23.13900
10-07-2014,23.51100
09-07-2014,23.62600
08-07-2014,23.86200
07-07-2014,24.43000
04-07-2014,24.38800
03-07-2014,24.31200
02-07-2014,24.28800
01-07-2014,24.01000
30-06-2014,23.91300
27-06-2014,23.57800
26-06-2014,23.54400
25-06-2014,23.66800
24-06-2014,23.64600
23-06-2014,23.35200
20-06-2014,23.27200
19-06-2014,23.43200
18-06-2014,23.53200
17-06-2014,23.66600
16-06-2014,23.30800
13-06-2014,23.35300
12-06-2014,23.79100
11-06-2014,23.71200
10-06-2014,23.69100
09-06-2014,23.70300
06-06-2014,23.50300
05-06-2014,23.18800
04-06-2014,23.01300
03-06-2014,22.86000
02-06-2014,22.75500
30-05-2014,22.32100
29-05-2014,22.37500
28-05-2014,22.52900
27-05-2014,22.41700
26-05-2014,22.56900
23-05-2014,22.60200
22-05-2014,22.29900
21-05-2014,22.02000
20-05-2014,22.07800
19-05-2014,21.99300
16-05-2014,21.63800
15-05-2014,21.20900
14-05-2014,21.25100
13-05-2014,21.25400
12-05-2014,21.00900
09-05-2014,20.62400
08-05-2014,20.09900
07-05-2014,20.03600
06-05-2014,20.13900
05-05-2014,20.07400
02-05-2014,20.07700
30-04-2014,20.09400
29-04-2014,20.16700
28-04-2014,20.27400
25-04-2014,20.31700
23-04-2014,20.44700
22-04-2014,20.35400
21-04-2014,20.35100
17-04-2014,20.19300
16-04-2014,19.90400
15-04-2014,20.08000
11-04-2014,20.19000
10-04-2014,20.25100
09-04-2014,20.24900
07-04-2014,19.96500
04-04-2014,20.02000
03-04-2014,20.05700
02-04-2014,20.17300
01-04-2014,19.98700
31-03-2014,19.99600
28-03-2014,19.94600
27-03-2014,19.73400
26-03-2014,19.70200
25-03-2014,19.72100
24-03-2014,19.71300
21-03-2014,19.50900
20-03-2014,19.40400
19-03-2014,19.46100
18-03-2014,19.43700
14-03-2014,19.36200
13-03-2014,19.36000
12-03-2014,19.49200
11-03-2014,19.46900
10-03-2014,19.51400
07-03-2014,19.44900
06-03-2014,19.20400
05-03-2014,18.95100
04-03-2014,18.86100
03-03-2014,18.65100
28-02-2014,18.74700
26-02-2014,18.62100
25-02-2014,18.54400
24-02-2014,18.51400
21-02-2014,18.39400
20-02-2014,18.19200
19-02-2014,18.32800
18-02-2014,18.23800
17-02-2014,18.06600
14-02-2014,17.99100
13-02-2014,17.88300
12-02-2014,18.05700
11-02-2014,18.01600
10-02-2014,18.01300
07-02-2014,18.03600
06-02-2014,17.95400
05-02-2014,17.95900
04-02-2014,17.90700
03-02-2014,17.91400
31-01-2014,18.09200
30-01-2014,17.97700
29-01-2014,18.12600
28-01-2014,18.16400
27-01-2014,18.24600
24-01-2014,18.66900
23-01-2014,18.87300
22-01-2014,18.91500
21-01-2014,18.86500
20-01-2014,18.78700
17-01-2014,18.62600
16-01-2014,18.86800
15-01-2014,18.89600
14-01-2014,18.74200
13-01-2014,18.81600
10-01-2014,18.61600
09-01-2014,18.62900
08-01-2014,18.64300
07-01-2014,18.60900
06-01-2014,18.68500
03-01-2014,18.72900
02-01-2014,18.69000
01-01-2014,18.88300
31-12-2013,18.89400
30-12-2013,18.85600
27-12-2013,18.86800
26-12-2013,18.78700
24-12-2013,18.77600
23-12-2013,18.82000
20-12-2013,18.77600
19-12-2013,18.48000
18-12-2013,18.53700
17-12-2013,18.34900
16-12-2013,18.31900
13-12-2013,18.29800
12-12-2013,18.46400
11-12-2013,18.64700
10-12-2013,18.68900
09-12-2013,18.74600
06-12-2013,18.46500
05-12-2013,18.38600
04-12-2013,18.20300
03-12-2013,18.26900
02-12-2013,18.27400
29-11-2013,18.15100
28-11-2013,17.98000
27-11-2013,17.91600
26-11-2013,17.92200
25-11-2013,18.03600
22-11-2013,17.78000
21-11-2013,17.79300
20-11-2013,18.08100
19-11-2013,18.31200
18-11-2013,18.24600
14-11-2013,17.97900
13-11-2013,17.81600
12-11-2013,17.92600
11-11-2013,18.09700
08-11-2013,18.20800
07-11-2013,18.32000
06-11-2013,18.42000
05-11-2013,18.49700
01-11-2013,18.56100
31-10-2013,18.51300
30-10-2013,18.42600
29-10-2013,18.28900
28-10-2013,17.97900
25-10-2013,18.12500
24-10-2013,18.14800
23-10-2013,18.21100
22-10-2013,18.28500
21-10-2013,18.30400
18-10-2013,18.22400
17-10-2013,17.86500
15-10-2013,17.98400
14-10-2013,18.05300
11-10-2013,17.96500
10-10-2013,17.71800
09-10-2013,17.64400
08-10-2013,17.45900
07-10-2013,17.40600
04-10-2013,17.35000
03-10-2013,17.33900
01-10-2013,16.99100
30-09-2013,16.81600
27-09-2013,17.01800
26-09-2013,17.07100
25-09-2013,17.02300
24-09-2013,17.07700
23-09-2013,17.08000
20-09-2013,17.34000
19-09-2013,17.60700
18-09-2013,17.10600
17-09-2013,16.97600
16-09-2013,16.95000
13-09-2013,16.93100
12-09-2013,16.97600
11-09-2013,17.15100
10-09-2013,17.10500
06-09-2013,16.65800
05-09-2013,16.47000
04-09-2013,16.07800
03-09-2013,15.77200
02-09-2013,16.32300
30-08-2013,16.10900
29-08-2013,15.96400
28-08-2013,15.64700
27-08-2013,15.79200
26-08-2013,16.26800
23-08-2013,16.26100
22-08-2013,16.12700
21-08-2013,15.91600
20-08-2013,16.15000
19-08-2013,16.14500
16-08-2013,16.48400
14-08-2013,17.15000
13-08-2013,17.05600
12-08-2013,16.75300
08-08-2013,16.62700
07-08-2013,16.47600
06-08-2013,16.48100
05-08-2013,16.89600
02-08-2013,16.87600
01-08-2013,16.98500
31-07-2013,17.05700
30-07-2013,17.01700
29-07-2013,17.33600
26-07-2013,17.46800
25-07-2013,17.60600
24-07-2013,17.79800
23-07-2013,18.10100
22-07-2013,18.01700
19-07-2013,17.97900
18-07-2013,18.02400
17-07-2013,17.80800
16-07-2013,17.88700
15-07-2013,18.17500
12-07-2013,18.06700
11-07-2013,17.90600
10-07-2013,17.65800
09-07-2013,17.74800
08-07-2013,17.62200
05-07-2013,17.77900
04-07-2013,17.73400
03-07-2013,17.63200
02-07-2013,17.95800
01-07-2013,18.10300
28-06-2013,17.92000
27-06-2013,17.49400
26-06-2013,17.32300
25-06-2013,17.40100
24-06-2013,17.32800
21-06-2013,17.64500
20-06-2013,17.65800
19-06-2013,18.09000
18-06-2013,18.03000
17-06-2013,18.12600
14-06-2013,18.04800
13-06-2013,17.75900
12-06-2013,17.99200
11-06-2013,18.07200
10-06-2013,18.39200
07-06-2013,18.52300
06-06-2013,18.65300
05-06-2013,18.65500
04-06-2013,18.64400
03-06-2013,18.70000
31-05-2013,18.67600
30-05-2013,19.00500
29-05-2013,19.04500
28-05-2013,19.13100
27-05-2013,19.04800
24-05-2013,18.85000
23-05-2013,18.75100
22-05-2013,19.19300
21-05-2013,19.33100
20-05-2013,19.47700
17-05-2013,19.62000
16-05-2013,19.55700
15-05-2013,19.46000
14-05-2013,18.98800
13-05-2013,18.92000
10-05-2013,19.16700
09-05-2013,19.05300
08-05-2013,19.08700
07-05-2013,19.11400
06-05-2013,18.93200
03-05-2013,18.79500
02-05-2013,18.94400
30-04-2013,18.80000
29-04-2013,18.77700
26-04-2013,18.69200
25-04-2013,18.77200
23-04-2013,18.58300
22-04-2013,18.61300
18-04-2013,18.44100
17-04-2013,18.20700
16-04-2013,18.20300
15-04-2013,17.87300
12-04-2013,17.73200
11-04-2013,17.90400
10-04-2013,17.84700
09-04-2013,17.71000
08-04-2013,17.91300
05-04-2013,17.97400
04-04-2013,17.99100
03-04-2013,18.31400
02-04-2013,18.54900
01-04-2013,18.33600
28-03-2013,18.24300
26-03-2013,18.05700
25-03-2013,18.05200
22-03-2013,18.10500
21-03-2013,18.14100
20-03-2013,18.25200
19-03-2013,18.56300
18-03-2013,18.86700
15-03-2013,18.98500
14-03-2013,19.11500
13-03-2013,18.95900
12-03-2013,19.23000
11-03-2013,19.34200
08-03-2013,19.34900
07-03-2013,19.19100
06-03-2013,19.07200
05-03-2013,18.87100
04-03-2013,18.58200
01-03-2013,18.74200
28-02-2013,18.66300
27-02-2013,19.08800
26-02-2013,18.95800
25-02-2013,19.26900
22-02-2013,19.32700
21-02-2013,19.34700
20-02-2013,19.67000
19-02-2013,19.64500
18-02-2013,19.49300
15-02-2013,19.50200
14-02-2013,19.51900
13-02-2013,19.75000
12-02-2013,19.75100
11-02-2013,19.68600
08-02-2013,19.73000
07-02-2013,19.87900
06-02-2013,20.01200
05-02-2013,20.00100
04-02-2013,20.12900
01-02-2013,20.27100
31-01-2013,20.31700
30-01-2013,20.31700
29-01-2013,20.34700
28-01-2013,20.44300
25-01-2013,20.52600
24-01-2013,20.35900
23-01-2013,20.56000
22-01-2013,20.57200
21-01-2013,20.65400
18-01-2013,20.63100
17-01-2013,20.63300
16-01-2013,20.53500
15-01-2013,20.74000
14-01-2013,20.68300
11-01-2013,20.44500
10-01-2013,20.43900
09-01-2013,20.49900
08-01-2013,20.55700
07-01-2013,20.53700
04-01-2013,20.53400
03-01-2013,20.45400
02-01-2013,20.42700
01-01-2013,20.32200
31-12-2012,20.15400
28-12-2012,20.09000
27-12-2012,19.92900
26-12-2012,20.00200
24-12-2012,19.85600
21-12-2012,19.83300
20-12-2012,20.07400
19-12-2012,20.12600
18-12-2012,20.00200
17-12-2012,19.90900
14-12-2012,19.89600
13-12-2012,19.78100
12-12-2012,19.91300
11-12-2012,19.92600
10-12-2012,20.00500
07-12-2012,20.00400
06-12-2012,20.03500
05-12-2012,19.90400
04-12-2012,19.79000
03-12-2012,19.78000
30-11-2012,19.70800
29-11-2012,19.51800
27-11-2012,19.30000
26-11-2012,19.00100
23-11-2012,18.82300
22-11-2012,18.83600
21-11-2012,18.76600
20-11-2012,18.63800
19-11-2012,18.71400
16-11-2012,18.75000
15-11-2012,18.85400
12-11-2012,18.98700
09-11-2012,18.99000
08-11-2012,19.16600
07-11-2012,19.17600
06-11-2012,19.04000
05-11-2012,18.98700
02-11-2012,19.01400
01-11-2012,18.87200
31-10-2012,18.75100
30-10-2012,18.63900
29-10-2012,18.85400
26-10-2012,18.85100
25-10-2012,19.03600
23-10-2012,18.98500
22-10-2012,19.04400
19-10-2012,18.95900
18-10-2012,19.08000
17-10-2012,18.91500
16-10-2012,18.85300
15-10-2012,18.98300
12-10-2012,18.96400
11-10-2012,19.02900
10-10-2012,18.87800
09-10-2012,19.05000
08-10-2012,19.02600
05-10-2012,19.19600
04-10-2012,19.35000
03-10-2012,19.17600
01-10-2012,19.15300
28-09-2012,19.04800
27-09-2012,18.82900
26-09-2012,18.88500
25-09-2012,18.87300
24-09-2012,18.78700
21-09-2012,18.84800
20-09-2012,18.45900
18-09-2012,18.58800
17-09-2012,18.53200
14-09-2012,18.33900
13-09-2012,17.97500
12-09-2012,17.94300
11-09-2012,17.85600
10-09-2012,17.82500
07-09-2012,17.77900
06-09-2012,17.50200
05-09-2012,17.42300
04-09-2012,17.56800
03-09-2012,17.49300
31-08-2012,17.46800
30-08-2012,17.56500
29-08-2012,17.48200
28-08-2012,17.62100
27-08-2012,17.73100
24-08-2012,17.84600
23-08-2012,17.92200
22-08-2012,17.89900
21-08-2012,17.93400
17-08-2012,17.81300
16-08-2012,17.78400
14-08-2012,17.80700
13-08-2012,17.70400
10-08-2012,17.61100
09-08-2012,17.58100
08-08-2012,17.66700
07-08-2012,17.66000
06-08-2012,17.52400
03-08-2012,17.34800
02-08-2012,17.37900
01-08-2012,17.40700
31-07-2012,17.36700
30-07-2012,17.26400
27-07-2012,16.97700
26-07-2012,16.93700
25-07-2012,17.15700
24-07-2012,17.21100
23-07-2012,17.16900
20-07-2012,17.45900
19-07-2012,17.56100
18-07-2012,17.46000
17-07-2012,17.40100
16-07-2012,17.43500
13-07-2012,17.48700
12-07-2012,17.53300
11-07-2012,17.73800
10-07-2012,17.80400
09-07-2012,17.61700
06-07-2012,17.74700
05-07-2012,17.76600
04-07-2012,17.64800
03-07-2012,17.57700
02-07-2012,17.52600
29-06-2012,17.45500
28-06-2012,17.08200
27-06-2012,17.06400
26-06-2012,17.01600
25-06-2012,16.96100
22-06-2012,17.02700
21-06-2012,17.04800
20-06-2012,16.89200
19-06-2012,16.78700
18-06-2012,16.69400
15-06-2012,16.91900
14-06-2012,16.69900
13-06-2012,16.88500
12-06-2012,16.88900
11-06-2012,16.70300
08-06-2012,16.75400
07-06-2012,16.67700
06-06-2012,16.50900
05-06-2012,16.14200
04-06-2012,16.03500
01-06-2012,16.01600
31-05-2012,16.31800
30-05-2012,16.30600
29-05-2012,16.44000
28-05-2012,16.43100
25-05-2012,16.23700
24-05-2012,16.24700
23-05-2012,15.97700
22-05-2012,16.06000
21-05-2012,16.17800
18-05-2012,16.15700
17-05-2012,16.06200
16-05-2012,16.08200
15-05-2012,16.29700
14-05-2012,16.20500
11-05-2012,16.32700
10-05-2012,16.41700
09-05-2012,16.42500
08-05-2012,16.52600
07-05-2012,16.80700
04-05-2012,16.72200
03-05-2012,17.01200
02-05-2012,17.17400
30-04-2012,17.17400
27-04-2012,16.98700
26-04-2012,16.99200
25-04-2012,17.03500
24-04-2012,17.10500
23-04-2012,17.06200
20-04-2012,17.32300
19-04-2012,17.44000
18-04-2012,17.36400
17-04-2012,17.33700
16-04-2012,17.16600
13-04-2012,17.11100
12-04-2012,17.31900
11-04-2012,17.18400
10-04-2012,17.22000
09-04-2012,17.25200
04-04-2012,17.52700
03-04-2012,17.56300
02-04-2012,17.38900
30-03-2012,17.31500
29-03-2012,16.91700
28-03-2012,16.95200
27-03-2012,17.08300
26-03-2012,16.93900
23-03-2012,17.20800
22-03-2012,17.08000
21-03-2012,17.42500
20-03-2012,17.16000
19-03-2012,17.05800
16-03-2012,17.22600
15-03-2012,17.41800
14-03-2012,17.65400
13-03-2012,17.53700
12-03-2012,17.36800
09-03-2012,17.27300
07-03-2012,16.95000
06-03-2012,16.99800
05-03-2012,17.12700
02-03-2012,17.31600
01-03-2012,17.26000
29-02-2012,17.42300
28-02-2012,17.28100
27-02-2012,16.95300
24-02-2012,17.35300
23-02-2012,17.45200
22-02-2012,17.53500
21-02-2012,17.88200
17-02-2012,17.78000
16-02-2012,17.66800
15-02-2012,17.64800
14-02-2012,17.37700
13-02-2012,17.31000
10-02-2012,17.31800
09-02-2012,17.29600
08-02-2012,17.13600
07-02-2012,17.07500
06-02-2012,17.15300
03-02-2012,16.99400
02-02-2012,16.81700
01-02-2012,16.69400
31-01-2012,16.59100
30-01-2012,16.25800
27-01-2012,16.56500
25-01-2012,16.40800
24-01-2012,16.29700
23-01-2012,16.08000
20-01-2012,16.09400
19-01-2012,15.99800
18-01-2012,15.82400
17-01-2012,15.85600
16-01-2012,15.60200
13-01-2012,15.59800
12-01-2012,15.46200
11-01-2012,15.51500
10-01-2012,15.46700
09-01-2012,15.16800
06-01-2012,15.11900
05-01-2012,15.12100
04-01-2012,15.15200
03-01-2012,15.15600
02-01-2012,14.81100
30-12-2011,14.79200
29-12-2011,14.78300
28-12-2011,14.91800
27-12-2011,15.07100
26-12-2011,15.18400
23-12-2011,15.02600
22-12-2011,15.11000
21-12-2011,15.00900
20-12-2011,14.65300
19-12-2011,14.88500
16-12-2011,15.11200
15-12-2011,15.37500
14-12-2011,15.40700
13-12-2011,15.52200
12-12-2011,15.45200
09-12-2011,15.75600
08-12-2011,15.91200
07-12-2011,16.21500
05-12-2011,16.19600
02-12-2011,16.20800
01-12-2011,15.90900
30-11-2011,15.70500
29-11-2011,15.62700
28-11-2011,15.77500
25-11-2011,15.39100
24-11-2011,15.44500
23-11-2011,15.27900
22-11-2011,15.60200
21-11-2011,15.49700
18-11-2011,15.82500
17-11-2011,15.90700
16-11-2011,16.14500
15-11-2011,16.27500
14-11-2011,16.53900
11-11-2011,16.62800
09-11-2011,16.82200
08-11-2011,17.04700
04-11-2011,17.06600
03-11-2011,16.98400
02-11-2011,16.96000
01-11-2011,16.95700
31-10-2011,17.06600
28-10-2011,17.12500
25-10-2011,16.70300
24-10-2011,16.56200
21-10-2011,16.52000
20-10-2011,16.64700
19-10-2011,16.72000
18-10-2011,16.45900
17-10-2011,16.65200
14-10-2011,16.69100
13-10-2011,16.51300
12-10-2011,16.55200
11-10-2011,16.19200
10-10-2011,16.18100
07-10-2011,15.98600
05-10-2011,15.65700
04-10-2011,15.76600
03-10-2011,15.99500
30-09-2011,16.21300
29-09-2011,16.39800
28-09-2011,16.27600
27-09-2011,16.38700
26-09-2011,16.03000
23-09-2011,16.12600
22-09-2011,16.27100
21-09-2011,16.81400
20-09-2011,16.74000
19-09-2011,16.49300
16-09-2011,16.64600
15-09-2011,16.59300
14-09-2011,16.37800
13-09-2011,16.21400
12-09-2011,16.24400
09-09-2011,16.57600
08-09-2011,16.85400
07-09-2011,16.81400
06-09-2011,16.60600
05-09-2011,16.49800
02-09-2011,16.55300
30-08-2011,16.47200
29-08-2011,16.18800
26-08-2011,15.70800
25-08-2011,15.96400
24-08-2011,16.13700
23-08-2011,16.30200
22-08-2011,16.11000
19-08-2011,15.95800
18-08-2011,16.29500
17-08-2011,16.68700
16-08-2011,16.66500
12-08-2011,16.78200
11-08-2011,16.92700
10-08-2011,17.00300
09-08-2011,16.75600
08-08-2011,16.97700
05-08-2011,17.25700
04-08-2011,17.59500
03-08-2011,17.76600
02-08-2011,17.92700
01-08-2011,18.12200
29-07-2011,18.05400
28-07-2011,18.05700
27-07-2011,18.20900
26-07-2011,18.23800
25-07-2011,18.48500
22-07-2011,18.37400
21-07-2011,18.12700
20-07-2011,18.23700
19-07-2011,18.41600
18-07-2011,18.37200
15-07-2011,18.39800
14-07-2011,18.43600
13-07-2011,18.36600
12-07-2011,18.16100
11-07-2011,18.38900
08-07-2011,18.52100
07-07-2011,18.68700
06-07-2011,18.41200
05-07-2011,18.41600
04-07-2011,18.46400
01-07-2011,18.36100
30-06-2011,18.37100
29-06-2011,18.28600
28-06-2011,18.12900
27-06-2011,18.07400
24-06-2011,17.88000
23-06-2011,17.51300
22-06-2011,17.43800
21-06-2011,17.44800
20-06-2011,17.43000
17-06-2011,17.78400
16-06-2011,17.87200
15-06-2011,18.05300
14-06-2011,18.19100
13-06-2011,18.09700
10-06-2011,18.09200
09-06-2011,18.12400
08-06-2011,18.14500
07-06-2011,18.18600
06-06-2011,18.09000
03-06-2011,18.03300
02-06-2011,18.13400
01-06-2011,18.23200
31-05-2011,18.13300
30-05-2011,17.88300
27-05-2011,17.82300
26-05-2011,17.64600
25-05-2011,17.51500
24-05-2011,17.63000
23-05-2011,17.59600
20-05-2011,17.85100
19-05-2011,17.69500
18-05-2011,17.68700
17-05-2011,17.78000
16-05-2011,17.94500
13-05-2011,18.11500
12-05-2011,17.95900
11-05-2011,18.16600
10-05-2011,18.07200
09-05-2011,18.08500
06-05-2011,18.06800
05-05-2011,17.79800
04-05-2011,18.02600
03-05-2011,18.07700
02-05-2011,18.49300
29-04-2011,18.61900
28-04-2011,18.74600
27-04-2011,18.82400
26-04-2011,18.85900
25-04-2011,18.83300
21-04-2011,18.84600
20-04-2011,18.78600
19-04-2011,18.50000
18-04-2011,18.47400
15-04-2011,18.71200
13-04-2011,18.86600
11-04-2011,18.58100
08-04-2011,18.72600
07-04-2011,18.83000
06-04-2011,18.83300
05-04-2011,18.83300
04-04-2011,18.75800
01-04-2011,18.46100
31-03-2011,18.41500
30-03-2011,18.31300
29-03-2011,18.08000
28-03-2011,17.92400
25-03-2011,17.86800
24-03-2011,17.54400
23-03-2011,17.44900
22-03-2011,17.26600
21-03-2011,17.11900
18-03-2011,17.16300
17-03-2011,17.35000
16-03-2011,17.49700
15-03-2011,17.27400
14-03-2011,17.52100
11-03-2011,17.36100
10-03-2011,17.49300
09-03-2011,17.54100
08-03-2011,17.50000
07-03-2011,17.34400
04-03-2011,17.60200
03-03-2011,17.58400
01-03-2011,17.61900
28-02-2011,17.06300
25-02-2011,17.02900
24-02-2011,16.92300
23-02-2011,17.44000
22-02-2011,17.57600
21-02-2011,17.74100
18-02-2011,17.60700
17-02-2011,17.86300
16-02-2011,17.70400
15-02-2011,17.69400
14-02-2011,17.65300
11-02-2011,17.21600
10-02-2011,16.87100
09-02-2011,16.92700
08-02-2011,17.24200
07-02-2011,17.56900
04-02-2011,17.58900
03-02-2011,17.88100
02-02-2011,17.64400
01-02-2011,17.59700
31-01-2011,17.86100
28-01-2011,17.82700
27-01-2011,18.17100
25-01-2011,18.44300
24-01-2011,18.61400
21-01-2011,18.50700
20-01-2011,18.52300
19-01-2011,18.47200
18-01-2011,18.53800
17-01-2011,18.40700
14-01-2011,18.47300
13-01-2011,18.73800
12-01-2011,19.00300
11-01-2011,18.67500
10-01-2011,18.76300
07-01-2011,19.17100
06-01-2011,19.55500
05-01-2011,19.71300
04-01-2011,19.97500
03-01-2011,20.05200
31-12-2010,19.99800
30-12-2010,19.83000
29-12-2010,19.73600
28-12-2010,19.59700
27-12-2010,19.63700
24-12-2010,19.67100
23-12-2010,19.63100
22-12-2010,19.60900
21-12-2010,19.60600
20-12-2010,19.48700
16-12-2010,19.53800
15-12-2010,19.40800
14-12-2010,19.58900
13-12-2010,19.44200
10-12-2010,19.26300
09-12-2010,18.96700
08-12-2010,19.41800
07-12-2010,19.65000
06-12-2010,19.84000
03-12-2010,19.94400
02-12-2010,20.11000
01-12-2010,19.93000
30-11-2010,19.60700
29-11-2010,19.45900
26-11-2010,19.32200
25-11-2010,19.53000
24-11-2010,19.82200
23-11-2010,20.02800
22-11-2010,20.26900
19-11-2010,20.08100
18-11-2010,20.35700
16-11-2010,20.40800
15-11-2010,20.77400
12-11-2010,20.63700
11-11-2010,21.01700
10-11-2010,21.24400
09-11-2010,21.27700
08-11-2010,21.20000
04-11-2010,21.20800
03-11-2010,20.96000
02-11-2010,20.80300
01-11-2010,20.76100
29-10-2010,20.46300
28-10-2010,20.41500
27-10-2010,20.52300
26-10-2010,20.73100
25-10-2010,20.82900
22-10-2010,20.68100
21-10-2010,20.66800
20-10-2010,20.33500
19-10-2010,20.38900
18-10-2010,20.45300
15-10-2010,20.45300
14-10-2010,20.80600
13-10-2010,20.95000
12-10-2010,20.64700
11-10-2010,20.78500
08-10-2010,20.64500
07-10-2010,20.71300
06-10-2010,20.81800
05-10-2010,20.71400
04-10-2010,20.66100
01-10-2010,20.62700
30-09-2010,20.24400
29-09-2010,20.22400
28-09-2010,20.34400
27-09-2010,20.35100
24-09-2010,20.29300
23-09-2010,20.15400
22-09-2010,20.17800
21-09-2010,20.26500
20-09-2010,20.27700
17-09-2010,20.06400
16-09-2010,19.85100
15-09-2010,20.04300
14-09-2010,19.90900
13-09-2010,19.88400
09-09-2010,19.59400
08-09-2010,19.44300
07-09-2010,19.38600
06-09-2010,19.37200
03-09-2010,19.07600
02-09-2010,18.98800
01-09-2010,18.92800
31-08-2010,18.69400
30-08-2010,18.78100
27-08-2010,18.76300
26-08-2010,18.91300
25-08-2010,18.84100
24-08-2010,19.01700
23-08-2010,19.09000
20-08-2010,18.96100
19-08-2010,18.97800
18-08-2010,18.81500
17-08-2010,18.58800
16-08-2010,18.51400
13-08-2010,18.58800
12-08-2010,18.50700
11-08-2010,18.44000
10-08-2010,18.54200
09-08-2010,18.63700
06-08-2010,18.48900
05-08-2010,18.45900
04-08-2010,18.47900
03-08-2010,18.39700
02-08-2010,18.34900
30-07-2010,18.15600
29-07-2010,18.17600
28-07-2010,18.17300
27-07-2010,18.17200
26-07-2010,18.11500
23-07-2010,18.21100
22-07-2010,18.20300
21-07-2010,18.11400
20-07-2010,18.02900
19-07-2010,18.12300
16-07-2010,18.11600
15-07-2010,18.01300
14-07-2010,18.06300
13-07-2010,18.12200
12-07-2010,18.06500
09-07-2010,18.00900
08-07-2010,17.86100
07-07-2010,17.63500
06-07-2010,17.72200
05-07-2010,17.57000
02-07-2010,17.52600
01-07-2010,17.58100
30-06-2010,17.72700
29-06-2010,17.55200
28-06-2010,17.68600
25-06-2010,17.48900
24-06-2010,17.58800
23-06-2010,17.59600
22-06-2010,17.53800
21-06-2010,17.58200
18-06-2010,17.36600
17-06-2010,17.44200
16-06-2010,17.38700
15-06-2010,17.33700
14-06-2010,17.30400
11-06-2010,17.13700
10-06-2010,17.07500
09-06-2010,16.90800
08-06-2010,16.81100
07-06-2010,16.88800
04-06-2010,17.12900
03-06-2010,17.07300
02-06-2010,16.85500
01-06-2010,16.72400
31-05-2010,16.97200
28-05-2010,16.80500
27-05-2010,16.53200
26-05-2010,16.30500
25-05-2010,16.10000
24-05-2010,16.57300
21-05-2010,16.54900
20-05-2010,16.67000
19-05-2010,16.58600
18-05-2010,17.00700
17-05-2010,16.95700
14-05-2010,17.01800
13-05-2010,17.21100
12-05-2010,17.07500
11-05-2010,16.95400
10-05-2010,17.09600
07-05-2010,16.76000
06-05-2010,17.03100
05-05-2010,17.11100
04-05-2010,17.15400
03-05-2010,17.36200
30-04-2010,17.48100
29-04-2010,17.38700
28-04-2010,17.28800
27-04-2010,17.50800
26-04-2010,17.53700
23-04-2010,17.45200
22-04-2010,17.39400
21-04-2010,17.36300
20-04-2010,17.29800
19-04-2010,17.12400
16-04-2010,17.29000
15-04-2010,17.32500
13-04-2010,17.42500
12-04-2010,17.46800
09-04-2010,17.53200
08-04-2010,17.35300
07-04-2010,17.54000
06-04-2010,17.47500
05-04-2010,17.44800
01-04-2010,17.24300
31-03-2010,17.10800
30-03-2010,17.08400
29-03-2010,17.09400
26-03-2010,17.03400
25-03-2010,16.91400
23-03-2010,16.82600
22-03-2010,16.73100
19-03-2010,16.87000
18-03-2010,16.81500
17-03-2010,16.76400
16-03-2010,16.68700
15-03-2010,16.53800
12-03-2010,16.58600
11-03-2010,16.55700
10-03-2010,16.50600
09-03-2010,16.52800
08-03-2010,16.62300
05-03-2010,16.48400
04-03-2010,16.44600
03-03-2010,16.27400
02-03-2010,16.07400
26-02-2010,15.81100
25-02-2010,15.60700
24-02-2010,15.65800
23-02-2010,15.69100
22-02-2010,15.72900
19-02-2010,15.75700
18-02-2010,15.92500
17-02-2010,15.99200
16-02-2010,15.82400
15-02-2010,15.72500
11-02-2010,15.83000
10-02-2010,15.67300
09-02-2010,15.70500
08-02-2010,15.63300
05-02-2010,15.47800
04-02-2010,15.85600
03-02-2010,16.13800
02-02-2010,15.83400
01-02-2010,15.99900
29-01-2010,15.85000
28-01-2010,15.77500
27-01-2010,15.71200
25-01-2010,16.31600
22-01-2010,16.47900
21-01-2010,16.62600
20-01-2010,17.04000
19-01-2010,17.10400
18-01-2010,17.16000
15-01-2010,17.10500
14-01-2010,17.09700
13-01-2010,16.96000
12-01-2010,16.96000
11-01-2010,17.10000
08-01-2010,17.05400
07-01-2010,17.10900
06-01-2010,17.15100
05-01-2010,17.09800
04-01-2010,16.87900
31-12-2009,16.67500
30-12-2009,16.65100
29-12-2009,16.65900
24-12-2009,16.64100
23-12-2009,16.55500
22-12-2009,16.14600
21-12-2009,15.98700
18-12-2009,16.11500
17-12-2009,16.15900
16-12-2009,16.07500
15-12-2009,16.07000
14-12-2009,16.26500
11-12-2009,16.33500
10-12-2009,16.48500
09-12-2009,16.41400
08-12-2009,16.57000
07-12-2009,16.29200
04-12-2009,16.50200
03-12-2009,16.57800
02-12-2009,16.50900
01-12-2009,16.38500
30-11-2009,16.06000
27-11-2009,15.77100
26-11-2009,15.94600
25-11-2009,16.24900
24-11-2009,16.22700
23-11-2009,16.26600
20-11-2009,16.16700
19-11-2009,15.95200
18-11-2009,16.18700
17-11-2009,16.15300
16-11-2009,16.14100
13-11-2009,15.99600
12-11-2009,15.88900
11-11-2009,16.02400
10-11-2009,15.63500
09-11-2009,15.68000
06-11-2009,15.41100
05-11-2009,15.15000
04-11-2009,14.86900
03-11-2009,14.41000
30-10-2009,14.92700
29-10-2009,15.02300
28-10-2009,15.20300
27-10-2009,15.27600
26-10-2009,15.81900
23-10-2009,16.13000
22-10-2009,16.04900
21-10-2009,16.42800
20-10-2009,16.60400
16-10-2009,16.57800
15-10-2009,16.46100
14-10-2009,16.43100
12-10-2009,16.13800
09-10-2009,15.79000
08-10-2009,15.90500
07-10-2009,15.71000
06-10-2009,15.62200
05-10-2009,15.59800
01-10-2009,15.87900
30-09-2009,15.91800
29-09-2009,15.73800
25-09-2009,15.70200
24-09-2009,15.66900
23-09-2009,15.54600
22-09-2009,15.80500
18-09-2009,15.70700
17-09-2009,15.68000
16-09-2009,15.70000
15-09-2009,15.47800
14-09-2009,15.13700
11-09-2009,15.11400
10-09-2009,15.13400
09-09-2009,15.11500
08-09-2009,15.16200
07-09-2009,15.15500
04-09-2009,14.80500
03-09-2009,14.66100
02-09-2009,14.69500
01-09-2009,14.74000
31-08-2009,14.89400
28-08-2009,14.96200
27-08-2009,14.85200
26-08-2009,14.82000
25-08-2009,14.68400
24-08-2009,14.59200
21-08-2009,14.27600
20-08-2009,14.08000
19-08-2009,13.90800
18-08-2009,14.05700
17-08-2009,13.79000
14-08-2009,14.38700
13-08-2009,14.34900
12-08-2009,13.90200
11-08-2009,13.91300
10-08-2009,13.83000
07-08-2009,13.96700
06-08-2009,14.31100
05-08-2009,14.68800
04-08-2009,14.65500
03-08-2009,14.75400
31-07-2009,14.44600
30-07-2009,14.26500
29-07-2009,14.13100
28-07-2009,14.32300
27-07-2009,14.26700
24-07-2009,14.18400
23-07-2009,13.98400
22-07-2009,13.73800
21-07-2009,13.87300
20-07-2009,13.93100
17-07-2009,13.61100
16-07-2009,13.25000
15-07-2009,13.27500
14-07-2009,12.87900
13-07-2009,12.45200
10-07-2009,12.69200
09-07-2009,12.88000
08-07-2009,12.82200
07-07-2009,13.24300
06-07-2009,13.07600
03-07-2009,13.86800
02-07-2009,13.71100
01-07-2009,13.60600
30-06-2009,13.44700
29-06-2009,13.81400
26-06-2009,13.68900
25-06-2009,13.34500
24-06-2009,13.42000
23-06-2009,13.20000
22-06-2009,13.19700
19-06-2009,13.30900
18-06-2009,13.05400
17-06-2009,13.34600
16-06-2009,13.85400
15-06-2009,13.62300
12-06-2009,13.94800
11-06-2009,14.14900
10-06-2009,14.20700
09-06-2009,13.91900
08-06-2009,13.55400
05-06-2009,14.16300
04-06-2009,14.17100
03-06-2009,14.00600
02-06-2009,13.91200
01-06-2009,13.98900
29-05-2009,13.78900
28-05-2009,13.48100
27-05-2009,13.34500
26-05-2009,12.86000
25-05-2009,13.22900
22-05-2009,13.04100
21-05-2009,12.90100
20-05-2009,12.98100
19-05-2009,12.76900
15-05-2009,10.91200
14-05-2009,10.73900
13-05-2009,10.70100
12-05-2009,10.71000
11-05-2009,10.51000
08-05-2009,10.66200
07-05-2009,10.81100
06-05-2009,10.63200
05-05-2009,10.78800
04-05-2009,10.72000
29-04-2009,10.25400
28-04-2009,9.98000
27-04-2009,10.30100
24-04-2009,10.31000
23-04-2009,10.11900
22-04-2009,9.93200
21-04-2009,10.02600
20-04-2009,10.11000
17-04-2009,10.04600
16-04-2009,9.93400
15-04-2009,10.26300
13-04-2009,9.96900
09-04-2009,9.81000
08-04-2009,9.74300
06-04-2009,9.56700
02-04-2009,9.46800
01-04-2009,9.21400
31-03-2009,9.12200
30-03-2009,8.97600
27-03-2009,9.20000
26-03-2009,9.10800
25-03-2009,8.88800
24-03-2009,8.81000
23-03-2009,8.83400
20-03-2009,8.56100
19-03-2009,8.57500
18-03-2009,8.57400
17-03-2009,8.46300
16-03-2009,8.48700
13-03-2009,8.32500
12-03-2009,8.10600
09-03-2009,8.03500
06-03-2009,8.15300
05-03-2009,8.13600
04-03-2009,8.30100
03-03-2009,8.26800
02-03-2009,8.39700
27-02-2009,8.62700
26-02-2009,8.63900
25-02-2009,8.59500
24-02-2009,8.54200
20-02-2009,8.61800
19-02-2009,8.74400
18-02-2009,8.71800
17-02-2009,8.73500
16-02-2009,8.91500
13-02-2009,9.15700
12-02-2009,9.03600
11-02-2009,9.07300
10-02-2009,9.09300
09-02-2009,9.04300
06-02-2009,8.86800
05-02-2009,8.75300
04-02-2009,8.80400
03-02-2009,8.80100
02-02-2009,8.79500
30-01-2009,9.00000
29-01-2009,8.85500
28-01-2009,8.88500
27-01-2009,8.71400
23-01-2009,8.54900
22-01-2009,8.71100
21-01-2009,8.78600
20-01-2009,8.99800
19-01-2009,9.15400
16-01-2009,9.11600
15-01-2009,8.94400
14-01-2009,9.12700
13-01-2009,8.94400
12-01-2009,9.02200
09-01-2009,9.27900
07-01-2009,9.45800
06-01-2009,10.00100
05-01-2009,9.99300
02-01-2009,9.79300
01-01-2009,9.72100
31-12-2008,9.52900
30-12-2008,9.57700
29-12-2008,9.42500
26-12-2008,9.26800
24-12-2008,9.41300
23-12-2008,9.46200
22-12-2008,9.68600
19-12-2008,9.79700
18-12-2008,9.71000
17-12-2008,9.44700
16-12-2008,9.66900
15-12-2008,9.50600
12-12-2008,9.36100
11-12-2008,9.27800
10-12-2008,9.26100
08-12-2008,8.96000
05-12-2008,8.86100
04-12-2008,9.03500
03-12-2008,8.71100
02-12-2008,8.65100
01-12-2008,8.71300
28-11-2008,8.86300
26-11-2008,8.80800
25-11-2008,8.67900
24-11-2008,8.76300
21-11-2008,8.73100
20-11-2008,8.54800
19-11-2008,8.82000
18-11-2008,8.93300
17-11-2008,9.18200
14-11-2008,9.33300
12-11-2008,9.47100
11-11-2008,9.70600
10-11-2008,10.16100
07-11-2008,9.74300
06-11-2008,9.61700
05-11-2008,9.83400
04-11-2008,10.09400
03-11-2008,9.80400
31-10-2008,9.37400
29-10-2008,8.89500
27-10-2008,8.52400
24-10-2008,8.73100
23-10-2008,9.51900
22-10-2008,9.79200
21-10-2008,10.12900
20-10-2008,9.84800
17-10-2008,9.78400
16-10-2008,10.17800
15-10-2008,10.29000
14-10-2008,10.82400
13-10-2008,10.68800
10-10-2008,10.11200
08-10-2008,10.83200
07-10-2008,11.27600
06-10-2008,11.43400
03-10-2008,12.12600
01-10-2008,12.52400
30-09-2008,12.44800
29-09-2008,12.21400
26-09-2008,12.75100
25-09-2008,13.07700
24-09-2008,13.22400
23-09-2008,13.14300
22-09-2008,13.48700
19-09-2008,13.50200
18-09-2008,12.94800
17-09-2008,13.01700
16-09-2008,13.23300
15-09-2008,13.32600
12-09-2008,13.84300
11-09-2008,14.14200
10-09-2008,14.40100
09-09-2008,14.55500
08-09-2008,14.65500
05-09-2008,14.36100
04-09-2008,14.68900
02-09-2008,14.79400
01-09-2008,14.39800
29-08-2008,14.44100
28-08-2008,14.01800
27-08-2008,14.20700
26-08-2008,14.32500
25-08-2008,14.33000
22-08-2008,14.25900
21-08-2008,14.14500
20-08-2008,14.50500
19-08-2008,14.39100
18-08-2008,14.44300
14-08-2008,14.59100
13-08-2008,14.88600
12-08-2008,14.99000
11-08-2008,15.25200
08-08-2008,14.94600
07-08-2008,14.91600
06-08-2008,14.90200
05-08-2008,14.86900
04-08-2008,14.53400
01-08-2008,14.43700
31-07-2008,14.17100
30-07-2008,14.15000
29-07-2008,13.74300
28-07-2008,14.21800
25-07-2008,14.14800
24-07-2008,14.35900
23-07-2008,14.52200
22-07-2008,13.74200
21-07-2008,13.43100
18-07-2008,13.33000
17-07-2008,13.00900
16-07-2008,12.65800
15-07-2008,12.79400
14-07-2008,13.30400
11-07-2008,13.44600
10-07-2008,13.81600
09-07-2008,13.82200
08-07-2008,13.31400
07-07-2008,13.44700
04-07-2008,13.32800
03-07-2008,13.00600
02-07-2008,13.48100
01-07-2008,12.90500
30-06-2008,13.42200
27-06-2008,13.79400
26-06-2008,14.36300
25-06-2008,14.27500
24-06-2008,14.20200
23-06-2008,14.42600
20-06-2008,14.81800
19-06-2008,15.34200
18-06-2008,15.67000
17-06-2008,15.90100
16-06-2008,15.61500
13-06-2008,15.42000
12-06-2008,15.40300
11-06-2008,15.32700
10-06-2008,15.08300
09-06-2008,15.32400
06-06-2008,15.85000
05-06-2008,15.97800
04-06-2008,15.83000
03-06-2008,16.28800
02-06-2008,16.54300
30-05-2008,16.91600
29-05-2008,16.80000
28-05-2008,16.87400
27-05-2008,16.67500
26-05-2008,16.75500
23-05-2008,17.15900
22-05-2008,17.37000
21-05-2008,17.67900
20-05-2008,17.59900
16-05-2008,17.71700
15-05-2008,17.53400
14-05-2008,17.33000
13-05-2008,17.19600
12-05-2008,17.21000
09-05-2008,17.22500
08-05-2008,17.54400
07-05-2008,17.71800
06-05-2008,17.79100
05-05-2008,18.00000
02-05-2008,17.92600
30-04-2008,17.67100
29-04-2008,17.70400
28-04-2008,17.44200
25-04-2008,17.40600
24-04-2008,17.17200
23-04-2008,17.23800
22-04-2008,17.25100
21-04-2008,17.13600
17-04-2008,16.87900
16-04-2008,16.56200
15-04-2008,16.42200
11-04-2008,16.21600
10-04-2008,16.08900
09-04-2008,16.07600
08-04-2008,15.94700
07-04-2008,16.01300
04-04-2008,15.74100
03-04-2008,16.12100
02-04-2008,16.14900
01-04-2008,16.16900
31-03-2008,16.34000
28-03-2008,16.79200
27-03-2008,16.13900
26-03-2008,16.23400
25-03-2008,16.11500
24-03-2008,15.25900
19-03-2008,15.46300
18-03-2008,15.41600
17-03-2008,15.59100
14-03-2008,16.60100
13-03-2008,16.30400
12-03-2008,17.34100
11-03-2008,17.33600
10-03-2008,16.76200
07-03-2008,16.81400
05-03-2008,17.48200
04-03-2008,17.62800
03-03-2008,17.97700
29-02-2008,18.90300
28-02-2008,18.98800
27-02-2008,19.03400
26-02-2008,18.94400
25-02-2008,18.68100
22-02-2008,18.61700
21-02-2008,18.91400
20-02-2008,18.78100
19-02-2008,19.18600
18-02-2008,19.09300
15-02-2008,19.10300
14-02-2008,18.79200
13-02-2008,17.88900
12-02-2008,17.81300
11-02-2008,18.08100
08-02-2008,19.09000
07-02-2008,19.36300
06-02-2008,19.86500
05-02-2008,20.27800
04-02-2008,20.16500
01-02-2008,19.57900
31-01-2008,19.44500
30-01-2008,19.63100
29-01-2008,20.17700
28-01-2008,20.16500
25-01-2008,20.29100
24-01-2008,18.86600
23-01-2008,19.57600
22-01-2008,18.24900
21-01-2008,19.26800
18-01-2008,21.65300
17-01-2008,22.69900
16-01-2008,22.69300
15-01-2008,23.26900
14-01-2008,23.64700
11-01-2008,23.39800
10-01-2008,23.30000
09-01-2008,23.94700
08-01-2008,23.91300
07-01-2008,24.28400
04-01-2008,24.38400
03-01-2008,24.10400
02-01-2008,24.06100
01-01-2008,23.62400
31-12-2007,23.45600
28-12-2007,23.09400
27-12-2007,22.70400
26-12-2007,22.76300
24-12-2007,22.28100
20-12-2007,21.70300
19-12-2007,21.72600
18-12-2007,21.76700
17-12-2007,21.85800
14-12-2007,22.85800
13-12-2007,22.68000
12-12-2007,22.60600
11-12-2007,22.31700
10-12-2007,21.97100
07-12-2007,21.84000
06-12-2007,21.80700
05-12-2007,21.75400
04-12-2007,21.41900
03-12-2007,21.15800
30-11-2007,20.65200
29-11-2007,20.04000
28-11-2007,20.14900
27-11-2007,20.21600
26-11-2007,20.21600
23-11-2007,19.78600
22-11-2007,19.43400
21-11-2007,19.57700
20-11-2007,20.51100
19-11-2007,20.89300
16-11-2007,20.47400
15-11-2007,20.37100
14-11-2007,20.29800
13-11-2007,19.71600
12-11-2007,19.31700
08-11-2007,19.59600
07-11-2007,19.99300
06-11-2007,19.97600
05-11-2007,20.16900
02-11-2007,20.17500
01-11-2007,19.90400
31-10-2007,20.07100
30-10-2007,19.84200
29-10-2007,19.84700
26-10-2007,19.31900
25-10-2007,18.93100
24-10-2007,18.71500
23-10-2007,18.52300
22-10-2007,17.63100
19-10-2007,17.72100
18-10-2007,18.28200
17-10-2007,19.03400
16-10-2007,19.41100
15-10-2007,19.44400
12-10-2007,18.82000
11-10-2007,19.07000
10-10-2007,18.87400
09-10-2007,18.59300
08-10-2007,18.07200
05-10-2007,18.51600
04-10-2007,18.62000
03-10-2007,18.65400
01-10-2007,18.33800
28-09-2007,18.11600
27-09-2007,17.92200
26-09-2007,17.88900
25-09-2007,17.84000
24-09-2007,17.83700
21-09-2007,17.65100
20-09-2007,17.47000
19-09-2007,17.46400
18-09-2007,17.00500
17-09-2007,16.83500
14-09-2007,16.84600
13-09-2007,16.93300
12-09-2007,16.87800
11-09-2007,16.80900
10-09-2007,16.77600
07-09-2007,16.83300
06-09-2007,16.80400
05-09-2007,16.71800
04-09-2007,16.75200
03-09-2007,16.69100
31-08-2007,16.57000
30-08-2007,16.35600
29-08-2007,16.22100
28-08-2007,16.19400
27-08-2007,16.13700
24-08-2007,15.67300
23-08-2007,15.51200
22-08-2007,15.58500
21-08-2007,15.55600
20-08-2007,16.01400
17-08-2007,15.88000
16-08-2007,16.06600
14-08-2007,16.67100
13-08-2007,16.69800
10-08-2007,16.56700
09-08-2007,16.78600
08-08-2007,17.02200
07-08-2007,16.74900
06-08-2007,16.66000
03-08-2007,16.83900
02-08-2007,16.65400
01-08-2007,16.59100
31-07-2007,17.08500
30-07-2007,16.86500
27-07-2007,16.82000
26-07-2007,17.31600
25-07-2007,17.24800
24-07-2007,17.38000
23-07-2007,17.46300
20-07-2007,17.41800
19-07-2007,17.38500
18-07-2007,17.14000
17-07-2007,17.12000
16-07-2007,17.17400
13-07-2007,17.13200
12-07-2007,17.05000
11-07-2007,16.74700
10-07-2007,16.84000
09-07-2007,16.88300
06-07-2007,16.84700
05-07-2007,16.71500
04-07-2007,16.78600
03-07-2007,16.74900
02-07-2007,16.59100
29-06-2007,16.47200
28-06-2007,16.35400
27-06-2007,16.36500
26-06-2007,16.39800
25-06-2007,16.32200
22-06-2007,16.29900
21-06-2007,16.25700
20-06-2007,16.16500
19-06-2007,16.03200
18-06-2007,15.84700
15-06-2007,15.94400
14-06-2007,15.87200
13-06-2007,15.60900
12-06-2007,15.67400
11-06-2007,15.69700
08-06-2007,15.71500
07-06-2007,15.89500
06-06-2007,15.85300
05-06-2007,16.09900
04-06-2007,16.05500
01-06-2007,16.16400
31-05-2007,16.12100
30-05-2007,15.96500
29-05-2007,16.00300
28-05-2007,15.89900
25-05-2007,15.79800
24-05-2007,15.70900
23-05-2007,15.75600
22-05-2007,15.84600
21-05-2007,15.67100
18-05-2007,15.53900
17-05-2007,15.51100
16-05-2007,15.34300
15-05-2007,15.04200
14-05-2007,14.96600
11-05-2007,14.86900
10-05-2007,14.78200
09-05-2007,14.79800
08-05-2007,14.80100
07-05-2007,14.90100
04-05-2007,14.96300
03-05-2007,15.02900
30-04-2007,14.82600
27-04-2007,14.78100
26-04-2007,14.91300
25-04-2007,14.90300
24-04-2007,14.81900
23-04-2007,14.70200
20-04-2007,14.68100
19-04-2007,14.52200
18-04-2007,14.55700
17-04-2007,14.46800
16-04-2007,14.48100
13-04-2007,14.26200
12-04-2007,14.10700
11-04-2007,14.13000
10-04-2007,14.04900
09-04-2007,13.97700
05-04-2007,13.72100
04-04-2007,13.60000
03-04-2007,13.51800
02-04-2007,13.40200
30-03-2007,13.85400
29-03-2007,13.68900
28-03-2007,13.57500
26-03-2007,13.79400
23-03-2007,13.86000
22-03-2007,13.85000
21-03-2007,13.61000
20-03-2007,13.50100
19-03-2007,13.37800
16-03-2007,13.27000
15-03-2007,13.41700
14-03-2007,13.35600
13-03-2007,13.65800
12-03-2007,13.54900
09-03-2007,13.39800
08-03-2007,13.40800
07-03-2007,12.98200
06-03-2007,13.19400
05-03-2007,13.07900
02-03-2007,13.65400
01-03-2007,13.79500
28-02-2007,13.67000
27-02-2007,14.16400
26-02-2007,14.21900
23-02-2007,14.22500
22-02-2007,14.62500
21-02-2007,14.68100
20-02-2007,14.64100
19-02-2007,14.84200
15-02-2007,14.81900
14-02-2007,14.37900
13-02-2007,14.44800
12-02-2007,14.53300
09-02-2007,14.97800
08-02-2007,15.24200
07-02-2007,15.27500
06-02-2007,15.16500
05-02-2007,15.14400
02-02-2007,15.10900
01-02-2007,14.81200
31-01-2007,14.71200
29-01-2007,14.70600
25-01-2007,14.74100
24-01-2007,14.65200
23-01-2007,14.63400
22-01-2007,14.70800
19-01-2007,14.72900
18-01-2007,14.79600
17-01-2007,14.75600
16-01-2007,14.66500
15-01-2007,14.62200
12-01-2007,14.51700
11-01-2007,14.26700
10-01-2007,14.07000
09-01-2007,14.29500
08-01-2007,14.34600
05-01-2007,14.44500
04-01-2007,14.43200
03-01-2007,14.50000
02-01-2007,14.39600
29-12-2006,14.23800
28-12-2006,14.07100
27-12-2006,14.02700
26-12-2006,13.92300
22-12-2006,13.71000
21-12-2006,13.64700
20-12-2006,13.58100
19-12-2006,13.64000
18-12-2006,13.79000
15-12-2006,13.74900
14-12-2006,13.61900
13-12-2006,13.30700
12-12-2006,13.13900
11-12-2006,13.59100
08-12-2006,13.90500
07-12-2006,13.99300
06-12-2006,13.87100
05-12-2006,13.95400
04-12-2006,13.90800
01-12-2006,13.84200
30-11-2006,13.63700
29-11-2006,13.53500
28-11-2006,13.44100
27-11-2006,13.56700
24-11-2006,13.55900
23-11-2006,13.55200
22-11-2006,13.55800
21-11-2006,13.41600
20-11-2006,13.17300
17-11-2006,13.38200
16-11-2006,13.48100
15-11-2006,13.47200
14-11-2006,13.51000
13-11-2006,13.55200
10-11-2006,13.43000
09-11-2006,13.35200
08-11-2006,13.10700
07-11-2006,13.24700
06-11-2006,13.19200
03-11-2006,13.01200
02-11-2006,12.95800
01-11-2006,12.91500
31-10-2006,12.73100
30-10-2006,12.71800
27-10-2006,12.57500
26-10-2006,12.43500
23-10-2006,12.29700
20-10-2006,12.28500
19-10-2006,12.22200
18-10-2006,12.27400
17-10-2006,12.27400
16-10-2006,12.30900
13-10-2006,12.23800
12-10-2006,12.15400
11-10-2006,12.07200
10-10-2006,12.15700
09-10-2006,12.16200
06-10-2006,12.10800
05-10-2006,11.98300
04-10-2006,11.80300
03-10-2006,11.90900
29-09-2006,11.93300
28-09-2006,11.83200
27-09-2006,11.76000
26-09-2006,11.73800
25-09-2006,11.69000
22-09-2006,11.67400
21-09-2006,11.71000
20-09-2006,11.63400
19-09-2006,11.58200
18-09-2006,11.71200
15-09-2006,11.72400
14-09-2006,11.68600
13-09-2006,11.58300
12-09-2006,11.41900
11-09-2006,11.34500
08-09-2006,11.66200
07-09-2006,11.60000
06-09-2006,11.64100
05-09-2006,11.52300
04-09-2006,11.44200
01-09-2006,11.31200
31-08-2006,11.26400
30-08-2006,11.34200
29-08-2006,11.32300
28-08-2006,11.33400
25-08-2006,11.29500
24-08-2006,11.24500
23-08-2006,11.19800
22-08-2006,11.30100
21-08-2006,11.35500
18-08-2006,11.27300
17-08-2006,11.24300
16-08-2006,11.32200
14-08-2006,11.21600
11-08-2006,11.04000
10-08-2006,10.88900
09-08-2006,10.75600
08-08-2006,10.57100
07-08-2006,10.44100
04-08-2006,10.46000
03-08-2006,10.48600
02-08-2006,10.40700
01-08-2006,10.26500
31-07-2006,10.32300
28-07-2006,10.21700
27-07-2006,10.16800
26-07-2006,10.02400
25-07-2006,9.87700
24-07-2006,9.68600
21-07-2006,9.73500
20-07-2006,9.99000
19-07-2006,9.89000
18-07-2006,10.14300
17-07-2006,10.22500
14-07-2006,10.44800
13-07-2006,10.52800
12-07-2006,10.51700
11-07-2006,10.40300
10-07-2006,10.35900
07-07-2006,10.30500
06-07-2006,10.41200
05-07-2006,10.50800
04-07-2006,10.45100
03-07-2006,10.48400
30-06-2006,10.47600
29-06-2006,10.12900
28-06-2006,10.10400
27-06-2006,10.17200
26-06-2006,10.30100
23-06-2006,10.66000
22-06-2006,10.61400
21-06-2006,10.37700
20-06-2006,10.11000
19-06-2006,10.08100
16-06-2006,9.80600
15-06-2006,9.32400
14-06-2006,8.84000
13-06-2006,9.12100
12-06-2006,9.65900
09-06-2006,9.82700
08-06-2006,9.47300
07-06-2006,10.22900
06-06-2006,10.87000
05-06-2006,11.24300
02-06-2006,11.43600
01-06-2006,11.57800
31-05-2006,11.93800
30-05-2006,12.31000
29-05-2006,12.35900
26-05-2006,12.27300
25-05-2006,12.02000
24-05-2006,12.11800
23-05-2006,12.29900
22-05-2006,11.93800
19-05-2006,12.68300
18-05-2006,13.16800
17-05-2006,13.99400
16-05-2006,13.64500
15-05-2006,13.71600
12-05-2006,14.24000
11-05-2006,14.33600
10-05-2006,14.39000
09-05-2006,14.31300
08-05-2006,14.24500
05-05-2006,14.24000
04-05-2006,14.18100
03-05-2006,14.25700
02-05-2006,14.33800
28-04-2006,13.81900
27-04-2006,13.83900
26-04-2006,13.67300
25-04-2006,13.46200
24-04-2006,13.55900
21-04-2006,13.53000
20-04-2006,13.57000
19-04-2006,13.47500
18-04-2006,13.45400
17-04-2006,13.20500
13-04-2006,13.00400
12-04-2006,13.32300
10-04-2006,13.48300
07-04-2006,13.38500
05-04-2006,13.43300
04-04-2006,13.29700
03-04-2006,13.25700
