date,nav
29-09-2026,140.19250
28-09-2026,140.59200
25-09-2026,142.68050
24-09-2026,142.20650
23-09-2026,144.71790
22-09-2026,143.41990
21-09-2026,143.99960
18-09-2026,143.84090
17-09-2026,142.62730
16-09-2026,141.73230
15-09-2026,141.43620
11-09-2026,143.76050
10-09-2026,144.31450
09-09-2026,144.10070
08-09-2026,145.27540
07-09-2026,145.82440
04-09-2026,146.99200
03-09-2026,146.91020
02-09-2026,146.73460
01-09-2026,147.44060
31-08-2026,148.00580
28-08-2026,149.16040
27-08-2026,148.85120
26-08-2026,149.04700
25-08-2026,150.17170
24-08-2026,149.22690
21-08-2026,149.71000
20-08-2026,149.48160
19-08-2026,148.28800
18-08-2026,148.78780
17-08-2026,149.29020
14-08-2026,149.81130
13-08-2026,149.85870
12-08-2026,150.16440
11-08-2026,150.24500
10-08-2026,150.69920
07-08-2026,150.50190
06-08-2026,151.24200
05-08-2026,150.99570
04-08-2026,150.55290
03-08-2026,151.11090
31-07-2026,148.81610
30-07-2026,148.36100
29-07-2026,147.98460
28-07-2026,147.13990
27-07-2026,146.35940
24-07-2026,144.45290
23-07-2026,144.56960
22-07-2026,145.39410
21-07-2026,146.88830
20-07-2026,146.84250
17-07-2026,146.99240
16-07-2026,146.09360
15-07-2026,146.36990
14-07-2026,146.01610
13-07-2026,146.61420
10-07-2026,146.28590
09-07-2026,144.49870
08-07-2026,143.88260
07-07-2026,146.80000
06-07-2026,147.12580
03-07-2026,146.14940
02-07-2026,145.51980
01-07-2026,143.90380
30-06-2026,143.25740
29-06-2026,143.38150
25-06-2026,143.82850
24-06-2026,144.27280
23-06-2026,142.71210
22-06-2026,144.29920
19-06-2026,143.55130
18-06-2026,144.19250
17-06-2026,143.63900
16-06-2026,142.66110
15-06-2026,141.81420
12-06-2026,139.86180
11-06-2026,137.40320
10-06-2026,138.29330
09-06-2026,139.06880
08-06-2026,138.20790
05-06-2026,139.69820
04-06-2026,139.56480
03-06-2026,139.41900
02-06-2026,140.70320
01-06-2026,140.03260
29-05-2026,140.77280
27-05-2026,142.41280
26-05-2026,142.18220
25-05-2026,142.31350
22-05-2026,140.72000
21-05-2026,139.97440
20-05-2026,140.28520
19-05-2026,140.05130
18-05-2026,139.34140
15-05-2026,139.08520
14-05-2026,139.39280
13-05-2026,138.01760
12-05-2026,138.10240
11-05-2026,141.08640
08-05-2026,143.01570
07-05-2026,143.47750
06-05-2026,143.32050
05-05-2026,141.12300
04-05-2026,141.68850
30-04-2026,140.92510
29-04-2026,141.96290
28-04-2026,141.29850
27-04-2026,142.14020
24-04-2026,140.74510
23-04-2026,142.48410
22-04-2026,144.22680
21-04-2026,144.95680
20-04-2026,143.77230
17-04-2026,143.56410
16-04-2026,142.61600
15-04-2026,142.10810
13-04-2026,139.55450
10-04-2026,140.32800
09-04-2026,138.87030
08-04-2026,139.94070
07-04-2026,134.90340
06-04-2026,134.09080
02-04-2026,132.22900
01-04-2026,132.26540
31-03-2026,129.88110
30-03-2026,129.88720
27-03-2026,132.79720
25-03-2026,135.93560
24-03-2026,133.24680
23-03-2026,130.72370
20-03-2026,134.33590
19-03-2026,133.60740
18-03-2026,138.38640
17-03-2026,136.48920
16-03-2026,135.41150
13-03-2026,134.52310
12-03-2026,137.54140
11-03-2026,138.73460
10-03-2026,140.73630
09-03-2026,139.39960
06-03-2026,141.62780
05-03-2026,142.82820
04-03-2026,140.92600
02-03-2026,143.20960
27-02-2026,145.19320
26-02-2026,146.76990
25-02-2026,146.76170
24-02-2026,146.53400
23-02-2026,148.41570
20-02-2026,148.32660
19-02-2026,147.66800
18-02-2026,149.70660
17-02-2026,149.26570
16-02-2026,149.13780
13-02-2026,148.23300
12-02-2026,149.98510
11-02-2026,150.90580
10-02-2026,150.68230
09-02-2026,150.31950
06-02-2026,148.53500
05-02-2026,148.56660
04-02-2026,149.18580
03-02-2026,148.89960
02-02-2026,145.19350
30-01-2026,146.83280
29-01-2026,147.50440
28-01-2026,146.89810
27-01-2026,145.76320
23-01-2026,144.63120
22-01-2026,146.39950
21-01-2026,145.60710
20-01-2026,145.98820
19-01-2026,148.60660
16-01-2026,149.20970
14-01-2026,148.41750
13-01-2026,148.45040
12-01-2026,148.74730
09-01-2026,148.34650
08-01-2026,149.40680
07-01-2026,151.14670
06-01-2026,150.96790
05-01-2026,151.08450
02-01-2026,151.16240
01-01-2026,149.95830
31-12-2025,149.17180
30-12-2025,148.21630
29-12-2025,148.21000
26-12-2025,148.64130
24-12-2025,149.43400
23-12-2025,149.60300
22-12-2025,150.17930
19-12-2025,148.61450
18-12-2025,147.80060
17-12-2025,147.70980
16-12-2025,147.89000
15-12-2025,148.73730
12-12-2025,148.62520
11-12-2025,147.52910
10-12-2025,146.91850
09-12-2025,147.43040
08-12-2025,147.85840
05-12-2025,149.14660
04-12-2025,148.23580
03-12-2025,147.63480
02-12-2025,148.20450
01-12-2025,148.62670
28-11-2025,149.02820
27-11-2025,149.20650
26-11-2025,149.43840
25-11-2025,147.62820
24-11-2025,147.37960
21-11-2025,147.64860
20-11-2025,148.45960
19-11-2025,147.76230
18-11-2025,147.03780
17-11-2025,147.68630
14-11-2025,146.84870
13-11-2025,146.60630
12-11-2025,146.81450
11-11-2025,145.84900
10-11-2025,145.31370
07-11-2025,145.34570
06-11-2025,145.06630
04-11-2025,146.04400
03-11-2025,146.78780
31-10-2025,145.98380
30-10-2025,147.01110
29-10-2025,147.67260
28-10-2025,146.76430
27-10-2025,146.95510
24-10-2025,145.58280
23-10-2025,145.75280
20-10-2025,145.34900
17-10-2025,144.50100
16-10-2025,143.95760
15-10-2025,142.81160
14-10-2025,141.39460
13-10-2025,141.83260
10-10-2025,141.97860
09-10-2025,141.28050
08-10-2025,140.67500
07-10-2025,140.93820
06-10-2025,140.83080
03-10-2025,139.57720
01-10-2025,139.24070
30-09-2025,138.16780
26-09-2025,138.01850
25-09-2025,139.71620
24-09-2025,140.84930
23-09-2025,141.70640
22-09-2025,142.09080
19-09-2025,142.95770
18-09-2025,143.30150
17-09-2025,142.72410
16-09-2025,142.16850
15-09-2025,141.25790
12-09-2025,141.38320
11-09-2025,140.80080
10-09-2025,140.72450
09-09-2025,140.02630
08-09-2025,139.31140
05-09-2025,139.23450
04-09-2025,139.07370
03-09-2025,139.42120
02-09-2025,139.14110
01-09-2025,139.11850
29-08-2025,137.46830
28-08-2025,137.93050
26-08-2025,139.05610
25-08-2025,140.93830
22-08-2025,140.34160
21-08-2025,141.14030
20-08-2025,140.98990
19-08-2025,140.22780
18-08-2025,139.52950
14-08-2025,137.99270
13-08-2025,137.81560
12-08-2025,137.06450
11-08-2025,137.44940
08-08-2025,136.48670
07-08-2025,138.03520
06-08-2025,137.90920
05-08-2025,138.67580
04-08-2025,139.16680
01-08-2025,137.81590
31-07-2025,139.34440
30-07-2025,140.06030
29-07-2025,139.63330
28-07-2025,139.01030
25-07-2025,139.41440
24-07-2025,140.62230
23-07-2025,142.17370
22-07-2025,141.39330
21-07-2025,141.84630
18-07-2025,141.17800
17-07-2025,141.89900
16-07-2025,142.40130
15-07-2025,142.40780
14-07-2025,141.64480
11-07-2025,141.89060
10-07-2025,142.83710
09-07-2025,143.56450
08-07-2025,143.94800
07-07-2025,143.71330
04-07-2025,143.91690
03-07-2025,143.86790
02-07-2025,144.04380
01-07-2025,144.53890
30-06-2025,144.72660
27-06-2025,145.12860
26-06-2025,145.02210
25-06-2025,143.42470
24-06-2025,142.31890
23-06-2025,141.82980
20-06-2025,142.27860
19-06-2025,140.35500
18-06-2025,141.03130
17-06-2025,141.07090
16-06-2025,141.58440
13-06-2025,140.18410
12-06-2025,141.08030
11-06-2025,142.71070
10-06-2025,142.64970
09-06-2025,142.48260
06-06-2025,141.72830
05-06-2025,140.20110
04-06-2025,139.32500
03-06-2025,138.94570
02-06-2025,139.58330
30-05-2025,139.44030
29-05-2025,140.09870
28-05-2025,139.52720
27-05-2025,139.83330
26-05-2025,140.57570
23-05-2025,139.82090
22-05-2025,138.70040
21-05-2025,139.64400
20-05-2025,138.80280
19-05-2025,140.30490
16-05-2025,140.33400
15-05-2025,140.59120
14-05-2025,138.48700
13-05-2025,137.78510
12-05-2025,139.35830
09-05-2025,134.27670
08-05-2025,135.58320
07-05-2025,136.52720
06-05-2025,135.78300
05-05-2025,136.68520
02-05-2025,135.72320
30-04-2025,135.98450
29-04-2025,136.38790
28-04-2025,135.86790
25-04-2025,134.35770
24-04-2025,135.58630
23-04-2025,135.82280
22-04-2025,134.34530
21-04-2025,134.14750
17-04-2025,132.26590
16-04-2025,129.93040
15-04-2025,129.49010
11-04-2025,126.44800
09-04-2025,124.29410
08-04-2025,125.44350
07-04-2025,123.24610
04-04-2025,127.74520
03-04-2025,130.15480
02-04-2025,130.72110
01-04-2025,129.49820
31-03-2025,131.41850
28-03-2025,131.43760
27-03-2025,131.96930
26-03-2025,131.37650
25-03-2025,132.39150
24-03-2025,132.72330
21-03-2025,131.27700
20-03-2025,130.14350
19-03-2025,128.69020
18-03-2025,128.08200
17-03-2025,125.87840
13-03-2025,125.07720
12-03-2025,125.78090
11-03-2025,126.38800
10-03-2025,125.65590
07-03-2025,126.43120
06-03-2025,126.60810
05-03-2025,125.67050
04-03-2025,123.87930
03-03-2025,124.07750
28-02-2025,123.96280
27-02-2025,126.43470
25-02-2025,126.35210
24-02-2025,126.49430
21-02-2025,127.61820
20-02-2025,128.57270
19-02-2025,128.04350
18-02-2025,127.78750
17-02-2025,127.86710
14-02-2025,128.10690
13-02-2025,129.13940
12-02-2025,129.20490
11-02-2025,129.09830
10-02-2025,131.20340
07-02-2025,132.50180
06-02-2025,131.97530
05-02-2025,133.06630
04-02-2025,133.59600
03-02-2025,131.96930
31-01-2025,131.42340
30-01-2025,130.36520
29-01-2025,131.22720
28-01-2025,129.32380
27-01-2025,128.69250
24-01-2025,130.65480
23-01-2025,131.26740
22-01-2025,129.96450
21-01-2025,129.81140
20-01-2025,132.12920
17-01-2025,132.01580
16-01-2025,132.84850
15-01-2025,131.99230
14-01-2025,131.88560
13-01-2025,131.00470
10-01-2025,133.80330
09-01-2025,134.60970
08-01-2025,135.55920
07-01-2025,136.10160
06-01-2025,135.46710
03-01-2025,137.50310
02-01-2025,138.23960
01-01-2025,135.94010
31-12-2024,135.43290
30-12-2024,135.74800
27-12-2024,136.19100
26-12-2024,135.90020
24-12-2024,135.46430
23-12-2024,135.35390
20-12-2024,134.65550
19-12-2024,137.08360
18-12-2024,138.18300
17-12-2024,139.00120
16-12-2024,140.53280
13-12-2024,140.93780
12-12-2024,140.29700
11-12-2024,140.71600
10-12-2024,140.51490
09-12-2024,140.20980
06-12-2024,140.43660
05-12-2024,140.46950
04-12-2024,139.43650
03-12-2024,139.34710
02-12-2024,138.25260
29-11-2024,137.38570
28-11-2024,136.21190
27-11-2024,138.08630
26-11-2024,137.79100
25-11-2024,137.93500
22-11-2024,136.39150
21-11-2024,133.80050
19-11-2024,134.36350
18-11-2024,134.06850
14-11-2024,134.18450
13-11-2024,134.26040
12-11-2024,135.99680
11-11-2024,137.32640
08-11-2024,137.58980
07-11-2024,137.87330
06-11-2024,139.40840
05-11-2024,137.99430
04-11-2024,136.92180
31-10-2024,137.74090
30-10-2024,138.45440
29-10-2024,139.53610
28-10-2024,138.87010
25-10-2024,138.04250
24-10-2024,139.57010
23-10-2024,139.82270
22-10-2024,139.58070
21-10-2024,141.04540
18-10-2024,141.95610
17-10-2024,141.27250
16-10-2024,142.59550
15-10-2024,142.91710
14-10-2024,142.92720
11-10-2024,142.02200
10-10-2024,142.10340
09-10-2024,142.60950
08-10-2024,142.13160
07-10-2024,141.04070
04-10-2024,142.23230
03-10-2024,143.34660
01-10-2024,146.19720
30-09-2024,146.25360
27-09-2024,147.88800
26-09-2024,148.28710
25-09-2024,147.21300
24-09-2024,147.05370
23-09-2024,147.10870
20-09-2024,146.38850
19-09-2024,144.34550
18-09-2024,143.88340
17-09-2024,143.90110
16-09-2024,143.52010
13-09-2024,142.64540
12-09-2024,142.71750
11-09-2024,140.49900
10-09-2024,141.19980
09-09-2024,140.52120
06-09-2024,140.13230
05-09-2024,141.58100
04-09-2024,141.73980
03-09-2024,142.13480
02-09-2024,142.04140
30-08-2024,141.81240
29-08-2024,140.88320
28-08-2024,140.38180
27-08-2024,139.84630
26-08-2024,139.32620
23-08-2024,138.19830
22-08-2024,138.38720
21-08-2024,137.85280
20-08-2024,137.61760
19-08-2024,136.72620
16-08-2024,136.69500
14-08-2024,134.95210
13-08-2024,134.87470
12-08-2024,135.90150
09-08-2024,135.90000
08-08-2024,134.74580
07-08-2024,135.46750
06-08-2024,133.80300
05-08-2024,134.44510
02-08-2024,137.99860
01-08-2024,139.62180
31-07-2024,139.57460
30-07-2024,139.22590
29-07-2024,139.06720
26-07-2024,138.71900
25-07-2024,136.32950
24-07-2024,136.26740
23-07-2024,136.51530
22-07-2024,136.74780
19-07-2024,136.46710
18-07-2024,137.93060
16-07-2024,136.98710
15-07-2024,136.73110
12-07-2024,135.94900
11-07-2024,134.96760
10-07-2024,135.38820
09-07-2024,135.97890
08-07-2024,135.02070
05-07-2024,135.17720
04-07-2024,135.07200
03-07-2024,134.61010
02-07-2024,133.69960
01-07-2024,133.79370
28-06-2024,133.27390
27-06-2024,133.67080
26-06-2024,132.82540
25-06-2024,132.10220
24-06-2024,130.84560
21-06-2024,130.44000
20-06-2024,130.66730
19-06-2024,130.64390
18-06-2024,130.99900
14-06-2024,130.05520
13-06-2024,129.55580
12-06-2024,129.09640
11-06-2024,128.78000
10-06-2024,128.42980
07-06-2024,128.30450
06-06-2024,125.78090
05-06-2024,124.57370
04-06-2024,120.47450
03-06-2024,127.82420
31-05-2024,123.64880
30-05-2024,123.16870
29-05-2024,124.25360
28-05-2024,125.32680
27-05-2024,125.56490
24-05-2024,125.62480
23-05-2024,125.40410
22-05-2024,123.42920
21-05-2024,123.06820
17-05-2024,122.99180
16-05-2024,122.48290
15-05-2024,121.28730
14-05-2024,121.22280
13-05-2024,120.49150
10-05-2024,120.57850
09-05-2024,119.92080
08-05-2024,121.65390
07-05-2024,121.79270
06-05-2024,122.90080
03-05-2024,123.24390
02-05-2024,124.40550
30-04-2024,124.33880
29-04-2024,124.22250
26-04-2024,123.04870
25-04-2024,124.10770
24-04-2024,123.00150
23-04-2024,122.80590
22-04-2024,122.24070
19-04-2024,120.82620
18-04-2024,120.26300
16-04-2024,120.75140
15-04-2024,121.39050
12-04-2024,122.94640
10-04-2024,124.33010
09-04-2024,123.61530
08-04-2024,123.66410
05-04-2024,122.40310
04-04-2024,122.48570
03-04-2024,122.27300
02-04-2024,121.94080
01-04-2024,121.65080
31-03-2024,120.68620
28-03-2024,120.70190
27-03-2024,119.74560
26-03-2024,119.15600
22-03-2024,119.25290
21-03-2024,118.87420
20-03-2024,118.01680
19-03-2024,118.11900
18-03-2024,119.28510
15-03-2024,119.38380
14-03-2024,120.06190
13-03-2024,119.24380
12-03-2024,121.50750
11-03-2024,121.74960
07-03-2024,122.53860
06-03-2024,122.30080
05-03-2024,121.91220
04-03-2024,122.03040
01-03-2024,121.93110
29-02-2024,120.34980
28-02-2024,119.82810
27-02-2024,120.98440
26-02-2024,120.79980
23-02-2024,121.10970
22-02-2024,120.78420
21-02-2024,120.00720
20-02-2024,120.63870
19-02-2024,120.13290
16-02-2024,119.53260
15-02-2024,118.68080
14-02-2024,117.85010
13-02-2024,117.46520
12-02-2024,116.75360
09-02-2024,117.58100
08-02-2024,117.27660
07-02-2024,118.15400
06-02-2024,117.90670
05-02-2024,116.65950
02-02-2024,116.93730
01-02-2024,116.16300
31-01-2024,116.64830
30-01-2024,115.53520
29-01-2024,116.51640
25-01-2024,114.54900
24-01-2024,114.96740
23-01-2024,113.91140
19-01-2024,115.81520
18-01-2024,114.58090
17-01-2024,114.73860
16-01-2024,116.50070
15-01-2024,117.06990
12-01-2024,116.23510
11-01-2024,114.74480
10-01-2024,114.68680
09-01-2024,114.52190
08-01-2024,114.06820
05-01-2024,114.86200
04-01-2024,114.29590
03-01-2024,112.95300
02-01-2024,113.31590
01-01-2024,113.94050
29-12-2023,114.08670
28-12-2023,113.94190
27-12-2023,113.39420
26-12-2023,112.14950
22-12-2023,111.88100
21-12-2023,111.26060
20-12-2023,110.96300
19-12-2023,112.85310
18-12-2023,112.94620
15-12-2023,113.09380
14-12-2023,111.88370
13-12-2023,110.24390
12-12-2023,109.96170
11-12-2023,110.42000
08-12-2023,110.20700
07-12-2023,109.90430
06-12-2023,110.06100
05-12-2023,109.93730
04-12-2023,109.20100
01-12-2023,107.09520
30-11-2023,106.51630
29-11-2023,105.97160
28-11-2023,104.91660
24-11-2023,104.35600
23-11-2023,104.28000
22-11-2023,104.36870
21-11-2023,104.27000
20-11-2023,103.91690
17-11-2023,104.27410
16-11-2023,104.40030
15-11-2023,103.91520
13-11-2023,102.65630
10-11-2023,102.56350
09-11-2023,102.57400
08-11-2023,102.66680
07-11-2023,102.49060
06-11-2023,102.35520
03-11-2023,101.56090
02-11-2023,101.02500
01-11-2023,100.11080
31-10-2023,100.36890
30-10-2023,100.71500
27-10-2023,100.36350
26-10-2023,99.15130
25-10-2023,100.34220
23-10-2023,101.10760
20-10-2023,102.59880
19-10-2023,103.15380
18-10-2023,103.48130
17-10-2023,104.23860
16-10-2023,104.05620
13-10-2023,104.10150
12-10-2023,104.12500
11-10-2023,104.21640
10-10-2023,103.54090
09-10-2023,102.40280
06-10-2023,103.29690
05-10-2023,102.68850
04-10-2023,102.13100
03-10-2023,102.98880
29-09-2023,103.27130
27-09-2023,103.30920
26-09-2023,103.03110
25-09-2023,103.03660
22-09-2023,103.10180
21-09-2023,103.38980
20-09-2023,104.27330
18-09-2023,105.40720
15-09-2023,105.83360
14-09-2023,105.09270
13-09-2023,104.75320
12-09-2023,104.50050
11-09-2023,104.82500
08-09-2023,104.08150
07-09-2023,103.46800
06-09-2023,102.94670
05-09-2023,102.86900
04-09-2023,102.64550
01-09-2023,102.18800
31-08-2023,101.26180
30-08-2023,101.44360
29-08-2023,101.35390
28-08-2023,101.24690
25-08-2023,101.02960
24-08-2023,101.76460
23-08-2023,101.67640
22-08-2023,101.42310
21-08-2023,101.19640
18-08-2023,100.76190
17-08-2023,101.05110
16-08-2023,101.26640
14-08-2023,100.99970
11-08-2023,100.97920
10-08-2023,101.40650
09-08-2023,101.95780
08-08-2023,101.82070
07-08-2023,101.72410
04-08-2023,101.18330
03-08-2023,100.54720
02-08-2023,101.02040
01-08-2023,102.13820
31-07-2023,101.96670
28-07-2023,101.26200
27-07-2023,101.21250
26-07-2023,101.66390
25-07-2023,101.19250
24-07-2023,100.90150
21-07-2023,100.92300
20-07-2023,101.82010
19-07-2023,101.37010
18-07-2023,100.89830
17-07-2023,100.71710
14-07-2023,100.20300
13-07-2023,99.33780
12-07-2023,98.92180
11-07-2023,99.27860
10-07-2023,98.94820
07-07-2023,99.03010
06-07-2023,99.66520
05-07-2023,99.12010
04-07-2023,99.24480
03-07-2023,98.94720
30-06-2023,98.45760
28-06-2023,97.28190
27-06-2023,96.67030
26-06-2023,95.88640
23-06-2023,95.63050
22-06-2023,96.13300
21-06-2023,96.69040
20-06-2023,96.56710
19-06-2023,96.32130
16-06-2023,96.77510
15-06-2023,96.01110
14-06-2023,96.39390
13-06-2023,96.33590
12-06-2023,95.76130
09-06-2023,95.45660
08-06-2023,95.74820
07-06-2023,96.22740
06-06-2023,95.42840
05-06-2023,95.41290
02-06-2023,94.77640
01-06-2023,94.55800
31-05-2023,94.72450
30-05-2023,94.85510
29-05-2023,94.68100
26-05-2023,94.22290
25-05-2023,93.24250
24-05-2023,93.10720
23-05-2023,93.19310
22-05-2023,93.09680
19-05-2023,92.71430
18-05-2023,92.23820
17-05-2023,92.42220
16-05-2023,92.94810
15-05-2023,93.28010
12-05-2023,92.65860
11-05-2023,92.61640
10-05-2023,92.53660
09-05-2023,92.33750
08-05-2023,92.31490
05-05-2023,91.29140
04-05-2023,91.98220
03-05-2023,91.24040
02-05-2023,91.58270
28-04-2023,91.18010
27-04-2023,90.51940
26-04-2023,89.84480
25-04-2023,89.56910
24-04-2023,89.48560
21-04-2023,88.83910
20-04-2023,89.05190
19-04-2023,88.93110
18-04-2023,89.26990
17-04-2023,89.22700
13-04-2023,90.01450
12-04-2023,90.09130
11-04-2023,89.68980
10-04-2023,89.55270
06-04-2023,89.45430
05-04-2023,89.32780
03-04-2023,88.59920
31-03-2023,88.13560
29-03-2023,86.77500
28-03-2023,86.11460
27-03-2023,86.53430
24-03-2023,86.61900
23-03-2023,87.33380
22-03-2023,87.65690
21-03-2023,87.26920
20-03-2023,86.51310
17-03-2023,87.17990
16-03-2023,86.43520
15-03-2023,86.48770
14-03-2023,87.00800
13-03-2023,87.53380
10-03-2023,88.84870
09-03-2023,89.71500
08-03-2023,90.51270
06-03-2023,90.55070
03-03-2023,90.01860
02-03-2023,88.86500
01-03-2023,89.60880
28-02-2023,88.92660
27-02-2023,89.12950
24-02-2023,89.41080
23-02-2023,89.57430
22-02-2023,89.74780
21-02-2023,90.92120
20-02-2023,91.12290
17-02-2023,91.37640
16-02-2023,91.96330
15-02-2023,91.94400
14-02-2023,91.43180
13-02-2023,90.88740
10-02-2023,91.55580
09-02-2023,91.62110
08-02-2023,91.51120
07-02-2023,90.98870
06-02-2023,91.26450
03-02-2023,91.48070
02-02-2023,90.44720
01-02-2023,90.34560
31-01-2023,90.68350
30-01-2023,90.46830
27-01-2023,90.13120
25-01-2023,91.48510
24-01-2023,92.84910
23-01-2023,92.96440
20-01-2023,92.49710
19-01-2023,92.94580
18-01-2023,93.15990
17-01-2023,92.75590
16-01-2023,92.16010
13-01-2023,92.48230
12-01-2023,92.10020
11-01-2023,92.12480
10-01-2023,92.23900
09-01-2023,93.09080
06-01-2023,91.76400
05-01-2023,92.32820
04-01-2023,92.67550
03-01-2023,93.51180
02-01-2023,93.28110
30-12-2022,92.76610
29-12-2022,93.26970
28-12-2022,92.89100
27-12-2022,93.07950
26-12-2022,92.51350
23-12-2022,91.38250
22-12-2022,92.97930
21-12-2022,93.34950
20-12-2022,94.29640
19-12-2022,94.61180
16-12-2022,93.89480
15-12-2022,94.67360
14-12-2022,95.82720
13-12-2022,95.49870
12-12-2022,94.84950
09-12-2022,95.00350
08-12-2022,95.79120
07-12-2022,95.43650
06-12-2022,95.81700
05-12-2022,96.17170
02-12-2022,96.27700
01-12-2022,96.68170
30-11-2022,96.35810
29-11-2022,95.52670
28-11-2022,95.10170
25-11-2022,94.89130
24-11-2022,94.73280
23-11-2022,93.65250
22-11-2022,93.45900
21-11-2022,93.11880
18-11-2022,93.78420
17-11-2022,93.98840
16-11-2022,94.33540
15-11-2022,94.41970
14-11-2022,93.82100
11-11-2022,93.84880
10-11-2022,92.48230
09-11-2022,93.35970
07-11-2022,93.71090
04-11-2022,93.20010
03-11-2022,93.19660
02-11-2022,93.36800
01-11-2022,93.65170
31-10-2022,93.12010
28-10-2022,92.15490
27-10-2022,92.50720
25-10-2022,92.02310
21-10-2022,91.27470
20-10-2022,90.87690
19-10-2022,90.68480
18-10-2022,90.75120
17-10-2022,89.73790
14-10-2022,89.09670
13-10-2022,88.41340
12-10-2022,88.98970
11-10-2022,88.27570
10-10-2022,89.56150
07-10-2022,89.91700
06-10-2022,90.09770
04-10-2022,89.77850
03-10-2022,88.09080
30-09-2022,89.06140
29-09-2022,87.66070
28-09-2022,87.65290
27-09-2022,88.28320
26-09-2022,88.32810
23-09-2022,89.84280
22-09-2022,91.54760
21-09-2022,92.14190
20-09-2022,92.60120
19-09-2022,91.52470
16-09-2022,91.05290
15-09-2022,93.00840
14-09-2022,93.72170
13-09-2022,94.15120
12-09-2022,93.39000
09-09-2022,92.75830
08-09-2022,92.71330
07-09-2022,91.85330
06-09-2022,91.87860
05-09-2022,91.79240
02-09-2022,91.31360
01-09-2022,91.29170
30-08-2022,92.18400
29-08-2022,90.13270
26-08-2022,91.46200
25-08-2022,91.40440
24-08-2022,91.40270
23-08-2022,91.03570
22-08-2022,90.78620
19-08-2022,92.14000
18-08-2022,93.02910
17-08-2022,92.96220
16-08-2022,92.30240
12-08-2022,91.53100
11-08-2022,91.24250
10-08-2022,90.51660
08-08-2022,90.59220
05-08-2022,89.91890
04-08-2022,89.85660
03-08-2022,89.95060
02-08-2022,89.81440
01-08-2022,90.00520
29-07-2022,89.03740
28-07-2022,87.90480
27-07-2022,86.63970
26-07-2022,85.99590
25-07-2022,86.86170
22-07-2022,87.21010
21-07-2022,86.72060
20-07-2022,86.35100
19-07-2022,85.79930
18-07-2022,85.36070
15-07-2022,84.14880
14-07-2022,83.70600
13-07-2022,83.88800
12-07-2022,84.34800
11-07-2022,85.08610
08-07-2022,85.04670
07-07-2022,84.51100
06-07-2022,83.74370
05-07-2022,82.82410
04-07-2022,82.85580
01-07-2022,82.30560
30-06-2022,82.12180
29-06-2022,82.12070
28-06-2022,82.51200
27-06-2022,82.35070
24-06-2022,81.59460
23-06-2022,80.73640
22-06-2022,80.05410
21-06-2022,81.07370
20-06-2022,79.63330
17-06-2022,79.58390
16-06-2022,79.96410
15-06-2022,81.49470
14-06-2022,81.72760
13-06-2022,81.70520
10-06-2022,83.77610
09-06-2022,84.84620
08-06-2022,84.37640
07-06-2022,84.77510
06-06-2022,85.64190
03-06-2022,85.78800
02-06-2022,86.20370
01-06-2022,85.84950
31-05-2022,86.37540
30-05-2022,86.38890
27-05-2022,84.52660
26-05-2022,83.49230
25-05-2022,82.53700
24-05-2022,83.00110
23-05-2022,83.48900
20-05-2022,83.59920
19-05-2022,81.57580
18-05-2022,83.73190
17-05-2022,83.90250
16-05-2022,82.28620
13-05-2022,81.94990
12-05-2022,82.25880
11-05-2022,83.96050
10-05-2022,84.08650
09-05-2022,84.36930
06-05-2022,84.80030
05-05-2022,86.16540
04-05-2022,86.00770
02-05-2022,87.93090
29-04-2022,88.25990
28-04-2022,88.96920
27-04-2022,87.91290
26-04-2022,88.93000
25-04-2022,87.84410
22-04-2022,88.83890
21-04-2022,90.04460
20-04-2022,88.96300
19-04-2022,88.34880
18-04-2022,89.45850
13-04-2022,90.75960
12-04-2022,91.04580
11-04-2022,91.69100
08-04-2022,92.25990
07-04-2022,91.72220
06-04-2022,92.07320
05-04-2022,92.67240
04-04-2022,92.98190
01-04-2022,91.35970
31-03-2022,90.48410
30-03-2022,90.58250
29-03-2022,89.67090
28-03-2022,88.93740
25-03-2022,88.74310
24-03-2022,88.99940
23-03-2022,89.07540
22-03-2022,89.35960
21-03-2022,88.73350
17-03-2022,89.59750
16-03-2022,88.25320
15-03-2022,86.61290
14-03-2022,87.43980
11-03-2022,86.22880
10-03-2022,86.01380
09-03-2022,84.68660
08-03-2022,83.12300
07-03-2022,82.15050
04-03-2022,84.29560
03-03-2022,85.64580
02-03-2022,86.49140
28-02-2022,87.62330
25-02-2022,87.19320
24-02-2022,85.23980
23-02-2022,88.96280
22-02-2022,88.93000
21-02-2022,89.53930
18-02-2022,89.79900
17-02-2022,89.97420
16-02-2022,90.20040
15-02-2022,90.29960
14-02-2022,87.83420
11-02-2022,90.85380
10-02-2022,92.21430
09-02-2022,91.57040
08-02-2022,90.50800
07-02-2022,90.49560
04-02-2022,92.15140
03-02-2022,92.34160
02-02-2022,93.55020
01-02-2022,92.67350
31-01-2022,91.69970
28-01-2022,90.28230
27-01-2022,90.25910
25-01-2022,91.19040
24-01-2022,90.16820
21-01-2022,92.59240
20-01-2022,93.57060
19-01-2022,94.36730
18-01-2022,95.15530
17-01-2022,96.35900
14-01-2022,96.42520
13-01-2022,96.41190
12-01-2022,96.11440
11-01-2022,95.05880
10-01-2022,94.73900
07-01-2022,93.87710
06-01-2022,93.76290
05-01-2022,94.60290
04-01-2022,94.27900
03-01-2022,93.55770
31-12-2021,92.38540
30-12-2021,91.67170
29-12-2021,91.55810
28-12-2021,91.78430
27-12-2021,90.89840
24-12-2021,90.38590
23-12-2021,90.68390
22-12-2021,89.99140
21-12-2021,88.99890
20-12-2021,88.17830
17-12-2021,90.03720
16-12-2021,91.40310
15-12-2021,91.36150
14-12-2021,91.81010
13-12-2021,92.05150
10-12-2021,92.62580
09-12-2021,92.72840
08-12-2021,92.70570
07-12-2021,90.95920
06-12-2021,89.60470
03-12-2021,90.96260
02-12-2021,91.85960
01-12-2021,90.82520
30-11-2021,90.10740
29-11-2021,90.16720
26-11-2021,90.21750
25-11-2021,92.92310
24-11-2021,92.57770
23-11-2021,92.91080
22-11-2021,92.39420
18-11-2021,94.11330
17-11-2021,94.94140
16-11-2021,95.32860
15-11-2021,96.28420
12-11-2021,96.28750
11-11-2021,95.07310
10-11-2021,96.02920
09-11-2021,96.22790
08-11-2021,96.28450
03-11-2021,94.93830
02-11-2021,94.97200
01-11-2021,94.94970
29-10-2021,93.36230
28-10-2021,94.07670
27-10-2021,95.68410
26-10-2021,95.74880
25-10-2021,95.05820
22-10-2021,94.58680
21-10-2021,94.73530
20-10-2021,95.23750
19-10-2021,95.81190
18-10-2021,95.72900
14-10-2021,95.19680
13-10-2021,94.51280
12-10-2021,94.04770
11-10-2021,94.15200
08-10-2021,93.94290
07-10-2021,93.59900
06-10-2021,92.87360
05-10-2021,93.81830
04-10-2021,93.14100
01-10-2021,92.27040
30-09-2021,92.47010
29-09-2021,92.65310
28-09-2021,92.80290
27-09-2021,93.70570
24-09-2021,93.87100
23-09-2021,93.74890
22-09-2021,92.05470
21-09-2021,91.96530
20-09-2021,91.17370
17-09-2021,92.13070
16-09-2021,92.40630
15-09-2021,92.01790
14-09-2021,91.09020
13-09-2021,91.02840
09-09-2021,91.26830
08-09-2021,91.25060
07-09-2021,91.11910
06-09-2021,91.28330
03-09-2021,91.04610
02-09-2021,91.04440
01-09-2021,90.44600
31-08-2021,90.31130
30-08-2021,89.14240
27-08-2021,87.87060
26-08-2021,87.37220
25-08-2021,87.42530
24-08-2021,87.42440
23-08-2021,86.61040
20-08-2021,86.41600
18-08-2021,87.10850
17-08-2021,87.01590
16-08-2021,86.83770
13-08-2021,86.98320
12-08-2021,86.17990
11-08-2021,85.63270
10-08-2021,85.69450
09-08-2021,85.45940
06-08-2021,85.49100
05-08-2021,85.78150
04-08-2021,85.72150
03-08-2021,85.20580
02-08-2021,84.10030
30-07-2021,83.58060
29-07-2021,83.52750
28-07-2021,83.19130
27-07-2021,83.24140
26-07-2021,83.73860
23-07-2021,83.86050
22-07-2021,83.55260
20-07-2021,82.31110
19-07-2021,83.23080
16-07-2021,84.08780
15-07-2021,84.07360
14-07-2021,83.58720
13-07-2021,83.32780
12-07-2021,82.83480
09-07-2021,82.65870
08-07-2021,82.79440
07-07-2021,83.48420
06-07-2021,83.21810
05-07-2021,83.30180
02-07-2021,82.76470
01-07-2021,82.34810
30-06-2021,82.53820
29-06-2021,82.62030
28-06-2021,83.04210
25-06-2021,83.05980
24-06-2021,82.42270
23-06-2021,81.83710
22-06-2021,82.12810
21-06-2021,81.88090
18-06-2021,81.65600
17-06-2021,81.64750
16-06-2021,82.07070
15-06-2021,82.55880
14-06-2021,82.24610
11-06-2021,82.23900
10-06-2021,81.96530
09-06-2021,81.23830
08-06-2021,81.68330
07-06-2021,81.56000
04-06-2021,81.02860
03-06-2021,81.13020
02-06-2021,80.52810
01-06-2021,80.47460
31-05-2021,80.64540
28-05-2021,79.73120
27-05-2021,79.42840
26-05-2021,79.34630
25-05-2021,78.91270
24-05-2021,78.78930
21-05-2021,78.55690
20-05-2021,77.25910
19-05-2021,77.78450
18-05-2021,77.98200
17-05-2021,77.20570
14-05-2021,76.21500
12-05-2021,76.55560
11-05-2021,77.22790
10-05-2021,77.43780
07-05-2021,76.84190
06-05-2021,76.36630
05-05-2021,75.95760
04-05-2021,75.33990
03-05-2021,76.06160
30-04-2021,75.76220
29-04-2021,76.73460
28-04-2021,76.77790
27-04-2021,75.65380
26-04-2021,74.85740
23-04-2021,73.94390
22-04-2021,74.33960
20-04-2021,73.92120
19-04-2021,74.09140
16-04-2021,75.25290
15-04-2021,75.15720
13-04-2021,74.66430
12-04-2021,73.83070
09-04-2021,76.25130
08-04-2021,76.51740
07-04-2021,76.20720
06-04-2021,75.32110
05-04-2021,75.20850
01-04-2021,76.41820
31-03-2021,75.63350
30-03-2021,76.33290
26-03-2021,74.76900
25-03-2021,73.74440
24-03-2021,74.71700
23-03-2021,76.05870
22-03-2021,75.51060
19-03-2021,75.44640
18-03-2021,74.60060
17-03-2021,75.69070
16-03-2021,76.76860
15-03-2021,76.90990
12-03-2021,77.36880
10-03-2021,78.09940
09-03-2021,77.56360
08-03-2021,76.97540
05-03-2021,76.78290
04-03-2021,77.41910
03-03-2021,78.30010
02-03-2021,76.66440
01-03-2021,75.94060
26-02-2021,75.09970
25-02-2021,77.58870
24-02-2021,77.11980
23-02-2021,75.71110
22-02-2021,75.53090
19-02-2021,77.09680
18-02-2021,78.06480
17-02-2021,78.59330
16-02-2021,79.01040
15-02-2021,79.15920
12-02-2021,78.20560
11-02-2021,78.17140
10-02-2021,77.96650
09-02-2021,78.17650
08-02-2021,78.20110
05-02-2021,77.37550
04-02-2021,77.59600
03-02-2021,77.06250
02-02-2021,76.23360
01-02-2021,74.40300
29-01-2021,71.43650
28-01-2021,72.41240
27-01-2021,73.03840
25-01-2021,74.04100
22-01-2021,74.64600
21-01-2021,75.83240
20-01-2021,76.15990
19-01-2021,75.56180
18-01-2021,74.26530
15-01-2021,75.42790
14-01-2021,76.39970
13-01-2021,76.56350
12-01-2021,76.58500
11-01-2021,76.17450
08-01-2021,75.12920
07-01-2021,73.90660
06-01-2021,73.74610
05-01-2021,73.81570
04-01-2021,73.47550
01-01-2021,72.94650
31-12-2020,72.89090
30-12-2020,72.75980
29-12-2020,72.46480
28-12-2020,72.09350
24-12-2020,71.58850
23-12-2020,70.87090
22-12-2020,70.25190
21-12-2020,69.34550
18-12-2020,71.45360
17-12-2020,71.46300
16-12-2020,71.24430
15-12-2020,70.65440
14-12-2020,70.45650
11-12-2020,70.02730
10-12-2020,69.85520
09-12-2020,70.15040
08-12-2020,69.55080
07-12-2020,69.42910
04-12-2020,68.96980
03-12-2020,68.22480
02-12-2020,68.16780
01-12-2020,68.03130
27-11-2020,67.18540
26-11-2020,66.99250
25-11-2020,66.46890
24-11-2020,67.53850
23-11-2020,67.01770
20-11-2020,66.82510
19-11-2020,66.14460
18-11-2020,67.08300
17-11-2020,66.78210
13-11-2020,66.07610
12-11-2020,65.84230
11-11-2020,66.09650
10-11-2020,65.34010
09-11-2020,64.92050
06-11-2020,63.84120
05-11-2020,63.37800
04-11-2020,62.36470
03-11-2020,61.89660
02-11-2020,61.24130
30-10-2020,60.72120
29-10-2020,61.03670
28-10-2020,61.23220
27-10-2020,61.92840
26-10-2020,61.24790
23-10-2020,61.98380
22-10-2020,61.66860
21-10-2020,61.79290
20-10-2020,61.45610
19-10-2020,61.13250
16-10-2020,60.59180
15-10-2020,60.14400
14-10-2020,61.58400
13-10-2020,61.36340
12-10-2020,61.39070
09-10-2020,61.41930
08-10-2020,61.00820
07-10-2020,60.50860
06-10-2020,60.30960
05-10-2020,59.60790
01-10-2020,59.34050
30-09-2020,58.52700
29-09-2020,58.31640
28-09-2020,58.50160
25-09-2020,57.54460
24-09-2020,56.20300
23-09-2020,57.77520
22-09-2020,58.11950
21-09-2020,58.54160
18-09-2020,60.11850
17-09-2020,59.97210
16-09-2020,60.33330
15-09-2020,60.02140
14-09-2020,59.41620
11-09-2020,59.33520
10-09-2020,59.21900
09-09-2020,58.61160
08-09-2020,58.95400
07-09-2020,59.26350
04-09-2020,59.39120
03-09-2020,60.41840
02-09-2020,60.57540
01-09-2020,60.22830
31-08-2020,59.60660
28-08-2020,61.23090
27-08-2020,60.69670
26-08-2020,60.72960
25-08-2020,60.58840
24-08-2020,60.59010
21-08-2020,60.07870
20-08-2020,59.81710
19-08-2020,60.03440
18-08-2020,59.93160
17-08-2020,59.15400
14-08-2020,58.77890
13-08-2020,59.40680
12-08-2020,59.26360
11-08-2020,59.38570
10-08-2020,59.34220
07-08-2020,58.90770
06-08-2020,59.01300
05-08-2020,58.47210
04-08-2020,58.36310
03-08-2020,57.60370
31-07-2020,58.32080
30-07-2020,58.21520
29-07-2020,58.52160
28-07-2020,58.83390
27-07-2020,58.11350
24-07-2020,58.53690
23-07-2020,58.65740
22-07-2020,58.11670
21-07-2020,58.31640
20-07-2020,57.80720
17-07-2020,57.25010
16-07-2020,56.43430
15-07-2020,55.76540
14-07-2020,55.86700
13-07-2020,56.69430
10-07-2020,56.40410
09-07-2020,56.56770
08-07-2020,55.88450
07-07-2020,56.36790
06-07-2020,56.12420
03-07-2020,55.58430
02-07-2020,55.22980
01-07-2020,54.80530
30-06-2020,54.41850
29-06-2020,54.28050
26-06-2020,54.71010
25-06-2020,54.27900
24-06-2020,54.19330
23-06-2020,55.43440
22-06-2020,54.54380
19-06-2020,54.00690
18-06-2020,53.24690
17-06-2020,52.29820
16-06-2020,52.21260
15-06-2020,51.75490
12-06-2020,52.50820
11-06-2020,52.16000
10-06-2020,53.20160
09-06-2020,52.80620
08-06-2020,53.42530
05-06-2020,53.40370
04-06-2020,52.86440
03-06-2020,53.10990
02-06-2020,52.86710
01-06-2020,52.12360
29-05-2020,50.94210
28-05-2020,50.39300
27-05-2020,49.60490
26-05-2020,48.28070
22-05-2020,48.45080
21-05-2020,48.75290
20-05-2020,48.77740
19-05-2020,47.85190
18-05-2020,47.32800
15-05-2020,49.10490
14-05-2020,49.15950
13-05-2020,50.18530
12-05-2020,49.39740
11-05-2020,49.33500
08-05-2020,49.37430
07-05-2020,49.25390
06-05-2020,49.65770
05-05-2020,49.16100
04-05-2020,49.71400
30-04-2020,52.12740
29-04-2020,50.79330
28-04-2020,49.95940
27-04-2020,49.61580
24-04-2020,49.08380
23-04-2020,49.97300
22-04-2020,49.35230
21-04-2020,48.75520
20-04-2020,50.08470
17-04-2020,50.24450
16-04-2020,48.92770
15-04-2020,48.54830
13-04-2020,48.74990
09-04-2020,49.17820
08-04-2020,47.07780
07-04-2020,46.65130
03-04-2020,43.38810
01-04-2020,44.22140
31-03-2020,45.79400
30-03-2020,44.45380
27-03-2020,46.13600
26-03-2020,46.00400
25-03-2020,44.39050
24-03-2020,41.94760
23-03-2020,40.98820
20-03-2020,47.10000
19-03-2020,45.29050
18-03-2020,46.54180
17-03-2020,48.95750
16-03-2020,50.28040
13-03-2020,54.07810
12-03-2020,52.07660
11-03-2020,56.54900
09-03-2020,56.55940
06-03-2020,58.94910
05-03-2020,60.21270
04-03-2020,60.12610
03-03-2020,60.60210
02-03-2020,59.58860
28-02-2020,59.95130
27-02-2020,62.06100
26-02-2020,62.33560
25-02-2020,62.89870
24-02-2020,63.02090
20-02-2020,64.23640
19-02-2020,64.33710
18-02-2020,63.60960
17-02-2020,63.78590
14-02-2020,64.39250
13-02-2020,64.54840
12-02-2020,64.83850
11-02-2020,64.45340
10-02-2020,64.00800
07-02-2020,64.28470
06-02-2020,64.13880
05-02-2020,63.88600
04-02-2020,63.28810
03-02-2020,61.92090
31-01-2020,63.34450
30-01-2020,63.39720
29-01-2020,63.73000
28-01-2020,63.39310
27-01-2020,63.83170
24-01-2020,64.34130
23-01-2020,63.88490
22-01-2020,63.42590
21-01-2020,63.75910
20-01-2020,64.07670
17-01-2020,64.52970
16-01-2020,64.43860
15-01-2020,64.39600
14-01-2020,64.34510
13-01-2020,64.11820
10-01-2020,63.58810
09-01-2020,63.08220
08-01-2020,62.28390
07-01-2020,62.45140
06-01-2020,62.15330
03-01-2020,63.20860
02-01-2020,63.46280
01-01-2020,63.03890
31-12-2019,62.84550
30-12-2019,63.08880
27-12-2019,63.15520
26-12-2019,62.51980
24-12-2019,62.87420
23-12-2019,62.99510
20-12-2019,63.12920
19-12-2019,62.92240
18-12-2019,62.91780
17-12-2019,62.71330
16-12-2019,62.15250
13-12-2019,62.34540
12-12-2019,61.79450
11-12-2019,61.53730
10-12-2019,61.38850
09-12-2019,61.72250
06-12-2019,61.68660
05-12-2019,62.20350
04-12-2019,62.35760
03-12-2019,61.99660
02-12-2019,62.20290
29-11-2019,62.29260
28-11-2019,62.57840
27-11-2019,62.25670
26-11-2019,62.27800
25-11-2019,62.43540
22-11-2019,61.71680
21-11-2019,61.97560
20-11-2019,62.19370
19-11-2019,61.90700
18-11-2019,61.61240
15-11-2019,61.59190
14-11-2019,61.32670
13-11-2019,61.03280
11-11-2019,61.74400
08-11-2019,61.60590
07-11-2019,61.88180
06-11-2019,61.75890
05-11-2019,61.36870
04-11-2019,61.63070
01-11-2019,61.40200
31-10-2019,61.17060
30-10-2019,60.99730
29-10-2019,60.81390
25-10-2019,59.94760
24-10-2019,59.74060
23-10-2019,60.00510
22-10-2019,59.94500
18-10-2019,59.98630
17-10-2019,59.47680
16-10-2019,58.84530
15-10-2019,58.71600
14-10-2019,58.42990
11-10-2019,58.24910
10-10-2019,57.96280
09-10-2019,58.32630
07-10-2019,57.26670
04-10-2019,57.47220
03-10-2019,58.17080
01-10-2019,58.48170
30-09-2019,59.02500
27-09-2019,59.48880
26-09-2019,59.60870
25-09-2019,58.76550
24-09-2019,59.72370
23-09-2019,60.03910
20-09-2019,58.40480
19-09-2019,55.68290
18-09-2019,56.34420
17-09-2019,56.11680
16-09-2019,57.05870
13-09-2019,57.46000
12-09-2019,56.93590
11-09-2019,56.89950
09-09-2019,56.76410
06-09-2019,56.62940
05-09-2019,56.20860
04-09-2019,56.13390
03-09-2019,55.79750
30-08-2019,56.72210
29-08-2019,56.45460
28-08-2019,56.82210
27-08-2019,57.08920
26-08-2019,56.65320
23-08-2019,55.51150
22-08-2019,55.02850
21-08-2019,55.92680
20-08-2019,56.48390
19-08-2019,56.91300
16-08-2019,56.81780
14-08-2019,56.67650
13-08-2019,55.99820
09-08-2019,57.07810
08-08-2019,56.72330
07-08-2019,55.91950
06-08-2019,56.42050
05-08-2019,55.87750
02-08-2019,56.65660
01-08-2019,56.87360
31-07-2019,57.65320
30-07-2019,57.27670
29-07-2019,57.93450
26-07-2019,58.44130
25-07-2019,58.32710
24-07-2019,58.32710
23-07-2019,58.79930
22-07-2019,59.05340
19-07-2019,59.45560
18-07-2019,60.21290
17-07-2019,60.73590
16-07-2019,60.58150
15-07-2019,60.07670
12-07-2019,60.01230
11-07-2019,60.03870
10-07-2019,59.72370
09-07-2019,59.87120
08-07-2019,59.67230
05-07-2019,60.97390
04-07-2019,61.56470
03-07-2019,61.52500
02-07-2019,61.29320
01-07-2019,61.11240
28-06-2019,60.85120
27-06-2019,61.16060
26-06-2019,61.22730
25-06-2019,60.88870
24-06-2019,60.47700
21-06-2019,60.61430
20-06-2019,60.83710
19-06-2019,59.91300
18-06-2019,60.05510
17-06-2019,59.89800
14-06-2019,60.70710
13-06-2019,61.16960
12-06-2019,60.99380
11-06-2019,61.42870
10-06-2019,61.04840
07-06-2019,60.96780
06-06-2019,60.66350
04-06-2019,61.75620
03-06-2019,61.95750
31-05-2019,61.38980
30-05-2019,61.60720
29-05-2019,61.18970
28-05-2019,61.61480
27-05-2019,61.60580
24-05-2019,60.85370
23-05-2019,59.62900
22-05-2019,59.75030
21-05-2019,59.48450
20-05-2019,60.23520
17-05-2019,57.91560
16-05-2019,57.27730
15-05-2019,57.01650
14-05-2019,57.44730
13-05-2019,57.06470
10-05-2019,57.85030
09-05-2019,57.87110
08-05-2019,58.04090
07-05-2019,58.73260
06-05-2019,59.40910
03-05-2019,59.87370
02-05-2019,59.77770
30-04-2019,59.88180
26-04-2019,59.75520
25-04-2019,59.21920
24-04-2019,59.73310
23-04-2019,59.11840
22-04-2019,59.26500
18-04-2019,59.74630
16-04-2019,59.96340
15-04-2019,59.79120
12-04-2019,59.48250
11-04-2019,59.26320
10-04-2019,59.20000
09-04-2019,59.59830
08-04-2019,59.42350
05-04-2019,59.64450
04-04-2019,59.35560
03-04-2019,59.51220
02-04-2019,59.85520
29-03-2019,59.43980
28-03-2019,59.00020
27-03-2019,58.46890
26-03-2019,58.65780
25-03-2019,57.99220
22-03-2019,58.48870
20-03-2019,58.78830
19-03-2019,59.03500
18-03-2019,58.69450
15-03-2019,58.69060
14-03-2019,58.04800
13-03-2019,58.05340
12-03-2019,57.88880
11-03-2019,57.40140
08-03-2019,56.63780
07-03-2019,56.75520
06-03-2019,56.80640
05-03-2019,56.35800
01-03-2019,55.61330
28-02-2019,55.00330
27-02-2019,54.79720
26-02-2019,54.86900
25-02-2019,55.35550
22-02-2019,55.02690
21-02-2019,54.83580
20-02-2019,54.43900
19-02-2019,53.74540
18-02-2019,53.68790
15-02-2019,53.98250
14-02-2019,54.21350
13-02-2019,54.29710
12-02-2019,54.63620
11-02-2019,54.93460
08-02-2019,55.10460
07-02-2019,55.76720
06-02-2019,55.67400
05-02-2019,54.92080
04-02-2019,55.00190
01-02-2019,55.13930
31-01-2019,54.98680
30-01-2019,54.44170
29-01-2019,54.15200
28-01-2019,54.27260
25-01-2019,54.72540
24-01-2019,55.16410
23-01-2019,55.17490
22-01-2019,55.64700
21-01-2019,55.97910
18-01-2019,55.96030
17-01-2019,56.14820
16-01-2019,56.13690
15-01-2019,56.13570
14-01-2019,55.70870
11-01-2019,56.08540
10-01-2019,56.12090
09-01-2019,56.24400
08-01-2019,56.12610
07-01-2019,55.91900
04-01-2019,55.68090
03-01-2019,55.43120
02-01-2019,56.10670
01-01-2019,56.63840
31-12-2018,56.48960
28-12-2018,56.44090
27-12-2018,55.88050
26-12-2018,55.80380
24-12-2018,55.48380
21-12-2018,55.85920
20-12-2018,56.70580
19-12-2018,56.73980
18-12-2018,56.27250
17-12-2018,56.07200
14-12-2018,55.63090
13-12-2018,55.53490
12-12-2018,55.10070
11-12-2018,54.13700
10-12-2018,53.91320
07-12-2018,54.67230
06-12-2018,54.47070
05-12-2018,55.16950
04-12-2018,55.75040
03-12-2018,55.90280
30-11-2018,55.86830
29-11-2018,55.84620
28-11-2018,55.28820
27-11-2018,55.14960
26-11-2018,54.96650
22-11-2018,54.56940
21-11-2018,55.03960
20-11-2018,55.13880
19-11-2018,55.81020
16-11-2018,55.48170
15-11-2018,55.40650
14-11-2018,55.26660
13-11-2018,55.20690
12-11-2018,54.82450
09-11-2018,55.29400
06-11-2018,54.96330
05-11-2018,55.17410
02-11-2018,55.49130
01-11-2018,54.98220
31-10-2018,54.93950
30-10-2018,53.95940
29-10-2018,54.08500
26-10-2018,52.63550
25-10-2018,52.95900
24-10-2018,53.61270
23-10-2018,53.38780
22-10-2018,53.71450
19-10-2018,53.49920
17-10-2018,54.21520
16-10-2018,54.95580
15-10-2018,54.50680
12-10-2018,54.35720
11-10-2018,53.28610
10-10-2018,54.59480
09-10-2018,53.53760
08-10-2018,53.70080
05-10-2018,53.89930
04-10-2018,55.20570
03-10-2018,55.94340
01-10-2018,56.52370
28-09-2018,55.89090
27-09-2018,56.21730
26-09-2018,56.73050
25-09-2018,56.64050
24-09-2018,56.12350
21-09-2018,57.37050
19-09-2018,57.91540
18-09-2018,58.25200
17-09-2018,58.76690
14-09-2018,59.45120
12-09-2018,58.62490
11-09-2018,58.34030
10-09-2018,59.11030
07-09-2018,59.69550
06-09-2018,59.35330
05-09-2018,59.11440
04-09-2018,59.45160
03-09-2018,60.21750
31-08-2018,60.68610
30-08-2018,60.53400
29-08-2018,60.49340
28-08-2018,60.58720
27-08-2018,60.54670
24-08-2018,59.79270
23-08-2018,60.23150
21-08-2018,60.10720
20-08-2018,60.04410
17-08-2018,59.65780
16-08-2018,58.95730
14-08-2018,59.28280
13-08-2018,58.82100
10-08-2018,59.25690
09-08-2018,59.46870
08-08-2018,59.42950
07-08-2018,59.32590
06-08-2018,59.16410
03-08-2018,58.95710
02-08-2018,58.39270
01-08-2018,58.79780
31-07-2018,58.89250
30-07-2018,58.57970
27-07-2018,58.41430
26-07-2018,57.65200
25-07-2018,57.52280
24-07-2018,57.63280
23-07-2018,57.05250
20-07-2018,56.44940
19-07-2018,56.08860
18-07-2018,56.27200
17-07-2018,56.53500
16-07-2018,55.94950
13-07-2018,56.53680
12-07-2018,56.89210
11-07-2018,56.70130
10-07-2018,56.99490
09-07-2018,56.42970
06-07-2018,56.02900
05-07-2018,55.91800
04-07-2018,55.95490
03-07-2018,55.92770
02-07-2018,55.61440
29-06-2018,56.15490
28-06-2018,55.36710
27-06-2018,55.85020
26-06-2018,56.36030
25-06-2018,56.33010
22-06-2018,56.74800
21-06-2018,56.30000
20-06-2018,56.42070
19-06-2018,56.15030
18-06-2018,56.59770
15-06-2018,56.62680
14-06-2018,56.75860
13-06-2018,56.87400
12-06-2018,57.03150
11-06-2018,56.90550
08-06-2018,56.79340
07-06-2018,56.88850
06-06-2018,56.42060
05-06-2018,56.02530
04-06-2018,56.17240
01-06-2018,56.42500
31-05-2018,56.75520
30-05-2018,56.27120
29-05-2018,56.48030
28-05-2018,56.78790
25-05-2018,56.30690
24-05-2018,55.70300
23-05-2018,55.33990
22-05-2018,55.82450
21-05-2018,55.61720
18-05-2018,56.15250
17-05-2018,56.76260
16-05-2018,56.92050
15-05-2018,57.25560
14-05-2018,57.48990
11-05-2018,57.47560
10-05-2018,57.13130
09-05-2018,57.43380
08-05-2018,57.41790
07-05-2018,57.33450
04-05-2018,56.89330
03-05-2018,57.12070
02-05-2018,57.37410
30-04-2018,57.71530
27-04-2018,57.33010
26-04-2018,57.00300
25-04-2018,56.74860
24-04-2018,57.06870
23-04-2018,57.09600
20-04-2018,56.87120
19-04-2018,57.00500
18-04-2018,56.65050
17-04-2018,56.70080
16-04-2018,56.51580
13-04-2018,56.40780
12-04-2018,56.45120
11-04-2018,56.32890
10-04-2018,56.40460
09-04-2018,56.25540
06-04-2018,56.14020
05-04-2018,55.95260
04-04-2018,54.98310
03-04-2018,55.60440
02-04-2018,55.30650
28-03-2018,54.89450
27-03-2018,55.26950
26-03-2018,54.83580
23-03-2018,54.24100
22-03-2018,54.79490
21-03-2018,55.10500
20-03-2018,54.92170
19-03-2018,54.78320
16-03-2018,55.47570
15-03-2018,56.14570
14-03-2018,56.39750
13-03-2018,56.36870
12-03-2018,56.09350
09-03-2018,55.18140
08-03-2018,55.34300
07-03-2018,55.09360
06-03-2018,55.47560
05-03-2018,55.91480
01-03-2018,56.55260
28-02-2018,56.76160
27-02-2018,57.07720
26-02-2018,57.34440
23-02-2018,56.73580
22-02-2018,56.05510
21-02-2018,56.34570
20-02-2018,56.26560
19-02-2018,56.24140
16-02-2018,56.74990
15-02-2018,57.36060
14-02-2018,57.39370
12-02-2018,57.76420
09-02-2018,57.30890
08-02-2018,57.71340
07-02-2018,57.24330
06-02-2018,57.13700
05-02-2018,57.97530
02-02-2018,58.23760
01-02-2018,59.68280
31-01-2018,59.74510
30-01-2018,59.96560
29-01-2018,60.22730
25-01-2018,60.21380
24-01-2018,60.54820
23-01-2018,60.64710
22-01-2018,59.88070
19-01-2018,59.79720
18-01-2018,59.44600
17-01-2018,59.70590
16-01-2018,59.24490
15-01-2018,59.73480
12-01-2018,59.62280
11-01-2018,59.49080
10-01-2018,59.35440
09-01-2018,59.56460
08-01-2018,59.57750
05-01-2018,59.18380
04-01-2018,58.91310
03-01-2018,58.49300
02-01-2018,58.47660
01-01-2018,58.53150
29-12-2017,58.91930
28-12-2017,58.75320
27-12-2017,58.79910
26-12-2017,59.00520
22-12-2017,58.89060
21-12-2017,58.62650
20-12-2017,58.53360
19-12-2017,58.57490
18-12-2017,58.05550
15-12-2017,57.70420
14-12-2017,57.21480
13-12-2017,56.92150
12-12-2017,57.27740
11-12-2017,57.69220
08-12-2017,57.44620
07-12-2017,56.89550
06-12-2017,56.04560
05-12-2017,56.55340
04-12-2017,56.55680
01-12-2017,56.53860
30-11-2017,57.16150
29-11-2017,57.78270
28-11-2017,57.81490
27-11-2017,58.01530
24-11-2017,57.91540
23-11-2017,57.71570
22-11-2017,57.65480
21-11-2017,57.62550
20-11-2017,57.48610
17-11-2017,57.39070
16-11-2017,56.95810
15-11-2017,56.39240
14-11-2017,56.91050
13-11-2017,57.14100
10-11-2017,57.61230
09-11-2017,57.56790
08-11-2017,57.39430
07-11-2017,57.82950
06-11-2017,58.31580
03-11-2017,58.24790
02-11-2017,58.21620
01-11-2017,58.25880
31-10-2017,57.66560
30-10-2017,57.80320
27-10-2017,57.47900
26-10-2017,57.61120
25-10-2017,57.41540
24-10-2017,57.14120
23-10-2017,57.01400
18-10-2017,57.11460
17-10-2017,57.24750
16-10-2017,57.20660
13-10-2017,56.98850
12-10-2017,56.79720
11-10-2017,56.21630
10-10-2017,56.46300
09-10-2017,56.37760
06-10-2017,56.38340
05-10-2017,55.80560
04-10-2017,55.88480
03-10-2017,55.73360
29-09-2017,55.26520
28-09-2017,54.92940
27-09-2017,54.69860
26-09-2017,55.45440
25-09-2017,55.33660
22-09-2017,55.88780
21-09-2017,57.02370
20-09-2017,57.17720
19-09-2017,57.31160
18-09-2017,57.20510
15-09-2017,56.87150
14-09-2017,56.91260
13-09-2017,56.85190
12-09-2017,57.06210
11-09-2017,56.63060
08-09-2017,56.09140
07-09-2017,56.27820
06-09-2017,56.14610
05-09-2017,56.25560
04-09-2017,55.97170
01-09-2017,56.39970
31-08-2017,56.01300
30-08-2017,55.87910
29-08-2017,55.29330
28-08-2017,55.82190
24-08-2017,55.41560
23-08-2017,55.26270
22-08-2017,54.82140
21-08-2017,54.85920
18-08-2017,55.40110
17-08-2017,55.71350
16-08-2017,55.69610
14-08-2017,55.03360
11-08-2017,54.31070
10-08-2017,54.76720
09-08-2017,55.45350
08-08-2017,55.94410
07-08-2017,56.41830
04-08-2017,56.17720
03-08-2017,55.74610
02-08-2017,56.13300
01-08-2017,56.21110
31-07-2017,56.02170
28-07-2017,55.55930
27-07-2017,55.50430
26-07-2017,55.54370
25-07-2017,55.24450
24-07-2017,55.18630
21-07-2017,55.05480
20-07-2017,54.91010
19-07-2017,55.13240
18-07-2017,54.59980
17-07-2017,55.15100
14-07-2017,55.01620
13-07-2017,54.95480
12-07-2017,54.43440
11-07-2017,54.14660
10-07-2017,54.13090
07-07-2017,53.77130
06-07-2017,53.90310
05-07-2017,53.75320
04-07-2017,53.40800
03-07-2017,53.44210
30-06-2017,52.98980
29-06-2017,52.72740
28-06-2017,52.63060
27-06-2017,52.58150
23-06-2017,52.82410
22-06-2017,53.11660
21-06-2017,53.17150
20-06-2017,53.28850
19-06-2017,53.14550
16-06-2017,52.83250
15-06-2017,52.69480
14-06-2017,52.80250
13-06-2017,52.79670
12-06-2017,52.78740
09-06-2017,53.09490
08-06-2017,52.96980
07-06-2017,52.99360
06-06-2017,52.80210
05-06-2017,53.03260
02-06-2017,52.93010
01-06-2017,52.76490
31-05-2017,52.73160
30-05-2017,52.55820
29-05-2017,52.25570
26-05-2017,52.58780
25-05-2017,51.99320
24-05-2017,51.23720
23-05-2017,51.48180
22-05-2017,51.83590
19-05-2017,52.04780
18-05-2017,52.24210
17-05-2017,53.04350
16-05-2017,53.02230
15-05-2017,52.83540
12-05-2017,52.46080
11-05-2017,52.77040
10-05-2017,52.67760
09-05-2017,52.27280
08-05-2017,52.13740
05-05-2017,51.89560
04-05-2017,52.41700
03-05-2017,52.15770
02-05-2017,52.28520
28-04-2017,52.23710
27-04-2017,52.16830
26-04-2017,52.14410
25-04-2017,52.00120
24-04-2017,51.62970
21-04-2017,51.22880
20-04-2017,51.35440
19-04-2017,51.18270
18-04-2017,51.05410
17-04-2017,51.23920
13-04-2017,51.31000
12-04-2017,51.59200
11-04-2017,51.75410
10-04-2017,51.45600
07-04-2017,51.22030
06-04-2017,51.51040
05-04-2017,51.52150
03-04-2017,51.32740
31-03-2017,51.09990
30-03-2017,50.92530
29-03-2017,50.72700
28-03-2017,50.54060
27-03-2017,50.30180
24-03-2017,50.54550
23-03-2017,50.45240
22-03-2017,50.06890
21-03-2017,50.48750
20-03-2017,50.58920
17-03-2017,50.68190
16-03-2017,50.74240
15-03-2017,50.19400
14-03-2017,50.08170
10-03-2017,49.33050
09-03-2017,49.43840
08-03-2017,49.39140
07-03-2017,49.56060
06-03-2017,49.69230
03-03-2017,49.40790
02-03-2017,49.34150
01-03-2017,49.75540
28-02-2017,49.43780
27-02-2017,49.48060
23-02-2017,49.68260
22-02-2017,49.68250
21-02-2017,49.77060
20-02-2017,49.57670
17-02-2017,49.30920
16-02-2017,48.87810
15-02-2017,48.40380
14-02-2017,48.88030
13-02-2017,49.06750
10-02-2017,49.15350
09-02-2017,49.12290
08-02-2017,49.04940
07-02-2017,48.94460
06-02-2017,49.11110
03-02-2017,48.76000
02-02-2017,48.69620
01-02-2017,48.43080
31-01-2017,47.57640
30-01-2017,48.03880
27-01-2017,47.98810
25-01-2017,47.68240
24-01-2017,47.12060
23-01-2017,46.66980
20-01-2017,46.38810
19-01-2017,46.83730
18-01-2017,46.66770
17-01-2017,46.49970
16-01-2017,46.52220
13-01-2017,46.43820
12-01-2017,46.49420
11-01-2017,46.36150
10-01-2017,45.80640
09-01-2017,45.51320
06-01-2017,45.45260
05-01-2017,45.67430
04-01-2017,45.16360
03-01-2017,45.31950
02-01-2017,45.06740
30-12-2016,44.99580
29-12-2016,44.63030
28-12-2016,44.18360
27-12-2016,44.15720
26-12-2016,43.56610
23-12-2016,44.02960
22-12-2016,44.02990
21-12-2016,44.44980
20-12-2016,44.46740
19-12-2016,44.70570
16-12-2016,44.81810
15-12-2016,44.74880
14-12-2016,44.98360
13-12-2016,45.14610
12-12-2016,45.04200
09-12-2016,45.54800
08-12-2016,45.42560
07-12-2016,44.71110
06-12-2016,44.85700
05-12-2016,44.83400
02-12-2016,44.65530
01-12-2016,45.18190
30-11-2016,45.47450
29-11-2016,44.97100
28-11-2016,44.93990
25-11-2016,44.80730
24-11-2016,44.15230
23-11-2016,44.48530
22-11-2016,44.29650
21-11-2016,43.91050
18-11-2016,44.78370
17-11-2016,44.86130
16-11-2016,44.91060
15-11-2016,44.84860
11-11-2016,46.24900
10-11-2016,47.51060
09-11-2016,46.74310
08-11-2016,47.31590
07-11-2016,47.18340
04-11-2016,46.65820
03-11-2016,47.06360
02-11-2016,47.31780
01-11-2016,48.05350
28-10-2016,48.04150
27-10-2016,47.67680
26-10-2016,47.91300
25-10-2016,48.33390
24-10-2016,48.37940
21-10-2016,48.28860
20-10-2016,48.23470
19-10-2016,48.06400
18-10-2016,48.12380
17-10-2016,47.33720
14-10-2016,47.66230
13-10-2016,47.47440
10-10-2016,48.22550
07-10-2016,48.20840
06-10-2016,48.19870
05-10-2016,48.37590
04-10-2016,48.33960
03-10-2016,48.20270
30-09-2016,47.39350
29-09-2016,46.97490
28-09-2016,48.02260
27-09-2016,47.77960
26-09-2016,47.82760
23-09-2016,48.30040
22-09-2016,48.46220
21-09-2016,47.92720
20-09-2016,47.92580
19-09-2016,47.98800
16-09-2016,47.79430
15-09-2016,47.69780
14-09-2016,47.65510
12-09-2016,47.56060
09-09-2016,48.42170
08-09-2016,48.77590
07-09-2016,48.63470
06-09-2016,48.74550
02-09-2016,48.08090
01-09-2016,47.90780
31-08-2016,47.98330
30-08-2016,47.64940
29-08-2016,47.03040
26-08-2016,46.93820
25-08-2016,47.02770
24-08-2016,47.28530
23-08-2016,47.01890
22-08-2016,47.08760
19-08-2016,47.30570
18-08-2016,47.27750
17-08-2016,46.92140
16-08-2016,46.92380
12-08-2016,47.03020
11-08-2016,46.71440
10-08-2016,46.77650
09-08-2016,47.35590
08-08-2016,47.54860
05-08-2016,47.30820
04-08-2016,46.58920
03-08-2016,46.44840
02-08-2016,46.83480
01-08-2016,46.84980
29-07-2016,46.78930
28-07-2016,46.76650
27-07-2016,46.56310
26-07-2016,46.42290
25-07-2016,46.59570
22-07-2016,46.09350
21-07-2016,45.90020
20-07-2016,46.07150
19-07-2016,45.70350
18-07-2016,45.58880
15-07-2016,45.75910
14-07-2016,45.84240
13-07-2016,45.58280
12-07-2016,45.68290
11-07-2016,45.42830
08-07-2016,44.82740
07-07-2016,44.89640
05-07-2016,44.97400
04-07-2016,45.21040
01-07-2016,44.94970
30-06-2016,44.60400
29-06-2016,44.06480
28-06-2016,43.55740
27-06-2016,43.39530
24-06-2016,43.28730
23-06-2016,44.16300
22-06-2016,43.87550
21-06-2016,43.93530
20-06-2016,44.00110
17-06-2016,43.72110
16-06-2016,43.61100
15-06-2016,43.88280
14-06-2016,43.38520
13-06-2016,43.31790
10-06-2016,43.57200
09-06-2016,43.70300
08-06-2016,43.93670
07-06-2016,43.83180
06-06-2016,43.55580
03-06-2016,43.54640
02-06-2016,43.52700
01-06-2016,43.25660
31-05-2016,43.28720
30-05-2016,43.34640
27-05-2016,43.16420
26-05-2016,42.78030
25-05-2016,42.23100
24-05-2016,41.43540
23-05-2016,41.41720
20-05-2016,41.53500
19-05-2016,41.75190
18-05-2016,42.11010
17-05-2016,42.12450
16-05-2016,42.06750
13-05-2016,41.84910
12-05-2016,42.03390
11-05-2016,41.79310
10-05-2016,41.90490
09-05-2016,41.86050
06-05-2016,41.25440
05-05-2016,41.29160
04-05-2016,41.17000
03-05-2016,41.41030
02-05-2016,41.72190
29-04-2016,41.86900
28-04-2016,41.76130
27-04-2016,42.40790
26-04-2016,42.32040
25-04-2016,41.78980
22-04-2016,41.98960
21-04-2016,41.98750
20-04-2016,41.99530
18-04-2016,41.95890
13-04-2016,41.57960
12-04-2016,41.01270
11-04-2016,40.82660
08-04-2016,40.37180
07-04-2016,40.22150
06-04-2016,40.48680
05-04-2016,40.36660
04-04-2016,41.06910
01-04-2016,40.85970
31-03-2016,40.89620
30-03-2016,40.81490
29-03-2016,40.14200
28-03-2016,40.17100
23-03-2016,40.66200
22-03-2016,40.62960
21-03-2016,40.52750
18-03-2016,40.09560
17-03-2016,39.74890
16-03-2016,39.64060
15-03-2016,39.53710
14-03-2016,39.81500
11-03-2016,39.63290
10-03-2016,39.61320
09-03-2016,39.83630
08-03-2016,39.55300
04-03-2016,39.64370
03-03-2016,39.55710
02-03-2016,39.11120
01-03-2016,38.33790
29-02-2016,37.14230
26-02-2016,37.24410
25-02-2016,36.89970
24-02-2016,37.37050
23-02-2016,37.83480
22-02-2016,38.43880
19-02-2016,38.28600
18-02-2016,38.32890
17-02-2016,37.85830
16-02-2016,37.60380
15-02-2016,38.27520
12-02-2016,37.13260
11-02-2016,37.21150
10-02-2016,38.38720
09-02-2016,38.74160
08-02-2016,39.32660
05-02-2016,39.72540
04-02-2016,39.24360
03-02-2016,39.07460
02-02-2016,39.68760
01-02-2016,40.27020
29-01-2016,40.22920
28-01-2016,39.53180
27-01-2016,39.58660
25-01-2016,39.49470
22-01-2016,39.48340
21-01-2016,38.75120
20-01-2016,38.95840
19-01-2016,39.62250
18-01-2016,39.30170
15-01-2016,39.90520
14-01-2016,40.39560
13-01-2016,40.64030
12-01-2016,40.46310
11-01-2016,40.77640
08-01-2016,40.92860
07-01-2016,40.58220
06-01-2016,41.48210
05-01-2016,41.65740
04-01-2016,41.56600
01-01-2016,42.34300
31-12-2015,42.17340
30-12-2015,42.05650
29-12-2015,42.19610
28-12-2015,42.14920
24-12-2015,41.85400
23-12-2015,41.85990
22-12-2015,41.51380
21-12-2015,41.68760
18-12-2015,41.34540
17-12-2015,41.72340
16-12-2015,41.23550
15-12-2015,40.95380
14-12-2015,40.76630
11-12-2015,40.57800
10-12-2015,41.00000
09-12-2015,40.70990
08-12-2015,41.26540
07-12-2015,41.59290
04-12-2015,41.63980
03-12-2015,42.00060
02-12-2015,42.29310
01-12-2015,42.36870
30-11-2015,42.21880
27-11-2015,42.26120
26-11-2015,41.97100
24-11-2015,41.80980
23-11-2015,41.86560
20-11-2015,41.80560
19-11-2015,41.63220
18-11-2015,41.08610
17-11-2015,41.57820
16-11-2015,41.51680
13-11-2015,41.36620
10-11-2015,41.35970
09-11-2015,42.10920
06-11-2015,42.14720
05-11-2015,42.25330
04-11-2015,42.73810
03-11-2015,42.78850
02-11-2015,42.69700
30-10-2015,42.73560
29-10-2015,42.85900
28-10-2015,43.16430
27-10-2015,43.45190
26-10-2015,43.49370
23-10-2015,43.65980
21-10-2015,43.54240
20-10-2015,43.73670
19-10-2015,43.62600
16-10-2015,43.45230
15-10-2015,43.11460
14-10-2015,42.72000
13-10-2015,42.79070
12-10-2015,42.88060
09-10-2015,43.00690
08-10-2015,42.79780
07-10-2015,43.00500
06-10-2015,42.95090
05-10-2015,42.85060
01-10-2015,42.08660
30-09-2015,42.17760
29-09-2015,41.68230
28-09-2015,41.50370
24-09-2015,41.85090
23-09-2015,41.70900
22-09-2015,41.57890
21-09-2015,42.41240
18-09-2015,42.28600
16-09-2015,41.76810
15-09-2015,41.45020
14-09-2015,41.67730
11-09-2015,41.23420
10-09-2015,41.29830
09-09-2015,41.36170
08-09-2015,40.63930
07-09-2015,39.95650
04-09-2015,40.52150
03-09-2015,41.33960
02-09-2015,40.79430
01-09-2015,41.06760
31-08-2015,42.01330
28-08-2015,42.13610
27-08-2015,41.96440
26-08-2015,41.15770
25-08-2015,41.44270
24-08-2015,40.89150
21-08-2015,43.64000
20-08-2015,43.97870
19-08-2015,44.69830
18-08-2015,44.65410
17-08-2015,44.59160
14-08-2015,44.75850
13-08-2015,43.95170
12-08-2015,43.92290
11-08-2015,44.59600
10-08-2015,44.95630
07-08-2015,45.16270
06-08-2015,45.21150
05-08-2015,45.15040
04-08-2015,44.94210
03-08-2015,44.82110
31-07-2015,44.71280
30-07-2015,44.20760
29-07-2015,43.91450
28-07-2015,43.65850
27-07-2015,43.72310
24-07-2015,44.40760
23-07-2015,44.73460
22-07-2015,44.81130
21-07-2015,44.26130
20-07-2015,44.69930
17-07-2015,44.71870
16-07-2015,44.65580
15-07-2015,44.20850
14-07-2015,43.92320
13-07-2015,43.97870
10-07-2015,43.47250
09-07-2015,43.17530
08-07-2015,43.21560
07-07-2015,43.73210
06-07-2015,43.70810
03-07-2015,43.45790
02-07-2015,43.34360
01-07-2015,43.28100
30-06-2015,42.78570
29-06-2015,42.46590
26-06-2015,42.89290
25-06-2015,42.92910
24-06-2015,42.71980
23-06-2015,42.88140
22-06-2015,42.73450
19-06-2015,42.18150
18-06-2015,42.01330
17-06-2015,41.60970
16-06-2015,41.35410
15-06-2015,41.09280
12-06-2015,40.96280
11-06-2015,40.86430
10-06-2015,41.58030
09-06-2015,41.10420
08-06-2015,41.26390
05-06-2015,41.62240
04-06-2015,41.67850
03-06-2015,41.64510
02-06-2015,42.13880
01-06-2015,42.99230
29-05-2015,43.15120
28-05-2015,42.53930
27-05-2015,42.66230
26-05-2015,42.68500
25-05-2015,42.78690
22-05-2015,43.03000
21-05-2015,42.94550
20-05-2015,42.92950
19-05-2015,42.75230
18-05-2015,42.72540
15-05-2015,42.25370
14-05-2015,42.10650
13-05-2015,42.09060
12-05-2015,41.45100
11-05-2015,42.31390
08-05-2015,41.61240
07-05-2015,40.94200
06-05-2015,41.45800
05-05-2015,42.63430
04-05-2015,42.54720
30-04-2015,41.95930
29-04-2015,41.99550
28-04-2015,42.02350
27-04-2015,41.63610
24-04-2015,42.14240
23-04-2015,42.63110
22-04-2015,42.61660
21-04-2015,42.53190
20-04-2015,42.85280
17-04-2015,43.60240
16-04-2015,44.14960
15-04-2015,44.34250
13-04-2015,44.62400
10-04-2015,44.46680
09-04-2015,44.43680
08-04-2015,44.15270
07-04-2015,43.83220
06-04-2015,43.77810
01-04-2015,43.55870
31-03-2015,43.11930
30-03-2015,42.98220
27-03-2015,42.30700
26-03-2015,42.24870
25-03-2015,42.95240
24-03-2015,43.01220
23-03-2015,43.06470
20-03-2015,43.31460
19-03-2015,43.70660
18-03-2015,44.01630
17-03-2015,44.05710
16-03-2015,43.60010
13-03-2015,43.68560
12-03-2015,44.38650
11-03-2015,43.99470
10-03-2015,44.03800
09-03-2015,44.23810
05-03-2015,45.08310
04-03-2015,44.88180
03-03-2015,45.32730
02-03-2015,45.14190
27-02-2015,44.40310
26-02-2015,43.50050
25-02-2015,43.86550
24-02-2015,43.88400
23-02-2015,43.95930
20-02-2015,44.36580
19-02-2015,44.50810
18-02-2015,44.53250
16-02-2015,44.27080
13-02-2015,44.42880
12-02-2015,44.07940
11-02-2015,43.60650
10-02-2015,43.25580
09-02-2015,42.98730
06-02-2015,43.55540
05-02-2015,43.94650
04-02-2015,44.01160
03-02-2015,44.23330
02-02-2015,44.51640
30-01-2015,44.42570
29-01-2015,44.85370
28-01-2015,44.79430
27-01-2015,44.84730
23-01-2015,44.35710
22-01-2015,44.11720
21-01-2015,44.02470
20-01-2015,43.89780
19-01-2015,43.41400
16-01-2015,43.10060
15-01-2015,43.06950
14-01-2015,42.26800
13-01-2015,42.45760
12-01-2015,42.42620
09-01-2015,42.28460
08-01-2015,42.17600
07-01-2015,41.56060
06-01-2015,41.59980
05-01-2015,42.67880
02-01-2015,42.70040
01-01-2015,42.28900
31-12-2014,42.19240
30-12-2014,41.99750
29-12-2014,41.91380
26-12-2014,41.65840
24-12-2014,41.51430
23-12-2014,41.74780
22-12-2014,41.97710
19-12-2014,41.60170
18-12-2014,41.35470
17-12-2014,40.60650
16-12-2014,40.74620
15-12-2014,41.57780
12-12-2014,41.60250
11-12-2014,41.95150
10-12-2014,42.17370
09-12-2014,41.94050
08-12-2014,42.51150
05-12-2014,42.91860
04-12-2014,43.10410
03-12-2014,42.98720
02-12-2014,42.65370
01-12-2014,42.52880
28-11-2014,42.67600
27-11-2014,42.17870
26-11-2014,42.01630
25-11-2014,41.88030
24-11-2014,42.34010
21-11-2014,42.13000
20-11-2014,41.77040
19-11-2014,41.70120
18-11-2014,41.88050
17-11-2014,41.73750
14-11-2014,41.41930
13-11-2014,41.22380
12-11-2014,41.29730
11-11-2014,41.05260
10-11-2014,40.92970
07-11-2014,40.88980
05-11-2014,40.71350
03-11-2014,40.68700
31-10-2014,40.57180
30-10-2014,39.89650
29-10-2014,39.51310
28-10-2014,39.34270
27-10-2014,39.18130
22-10-2014,39.21890
21-10-2014,38.83670
20-10-2014,38.45400
17-10-2014,38.01140
16-10-2014,37.79620
14-10-2014,38.45580
13-10-2014,38.45580
10-10-2014,38.20230
09-10-2014,38.69520
08-10-2014,38.09830
07-10-2014,38.14750
01-10-2014,38.55720
30-09-2014,38.62480
29-09-2014,38.62470
26-09-2014,38.58710
25-09-2014,38.23690
24-09-2014,38.80010
23-09-2014,38.90190
22-09-2014,39.47560
19-09-2014,39.39740
18-09-2014,39.36330
17-09-2014,38.73540
16-09-2014,38.48610
15-09-2014,39.25070
12-09-2014,39.35280
11-09-2014,39.31060
10-09-2014,39.20240
09-09-2014,39.38590
08-09-2014,39.47350
05-09-2014,39.03390
04-09-2014,38.95560
03-09-2014,39.06410
02-09-2014,38.87570
01-09-2014,38.66070
28-08-2014,38.12000
27-08-2014,38.02440
26-08-2014,37.75940
25-08-2014,37.80190
22-08-2014,38.00920
21-08-2014,37.86720
20-08-2014,37.76700
19-08-2014,37.79770
18-08-2014,37.47820
14-08-2014,36.93550
13-08-2014,36.59370
12-08-2014,36.79930
11-08-2014,36.50760
08-08-2014,36.29780
07-08-2014,36.79350
06-08-2014,36.86770
05-08-2014,37.20020
04-08-2014,36.94450
01-08-2014,36.47060
31-07-2014,36.87820
30-07-2014,37.11180
28-07-2014,36.89630
25-07-2014,37.09020
24-07-2014,37.51620
23-07-2014,37.37260
22-07-2014,37.39530
21-07-2014,37.18750
18-07-2014,37.14880
17-07-2014,37.09440
16-07-2014,36.76230
15-07-2014,36.28990
14-07-2014,35.73030
11-07-2014,35.67200
10-07-2014,36.55870
09-07-2014,36.45240
08-07-2014,36.78260
07-07-2014,37.83150
04-07-2014,37.80560
03-07-2014,37.68450
02-07-2014,37.61850
01-07-2014,37.21350
30-06-2014,36.97520
27-06-2014,36.48100
26-06-2014,36.44190
25-06-2014,36.70530
24-06-2014,36.75420
23-06-2014,36.28780
20-06-2014,36.23490
19-06-2014,36.34600
18-06-2014,36.51640
17-06-2014,36.73180
16-06-2014,36.22120
13-06-2014,36.25120
12-06-2014,36.93950
11-06-2014,36.77850
10-06-2014,37.04380
09-06-2014,37.13090
06-06-2014,36.70580
05-06-2014,36.30890
04-06-2014,35.94120
03-06-2014,35.72060
02-06-2014,35.43230
30-05-2014,34.65380
29-05-2014,34.77130
28-05-2014,35.14700
27-05-2014,34.90260
26-05-2014,35.12950
23-05-2014,35.38370
22-05-2014,34.71420
21-05-2014,34.19430
20-05-2014,34.28670
19-05-2014,34.16170
16-05-2014,33.23710
15-05-2014,32.51990
14-05-2014,32.65510
13-05-2014,32.58490
12-05-2014,32.13300
09-05-2014,31.52470
08-05-2014,30.75740
07-05-2014,30.67220
06-05-2014,30.86220
05-05-2014,30.79620
02-05-2014,30.79800
30-04-2014,30.74440
29-04-2014,30.86470
28-04-2014,31.04220
25-04-2014,31.03100
23-04-2014,31.20460
22-04-2014,31.08930
21-04-2014,31.08110
17-04-2014,30.85810
16-04-2014,30.44200
15-04-2014,30.72430
11-04-2014,30.85690
10-04-2014,30.95510
09-04-2014,30.89920
07-04-2014,30.41420
04-04-2014,30.47210
03-04-2014,30.60230
02-04-2014,30.78000
01-04-2014,30.54680
31-03-2014,30.53520
28-03-2014,30.46590
27-03-2014,30.11850
26-03-2014,29.91260
25-03-2014,29.74990
24-03-2014,29.69680
21-03-2014,29.28560
20-03-2014,29.18820
19-03-2014,29.37920
18-03-2014,29.31940
14-03-2014,29.17820
13-03-2014,29.14290
12-03-2014,29.27140
11-03-2014,29.29180
10-03-2014,29.41470
07-03-2014,29.39310
06-03-2014,28.93960
05-03-2014,28.60020
04-03-2014,28.40300
03-03-2014,28.09690
28-02-2014,28.28420
26-02-2014,28.04120
25-02-2014,27.93710
24-02-2014,27.88850
21-02-2014,27.76060
20-02-2014,27.52240
19-02-2014,27.73380
18-02-2014,27.62470
17-02-2014,27.41160
14-02-2014,27.35910
13-02-2014,27.18630
12-02-2014,27.55130
11-02-2014,27.42830
10-02-2014,27.34290
07-02-2014,27.31350
06-02-2014,27.16520
05-02-2014,27.09570
04-02-2014,26.93560
03-02-2014,26.93900
31-01-2014,27.27260
30-01-2014,27.01240
29-01-2014,27.19570
28-01-2014,27.28320
27-01-2014,27.37550
24-01-2014,28.03000
23-01-2014,28.39670
22-01-2014,28.41930
21-01-2014,28.30370
20-01-2014,28.22480
17-01-2014,28.00410
16-01-2014,28.30660
15-01-2014,28.31590
14-01-2014,28.08560
13-01-2014,28.15290
10-01-2014,27.88960
09-01-2014,27.95370
08-01-2014,27.97340
07-01-2014,27.85530
06-01-2014,27.93940
03-01-2014,28.00060
02-01-2014,27.96330
01-01-2014,28.36110
31-12-2013,28.33420
30-12-2013,28.24890
27-12-2013,28.31420
26-12-2013,28.21390
24-12-2013,28.16000
23-12-2013,28.18810
20-12-2013,28.11300
19-12-2013,27.69640
18-12-2013,27.80240
17-12-2013,27.45540
16-12-2013,27.40870
13-12-2013,27.41380
12-12-2013,27.72930
11-12-2013,27.95360
10-12-2013,28.05090
09-12-2013,28.24490
06-12-2013,27.81350
05-12-2013,27.71300
04-12-2013,27.38400
03-12-2013,27.53710
02-12-2013,27.62830
29-11-2013,27.41630
28-11-2013,27.07100
27-11-2013,26.95710
26-11-2013,26.94630
25-11-2013,27.14710
22-11-2013,26.72800
21-11-2013,26.72060
20-11-2013,27.23710
19-11-2013,27.56400
18-11-2013,27.44740
14-11-2013,26.98730
13-11-2013,26.65170
12-11-2013,26.86700
11-11-2013,27.06250
08-11-2013,27.26440
07-11-2013,27.35070
06-11-2013,27.52980
05-11-2013,27.61130
01-11-2013,27.71340
31-10-2013,27.66030
30-10-2013,27.47680
29-10-2013,27.28780
28-10-2013,26.82750
25-10-2013,27.04550
24-10-2013,27.14400
23-10-2013,27.17780
22-10-2013,27.22500
21-10-2013,27.21400
18-10-2013,27.05120
17-10-2013,26.47650
15-10-2013,26.64150
14-10-2013,26.78660
11-10-2013,26.66370
10-10-2013,26.40320
09-10-2013,26.25860
08-10-2013,25.92150
07-10-2013,25.84340
04-10-2013,25.78190
03-10-2013,25.75350
01-10-2013,25.19050
30-09-2013,25.03980
27-09-2013,25.33930
26-09-2013,25.41730
25-09-2013,25.35920
24-09-2013,25.39180
23-09-2013,25.36980
20-09-2013,25.85460
19-09-2013,26.20530
18-09-2013,25.37990
17-09-2013,25.19960
16-09-2013,25.16080
13-09-2013,25.13400
12-09-2013,25.18000
11-09-2013,25.42710
10-09-2013,25.29490
06-09-2013,24.58450
05-09-2013,24.23330
04-09-2013,23.61420
03-09-2013,23.21510
02-09-2013,24.00710
30-08-2013,23.68790
29-08-2013,23.48610
28-08-2013,22.89460
27-08-2013,22.92910
26-08-2013,23.62490
23-08-2013,23.47750
22-08-2013,23.20420
21-08-2013,22.76340
20-08-2013,23.18890
19-08-2013,23.17730
16-08-2013,23.55230
14-08-2013,24.43500
13-08-2013,24.27120
12-08-2013,23.83740
08-08-2013,23.58860
07-08-2013,23.42950
06-08-2013,23.36850
05-08-2013,23.91100
02-08-2013,23.85050
01-08-2013,24.07380
31-07-2013,24.28290
30-07-2013,24.25620
29-07-2013,24.56470
26-07-2013,24.67620
25-07-2013,24.70390
24-07-2013,24.99840
23-07-2013,25.37400
22-07-2013,25.23140
19-07-2013,25.19220
18-07-2013,25.22540
17-07-2013,25.03570
16-07-2013,25.09490
15-07-2013,25.53030
12-07-2013,25.43390
11-07-2013,25.16140
10-07-2013,24.79970
09-07-2013,24.92640
08-07-2013,24.67910
05-07-2013,24.84990
04-07-2013,24.76940
03-07-2013,24.49190
02-07-2013,24.92630
01-07-2013,25.04480
28-06-2013,24.72570
27-06-2013,24.06580
26-06-2013,23.75440
25-06-2013,23.77950
24-06-2013,23.79280
21-06-2013,24.15640
20-06-2013,24.18060
19-06-2013,24.82500
18-06-2013,24.73950
17-06-2013,24.85540
14-06-2013,24.68210
13-06-2013,24.27300
12-06-2013,24.50020
11-06-2013,24.58060
10-06-2013,24.95250
07-06-2013,25.07790
06-06-2013,25.23510
05-06-2013,25.18950
04-06-2013,25.17000
03-06-2013,25.20950
31-05-2013,25.36000
30-05-2013,25.79260
29-05-2013,25.78260
28-05-2013,25.91920
27-05-2013,25.77760
24-05-2013,25.43690
23-05-2013,25.33580
22-05-2013,25.92910
21-05-2013,26.03110
20-05-2013,26.21080
17-05-2013,26.37100
16-05-2013,26.28510
15-05-2013,26.14880
14-05-2013,25.61080
13-05-2013,25.53820
10-05-2013,25.96500
09-05-2013,25.79430
08-05-2013,25.88660
07-05-2013,25.86560
06-05-2013,25.62830
03-05-2013,25.44370
02-05-2013,25.62900
30-04-2013,25.41230
29-04-2013,25.34470
26-04-2013,25.19940
25-04-2013,25.35060
23-04-2013,25.05890
22-04-2013,25.07160
18-04-2013,24.75510
17-04-2013,24.39820
16-04-2013,24.36130
15-04-2013,23.88740
12-04-2013,23.79900
11-04-2013,23.99850
10-04-2013,23.87780
09-04-2013,23.67900
08-04-2013,23.87430
05-04-2013,23.89400
04-04-2013,23.90590
03-04-2013,24.30450
02-04-2013,24.60250
01-04-2013,24.41160
28-03-2013,24.31460
26-03-2013,24.09560
25-03-2013,24.05370
22-03-2013,24.14510
21-03-2013,24.21040
20-03-2013,24.34850
19-03-2013,24.68050
18-03-2013,25.07820
15-03-2013,25.25990
14-03-2013,25.48720
13-03-2013,25.23020
12-03-2013,25.50960
11-03-2013,25.63020
08-03-2013,25.61440
07-03-2013,25.28720
06-03-2013,25.08530
05-03-2013,24.90060
04-03-2013,24.51080
01-03-2013,24.68020
28-02-2013,24.49800
27-02-2013,25.01780
26-02-2013,24.80460
25-02-2013,25.16630
22-02-2013,25.23250
21-02-2013,25.19740
20-02-2013,25.64100
19-02-2013,25.67600
18-02-2013,25.44490
15-02-2013,25.35910
14-02-2013,25.40670
13-02-2013,25.64310
12-02-2013,25.63330
11-02-2013,25.53550
08-02-2013,25.56120
07-02-2013,25.74560
06-02-2013,25.83720
05-02-2013,25.80250
04-02-2013,25.99340
01-02-2013,26.17830
31-01-2013,26.24010
30-01-2013,26.22500
29-01-2013,26.23490
28-01-2013,26.38510
25-01-2013,26.35190
24-01-2013,26.08020
23-01-2013,26.32430
22-01-2013,26.35370
21-01-2013,26.55630
18-01-2013,26.53150
17-01-2013,26.51560
16-01-2013,26.38100
15-01-2013,26.68390
14-01-2013,26.54600
11-01-2013,26.18640
10-01-2013,26.35580
09-01-2013,26.37120
08-01-2013,26.44410
07-01-2013,26.44280
04-01-2013,26.51350
03-01-2013,26.48380
02-01-2013,26.39450
01-01-2013,26.22740
31-12-2012,25.95930
28-12-2012,25.94540
27-12-2012,25.75660
26-12-2012,25.86450
24-12-2012,25.68650
21-12-2012,25.66100
20-12-2012,26.01330
19-12-2012,26.04360
18-12-2012,25.90110
17-12-2012,25.75460
14-12-2012,25.68080
13-12-2012,25.43650
12-12-2012,25.58250
11-12-2012,25.57000
10-12-2012,25.68520
07-12-2012,25.67860
06-12-2012,25.80660
05-12-2012,25.68430
04-12-2012,25.53230
03-12-2012,25.48010
30-11-2012,25.41150
29-11-2012,25.19430
27-11-2012,24.88900
26-11-2012,24.53210
23-11-2012,24.29690
22-11-2012,24.26500
21-11-2012,24.18750
20-11-2012,24.01050
19-11-2012,24.03610
16-11-2012,24.11890
15-11-2012,24.33560
12-11-2012,24.49070
09-11-2012,24.36550
08-11-2012,24.49700
07-11-2012,24.63360
06-11-2012,24.49510
05-11-2012,24.42550
02-11-2012,24.39940
01-11-2012,24.16750
31-10-2012,24.04760
30-10-2012,23.89920
29-10-2012,24.16120
26-10-2012,24.18110
25-10-2012,24.39620
23-10-2012,24.35990
22-10-2012,24.42460
19-10-2012,24.31120
18-10-2012,24.45860
17-10-2012,24.18330
16-10-2012,24.10460
15-10-2012,24.27000
12-10-2012,24.23120
11-10-2012,24.30690
10-10-2012,24.09830
09-10-2012,24.29330
08-10-2012,24.16920
05-10-2012,24.41040
04-10-2012,24.63340
03-10-2012,24.47740
01-10-2012,24.43350
28-09-2012,24.31850
27-09-2012,24.06650
26-09-2012,24.04520
25-09-2012,24.01140
24-09-2012,23.95430
21-09-2012,24.03960
20-09-2012,23.50160
18-09-2012,23.65010
17-09-2012,23.59670
14-09-2012,23.49490
13-09-2012,23.10350
12-09-2012,23.08850
11-09-2012,22.86720
10-09-2012,22.79430
07-09-2012,22.69970
06-09-2012,22.34480
05-09-2012,22.28020
04-09-2012,22.45450
03-09-2012,22.35460
31-08-2012,22.30320
30-08-2012,22.45450
29-08-2012,22.32550
28-08-2012,22.54310
27-08-2012,22.65420
24-08-2012,22.81960
23-08-2012,22.94050
22-08-2012,22.95350
21-08-2012,22.96040
17-08-2012,22.81250
16-08-2012,22.82760
14-08-2012,22.87150
13-08-2012,22.73400
10-08-2012,22.59810
09-08-2012,22.58810
08-08-2012,22.66850
07-08-2012,22.70200
06-08-2012,22.49280
03-08-2012,22.31440
02-08-2012,22.36490
01-08-2012,22.35790
31-07-2012,22.22780
30-07-2012,22.09690
27-07-2012,21.67780
26-07-2012,21.58630
25-07-2012,21.85110
24-07-2012,21.91560
23-07-2012,21.84490
20-07-2012,22.20360
19-07-2012,22.32410
18-07-2012,22.20290
17-07-2012,22.08230
16-07-2012,22.11010
13-07-2012,22.20250
12-07-2012,22.26130
11-07-2012,22.44900
10-07-2012,22.60100
09-07-2012,22.33830
06-07-2012,22.50820
05-07-2012,22.55310
04-07-2012,22.41860
03-07-2012,22.35450
02-07-2012,22.22450
29-06-2012,22.16560
28-06-2012,21.66340
27-06-2012,21.64830
26-06-2012,21.57540
25-06-2012,21.56240
22-06-2012,21.70140
21-06-2012,21.73570
20-06-2012,21.52290
19-06-2012,21.39060
18-06-2012,21.22800
15-06-2012,21.54170
14-06-2012,21.22420
13-06-2012,21.54600
12-06-2012,21.48760
11-06-2012,21.27120
08-06-2012,21.34860
07-06-2012,21.31240
06-06-2012,21.08990
05-06-2012,20.60300
04-06-2012,20.52240
01-06-2012,20.48020
31-05-2012,20.71240
30-05-2012,20.81620
29-05-2012,21.06750
28-05-2012,21.05080
25-05-2012,20.76450
24-05-2012,20.74400
23-05-2012,20.40250
22-05-2012,20.48260
21-05-2012,20.67790
18-05-2012,20.60740
17-05-2012,20.48580
16-05-2012,20.50340
15-05-2012,20.83480
14-05-2012,20.65710
11-05-2012,20.76170
10-05-2012,20.91710
09-05-2012,20.94020
08-05-2012,21.09340
07-05-2012,21.51960
04-05-2012,21.35330
03-05-2012,21.68410
02-05-2012,21.92880
30-04-2012,22.03630
27-04-2012,21.77670
26-04-2012,21.79120
25-04-2012,21.81930
24-04-2012,21.90350
23-04-2012,21.82670
20-04-2012,22.28260
19-04-2012,22.45710
18-04-2012,22.30620
17-04-2012,22.22060
16-04-2012,21.93030
13-04-2012,21.81710
12-04-2012,22.00870
11-04-2012,21.85760
10-04-2012,21.94150
09-04-2012,21.95380
04-04-2012,22.26740
03-04-2012,22.36060
02-04-2012,22.21790
30-03-2012,22.11680
29-03-2012,21.60420
28-03-2012,21.56960
27-03-2012,21.71460
26-03-2012,21.55690
23-03-2012,21.88840
22-03-2012,21.70510
21-03-2012,22.20390
20-03-2012,21.83560
19-03-2012,21.74910
16-03-2012,21.97920
15-03-2012,22.23130
14-03-2012,22.51010
13-03-2012,22.38870
12-03-2012,22.08330
09-03-2012,21.93570
07-03-2012,21.45240
06-03-2012,21.47910
05-03-2012,21.70210
02-03-2012,22.04040
01-03-2012,21.98130
29-02-2012,22.18590
28-02-2012,22.06930
27-02-2012,21.65190
24-02-2012,22.16110
23-02-2012,22.31640
22-02-2012,22.37560
21-02-2012,22.91930
17-02-2012,22.78260
16-02-2012,22.64360
15-02-2012,22.70460
14-02-2012,22.19310
13-02-2012,22.16090
10-02-2012,22.11190
09-02-2012,22.17910
08-02-2012,21.98960
07-02-2012,21.85220
06-02-2012,21.95660
03-02-2012,21.78280
02-02-2012,21.54520
01-02-2012,21.41930
31-01-2012,21.28860
30-01-2012,20.84650
27-01-2012,21.23970
25-01-2012,21.06260
24-01-2012,20.90200
23-01-2012,20.61210
20-01-2012,20.59110
19-01-2012,20.45610
18-01-2012,20.23300
17-01-2012,20.32940
16-01-2012,20.02880
13-01-2012,20.00030
12-01-2012,19.81880
11-01-2012,19.90050
10-01-2012,19.83540
09-01-2012,19.43840
06-01-2012,19.41050
05-01-2012,19.47450
04-01-2012,19.44450
03-01-2012,19.50330
02-01-2012,19.02370
30-12-2011,19.03670
29-12-2011,19.09040
28-12-2011,19.24540
27-12-2011,19.40320
26-12-2011,19.53650
23-12-2011,19.34680
22-12-2011,19.44160
21-12-2011,19.31320
20-12-2011,18.87000
19-12-2011,19.09480
16-12-2011,19.27470
15-12-2011,19.58800
14-12-2011,19.64990
13-12-2011,19.78750
12-12-2011,19.65310
09-12-2011,19.98760
08-12-2011,20.20810
07-12-2011,20.61480
05-12-2011,20.55640
02-12-2011,20.61150
01-12-2011,20.25470
30-11-2011,19.96740
29-11-2011,19.85590
28-11-2011,20.00870
25-11-2011,19.50920
24-11-2011,19.63900
23-11-2011,19.49660
22-11-2011,19.83490
21-11-2011,19.78450
18-11-2011,20.19760
17-11-2011,20.30110
16-11-2011,20.60530
15-11-2011,20.72720
14-11-2011,21.01480
11-11-2011,21.09010
09-11-2011,21.26790
08-11-2011,21.57300
04-11-2011,21.57610
03-11-2011,21.49270
02-11-2011,21.41740
01-11-2011,21.43520
31-10-2011,21.69980
28-10-2011,21.82540
25-10-2011,21.24470
24-10-2011,20.95660
21-10-2011,20.81030
20-10-2011,20.93520
19-10-2011,21.06060
18-10-2011,20.70820
17-10-2011,20.98810
14-10-2011,21.07190
13-10-2011,20.90030
12-10-2011,20.98010
11-10-2011,20.58610
10-10-2011,20.57100
07-10-2011,20.32200
05-10-2011,20.00290
04-10-2011,20.08760
03-10-2011,20.36100
30-09-2011,20.64610
29-09-2011,20.82030
28-09-2011,20.63530
27-09-2011,20.73780
26-09-2011,20.37140
23-09-2011,20.52720
22-09-2011,20.68960
21-09-2011,21.40570
20-09-2011,21.35430
19-09-2011,21.02780
16-09-2011,21.22590
15-09-2011,21.12010
14-09-2011,20.85410
13-09-2011,20.64630
12-09-2011,20.65130
09-09-2011,21.10750
08-09-2011,21.42840
07-09-2011,21.34690
06-09-2011,21.14380
05-09-2011,20.99500
02-09-2011,21.07410
30-08-2011,20.89130
29-08-2011,20.64950
26-08-2011,20.07770
25-08-2011,20.37250
24-08-2011,20.57400
23-08-2011,20.77620
22-08-2011,20.60150
19-08-2011,20.41910
18-08-2011,20.76650
17-08-2011,21.17060
16-08-2011,21.18200
12-08-2011,21.31130
11-08-2011,21.53270
10-08-2011,21.61640
09-08-2011,21.35610
08-08-2011,21.51850
05-08-2011,21.84250
04-08-2011,22.25470
03-08-2011,22.46790
02-08-2011,22.62830
01-08-2011,22.88260
29-07-2011,22.79340
28-07-2011,22.82020
27-07-2011,22.98940
26-07-2011,23.05350
25-07-2011,23.44250
22-07-2011,23.28440
21-07-2011,22.90780
20-07-2011,22.99050
19-07-2011,23.20640
18-07-2011,23.08430
15-07-2011,23.14520
14-07-2011,23.18320
13-07-2011,23.09190
12-07-2011,22.82710
11-07-2011,23.10410
08-07-2011,23.21920
07-07-2011,23.48050
06-07-2011,23.13200
05-07-2011,23.15860
04-07-2011,23.20640
01-07-2011,23.03970
30-06-2011,23.09580
29-06-2011,23.01410
28-06-2011,22.81720
27-06-2011,22.75640
24-06-2011,22.45730
23-06-2011,21.88590
22-06-2011,21.78350
21-06-2011,21.80020
20-06-2011,21.77570
17-06-2011,22.17710
16-06-2011,22.25320
15-06-2011,22.43940
14-06-2011,22.60630
13-06-2011,22.50730
10-06-2011,22.48790
09-06-2011,22.58110
08-06-2011,22.61100
07-06-2011,22.68570
06-06-2011,22.54340
03-06-2011,22.50680
02-06-2011,22.64890
01-06-2011,22.80250
31-05-2011,22.65470
30-05-2011,22.32710
27-05-2011,22.35360
26-05-2011,22.04580
25-05-2011,21.83540
24-05-2011,21.99350
23-05-2011,21.93580
20-05-2011,22.27660
19-05-2011,22.08580
18-05-2011,22.06010
17-05-2011,22.18460
16-05-2011,22.37770
13-05-2011,22.57520
12-05-2011,22.36850
11-05-2011,22.64470
10-05-2011,22.57650
09-05-2011,22.64160
06-05-2011,22.59160
05-05-2011,22.21890
04-05-2011,22.42360
03-05-2011,22.49130
02-05-2011,22.98130
29-04-2011,23.13510
28-04-2011,23.35610
27-04-2011,23.47680
26-04-2011,23.54970
25-04-2011,23.56270
21-04-2011,23.56920
20-04-2011,23.55160
19-04-2011,23.17330
18-04-2011,23.08910
15-04-2011,23.41330
13-04-2011,23.60040
11-04-2011,23.18170
08-04-2011,23.32780
07-04-2011,23.54710
06-04-2011,23.50940
05-04-2011,23.52380
04-04-2011,23.44650
01-04-2011,23.17570
31-03-2011,23.13850
30-03-2011,23.07800
29-03-2011,22.82180
28-03-2011,22.58340
25-03-2011,22.45780
24-03-2011,22.04870
23-03-2011,21.87090
22-03-2011,21.60990
21-03-2011,21.38580
18-03-2011,21.37450
17-03-2011,21.62020
16-03-2011,21.76540
15-03-2011,21.47690
14-03-2011,21.83730
11-03-2011,21.58090
10-03-2011,21.81930
09-03-2011,21.89430
08-03-2011,21.86250
07-03-2011,21.63440
04-03-2011,21.92470
03-03-2011,21.93740
01-03-2011,21.95130
28-02-2011,21.27890
25-02-2011,21.13230
24-02-2011,20.98630
23-02-2011,21.63630
22-02-2011,21.79410
21-02-2011,22.02010
18-02-2011,21.83760
17-02-2011,22.22300
16-02-2011,21.98020
15-02-2011,21.98690
14-02-2011,21.92920
11-02-2011,21.37810
10-02-2011,21.08830
09-02-2011,21.13750
08-02-2011,21.44250
07-02-2011,21.82130
04-02-2011,21.86820
03-02-2011,22.29800
02-02-2011,21.90000
01-02-2011,21.80930
31-01-2011,22.12930
28-01-2011,22.04570
27-01-2011,22.40530
25-01-2011,22.80440
24-01-2011,22.94190
21-01-2011,22.76090
20-01-2011,22.81810
19-01-2011,22.82860
18-01-2011,22.86110
17-01-2011,22.59570
14-01-2011,22.65470
13-01-2011,22.98090
12-01-2011,23.29970
11-01-2011,22.91390
10-01-2011,22.91020
07-01-2011,23.43790
06-01-2011,23.99160
05-01-2011,24.14150
04-01-2011,24.34800
03-01-2011,24.40100
31-12-2010,24.28180
30-12-2010,24.14960
29-12-2010,24.03590
28-12-2010,23.84140
27-12-2010,23.85320
24-12-2010,23.95880
23-12-2010,23.87150
22-12-2010,23.87660
21-12-2010,23.89520
20-12-2010,23.74030
16-12-2010,23.78410
15-12-2010,23.59210
14-12-2010,23.73020
13-12-2010,23.55260
10-12-2010,23.32790
09-12-2010,22.99390
08-12-2010,23.57560
07-12-2010,23.83250
06-12-2010,23.94940
03-12-2010,23.93750
02-12-2010,24.10680
01-12-2010,23.86140
30-11-2010,23.42450
29-11-2010,23.15390
26-11-2010,22.89890
25-11-2010,23.14970
24-11-2010,23.48740
23-11-2010,23.68380
22-11-2010,23.94470
19-11-2010,23.51280
18-11-2010,23.93000
16-11-2010,23.87900
15-11-2010,24.34370
12-11-2010,24.17020
11-11-2010,24.66920
10-11-2010,24.96670
09-11-2010,25.01710
08-11-2010,24.92760
04-11-2010,24.92100
03-11-2010,24.51960
02-11-2010,24.33150
01-11-2010,24.31110
29-10-2010,23.90850
28-10-2010,23.92670
27-10-2010,23.94240
26-10-2010,24.13920
25-10-2010,24.23980
22-10-2010,24.05420
21-10-2010,24.10510
20-10-2010,23.66760
19-10-2010,23.77480
18-10-2010,23.88290
15-10-2010,23.87530
14-10-2010,24.28920
13-10-2010,24.41310
12-10-2010,24.00880
11-10-2010,24.16750
08-10-2010,23.99340
07-10-2010,24.11450
06-10-2010,24.29640
05-10-2010,24.16750
04-10-2010,24.12730
01-10-2010,24.06000
30-09-2010,23.62630
29-09-2010,23.57980
28-09-2010,23.80510
27-09-2010,23.83650
24-09-2010,23.77460
23-09-2010,23.58200
22-09-2010,23.64260
21-09-2010,23.65600
20-09-2010,23.63810
17-09-2010,23.35080
16-09-2010,23.15090
15-09-2010,23.33550
14-09-2010,23.17930
13-09-2010,23.12770
09-09-2010,22.71330
08-09-2010,22.57810
07-09-2010,22.57540
06-09-2010,22.49600
03-09-2010,22.13190
02-09-2010,22.10490
01-09-2010,22.04810
31-08-2010,21.78550
30-08-2010,21.81750
27-08-2010,21.86040
26-08-2010,22.01540
25-08-2010,21.93290
24-08-2010,22.17440
23-08-2010,22.30850
20-08-2010,22.18590
19-08-2010,22.20550
18-08-2010,22.04820
17-08-2010,21.76210
16-08-2010,21.72260
13-08-2010,21.81950
12-08-2010,21.75410
11-08-2010,21.67750
10-08-2010,21.81550
09-08-2010,21.92960
06-08-2010,21.72110
05-08-2010,21.72680
04-08-2010,21.81200
03-08-2010,21.73740
02-08-2010,21.68400
30-07-2010,21.40880
29-07-2010,21.50830
28-07-2010,21.49980
27-07-2010,21.55010
26-07-2010,21.50960
23-07-2010,21.59770
22-07-2010,21.53830
21-07-2010,21.35960
20-07-2010,21.25250
19-07-2010,21.35780
16-07-2010,21.37470
15-07-2010,21.24820
14-07-2010,21.38150
13-07-2010,21.43600
12-07-2010,21.39360
09-07-2010,21.23140
08-07-2010,20.99570
07-07-2010,20.80890
06-07-2010,20.92500
05-07-2010,20.73110
02-07-2010,20.71230
01-07-2010,20.74830
30-06-2010,20.93280
29-06-2010,20.81950
28-06-2010,21.00760
25-06-2010,20.79440
24-06-2010,20.97040
23-06-2010,20.95000
22-06-2010,20.88000
21-06-2010,21.01420
18-06-2010,20.78370
17-06-2010,20.81890
16-06-2010,20.68000
15-06-2010,20.65020
14-06-2010,20.58640
11-06-2010,20.37670
10-06-2010,20.24760
09-06-2010,19.96980
08-06-2010,19.85050
07-06-2010,19.99070
04-06-2010,20.34760
03-06-2010,20.31150
02-06-2010,20.02590
01-06-2010,19.80090
31-05-2010,20.07970
28-05-2010,19.92980
27-05-2010,19.68070
26-05-2010,19.36340
25-05-2010,19.01000
24-05-2010,19.46260
21-05-2010,19.42720
20-05-2010,19.51510
19-05-2010,19.40900
18-05-2010,19.94930
17-05-2010,19.93420
14-05-2010,20.15000
13-05-2010,20.30630
12-05-2010,20.19750
11-05-2010,20.13590
10-05-2010,20.35090
07-05-2010,19.85220
06-05-2010,20.24020
05-05-2010,20.33890
04-05-2010,20.37040
03-05-2010,20.61040
30-04-2010,20.80860
29-04-2010,20.62160
28-04-2010,20.50340
27-04-2010,20.82060
26-04-2010,20.80600
23-04-2010,20.74330
22-04-2010,20.70710
21-04-2010,20.63320
20-04-2010,20.56620
19-04-2010,20.35870
16-04-2010,20.60320
15-04-2010,20.66930
13-04-2010,20.81520
12-04-2010,20.83890
09-04-2010,20.93220
08-04-2010,20.74980
07-04-2010,20.97020
06-04-2010,20.87930
05-04-2010,20.91420
01-04-2010,20.66360
31-03-2010,20.50330
30-03-2010,20.55230
29-03-2010,20.65200
26-03-2010,20.58090
25-03-2010,20.44610
23-03-2010,20.36100
22-03-2010,20.33680
19-03-2010,20.49220
18-03-2010,20.42600
17-03-2010,20.41220
16-03-2010,20.30980
15-03-2010,20.05180
12-03-2010,20.09190
11-03-2010,20.15620
10-03-2010,20.10080
09-03-2010,20.12410
08-03-2010,20.17760
05-03-2010,20.08570
04-03-2010,20.01000
03-03-2010,19.99530
02-03-2010,19.80060
26-02-2010,19.36200
25-02-2010,19.16110
24-02-2010,19.20780
23-02-2010,19.29410
22-02-2010,19.30590
19-02-2010,19.31550
18-02-2010,19.49410
17-02-2010,19.60120
16-02-2010,19.43700
15-02-2010,19.24430
11-02-2010,19.35140
10-02-2010,19.12170
09-02-2010,19.21180
08-02-2010,19.09560
05-02-2010,18.96820
04-02-2010,19.50190
03-02-2010,19.83530
02-02-2010,19.46910
01-02-2010,19.74670
29-01-2010,19.55830
28-01-2010,19.55230
27-01-2010,19.38590
25-01-2010,19.98720
22-01-2010,20.14610
21-01-2010,20.35820
20-01-2010,20.86060
19-01-2010,20.95920
18-01-2010,21.19410
15-01-2010,21.06890
14-01-2010,21.08860
13-01-2010,20.95500
12-01-2010,20.79760
11-01-2010,20.91010
08-01-2010,20.85650
07-01-2010,20.90260
06-01-2010,21.00230
05-01-2010,20.93280
04-01-2010,20.76110
31-12-2009,20.57070
30-12-2009,20.43480
29-12-2009,20.52100
24-12-2009,20.55800
23-12-2009,20.40180
22-12-2009,19.90180
21-12-2009,19.79570
18-12-2009,19.92630
17-12-2009,20.06150
16-12-2009,19.95730
15-12-2009,19.85390
14-12-2009,20.05950
11-12-2009,20.08350
10-12-2009,20.21800
09-12-2009,20.15090
08-12-2009,20.27080
07-12-2009,19.99760
04-12-2009,20.16190
03-12-2009,20.29890
02-12-2009,20.20690
01-12-2009,20.12610
30-11-2009,19.79000
27-11-2009,19.40580
26-11-2009,19.67800
25-11-2009,20.02030
24-11-2009,19.89440
23-11-2009,19.90780
20-11-2009,19.84540
19-11-2009,19.62680
18-11-2009,19.94580
17-11-2009,19.86390
16-11-2009,19.83850
13-11-2009,19.65220
12-11-2009,19.50860
11-11-2009,19.66980
10-11-2009,19.14950
09-11-2009,19.26520
06-11-2009,18.94300
05-11-2009,18.77340
04-11-2009,18.45400
03-11-2009,17.86790
30-10-2009,18.33550
29-10-2009,18.49570
28-10-2009,18.75270
27-10-2009,18.68260
26-10-2009,19.12460
23-10-2009,19.32190
22-10-2009,19.21100
21-10-2009,19.51860
20-10-2009,19.78380
16-10-2009,19.85350
15-10-2009,19.72400
14-10-2009,19.81010
12-10-2009,19.42590
09-10-2009,19.03990
08-10-2009,19.28320
07-10-2009,19.15710
06-10-2009,19.21120
05-10-2009,19.15790
01-10-2009,19.52140
30-09-2009,19.47460
29-09-2009,19.19500
25-09-2009,19.07360
24-09-2009,19.09600
23-09-2009,19.04500
22-09-2009,19.25780
18-09-2009,19.13170
17-09-2009,19.01990
16-09-2009,18.90400
15-09-2009,18.62880
14-09-2009,18.40480
11-09-2009,18.44730
10-09-2009,18.36760
09-09-2009,18.35460
08-09-2009,18.36720
07-09-2009,18.31730
04-09-2009,17.93370
03-09-2009,17.70080
02-09-2009,17.82330
01-09-2009,17.90890
31-08-2009,18.05010
28-08-2009,18.24140
27-08-2009,18.07180
26-08-2009,18.05870
25-08-2009,17.92550
24-08-2009,17.85820
21-08-2009,17.41960
20-08-2009,17.14080
19-08-2009,16.93420
18-08-2009,17.15910
17-08-2009,16.89140
14-08-2009,17.56370
13-08-2009,17.65610
12-08-2009,17.15810
11-08-2009,17.15160
10-08-2009,16.98260
07-08-2009,17.13880
06-08-2009,17.47000
05-08-2009,17.87820
04-08-2009,17.79510
03-08-2009,17.91050
31-07-2009,17.63950
30-07-2009,17.38220
29-07-2009,17.17630
28-07-2009,17.38030
27-07-2009,17.25900
24-07-2009,17.19290
23-07-2009,16.95090
22-07-2009,16.58100
21-07-2009,16.86330
20-07-2009,17.01380
17-07-2009,16.53540
16-07-2009,16.01080
15-07-2009,16.01920
14-07-2009,15.59680
13-07-2009,15.15090
10-07-2009,15.26370
09-07-2009,15.50870
08-07-2009,15.49980
07-07-2009,15.84720
06-07-2009,15.75790
03-07-2009,16.61830
02-07-2009,16.40710
01-07-2009,16.43650
30-06-2009,16.25920
29-06-2009,16.60090
26-06-2009,16.54970
25-06-2009,16.17320
24-06-2009,16.23700
23-06-2009,16.01110
22-06-2009,16.01810
19-06-2009,16.18150
18-06-2009,15.93240
17-06-2009,16.23750
16-06-2009,16.76350
15-06-2009,16.60190
12-06-2009,16.89730
11-06-2009,17.15950
10-06-2009,17.22000
09-06-2009,16.85680
08-06-2009,16.42730
05-06-2009,17.03660
04-06-2009,16.93320
03-06-2009,16.68330
02-06-2009,16.52340
01-06-2009,16.61440
29-05-2009,16.36380
28-05-2009,16.02910
27-05-2009,15.88410
26-05-2009,15.31190
25-05-2009,15.69150
22-05-2009,15.64960
21-05-2009,15.48430
20-05-2009,15.59010
19-05-2009,15.62320
15-05-2009,13.74790
14-05-2009,13.51350
13-05-2009,13.61380
12-05-2009,13.73450
11-05-2009,13.29630
08-05-2009,13.48710
07-05-2009,13.71570
06-05-2009,13.54900
05-05-2009,13.71740
04-05-2009,13.68680
29-04-2009,13.08620
28-04-2009,12.71210
27-04-2009,13.05670
24-04-2009,13.03620
23-04-2009,12.84870
22-04-2009,12.64040
21-04-2009,12.68100
20-04-2009,12.71170
17-04-2009,12.73610
16-04-2009,12.63610
15-04-2009,13.00800
13-04-2009,12.66420
09-04-2009,12.47070
08-04-2009,12.44190
06-04-2009,12.25760
02-04-2009,12.09770
01-04-2009,11.71800
31-03-2009,11.57820
30-03-2009,11.43720
27-03-2009,11.77140
26-03-2009,11.70230
25-03-2009,11.40650
24-03-2009,11.31650
23-03-2009,11.29120
20-03-2009,10.93920
19-03-2009,10.95150
18-03-2009,10.92470
17-03-2009,10.85090
16-03-2009,10.92490
13-03-2009,10.76520
12-03-2009,10.47050
09-03-2009,10.33690
06-03-2009,10.50780
05-03-2009,10.41190
04-03-2009,10.61670
03-03-2009,10.59350
02-03-2009,10.73840
27-02-2009,10.98470
26-02-2009,11.04800
25-02-2009,11.00580
24-02-2009,10.92630
20-02-2009,10.98220
19-02-2009,11.15600
18-02-2009,11.11180
17-02-2009,11.11350
16-02-2009,11.35110
13-02-2009,11.63910
12-02-2009,11.52210
11-02-2009,11.68420
10-02-2009,11.69360
09-02-2009,11.63570
06-02-2009,11.37440
05-02-2009,11.17270
04-02-2009,11.24810
03-02-2009,11.21300
02-02-2009,11.14080
30-01-2009,11.42000
29-01-2009,11.30460
28-01-2009,11.32000
27-01-2009,11.12840
23-01-2009,10.85190
22-01-2009,10.99920
21-01-2009,10.93950
20-01-2009,11.22700
19-01-2009,11.41830
16-01-2009,11.36450
15-01-2009,11.10470
14-01-2009,11.41400
13-01-2009,11.15980
12-01-2009,11.22650
09-01-2009,11.48130
07-01-2009,11.61280
06-01-2009,12.28460
05-01-2009,12.24830
02-01-2009,11.97780
01-01-2009,11.94380
31-12-2008,11.73230
30-12-2008,11.77830
29-12-2008,11.60420
26-12-2008,11.40630
24-12-2008,11.59270
23-12-2008,11.72140
22-12-2008,11.91680
19-12-2008,12.04840
18-12-2008,12.02340
17-12-2008,11.71540
16-12-2008,11.94960
15-12-2008,11.82550
12-12-2008,11.67260
11-12-2008,11.70340
10-12-2008,11.71420
08-12-2008,11.32500
05-12-2008,11.14330
04-12-2008,11.38510
03-12-2008,10.99600
02-12-2008,10.99650
01-12-2008,11.05050
28-11-2008,11.21770
26-11-2008,11.10430
25-11-2008,10.81170
24-11-2008,10.95570
21-11-2008,10.95850
20-11-2008,10.59710
19-11-2008,10.88590
18-11-2008,10.99930
17-11-2008,11.29060
14-11-2008,11.43270
12-11-2008,11.56510
11-11-2008,11.83360
10-11-2008,12.39440
07-11-2008,11.90700
06-11-2008,11.72550
05-11-2008,12.01450
04-11-2008,12.34510
03-11-2008,12.04460
31-10-2008,11.66070
29-10-2008,11.00660
27-10-2008,10.61440
24-10-2008,10.81620
23-10-2008,11.77770
22-10-2008,12.07740
21-10-2008,12.48260
20-10-2008,12.15110
17-10-2008,11.95560
16-10-2008,12.37670
15-10-2008,12.51720
14-10-2008,13.00420
13-10-2008,12.81370
10-10-2008,12.25710
08-10-2008,12.99990
07-10-2008,13.34630
06-10-2008,13.38390
03-10-2008,14.02460
01-10-2008,14.40790
30-09-2008,14.23370
29-09-2008,13.93410
26-09-2008,14.31750
25-09-2008,14.63190
24-09-2008,14.73430
23-09-2008,14.64870
22-09-2008,14.91370
19-09-2008,14.91380
18-09-2008,14.35040
17-09-2008,14.34190
16-09-2008,14.55680
15-09-2008,14.56840
12-09-2008,15.01520
11-09-2008,15.22370
10-09-2008,15.51190
09-09-2008,15.67160
08-09-2008,15.73220
05-09-2008,15.40990
04-09-2008,15.67900
02-09-2008,15.81680
01-09-2008,15.41360
29-08-2008,15.42130
28-08-2008,15.02640
27-08-2008,15.24150
26-08-2008,15.39720
25-08-2008,15.37020
22-08-2008,15.30420
21-08-2008,15.15780
20-08-2008,15.48890
19-08-2008,15.37940
18-08-2008,15.46970
14-08-2008,15.55070
13-08-2008,15.84520
12-08-2008,15.93330
11-08-2008,16.14710
08-08-2008,15.88710
07-08-2008,15.86670
06-08-2008,15.88550
05-08-2008,15.84370
04-08-2008,15.55820
01-08-2008,15.58620
31-07-2008,15.34920
30-07-2008,15.36020
29-07-2008,15.05200
28-07-2008,15.51340
25-07-2008,15.40230
24-07-2008,15.72320
23-07-2008,15.80940
22-07-2008,15.16220
21-07-2008,14.93800
18-07-2008,14.72330
17-07-2008,14.25300
16-07-2008,13.86080
15-07-2008,13.95170
14-07-2008,14.52290
11-07-2008,14.66570
10-07-2008,15.00730
09-07-2008,15.03710
08-07-2008,14.49790
07-07-2008,14.61610
04-07-2008,14.57210
03-07-2008,14.31380
02-07-2008,14.78630
01-07-2008,14.20690
30-06-2008,14.70150
27-06-2008,14.98060
26-06-2008,15.56470
25-06-2008,15.39800
24-06-2008,15.27750
23-06-2008,15.50580
20-06-2008,15.79840
19-06-2008,16.31540
18-06-2008,16.57610
17-06-2008,16.76540
16-06-2008,16.49380
13-06-2008,16.35430
12-06-2008,16.35600
11-06-2008,16.26610
10-06-2008,16.05470
09-06-2008,16.24630
06-06-2008,16.70220
05-06-2008,16.88640
04-06-2008,16.67410
03-06-2008,17.09470
02-06-2008,17.18010
30-05-2008,17.52400
29-05-2008,17.39420
28-05-2008,17.55130
27-05-2008,17.27910
26-05-2008,17.42020
23-05-2008,17.79370
22-05-2008,17.99210
21-05-2008,18.28960
20-05-2008,18.25620
16-05-2008,18.47940
15-05-2008,18.35420
14-05-2008,18.04570
13-05-2008,17.86900
12-05-2008,17.98130
09-05-2008,17.94290
08-05-2008,18.24110
07-05-2008,18.45930
06-05-2008,18.60800
05-05-2008,18.78380
02-05-2008,18.79290
30-04-2008,18.59690
29-04-2008,18.60420
28-04-2008,18.28720
25-04-2008,18.28990
24-04-2008,17.91790
23-04-2008,17.94200
22-04-2008,17.96270
21-04-2008,17.88490
17-04-2008,17.63600
16-04-2008,17.40900
15-04-2008,17.33160
11-04-2008,17.11050
10-04-2008,16.99560
09-04-2008,17.04210
08-04-2008,16.82210
07-04-2008,16.82530
04-04-2008,16.48160
03-04-2008,16.88610
02-04-2008,16.89750
01-04-2008,16.76580
31-03-2008,16.85540
28-03-2008,17.29950
27-03-2008,16.86710
26-03-2008,16.88110
25-03-2008,16.88070
24-03-2008,16.06240
19-03-2008,16.06030
18-03-2008,16.00210
17-03-2008,16.05000
14-03-2008,17.11700
13-03-2008,16.78560
12-03-2008,17.70880
11-03-2008,17.72190
10-03-2008,17.35850
07-03-2008,17.30820
05-03-2008,17.82870
04-03-2008,17.80330
03-03-2008,18.18750
29-02-2008,19.14310
28-02-2008,19.37090
27-02-2008,19.39580
26-02-2008,19.25970
25-02-2008,19.05750
22-02-2008,18.92380
21-02-2008,19.23150
20-02-2008,19.16820
19-02-2008,19.59480
18-02-2008,19.58380
15-02-2008,19.53980
14-02-2008,19.23150
13-02-2008,18.35400
12-02-2008,18.08780
11-02-2008,18.20060
08-02-2008,19.07390
07-02-2008,19.29180
06-02-2008,19.86020
05-02-2008,20.28650
04-02-2008,20.17770
01-02-2008,19.63530
31-01-2008,19.35750
30-01-2008,19.53810
29-01-2008,20.00110
28-01-2008,20.11850
25-01-2008,20.28190
24-01-2008,19.10100
23-01-2008,19.67420
22-01-2008,18.52880
21-01-2008,19.58090
18-01-2008,21.48190
17-01-2008,22.37170
16-01-2008,22.46140
15-01-2008,22.95780
14-01-2008,23.32090
11-01-2008,23.21480
10-01-2008,23.01940
09-01-2008,23.50630
08-01-2008,23.52110
07-01-2008,23.70810
04-01-2008,23.73870
03-01-2008,23.52770
02-01-2008,23.51990
01-01-2008,23.27920
31-12-2007,23.20250
28-12-2007,23.01560
27-12-2007,22.85690
26-12-2007,22.86060
24-12-2007,22.42770
20-12-2007,21.68360
19-12-2007,21.72440
18-12-2007,21.68940
17-12-2007,21.87110
14-12-2007,22.99330
13-12-2007,22.96360
12-12-2007,23.14950
11-12-2007,22.90960
10-12-2007,22.58590
07-12-2007,22.55420
06-12-2007,22.57130
05-12-2007,22.55600
04-12-2007,22.36930
03-12-2007,22.32050
30-11-2007,21.90510
29-11-2007,21.32150
28-11-2007,21.33590
27-11-2007,21.41860
26-11-2007,21.52620
23-11-2007,21.03750
22-11-2007,20.62030
21-11-2007,20.84810
20-11-2007,21.82700
19-11-2007,22.35360
16-11-2007,22.14000
15-11-2007,22.09910
14-11-2007,21.97630
13-11-2007,21.17260
12-11-2007,20.84810
08-11-2007,21.14670
07-11-2007,21.45720
06-11-2007,21.40210
05-11-2007,21.65480
02-11-2007,21.87910
01-11-2007,21.65360
31-10-2007,21.73240
30-10-2007,21.73080
29-10-2007,21.80020
26-10-2007,21.13460
25-10-2007,20.67320
24-10-2007,20.49040
23-10-2007,20.37050
22-10-2007,19.39280
19-10-2007,19.36280
18-10-2007,19.91620
17-10-2007,20.58160
16-10-2007,20.96160
15-10-2007,20.92430
12-10-2007,20.27440
11-10-2007,20.66270
10-10-2007,20.37630
09-10-2007,19.99200
08-10-2007,19.36920
05-10-2007,19.75740
04-10-2007,19.80240
03-10-2007,19.80700
01-10-2007,19.43040
28-09-2007,19.32440
27-09-2007,19.20870
26-09-2007,19.02540
25-09-2007,19.06140
24-09-2007,19.07510
21-09-2007,18.81260
20-09-2007,18.60260
19-09-2007,18.55870
18-09-2007,18.06050
17-09-2007,17.92240
14-09-2007,17.98080
13-09-2007,18.01940
12-09-2007,17.96640
11-09-2007,17.96590
10-09-2007,18.00170
07-09-2007,17.93200
06-09-2007,17.94310
05-09-2007,17.80060
04-09-2007,17.80760
03-09-2007,17.75540
31-08-2007,17.55260
30-08-2007,17.29550
29-08-2007,17.19900
28-08-2007,17.12440
27-08-2007,17.04280
24-08-2007,16.61120
23-08-2007,16.33500
22-08-2007,16.46180
21-08-2007,16.18940
20-08-2007,16.66040
17-08-2007,16.36760
16-08-2007,16.59180
14-08-2007,17.30140
13-08-2007,17.37130
10-08-2007,17.21010
09-08-2007,17.40700
08-08-2007,17.63720
07-08-2007,17.33270
06-08-2007,17.29000
03-08-2007,17.51470
02-08-2007,17.32680
01-08-2007,17.22950
31-07-2007,17.79790
30-07-2007,17.47240
27-07-2007,17.48980
26-07-2007,18.08300
25-07-2007,18.06690
24-07-2007,18.19210
23-07-2007,18.15140
20-07-2007,17.84220
19-07-2007,17.83770
18-07-2007,17.59130
17-07-2007,17.54770
16-07-2007,17.62240
13-07-2007,17.67410
12-07-2007,17.48270
11-07-2007,17.25640
10-07-2007,17.35310
09-07-2007,17.42850
06-07-2007,17.30960
05-07-2007,17.23180
04-07-2007,17.24620
03-07-2007,17.26900
02-07-2007,17.13990
29-06-2007,17.08180
28-06-2007,16.89150
27-06-2007,16.83160
26-06-2007,16.90910
25-06-2007,16.81520
22-06-2007,16.80630
21-06-2007,16.85880
20-06-2007,16.70510
19-06-2007,16.56800
18-06-2007,16.36550
15-06-2007,16.48130
14-06-2007,16.43360
13-06-2007,16.17940
12-06-2007,16.30290
11-06-2007,16.25770
08-06-2007,16.20690
07-06-2007,16.35330
06-06-2007,16.39230
05-06-2007,16.68820
04-06-2007,16.66690
01-06-2007,16.81060
31-05-2007,16.70660
30-05-2007,16.52310
29-05-2007,16.64920
28-05-2007,16.53030
25-05-2007,16.41480
24-05-2007,16.31690
23-05-2007,16.41530
22-05-2007,16.53700
21-05-2007,16.46540
18-05-2007,16.31810
17-05-2007,16.27440
16-05-2007,16.09360
15-05-2007,15.87460
14-05-2007,15.85170
11-05-2007,15.69960
10-05-2007,15.66210
09-05-2007,15.68010
08-05-2007,15.69860
07-05-2007,15.83940
04-05-2007,15.88350
03-05-2007,16.04360
30-04-2007,15.87050
27-04-2007,15.88830
26-04-2007,16.10340
25-04-2007,16.07990
24-04-2007,16.01110
23-04-2007,15.85520
20-04-2007,15.87250
19-04-2007,15.60780
18-04-2007,15.64900
17-04-2007,15.61190
16-04-2007,15.73930
13-04-2007,15.40220
12-04-2007,15.12640
11-04-2007,15.21640
10-04-2007,15.19850
09-04-2007,15.12060
05-04-2007,14.82250
04-04-2007,14.73770
03-04-2007,14.57660
02-04-2007,14.40250
30-03-2007,15.00220
29-03-2007,14.91730
28-03-2007,14.82190
26-03-2007,15.09850
23-03-2007,15.22120
22-03-2007,15.24220
21-03-2007,14.84350
20-03-2007,14.62430
19-03-2007,14.52190
16-03-2007,14.30030
15-03-2007,14.39570
14-03-2007,14.36140
13-03-2007,14.78240
12-03-2007,14.70380
09-03-2007,14.64520
08-03-2007,14.77060
07-03-2007,14.29980
06-03-2007,14.43220
05-03-2007,14.15750
02-03-2007,14.67910
01-03-2007,14.99920
28-02-2007,14.87700
27-02-2007,15.37600
26-02-2007,15.49080
23-02-2007,15.43080
22-02-2007,15.83780
21-02-2007,16.04390
20-02-2007,16.08910
19-02-2007,16.23290
15-02-2007,16.18280
14-02-2007,15.83810
13-02-2007,15.92240
12-02-2007,16.04630
09-02-2007,16.47490
08-02-2007,16.65400
07-02-2007,16.62190
06-02-2007,16.52610
05-02-2007,16.57580
02-02-2007,16.50150
01-02-2007,16.36330
31-01-2007,16.19030
29-01-2007,16.27200
25-01-2007,16.35670
24-01-2007,16.14750
23-01-2007,16.09360
22-01-2007,16.32070
19-01-2007,16.28060
18-01-2007,16.33520
17-01-2007,16.24000
16-01-2007,16.16800
15-01-2007,16.12940
12-01-2007,16.07200
11-01-2007,15.64940
10-01-2007,15.40620
09-01-2007,15.61690
08-01-2007,15.70560
05-01-2007,15.91770
04-01-2007,15.92710
03-01-2007,16.00980
02-01-2007,15.93990
29-12-2006,15.79900
28-12-2006,15.84510
27-12-2006,15.84200
26-12-2006,15.68840
22-12-2006,15.47370
21-12-2006,15.36660
20-12-2006,15.36010
19-12-2006,15.40060
18-12-2006,15.73840
15-12-2006,15.65520
14-12-2006,15.51600
13-12-2006,15.24780
12-12-2006,15.04540
11-12-2006,15.53710
08-12-2006,16.01260
07-12-2006,16.19750
06-12-2006,16.20720
05-12-2006,16.18670
04-12-2006,16.19630
01-12-2006,16.07700
30-11-2006,15.93030
29-11-2006,15.81180
28-11-2006,15.76560
27-11-2006,15.92870
24-11-2006,15.86880
23-11-2006,15.85620
22-11-2006,15.83250
21-11-2006,15.71410
20-11-2006,15.50340
17-11-2006,15.58880
16-11-2006,15.66290
15-11-2006,15.63090
14-11-2006,15.55510
13-11-2006,15.53900
12-11-2006,15.53710
10-11-2006,15.43060
09-11-2006,15.30710
08-11-2006,15.26970
07-11-2006,15.39010
06-11-2006,15.43830
03-11-2006,15.36940
02-11-2006,15.35980
01-11-2006,15.28140
31-10-2006,15.13620
30-10-2006,15.16150
27-10-2006,15.09300
26-10-2006,14.88440
23-10-2006,14.79340
20-10-2006,14.81010
19-10-2006,14.81360
18-10-2006,14.90910
17-10-2006,14.90770
16-10-2006,14.93100
13-10-2006,14.81360
12-10-2006,14.67970
11-10-2006,14.49450
10-10-2006,14.51990
09-10-2006,14.50760
06-10-2006,14.47060
05-10-2006,14.44670
04-10-2006,14.27230
03-10-2006,14.44120
29-09-2006,14.53290
28-09-2006,14.45250
27-09-2006,14.45780
26-09-2006,14.45890
25-09-2006,14.32280
22-09-2006,14.35910
21-09-2006,14.37170
20-09-2006,14.23450
19-09-2006,14.11300
18-09-2006,14.27570
15-09-2006,14.23400
14-09-2006,14.12690
13-09-2006,14.06410
12-09-2006,13.78920
11-09-2006,13.66070
08-09-2006,14.03700
07-09-2006,13.92920
06-09-2006,14.03000
05-09-2006,14.00520
04-09-2006,13.98740
01-09-2006,13.83230
31-08-2006,13.74920
30-08-2006,13.78980
29-08-2006,13.73350
28-08-2006,13.67630
25-08-2006,13.62290
24-08-2006,13.58080
23-08-2006,13.46000
22-08-2006,13.54720
21-08-2006,13.59880
18-08-2006,13.53980
17-08-2006,13.49420
16-08-2006,13.46220
14-08-2006,13.28680
11-08-2006,13.17520
10-08-2006,13.11710
09-08-2006,13.07800
08-08-2006,12.92040
07-08-2006,12.71010
04-08-2006,12.76120
03-08-2006,12.79440
02-08-2006,12.72210
01-08-2006,12.60560
31-07-2006,12.59370
28-07-2006,12.50600
27-07-2006,12.51650
26-07-2006,12.37890
25-07-2006,12.18680
24-07-2006,11.98590
21-07-2006,11.87680
20-07-2006,12.11830
19-07-2006,11.75710
18-07-2006,12.02090
17-07-2006,12.07610
14-07-2006,12.40860
13-07-2006,12.56260
12-07-2006,12.64460
11-07-2006,12.39710
10-07-2006,12.45680
07-07-2006,12.27190
06-07-2006,12.51340
05-07-2006,12.65660
04-07-2006,12.45790
03-07-2006,12.47950
30-06-2006,12.42810
29-06-2006,12.00750
28-06-2006,11.96480
27-06-2006,12.01060
26-06-2006,11.94460
23-06-2006,12.35970
22-06-2006,12.31660
21-06-2006,12.09430
20-06-2006,11.86980
19-06-2006,12.05640
16-06-2006,11.89230
15-06-2006,11.47730
14-06-2006,10.79280
13-06-2006,10.98850
12-06-2006,11.47370
09-06-2006,11.81530
08-06-2006,11.29200
07-06-2006,11.80980
06-06-2006,12.16810
05-06-2006,12.43100
02-06-2006,12.68950
01-06-2006,12.32660
31-05-2006,12.71970
30-05-2006,13.03970
29-05-2006,13.15710
26-05-2006,13.09400
25-05-2006,12.92970
24-05-2006,12.81770
23-05-2006,13.00930
22-05-2006,12.64490
19-05-2006,13.29130
18-05-2006,13.88220
17-05-2006,14.81410
16-05-2006,14.38710
15-05-2006,14.37890
12-05-2006,14.93050
11-05-2006,15.11320
10-05-2006,15.27030
09-05-2006,15.21180
08-05-2006,15.15830
05-05-2006,15.05730
04-05-2006,14.96190
03-05-2006,14.96260
02-05-2006,14.84200
28-04-2006,14.47530
27-04-2006,14.46760
26-04-2006,14.63280
25-04-2006,14.33770
24-04-2006,14.60550
21-04-2006,14.72290
20-04-2006,14.75820
19-04-2006,14.63420
18-04-2006,14.57100
17-04-2006,14.32580
13-04-2006,14.06860
12-04-2006,14.30180
10-04-2006,14.69090
07-04-2006,14.59680
05-04-2006,14.78090
04-04-2006,14.69620
03-04-2006,14.63170
