date,nav
29-09-2026,163.89000
28-09-2026,163.94000
25-09-2026,166.20000
24-09-2026,166.40000
23-09-2026,169.94000
22-09-2026,168.86000
21-09-2026,169.10000
18-09-2026,168.67000
17-09-2026,167.34000
16-09-2026,166.15000
15-09-2026,166.06000
11-09-2026,169.06000
10-09-2026,169.23000
09-09-2026,168.58000
08-09-2026,170.18000
07-09-2026,170.75000
04-09-2026,172.17000
03-09-2026,171.76000
02-09-2026,171.35000
01-09-2026,172.39000
31-08-2026,173.84000
28-08-2026,173.41000
27-08-2026,173.03000
26-08-2026,173.44000
25-08-2026,173.85000
24-08-2026,173.53000
21-08-2026,173.50000
20-08-2026,173.02000
19-08-2026,172.41000
18-08-2026,172.97000
17-08-2026,173.28000
14-08-2026,172.48000
13-08-2026,172.93000
12-08-2026,172.73000
11-08-2026,172.97000
10-08-2026,172.85000
07-08-2026,172.27000
06-08-2026,172.22000
05-08-2026,172.72000
04-08-2026,171.91000
03-08-2026,172.51000
31-07-2026,170.07000
30-07-2026,168.55000
29-07-2026,168.46000
28-07-2026,167.12000
27-07-2026,166.85000
24-07-2026,165.19000
23-07-2026,165.44000
22-07-2026,166.45000
21-07-2026,168.27000
20-07-2026,168.18000
17-07-2026,168.48000
16-07-2026,167.36000
15-07-2026,167.86000
14-07-2026,167.25000
13-07-2026,168.71000
10-07-2026,168.13000
09-07-2026,166.40000
08-07-2026,165.04000
07-07-2026,168.17000
06-07-2026,168.39000
03-07-2026,167.61000
02-07-2026,167.42000
01-07-2026,166.13000
30-06-2026,165.81000
29-06-2026,166.04000
25-06-2026,166.95000
24-06-2026,167.42000
23-06-2026,166.61000
22-06-2026,168.01000
19-06-2026,167.15000
18-06-2026,167.67000
17-06-2026,167.16000
16-06-2026,166.16000
15-06-2026,165.18000
12-06-2026,162.75000
11-06-2026,159.42000
10-06-2026,160.23000
09-06-2026,161.00000
08-06-2026,159.49000
05-06-2026,161.59000
04-06-2026,162.08000
03-06-2026,161.86000
02-06-2026,162.92000
01-06-2026,161.87000
29-05-2026,162.34000
27-05-2026,163.30000
26-05-2026,163.61000
25-05-2026,164.02000
22-05-2026,162.25000
21-05-2026,161.60000
20-05-2026,161.31000
19-05-2026,161.18000
18-05-2026,160.25000
15-05-2026,160.73000
14-05-2026,160.26000
13-05-2026,159.16000
12-05-2026,159.20000
11-05-2026,162.96000
08-05-2026,165.20000
07-05-2026,165.54000
06-05-2026,164.84000
05-05-2026,162.97000
04-05-2026,162.56000
30-04-2026,161.87000
29-04-2026,162.92000
28-04-2026,162.31000
27-04-2026,163.10000
24-04-2026,161.43000
23-04-2026,163.94000
22-04-2026,165.50000
21-04-2026,166.69000
20-04-2026,165.26000
17-04-2026,165.43000
16-04-2026,163.73000
15-04-2026,163.32000
13-04-2026,159.89000
10-04-2026,160.62000
09-04-2026,158.90000
08-04-2026,159.47000
07-04-2026,154.19000
06-04-2026,153.31000
02-04-2026,151.62000
01-04-2026,151.43000
31-03-2026,148.36000
30-03-2026,148.37000
27-03-2026,151.46000
25-03-2026,154.40000
24-03-2026,151.75000
23-03-2026,148.89000
20-03-2026,152.89000
19-03-2026,151.98000
18-03-2026,156.24000
17-03-2026,154.10000
16-03-2026,153.25000
13-03-2026,152.58000
12-03-2026,155.67000
11-03-2026,156.69000
10-03-2026,158.38000
09-03-2026,156.89000
06-03-2026,158.83000
05-03-2026,160.36000
04-03-2026,158.85000
02-03-2026,161.11000
27-02-2026,163.40000
26-02-2026,165.28000
25-02-2026,165.37000
24-02-2026,164.73000
23-02-2026,166.79000
20-02-2026,166.42000
19-02-2026,166.04000
18-02-2026,168.10000
17-02-2026,167.52000
16-02-2026,166.82000
13-02-2026,166.45000
12-02-2026,168.22000
11-02-2026,169.63000
10-02-2026,169.60000
09-02-2026,168.67000
06-02-2026,167.18000
05-02-2026,167.32000
04-02-2026,168.20000
03-02-2026,167.68000
02-02-2026,163.19000
30-01-2026,164.65000
29-01-2026,164.72000
28-01-2026,165.15000
27-01-2026,164.01000
23-01-2026,163.13000
22-01-2026,164.90000
21-01-2026,163.68000
20-01-2026,164.68000
19-01-2026,167.14000
16-01-2026,168.08000
14-01-2026,167.14000
13-01-2026,167.16000
12-01-2026,167.55000
09-01-2026,167.48000
08-01-2026,169.05000
07-01-2026,171.27000
06-01-2026,170.90000
05-01-2026,171.39000
02-01-2026,172.13000
01-01-2026,170.37000
31-12-2025,170.00000
30-12-2025,169.00000
29-12-2025,169.34000
26-12-2025,170.11000
24-12-2025,170.86000
23-12-2025,171.31000
22-12-2025,171.29000
19-12-2025,169.61000
18-12-2025,168.78000
17-12-2025,168.37000
16-12-2025,168.93000
15-12-2025,169.76000
12-12-2025,169.74000
11-12-2025,168.69000
10-12-2025,167.90000
09-12-2025,168.72000
08-12-2025,168.74000
05-12-2025,170.33000
04-12-2025,170.02000
03-12-2025,169.65000
02-12-2025,169.86000
01-12-2025,170.51000
28-11-2025,170.83000
27-11-2025,171.09000
26-11-2025,170.99000
25-11-2025,169.13000
24-11-2025,169.22000
21-11-2025,169.79000
20-11-2025,170.60000
19-11-2025,169.94000
18-11-2025,168.93000
17-11-2025,169.82000
14-11-2025,169.27000
13-11-2025,169.57000
12-11-2025,169.49000
11-11-2025,168.23000
10-11-2025,167.29000
07-11-2025,166.59000
06-11-2025,166.71000
04-11-2025,167.69000
03-11-2025,168.51000
31-10-2025,168.01000
30-10-2025,169.06000
29-10-2025,170.14000
28-10-2025,169.52000
27-10-2025,169.59000
24-10-2025,168.48000
23-10-2025,168.75000
20-10-2025,167.74000
17-10-2025,167.08000
16-10-2025,166.82000
15-10-2025,165.21000
14-10-2025,164.11000
13-10-2025,164.89000
10-10-2025,165.35000
09-10-2025,164.76000
08-10-2025,163.95000
07-10-2025,164.38000
06-10-2025,164.22000
03-10-2025,163.68000
01-10-2025,163.39000
30-09-2025,161.97000
26-09-2025,162.39000
25-09-2025,164.33000
24-09-2025,165.56000
23-09-2025,166.14000
22-09-2025,166.45000
19-09-2025,167.60000
18-09-2025,167.67000
17-09-2025,166.84000
16-09-2025,165.59000
15-09-2025,164.54000
12-09-2025,164.59000
11-09-2025,163.81000
10-09-2025,163.75000
09-09-2025,162.87000
08-09-2025,161.88000
05-09-2025,162.15000
04-09-2025,162.16000
03-09-2025,162.58000
02-09-2025,162.22000
01-09-2025,162.38000
29-08-2025,161.07000
28-08-2025,161.74000
26-08-2025,163.20000
25-08-2025,165.48000
22-08-2025,164.77000
21-08-2025,165.57000
20-08-2025,164.88000
19-08-2025,163.94000
18-08-2025,163.32000
14-08-2025,162.77000
13-08-2025,162.75000
12-08-2025,162.16000
11-08-2025,161.91000
08-08-2025,161.10000
07-08-2025,161.70000
06-08-2025,161.09000
05-08-2025,161.51000
04-08-2025,162.09000
01-08-2025,161.27000
31-07-2025,163.45000
30-07-2025,164.75000
29-07-2025,163.91000
28-07-2025,162.97000
25-07-2025,163.67000
24-07-2025,164.84000
23-07-2025,165.75000
22-07-2025,164.80000
21-07-2025,165.28000
18-07-2025,164.75000
17-07-2025,165.59000
16-07-2025,166.10000
15-07-2025,165.84000
14-07-2025,164.91000
11-07-2025,165.23000
10-07-2025,166.39000
09-07-2025,166.87000
08-07-2025,166.86000
07-07-2025,166.45000
04-07-2025,166.50000
03-07-2025,165.83000
02-07-2025,165.89000
01-07-2025,166.60000
30-06-2025,166.57000
27-06-2025,166.76000
26-06-2025,166.26000
25-06-2025,164.96000
24-06-2025,163.72000
23-06-2025,163.32000
20-06-2025,164.08000
19-06-2025,162.45000
18-06-2025,163.37000
17-06-2025,163.77000
16-06-2025,164.43000
13-06-2025,163.29000
12-06-2025,164.25000
11-06-2025,165.71000
10-06-2025,165.29000
09-06-2025,165.35000
06-06-2025,164.57000
05-06-2025,163.32000
04-06-2025,162.30000
03-06-2025,161.81000
02-06-2025,162.77000
30-05-2025,162.72000
29-05-2025,162.93000
28-05-2025,162.14000
27-05-2025,161.80000
26-05-2025,162.24000
23-05-2025,161.58000
22-05-2025,160.33000
21-05-2025,161.07000
20-05-2025,160.15000
19-05-2025,161.49000
16-05-2025,161.72000
15-05-2025,161.45000
14-05-2025,159.39000
13-05-2025,158.77000
12-05-2025,159.89000
09-05-2025,155.19000
08-05-2025,155.99000
07-05-2025,156.96000
06-05-2025,156.83000
05-05-2025,158.35000
02-05-2025,157.96000
30-04-2025,158.14000
29-04-2025,158.46000
28-04-2025,158.59000
25-04-2025,156.23000
24-04-2025,157.98000
23-04-2025,158.45000
22-04-2025,157.40000
21-04-2025,157.50000
17-04-2025,155.78000
16-04-2025,153.22000
15-04-2025,152.61000
11-04-2025,149.16000
09-04-2025,146.91000
08-04-2025,147.84000
07-04-2025,145.59000
04-04-2025,149.84000
03-04-2025,153.01000
02-04-2025,152.63000
01-04-2025,151.43000
31-03-2025,153.33000
28-03-2025,153.35000
27-03-2025,153.82000
26-03-2025,152.91000
25-03-2025,154.25000
24-03-2025,154.60000
21-03-2025,152.68000
20-03-2025,151.12000
19-03-2025,149.57000
18-03-2025,148.29000
17-03-2025,146.34000
13-03-2025,145.01000
12-03-2025,145.33000
11-03-2025,145.91000
10-03-2025,146.09000
07-03-2025,146.96000
06-03-2025,147.07000
05-03-2025,145.46000
04-03-2025,143.48000
03-03-2025,143.79000
28-02-2025,143.78000
27-02-2025,146.04000
25-02-2025,146.16000
24-02-2025,146.45000
21-02-2025,147.96000
20-02-2025,148.66000
19-02-2025,148.37000
18-02-2025,148.10000
17-02-2025,148.16000
14-02-2025,147.97000
13-02-2025,149.50000
12-02-2025,149.21000
11-02-2025,149.26000
10-02-2025,151.40000
07-02-2025,152.56000
06-02-2025,152.84000
05-02-2025,153.06000
04-02-2025,152.87000
03-02-2025,150.43000
31-01-2025,151.61000
30-01-2025,150.26000
29-01-2025,149.92000
28-01-2025,148.49000
27-01-2025,147.98000
24-01-2025,149.79000
23-01-2025,151.10000
22-01-2025,150.70000
21-01-2025,150.59000
20-01-2025,152.73000
17-01-2025,151.99000
16-01-2025,152.66000
15-01-2025,151.41000
14-01-2025,151.37000
13-01-2025,150.07000
10-01-2025,152.73000
09-01-2025,154.54000
08-01-2025,155.46000
07-01-2025,155.77000
06-01-2025,154.87000
03-01-2025,157.15000
02-01-2025,157.56000
01-01-2025,155.52000
31-12-2024,154.84000
30-12-2024,154.93000
27-12-2024,155.79000
26-12-2024,155.33000
24-12-2024,154.96000
23-12-2024,154.80000
20-12-2024,154.20000
19-12-2024,155.99000
18-12-2024,157.04000
17-12-2024,157.88000
16-12-2024,159.74000
13-12-2024,159.75000
12-12-2024,158.98000
11-12-2024,159.49000
10-12-2024,159.24000
09-12-2024,159.34000
06-12-2024,159.79000
05-12-2024,159.80000
04-12-2024,158.76000
03-12-2024,158.43000
02-12-2024,157.00000
29-11-2024,156.48000
28-11-2024,155.06000
27-11-2024,156.47000
26-11-2024,156.10000
25-11-2024,156.48000
22-11-2024,154.59000
21-11-2024,152.22000
19-11-2024,153.78000
18-11-2024,153.74000
14-11-2024,154.58000
13-11-2024,154.63000
12-11-2024,156.83000
11-11-2024,158.63000
08-11-2024,159.03000
07-11-2024,159.73000
06-11-2024,160.87000
05-11-2024,159.38000
04-11-2024,158.37000
31-10-2024,159.86000
30-10-2024,159.80000
29-10-2024,160.57000
28-10-2024,159.27000
25-10-2024,158.26000
24-10-2024,160.09000
23-10-2024,160.04000
22-10-2024,159.88000
21-10-2024,161.94000
18-10-2024,163.07000
17-10-2024,162.23000
16-10-2024,163.39000
15-10-2024,163.48000
14-10-2024,163.54000
11-10-2024,162.94000
10-10-2024,163.11000
09-10-2024,162.99000
08-10-2024,161.97000
07-10-2024,160.60000
04-10-2024,162.90000
03-10-2024,164.13000
01-10-2024,167.20000
30-09-2024,167.30000
27-09-2024,168.92000
26-09-2024,168.64000
25-09-2024,167.97000
24-09-2024,167.61000
23-09-2024,167.48000
20-09-2024,166.91000
19-09-2024,165.18000
18-09-2024,165.04000
17-09-2024,164.98000
16-09-2024,165.08000
13-09-2024,164.79000
12-09-2024,164.48000
11-09-2024,162.65000
10-09-2024,163.19000
09-09-2024,162.66000
06-09-2024,162.66000
05-09-2024,164.13000
04-09-2024,163.88000
03-09-2024,163.72000
02-09-2024,163.11000
30-08-2024,162.13000
29-08-2024,161.20000
28-08-2024,160.88000
27-08-2024,160.68000
26-08-2024,160.26000
23-08-2024,158.58000
22-08-2024,158.41000
21-08-2024,158.16000
20-08-2024,157.63000
19-08-2024,156.45000
16-08-2024,156.25000
14-08-2024,154.53000
13-08-2024,154.69000
12-08-2024,156.37000
09-08-2024,156.52000
08-08-2024,155.53000
07-08-2024,155.84000
06-08-2024,153.98000
05-08-2024,154.38000
02-08-2024,157.67000
01-08-2024,158.77000
31-07-2024,158.78000
30-07-2024,157.84000
29-07-2024,157.41000
26-07-2024,156.77000
25-07-2024,154.94000
24-07-2024,154.72000
23-07-2024,153.99000
22-07-2024,154.34000
19-07-2024,153.65000
18-07-2024,155.41000
16-07-2024,154.87000
15-07-2024,154.77000
12-07-2024,154.16000
11-07-2024,153.50000
10-07-2024,153.81000
09-07-2024,153.58000
08-07-2024,153.05000
05-07-2024,153.12000
04-07-2024,152.52000
03-07-2024,151.70000
02-07-2024,150.82000
01-07-2024,151.02000
28-06-2024,150.48000
27-06-2024,150.59000
26-06-2024,150.03000
25-06-2024,148.96000
24-06-2024,148.11000
21-06-2024,147.56000
20-06-2024,147.67000
19-06-2024,147.38000
18-06-2024,147.47000
14-06-2024,146.61000
13-06-2024,145.98000
12-06-2024,145.53000
11-06-2024,145.20000
10-06-2024,145.19000
07-06-2024,144.73000
06-06-2024,142.36000
05-06-2024,141.00000
04-06-2024,136.51000
03-06-2024,143.72000
31-05-2024,140.42000
30-05-2024,140.22000
29-05-2024,141.28000
28-05-2024,142.33000
27-05-2024,142.48000
24-05-2024,142.72000
23-05-2024,142.84000
22-05-2024,141.71000
21-05-2024,141.47000
17-05-2024,141.33000
16-05-2024,140.81000
15-05-2024,139.29000
14-05-2024,138.60000
13-05-2024,138.06000
10-05-2024,137.46000
09-05-2024,136.42000
08-05-2024,138.31000
07-05-2024,137.84000
06-05-2024,138.97000
03-05-2024,139.31000
02-05-2024,140.21000
30-04-2024,140.12000
29-04-2024,140.41000
26-04-2024,139.50000
25-04-2024,140.11000
24-04-2024,138.75000
23-04-2024,138.67000
22-04-2024,138.36000
19-04-2024,137.27000
18-04-2024,136.80000
16-04-2024,137.04000
15-04-2024,137.35000
12-04-2024,138.86000
10-04-2024,139.87000
09-04-2024,139.48000
08-04-2024,139.14000
05-04-2024,138.44000
04-04-2024,138.30000
03-04-2024,137.82000
02-04-2024,137.41000
01-04-2024,137.51000
31-03-2024,136.39000
28-03-2024,136.41000
27-03-2024,135.68000
26-03-2024,134.86000
22-03-2024,134.78000
21-03-2024,133.98000
20-03-2024,132.58000
19-03-2024,132.36000
18-03-2024,133.27000
15-03-2024,132.92000
14-03-2024,133.35000
13-03-2024,132.19000
12-03-2024,134.92000
11-03-2024,135.02000
07-03-2024,135.76000
06-03-2024,135.66000
05-03-2024,135.60000
04-03-2024,135.46000
01-03-2024,135.03000
29-02-2024,133.92000
28-02-2024,133.63000
27-02-2024,134.98000
26-02-2024,134.55000
23-02-2024,134.61000
22-02-2024,134.49000
21-02-2024,133.54000
20-02-2024,134.15000
19-02-2024,133.23000
16-02-2024,132.46000
15-02-2024,132.13000
14-02-2024,131.70000
13-02-2024,131.18000
12-02-2024,130.08000
09-02-2024,130.88000
08-02-2024,130.83000
07-02-2024,131.32000
06-02-2024,131.34000
05-02-2024,130.06000
02-02-2024,130.62000
01-02-2024,130.37000
31-01-2024,130.52000
30-01-2024,128.76000
29-01-2024,129.27000
25-01-2024,127.57000
24-01-2024,127.93000
23-01-2024,126.66000
19-01-2024,127.97000
18-01-2024,126.69000
17-01-2024,127.02000
16-01-2024,128.56000
15-01-2024,129.35000
12-01-2024,128.41000
11-01-2024,127.07000
10-01-2024,126.93000
09-01-2024,126.63000
08-01-2024,126.21000
05-01-2024,126.93000
04-01-2024,126.52000
03-01-2024,125.44000
02-01-2024,125.89000
01-01-2024,125.95000
29-12-2023,125.91000
28-12-2023,126.16000
27-12-2023,125.27000
26-12-2023,124.48000
22-12-2023,124.13000
21-12-2023,123.31000
19-12-2023,124.93000
18-12-2023,125.02000
15-12-2023,124.86000
14-12-2023,124.09000
13-12-2023,122.74000
12-12-2023,122.01000
11-12-2023,122.80000
08-12-2023,122.42000
07-12-2023,122.14000
06-12-2023,121.82000
05-12-2023,121.46000
04-12-2023,120.94000
01-12-2023,119.13000
30-11-2023,118.32000
29-11-2023,117.71000
28-11-2023,116.71000
24-11-2023,116.49000
23-11-2023,116.43000
22-11-2023,116.23000
21-11-2023,116.00000
20-11-2023,115.40000
17-11-2023,115.35000
16-11-2023,115.35000
15-11-2023,114.89000
13-11-2023,113.87000
10-11-2023,113.63000
09-11-2023,113.58000
08-11-2023,113.78000
07-11-2023,113.86000
06-11-2023,113.78000
03-11-2023,113.08000
02-11-2023,112.33000
01-11-2023,111.18000
31-10-2023,111.29000
30-10-2023,111.87000
27-10-2023,111.55000
26-10-2023,110.12000
25-10-2023,111.32000
23-10-2023,112.19000
20-10-2023,113.80000
19-10-2023,114.17000
18-10-2023,114.69000
17-10-2023,115.30000
16-10-2023,114.68000
13-10-2023,114.65000
12-10-2023,114.80000
11-10-2023,114.84000
10-10-2023,114.25000
09-10-2023,113.12000
06-10-2023,113.88000
05-10-2023,113.32000
04-10-2023,112.88000
03-10-2023,113.37000
29-09-2023,113.93000
27-09-2023,113.67000
26-09-2023,113.35000
25-09-2023,113.45000
22-09-2023,113.75000
21-09-2023,114.30000
20-09-2023,115.11000
18-09-2023,115.60000
15-09-2023,115.88000
14-09-2023,115.30000
13-09-2023,114.91000
12-09-2023,114.27000
11-09-2023,115.03000
08-09-2023,114.16000
07-09-2023,113.68000
06-09-2023,113.31000
05-09-2023,113.07000
04-09-2023,112.67000
01-09-2023,112.03000
31-08-2023,110.96000
30-08-2023,111.26000
29-08-2023,111.16000
28-08-2023,111.06000
25-08-2023,110.69000
24-08-2023,111.25000
23-08-2023,111.33000
22-08-2023,111.02000
21-08-2023,110.56000
18-08-2023,109.96000
17-08-2023,110.13000
16-08-2023,110.17000
14-08-2023,110.08000
11-08-2023,110.27000
10-08-2023,110.61000
09-08-2023,110.92000
08-08-2023,110.56000
07-08-2023,110.63000
04-08-2023,110.16000
03-08-2023,109.49000
02-08-2023,109.91000
01-08-2023,111.11000
31-07-2023,110.90000
28-07-2023,110.04000
27-07-2023,109.59000
26-07-2023,109.48000
25-07-2023,108.66000
24-07-2023,108.57000
21-07-2023,108.47000
20-07-2023,108.89000
19-07-2023,108.10000
18-07-2023,107.39000
17-07-2023,107.53000
14-07-2023,106.98000
13-07-2023,106.19000
12-07-2023,106.32000
11-07-2023,106.27000
10-07-2023,105.70000
07-07-2023,105.57000
06-07-2023,106.07000
05-07-2023,105.34000
04-07-2023,105.27000
03-07-2023,105.20000
30-06-2023,104.90000
28-06-2023,103.94000
27-06-2023,103.15000
26-06-2023,102.39000
23-06-2023,102.03000
22-06-2023,102.37000
21-06-2023,102.97000
20-06-2023,102.71000
19-06-2023,102.40000
16-06-2023,102.58000
15-06-2023,101.76000
14-06-2023,102.03000
13-06-2023,101.97000
12-06-2023,101.66000
09-06-2023,101.23000
08-06-2023,101.65000
07-06-2023,101.94000
06-06-2023,101.36000
05-06-2023,101.22000
02-06-2023,100.76000
01-06-2023,100.34000
31-05-2023,100.24000
30-05-2023,100.08000
29-05-2023,100.09000
26-05-2023,99.89000
25-05-2023,99.01000
24-05-2023,98.82000
23-05-2023,98.68000
22-05-2023,98.71000
19-05-2023,98.45000
18-05-2023,98.56000
17-05-2023,98.77000
16-05-2023,99.44000
15-05-2023,99.73000
12-05-2023,99.29000
11-05-2023,99.48000
10-05-2023,99.35000
09-05-2023,99.00000
08-05-2023,99.09000
05-05-2023,98.45000
04-05-2023,98.96000
03-05-2023,98.35000
02-05-2023,98.77000
28-04-2023,98.36000
27-04-2023,97.35000
26-04-2023,96.88000
25-04-2023,96.51000
24-04-2023,96.26000
21-04-2023,95.88000
20-04-2023,96.19000
19-04-2023,96.15000
18-04-2023,96.52000
17-04-2023,96.30000
13-04-2023,96.89000
12-04-2023,97.17000
11-04-2023,97.07000
10-04-2023,96.75000
06-04-2023,96.64000
05-04-2023,96.40000
03-04-2023,96.05000
31-03-2023,95.63000
29-03-2023,94.59000
28-03-2023,93.92000
27-03-2023,94.27000
24-03-2023,94.34000
23-03-2023,95.19000
22-03-2023,95.34000
21-03-2023,95.17000
20-03-2023,94.38000
17-03-2023,94.85000
16-03-2023,94.59000
15-03-2023,94.53000
14-03-2023,94.94000
13-03-2023,95.08000
10-03-2023,96.31000
09-03-2023,96.99000
08-03-2023,97.45000
06-03-2023,97.58000
03-03-2023,96.86000
02-03-2023,96.09000
01-03-2023,96.57000
28-02-2023,95.78000
27-02-2023,95.81000
24-02-2023,96.17000
23-02-2023,96.13000
22-02-2023,96.23000
21-02-2023,97.10000
20-02-2023,97.21000
17-02-2023,97.51000
16-02-2023,98.03000
15-02-2023,97.99000
14-02-2023,97.77000
13-02-2023,97.32000
10-02-2023,97.93000
09-02-2023,97.82000
08-02-2023,98.08000
07-02-2023,97.46000
06-02-2023,97.73000
03-02-2023,97.98000
02-02-2023,97.07000
01-02-2023,96.82000
31-01-2023,97.61000
30-01-2023,96.92000
27-01-2023,96.68000
25-01-2023,97.79000
24-01-2023,98.51000
23-01-2023,98.81000
20-01-2023,98.26000
19-01-2023,98.46000
18-01-2023,98.88000
17-01-2023,98.71000
16-01-2023,98.80000
13-01-2023,98.90000
12-01-2023,98.56000
11-01-2023,98.62000
10-01-2023,98.60000
09-01-2023,99.37000
06-01-2023,98.76000
05-01-2023,99.50000
04-01-2023,99.34000
03-01-2023,99.83000
02-01-2023,99.62000
30-12-2022,99.10000
29-12-2022,99.09000
28-12-2022,98.74000
27-12-2022,98.85000
26-12-2022,98.53000
23-12-2022,97.36000
22-12-2022,98.87000
21-12-2022,99.11000
20-12-2022,99.85000
19-12-2022,100.10000
16-12-2022,99.92000
15-12-2022,100.67000
14-12-2022,101.30000
13-12-2022,101.10000
12-12-2022,100.46000
09-12-2022,100.44000
08-12-2022,100.84000
07-12-2022,100.58000
06-12-2022,101.05000
05-12-2022,101.58000
02-12-2022,101.44000
01-12-2022,101.46000
30-11-2022,100.98000
29-11-2022,100.82000
28-11-2022,100.62000
25-11-2022,100.26000
24-11-2022,99.82000
23-11-2022,98.78000
22-11-2022,98.47000
21-11-2022,98.27000
18-11-2022,98.29000
17-11-2022,98.45000
16-11-2022,98.68000
15-11-2022,98.54000
14-11-2022,98.05000
11-11-2022,97.98000
10-11-2022,97.18000
09-11-2022,97.62000
07-11-2022,97.89000
04-11-2022,97.06000
03-11-2022,97.16000
02-11-2022,97.03000
01-11-2022,97.25000
31-10-2022,96.82000
28-10-2022,96.24000
27-10-2022,96.77000
25-10-2022,96.62000
21-10-2022,95.71000
20-10-2022,95.55000
19-10-2022,95.34000
18-10-2022,95.41000
17-10-2022,94.45000
14-10-2022,94.12000
13-10-2022,93.34000
12-10-2022,93.56000
11-10-2022,93.46000
10-10-2022,94.09000
07-10-2022,94.50000
06-10-2022,94.73000
04-10-2022,94.34000
03-10-2022,93.10000
30-09-2022,93.61000
29-09-2022,92.41000
28-09-2022,92.05000
27-09-2022,91.93000
26-09-2022,91.58000
23-09-2022,92.94000
22-09-2022,94.01000
21-09-2022,94.12000
20-09-2022,94.86000
19-09-2022,93.76000
16-09-2022,93.47000
15-09-2022,95.08000
14-09-2022,95.29000
13-09-2022,95.74000
12-09-2022,95.49000
09-09-2022,94.92000
08-09-2022,94.59000
07-09-2022,93.97000
06-09-2022,94.04000
05-09-2022,93.79000
02-09-2022,93.27000
01-09-2022,93.32000
30-08-2022,93.86000
29-08-2022,92.43000
26-08-2022,93.46000
25-08-2022,93.15000
24-08-2022,93.18000
23-08-2022,92.96000
22-08-2022,92.79000
19-08-2022,93.97000
18-08-2022,94.62000
17-08-2022,94.81000
16-08-2022,93.93000
12-08-2022,93.82000
11-08-2022,93.76000
10-08-2022,93.06000
08-08-2022,92.90000
05-08-2022,92.55000
04-08-2022,92.29000
03-08-2022,91.92000
02-08-2022,92.01000
01-08-2022,92.05000
29-07-2022,91.48000
28-07-2022,90.74000
27-07-2022,89.95000
26-07-2022,89.27000
25-07-2022,90.06000
22-07-2022,90.14000
21-07-2022,90.08000
20-07-2022,89.53000
19-07-2022,88.98000
18-07-2022,88.47000
15-07-2022,87.11000
14-07-2022,87.08000
13-07-2022,87.20000
12-07-2022,87.31000
11-07-2022,88.07000
08-07-2022,88.77000
07-07-2022,88.23000
06-07-2022,87.67000
05-07-2022,87.08000
04-07-2022,87.05000
01-07-2022,86.55000
30-06-2022,86.44000
29-06-2022,86.50000
28-06-2022,86.68000
27-06-2022,86.47000
24-06-2022,85.61000
23-06-2022,85.32000
22-06-2022,84.63000
21-06-2022,85.33000
20-06-2022,83.94000
17-06-2022,84.09000
16-06-2022,84.59000
15-06-2022,86.09000
14-06-2022,86.16000
13-06-2022,86.11000
10-06-2022,87.78000
09-06-2022,88.62000
08-06-2022,88.18000
07-06-2022,88.35000
06-06-2022,89.05000
03-06-2022,89.35000
02-06-2022,89.76000
01-06-2022,89.31000
31-05-2022,89.84000
30-05-2022,89.77000
27-05-2022,88.56000
26-05-2022,87.91000
25-05-2022,87.18000
24-05-2022,87.18000
23-05-2022,87.65000
20-05-2022,87.68000
19-05-2022,85.89000
18-05-2022,88.06000
17-05-2022,88.04000
16-05-2022,86.57000
13-05-2022,86.20000
12-05-2022,86.37000
11-05-2022,87.55000
10-05-2022,87.66000
09-05-2022,87.93000
06-05-2022,88.08000
05-05-2022,89.16000
04-05-2022,88.81000
02-05-2022,90.21000
29-04-2022,90.75000
28-04-2022,91.49000
27-04-2022,90.64000
26-04-2022,91.33000
25-04-2022,90.33000
22-04-2022,91.63000
21-04-2022,92.60000
20-04-2022,91.79000
19-04-2022,91.20000
18-04-2022,92.69000
13-04-2022,93.39000
12-04-2022,93.45000
11-04-2022,93.94000
08-04-2022,94.27000
07-04-2022,94.17000
06-04-2022,94.34000
05-04-2022,94.43000
04-04-2022,94.46000
01-04-2022,92.81000
31-03-2022,91.83000
30-03-2022,91.99000
29-03-2022,91.55000
28-03-2022,90.89000
25-03-2022,90.91000
24-03-2022,90.98000
23-03-2022,90.66000
22-03-2022,90.83000
21-03-2022,90.59000
17-03-2022,91.18000
16-03-2022,90.26000
15-03-2022,89.28000
14-03-2022,89.89000
11-03-2022,89.27000
10-03-2022,88.66000
09-03-2022,87.78000
08-03-2022,86.86000
07-03-2022,85.75000
04-03-2022,86.29000
03-03-2022,87.03000
02-03-2022,87.25000
28-02-2022,88.60000
25-02-2022,88.31000
24-02-2022,86.41000
23-02-2022,89.78000
22-02-2022,89.81000
21-02-2022,90.47000
18-02-2022,90.71000
17-02-2022,91.13000
16-02-2022,91.54000
15-02-2022,91.51000
14-02-2022,89.96000
11-02-2022,92.56000
10-02-2022,93.75000
09-02-2022,93.16000
08-02-2022,92.21000
07-02-2022,92.19000
04-02-2022,93.22000
03-02-2022,93.73000
02-02-2022,94.33000
01-02-2022,93.64000
31-01-2022,92.74000
28-01-2022,91.04000
27-01-2022,90.71000
25-01-2022,91.31000
24-01-2022,90.13000
21-01-2022,91.82000
20-01-2022,93.21000
19-01-2022,93.97000
18-01-2022,94.71000
17-01-2022,95.25000
14-01-2022,95.31000
13-01-2022,95.49000
12-01-2022,94.96000
11-01-2022,94.14000
10-01-2022,93.92000
07-01-2022,93.27000
06-01-2022,93.38000
05-01-2022,93.75000
04-01-2022,93.78000
03-01-2022,93.15000
31-12-2021,92.55000
30-12-2021,92.29000
29-12-2021,91.82000
28-12-2021,91.59000
27-12-2021,90.87000
24-12-2021,90.44000
23-12-2021,90.65000
22-12-2021,89.96000
21-12-2021,88.92000
20-12-2021,88.21000
17-12-2021,89.26000
16-12-2021,90.03000
15-12-2021,90.26000
14-12-2021,90.72000
13-12-2021,90.46000
10-12-2021,90.87000
09-12-2021,90.95000
08-12-2021,90.72000
07-12-2021,89.36000
06-12-2021,88.48000
03-12-2021,90.16000
02-12-2021,90.85000
01-12-2021,90.05000
30-11-2021,90.24000
29-11-2021,90.16000
26-11-2021,90.68000
25-11-2021,92.27000
24-11-2021,91.97000
23-11-2021,92.12000
22-11-2021,91.36000
18-11-2021,92.38000
17-11-2021,93.22000
16-11-2021,93.60000
15-11-2021,94.49000
12-11-2021,94.44000
11-11-2021,93.48000
10-11-2021,94.59000
09-11-2021,94.43000
08-11-2021,94.47000
03-11-2021,93.55000
02-11-2021,93.59000
01-11-2021,93.59000
29-10-2021,91.93000
28-10-2021,92.14000
27-10-2021,94.02000
26-10-2021,93.60000
25-10-2021,93.30000
22-10-2021,92.71000
21-10-2021,92.91000
20-10-2021,93.24000
19-10-2021,93.30000
18-10-2021,93.23000
14-10-2021,92.75000
13-10-2021,92.31000
12-10-2021,92.17000
11-10-2021,92.34000
08-10-2021,92.07000
07-10-2021,91.86000
06-10-2021,91.32000
05-10-2021,92.37000
04-10-2021,91.67000
01-10-2021,90.98000
30-09-2021,91.42000
29-09-2021,91.77000
28-09-2021,91.71000
27-09-2021,92.65000
24-09-2021,92.86000
23-09-2021,92.39000
22-09-2021,91.34000
21-09-2021,90.88000
20-09-2021,90.12000
17-09-2021,91.17000
16-09-2021,91.33000
15-09-2021,90.71000
14-09-2021,89.62000
13-09-2021,89.20000
09-09-2021,89.23000
08-09-2021,89.21000
07-09-2021,89.06000
06-09-2021,89.26000
03-09-2021,89.06000
02-09-2021,89.26000
01-09-2021,88.42000
31-08-2021,88.50000
30-08-2021,87.34000
27-08-2021,86.23000
26-08-2021,85.76000
25-08-2021,86.15000
24-08-2021,86.34000
23-08-2021,85.52000
20-08-2021,85.19000
18-08-2021,86.37000
17-08-2021,86.71000
16-08-2021,86.37000
13-08-2021,86.62000
12-08-2021,86.09000
11-08-2021,85.52000
10-08-2021,85.83000
09-08-2021,85.36000
06-08-2021,85.08000
05-08-2021,85.22000
04-08-2021,84.94000
03-08-2021,84.56000
02-08-2021,83.30000
30-07-2021,82.87000
29-07-2021,81.91000
28-07-2021,81.24000
27-07-2021,81.17000
26-07-2021,81.79000
23-07-2021,81.55000
22-07-2021,80.90000
20-07-2021,79.77000
19-07-2021,81.07000
16-07-2021,81.64000
15-07-2021,81.85000
14-07-2021,81.36000
13-07-2021,80.80000
12-07-2021,80.23000
09-07-2021,80.10000
08-07-2021,79.93000
07-07-2021,80.51000
06-07-2021,80.19000
05-07-2021,80.41000
02-07-2021,80.08000
01-07-2021,79.92000
30-06-2021,79.92000
29-06-2021,80.03000
28-06-2021,80.38000
25-06-2021,80.37000
24-06-2021,79.40000
23-06-2021,78.96000
22-06-2021,79.33000
21-06-2021,79.34000
18-06-2021,79.02000
17-06-2021,79.11000
16-06-2021,79.60000
15-06-2021,79.98000
14-06-2021,79.71000
11-06-2021,79.80000
10-06-2021,79.60000
09-06-2021,78.70000
08-06-2021,79.25000
07-06-2021,78.71000
04-06-2021,78.35000
03-06-2021,78.64000
02-06-2021,78.33000
01-06-2021,78.24000
31-05-2021,78.38000
28-05-2021,77.72000
27-05-2021,78.27000
26-05-2021,77.89000
25-05-2021,77.28000
24-05-2021,77.18000
21-05-2021,76.82000
20-05-2021,75.51000
19-05-2021,75.94000
18-05-2021,75.81000
17-05-2021,75.33000
14-05-2021,74.54000
12-05-2021,74.90000
11-05-2021,75.50000
10-05-2021,75.74000
07-05-2021,75.11000
06-05-2021,74.87000
05-05-2021,74.74000
04-05-2021,73.57000
03-05-2021,74.22000
30-04-2021,73.91000
29-04-2021,74.38000
28-04-2021,74.41000
27-04-2021,73.56000
26-04-2021,73.13000
23-04-2021,72.54000
22-04-2021,72.88000
20-04-2021,72.49000
19-04-2021,72.46000
16-04-2021,73.40000
15-04-2021,72.97000
13-04-2021,72.59000
12-04-2021,71.96000
09-04-2021,74.15000
08-04-2021,73.53000
07-04-2021,73.64000
06-04-2021,72.73000
05-04-2021,72.26000
01-04-2021,73.12000
31-03-2021,72.14000
30-03-2021,72.42000
26-03-2021,71.43000
25-03-2021,70.80000
24-03-2021,71.64000
23-03-2021,72.85000
22-03-2021,72.50000
19-03-2021,72.47000
18-03-2021,71.97000
17-03-2021,73.07000
16-03-2021,74.18000
15-03-2021,74.22000
12-03-2021,74.35000
10-03-2021,75.18000
09-03-2021,74.87000
08-03-2021,74.26000
05-03-2021,73.93000
04-03-2021,74.77000
03-03-2021,75.06000
02-03-2021,73.68000
01-03-2021,72.53000
26-02-2021,71.90000
25-02-2021,74.09000
24-02-2021,73.77000
23-02-2021,72.63000
22-02-2021,72.54000
19-02-2021,74.26000
18-02-2021,75.28000
17-02-2021,75.22000
16-02-2021,75.36000
15-02-2021,75.69000
12-02-2021,75.04000
11-02-2021,74.96000
10-02-2021,74.67000
09-02-2021,74.66000
08-02-2021,74.76000
05-02-2021,73.34000
04-02-2021,73.94000
03-02-2021,73.37000
02-02-2021,72.38000
01-02-2021,70.77000
29-01-2021,68.45000
28-01-2021,69.54000
27-01-2021,69.84000
25-01-2021,70.60000
22-01-2021,70.97000
21-01-2021,72.09000
20-01-2021,72.76000
19-01-2021,72.07000
18-01-2021,71.09000
15-01-2021,72.76000
14-01-2021,73.78000
13-01-2021,74.17000
12-01-2021,73.76000
11-01-2021,72.93000
08-01-2021,71.88000
07-01-2021,70.61000
06-01-2021,70.53000
05-01-2021,70.36000
04-01-2021,69.87000
01-01-2021,68.77000
31-12-2020,68.31000
30-12-2020,68.40000
29-12-2020,68.49000
28-12-2020,68.27000
24-12-2020,67.51000
23-12-2020,67.11000
22-12-2020,65.68000
21-12-2020,64.12000
18-12-2020,67.13000
17-12-2020,66.69000
16-12-2020,67.08000
15-12-2020,66.58000
14-12-2020,66.57000
11-12-2020,65.92000
10-12-2020,65.42000
09-12-2020,65.82000
08-12-2020,65.44000
07-12-2020,65.40000
04-12-2020,64.66000
03-12-2020,63.78000
02-12-2020,63.29000
01-12-2020,63.26000
27-11-2020,61.96000
26-11-2020,61.60000
25-11-2020,61.08000
24-11-2020,61.64000
23-11-2020,61.16000
20-11-2020,60.64000
19-11-2020,60.31000
18-11-2020,61.17000
17-11-2020,60.65000
13-11-2020,60.18000
12-11-2020,59.93000
11-11-2020,60.43000
10-11-2020,59.67000
09-11-2020,59.83000
06-11-2020,58.88000
05-11-2020,58.69000
04-11-2020,57.77000
03-11-2020,57.45000
02-11-2020,57.14000
30-10-2020,56.35000
29-10-2020,56.63000
28-10-2020,56.84000
27-10-2020,57.39000
26-10-2020,57.35000
23-10-2020,58.07000
22-10-2020,57.97000
21-10-2020,57.84000
20-10-2020,57.62000
19-10-2020,57.40000
16-10-2020,56.65000
15-10-2020,56.07000
14-10-2020,57.17000
13-10-2020,58.01000
12-10-2020,57.97000
09-10-2020,57.95000
08-10-2020,57.43000
07-10-2020,56.62000
06-10-2020,56.58000
05-10-2020,56.34000
01-10-2020,55.69000
30-09-2020,55.00000
29-09-2020,55.28000
28-09-2020,55.90000
25-09-2020,55.02000
24-09-2020,53.16000
23-09-2020,55.21000
22-09-2020,55.58000
21-09-2020,55.81000
18-09-2020,57.47000
17-09-2020,56.98000
16-09-2020,57.05000
15-09-2020,56.94000
14-09-2020,56.42000
11-09-2020,55.65000
10-09-2020,55.44000
09-09-2020,55.20000
08-09-2020,55.39000
07-09-2020,55.93000
04-09-2020,56.24000
03-09-2020,57.49000
02-09-2020,57.53000
01-09-2020,57.15000
31-08-2020,56.61000
28-08-2020,58.78000
27-08-2020,58.41000
26-08-2020,58.35000
25-08-2020,57.92000
24-08-2020,58.23000
21-08-2020,58.12000
20-08-2020,57.73000
19-08-2020,56.92000
18-08-2020,56.57000
17-08-2020,56.29000
14-08-2020,55.65000
13-08-2020,55.95000
12-08-2020,55.63000
11-08-2020,55.51000
10-08-2020,55.55000
07-08-2020,54.64000
06-08-2020,54.76000
05-08-2020,54.24000
04-08-2020,54.26000
03-08-2020,54.04000
31-07-2020,54.50000
30-07-2020,54.07000
29-07-2020,54.37000
28-07-2020,54.28000
27-07-2020,53.91000
24-07-2020,54.35000
23-07-2020,54.50000
22-07-2020,54.29000
21-07-2020,54.17000
20-07-2020,54.07000
17-07-2020,53.48000
16-07-2020,52.88000
15-07-2020,52.14000
14-07-2020,51.52000
13-07-2020,52.26000
10-07-2020,52.16000
09-07-2020,52.50000
08-07-2020,52.16000
07-07-2020,52.58000
06-07-2020,52.13000
03-07-2020,51.98000
02-07-2020,51.60000
01-07-2020,50.78000
30-06-2020,50.66000
29-06-2020,50.68000
26-06-2020,51.41000
25-06-2020,50.61000
24-06-2020,50.83000
23-06-2020,52.28000
22-06-2020,51.07000
19-06-2020,50.46000
18-06-2020,49.97000
17-06-2020,49.35000
16-06-2020,49.18000
15-06-2020,49.17000
12-06-2020,49.62000
11-06-2020,49.58000
10-06-2020,50.58000
09-06-2020,50.33000
08-06-2020,50.79000
05-06-2020,50.44000
04-06-2020,49.73000
03-06-2020,49.22000
02-06-2020,49.37000
01-06-2020,48.82000
29-05-2020,48.08000
28-05-2020,47.54000
27-05-2020,47.16000
26-05-2020,46.23000
22-05-2020,46.49000
21-05-2020,46.40000
20-05-2020,46.37000
19-05-2020,45.78000
18-05-2020,44.87000
15-05-2020,45.73000
14-05-2020,45.73000
13-05-2020,46.56000
12-05-2020,45.86000
11-05-2020,45.35000
08-05-2020,45.67000
07-05-2020,45.80000
06-05-2020,46.43000
05-05-2020,46.06000
04-05-2020,46.39000
30-04-2020,47.88000
29-04-2020,46.86000
28-04-2020,46.04000
27-04-2020,46.16000
24-04-2020,45.77000
23-04-2020,46.60000
22-04-2020,46.16000
21-04-2020,45.91000
20-04-2020,46.99000
17-04-2020,46.94000
16-04-2020,46.22000
15-04-2020,45.86000
13-04-2020,45.64000
09-04-2020,45.52000
08-04-2020,43.93000
07-04-2020,43.35000
03-04-2020,40.24000
01-04-2020,40.59000
31-03-2020,42.28000
30-03-2020,40.95000
27-03-2020,42.11000
26-03-2020,41.55000
25-03-2020,40.36000
24-03-2020,38.96000
23-03-2020,37.99000
20-03-2020,43.25000
19-03-2020,41.58000
18-03-2020,42.73000
17-03-2020,44.82000
16-03-2020,46.31000
13-03-2020,49.81000
12-03-2020,47.80000
11-03-2020,51.49000
09-03-2020,51.96000
06-03-2020,54.33000
05-03-2020,55.51000
04-03-2020,55.61000
03-03-2020,55.67000
02-03-2020,54.45000
28-02-2020,54.77000
27-02-2020,56.72000
26-02-2020,56.67000
25-02-2020,57.54000
24-02-2020,57.53000
20-02-2020,58.34000
19-02-2020,58.29000
18-02-2020,57.93000
17-02-2020,58.26000
14-02-2020,58.92000
13-02-2020,59.32000
12-02-2020,59.60000
11-02-2020,59.70000
10-02-2020,59.54000
07-02-2020,60.14000
06-02-2020,60.01000
05-02-2020,59.77000
04-02-2020,59.35000
03-02-2020,58.34000
31-01-2020,59.31000
30-01-2020,59.77000
29-01-2020,60.24000
28-01-2020,60.12000
27-01-2020,60.58000
24-01-2020,60.82000
23-01-2020,60.32000
22-01-2020,59.82000
21-01-2020,60.45000
20-01-2020,60.40000
17-01-2020,60.38000
16-01-2020,60.30000
15-01-2020,60.24000
14-01-2020,60.14000
13-01-2020,59.74000
10-01-2020,58.88000
09-01-2020,58.53000
08-01-2020,57.83000
07-01-2020,57.80000
06-01-2020,57.86000
03-01-2020,58.73000
02-01-2020,58.78000
01-01-2020,58.43000
31-12-2019,58.21000
30-12-2019,58.27000
27-12-2019,58.05000
26-12-2019,57.36000
24-12-2019,57.86000
23-12-2019,57.74000
20-12-2019,57.91000
19-12-2019,57.72000
18-12-2019,57.58000
17-12-2019,57.72000
16-12-2019,57.01000
13-12-2019,57.23000
12-12-2019,56.97000
11-12-2019,56.83000
10-12-2019,56.48000
09-12-2019,56.82000
06-12-2019,57.15000
05-12-2019,57.78000
04-12-2019,58.25000
03-12-2019,57.60000
02-12-2019,57.91000
29-11-2019,57.86000
28-11-2019,57.78000
27-11-2019,57.33000
26-11-2019,57.63000
25-11-2019,58.10000
22-11-2019,57.02000
21-11-2019,57.18000
20-11-2019,57.55000
19-11-2019,57.04000
18-11-2019,56.36000
15-11-2019,55.71000
14-11-2019,55.16000
13-11-2019,55.01000
11-11-2019,55.97000
08-11-2019,55.78000
07-11-2019,56.33000
06-11-2019,56.33000
05-11-2019,56.24000
04-11-2019,56.77000
01-11-2019,56.41000
31-10-2019,56.07000
30-10-2019,55.59000
29-10-2019,55.35000
25-10-2019,54.76000
24-10-2019,54.29000
23-10-2019,54.92000
22-10-2019,54.96000
18-10-2019,55.55000
17-10-2019,55.02000
16-10-2019,54.56000
15-10-2019,54.40000
14-10-2019,54.33000
11-10-2019,54.24000
10-10-2019,53.84000
09-10-2019,53.81000
07-10-2019,52.66000
04-10-2019,52.88000
03-10-2019,53.46000
01-10-2019,53.63000
30-09-2019,54.80000
27-09-2019,54.86000
26-09-2019,54.61000
25-09-2019,54.28000
24-09-2019,55.04000
23-09-2019,55.42000
20-09-2019,55.37000
19-09-2019,53.61000
18-09-2019,53.91000
17-09-2019,53.83000
16-09-2019,54.64000
13-09-2019,54.81000
12-09-2019,54.45000
11-09-2019,54.48000
09-09-2019,54.52000
06-09-2019,54.33000
05-09-2019,53.76000
04-09-2019,53.37000
03-09-2019,53.01000
30-08-2019,54.13000
29-08-2019,53.50000
28-08-2019,53.58000
27-08-2019,54.01000
26-08-2019,53.92000
23-08-2019,53.20000
22-08-2019,52.39000
21-08-2019,53.10000
20-08-2019,53.90000
19-08-2019,54.16000
16-08-2019,53.90000
14-08-2019,53.71000
13-08-2019,53.02000
09-08-2019,54.40000
08-08-2019,54.59000
07-08-2019,54.12000
06-08-2019,54.03000
05-08-2019,53.66000
02-08-2019,53.90000
01-08-2019,53.92000
31-07-2019,54.68000
30-07-2019,54.50000
29-07-2019,54.97000
26-07-2019,55.68000
25-07-2019,55.67000
24-07-2019,55.57000
23-07-2019,56.19000
22-07-2019,56.12000
19-07-2019,56.06000
18-07-2019,56.34000
17-07-2019,57.07000
16-07-2019,57.02000
15-07-2019,56.72000
12-07-2019,56.54000
11-07-2019,56.30000
10-07-2019,56.00000
09-07-2019,56.19000
08-07-2019,55.76000
05-07-2019,56.81000
04-07-2019,57.60000
03-07-2019,57.40000
02-07-2019,57.54000
01-07-2019,57.45000
28-06-2019,57.25000
27-06-2019,57.18000
26-06-2019,57.22000
25-06-2019,56.92000
24-06-2019,56.65000
21-06-2019,56.78000
20-06-2019,56.68000
19-06-2019,56.04000
18-06-2019,56.19000
17-06-2019,55.95000
14-06-2019,56.38000
13-06-2019,56.82000
12-06-2019,56.77000
11-06-2019,57.03000
10-06-2019,57.03000
07-06-2019,56.78000
06-06-2019,56.94000
04-06-2019,56.97000
03-06-2019,57.35000
31-05-2019,57.08000
30-05-2019,57.07000
29-05-2019,56.89000
28-05-2019,57.38000
27-05-2019,57.11000
24-05-2019,56.19000
23-05-2019,55.30000
22-05-2019,55.16000
21-05-2019,54.79000
20-05-2019,55.42000
17-05-2019,53.81000
16-05-2019,53.83000
15-05-2019,53.64000
14-05-2019,54.14000
13-05-2019,53.67000
10-05-2019,54.47000
09-05-2019,54.41000
08-05-2019,54.61000
07-05-2019,55.31000
06-05-2019,55.73000
03-05-2019,56.41000
02-05-2019,56.66000
30-04-2019,56.78000
26-04-2019,57.12000
25-04-2019,56.71000
24-04-2019,57.04000
23-04-2019,56.57000
22-04-2019,56.77000
18-04-2019,56.96000
16-04-2019,57.37000
15-04-2019,57.41000
12-04-2019,57.15000
11-04-2019,56.85000
10-04-2019,57.06000
09-04-2019,57.69000
08-04-2019,57.53000
05-04-2019,57.41000
04-04-2019,57.09000
03-04-2019,57.11000
02-04-2019,57.75000
01-04-2019,57.77000
29-03-2019,57.61000
28-03-2019,57.32000
27-03-2019,56.77000
26-03-2019,56.89000
25-03-2019,56.25000
22-03-2019,56.88000
20-03-2019,56.96000
19-03-2019,56.97000
18-03-2019,56.44000
15-03-2019,56.37000
14-03-2019,56.20000
13-03-2019,55.93000
12-03-2019,56.10000
11-03-2019,55.41000
08-03-2019,54.71000
07-03-2019,54.59000
06-03-2019,54.73000
05-03-2019,54.56000
01-03-2019,53.77000
28-02-2019,53.34000
27-02-2019,53.16000
26-02-2019,53.22000
25-02-2019,53.49000
22-02-2019,53.10000
21-02-2019,53.01000
20-02-2019,52.93000
19-02-2019,52.46000
18-02-2019,52.63000
15-02-2019,52.76000
14-02-2019,53.07000
13-02-2019,53.14000
12-02-2019,53.36000
11-02-2019,53.54000
08-02-2019,53.62000
07-02-2019,54.23000
06-02-2019,53.80000
05-02-2019,53.32000
04-02-2019,53.41000
01-02-2019,53.81000
31-01-2019,53.97000
30-01-2019,53.66000
29-01-2019,53.51000
28-01-2019,53.32000
25-01-2019,53.73000
24-01-2019,53.94000
23-01-2019,54.13000
22-01-2019,54.34000
21-01-2019,54.31000
18-01-2019,54.33000
17-01-2019,55.06000
16-01-2019,55.41000
15-01-2019,55.18000
14-01-2019,54.84000
11-01-2019,54.91000
10-01-2019,54.98000
09-01-2019,54.90000
08-01-2019,54.61000
07-01-2019,54.20000
04-01-2019,53.73000
03-01-2019,53.83000
02-01-2019,54.24000
01-01-2019,54.67000
31-12-2018,54.49000
28-12-2018,54.46000
27-12-2018,54.04000
26-12-2018,53.61000
24-12-2018,53.61000
21-12-2018,54.27000
20-12-2018,54.82000
19-12-2018,54.65000
18-12-2018,54.55000
17-12-2018,54.44000
14-12-2018,54.25000
13-12-2018,54.06000
12-12-2018,53.89000
11-12-2018,52.97000
10-12-2018,52.17000
07-12-2018,53.05000
06-12-2018,53.55000
05-12-2018,54.12000
04-12-2018,55.17000
03-12-2018,55.15000
30-11-2018,55.08000
29-11-2018,54.85000
28-11-2018,54.99000
27-11-2018,54.88000
26-11-2018,54.59000
22-11-2018,54.76000
21-11-2018,54.96000
20-11-2018,55.02000
19-11-2018,55.82000
16-11-2018,55.45000
15-11-2018,54.56000
14-11-2018,54.90000
13-11-2018,55.89000
12-11-2018,56.07000
09-11-2018,56.22000
06-11-2018,55.84000
05-11-2018,56.02000
02-11-2018,55.88000
01-11-2018,55.84000
31-10-2018,56.35000
30-10-2018,55.32000
29-10-2018,55.06000
26-10-2018,53.62000
25-10-2018,53.84000
24-10-2018,54.43000
23-10-2018,54.28000
22-10-2018,55.21000
19-10-2018,55.44000
17-10-2018,55.94000
16-10-2018,56.01000
15-10-2018,55.76000
12-10-2018,54.82000
11-10-2018,54.40000
10-10-2018,55.67000
09-10-2018,55.28000
08-10-2018,55.29000
05-10-2018,55.57000
04-10-2018,55.94000
03-10-2018,57.05000
01-10-2018,57.66000
28-09-2018,57.32000
27-09-2018,58.13000
26-09-2018,58.53000
25-09-2018,58.82000
24-09-2018,58.33000
21-09-2018,59.14000
19-09-2018,59.89000
18-09-2018,59.75000
17-09-2018,60.29000
14-09-2018,60.52000
12-09-2018,59.80000
11-09-2018,59.57000
10-09-2018,60.34000
07-09-2018,61.00000
06-09-2018,60.71000
05-09-2018,60.20000
04-09-2018,60.36000
03-09-2018,60.83000
31-08-2018,60.80000
30-08-2018,59.94000
29-08-2018,59.64000
28-08-2018,59.80000
27-08-2018,59.96000
24-08-2018,59.73000
23-08-2018,59.81000
21-08-2018,59.48000
20-08-2018,59.08000
17-08-2018,58.67000
16-08-2018,57.95000
14-08-2018,57.76000
13-08-2018,56.96000
10-08-2018,57.02000
09-08-2018,57.78000
08-08-2018,58.20000
07-08-2018,58.37000
06-08-2018,58.72000
03-08-2018,58.90000
02-08-2018,58.63000
01-08-2018,58.76000
31-07-2018,58.50000
30-07-2018,58.41000
27-07-2018,58.01000
26-07-2018,57.70000
25-07-2018,57.29000
24-07-2018,57.56000
23-07-2018,56.81000
20-07-2018,56.50000
19-07-2018,55.98000
18-07-2018,56.29000
17-07-2018,56.76000
16-07-2018,56.52000
13-07-2018,57.39000
12-07-2018,57.99000
11-07-2018,57.94000
10-07-2018,57.93000
09-07-2018,57.60000
06-07-2018,56.87000
05-07-2018,56.78000
04-07-2018,57.20000
03-07-2018,57.03000
02-07-2018,56.43000
29-06-2018,56.75000
28-06-2018,56.02000
27-06-2018,56.45000
26-06-2018,56.69000
25-06-2018,57.07000
22-06-2018,57.36000
21-06-2018,56.95000
20-06-2018,57.16000
19-06-2018,57.30000
18-06-2018,57.71000
15-06-2018,57.69000
14-06-2018,57.69000
13-06-2018,57.68000
12-06-2018,57.87000
11-06-2018,57.57000
08-06-2018,56.94000
07-06-2018,56.45000
06-06-2018,55.97000
05-06-2018,55.26000
04-06-2018,56.04000
01-06-2018,56.38000
31-05-2018,56.82000
30-05-2018,56.77000
29-05-2018,56.81000
28-05-2018,56.98000
25-05-2018,56.43000
24-05-2018,56.00000
23-05-2018,55.97000
22-05-2018,55.89000
21-05-2018,55.55000
18-05-2018,56.24000
17-05-2018,57.01000
16-05-2018,57.29000
15-05-2018,57.33000
14-05-2018,57.71000
11-05-2018,57.81000
10-05-2018,58.24000
09-05-2018,58.32000
08-05-2018,58.41000
07-05-2018,58.70000
04-05-2018,58.64000
03-05-2018,58.88000
02-05-2018,59.41000
30-04-2018,59.84000
27-04-2018,59.50000
26-04-2018,59.33000
25-04-2018,59.46000
24-04-2018,59.93000
23-04-2018,59.76000
20-04-2018,59.45000
19-04-2018,58.99000
18-04-2018,59.03000
17-04-2018,59.42000
16-04-2018,59.06000
13-04-2018,58.81000
12-04-2018,58.62000
11-04-2018,58.25000
10-04-2018,58.13000
09-04-2018,58.25000
06-04-2018,58.30000
05-04-2018,58.03000
04-04-2018,57.41000
03-04-2018,57.90000
02-04-2018,57.66000
28-03-2018,57.06000
27-03-2018,57.40000
26-03-2018,57.19000
23-03-2018,56.67000
22-03-2018,56.96000
21-03-2018,57.24000
20-03-2018,57.19000
19-03-2018,56.82000
16-03-2018,57.38000
15-03-2018,58.02000
14-03-2018,58.40000
13-03-2018,58.42000
12-03-2018,58.21000
09-03-2018,57.97000
08-03-2018,57.84000
07-03-2018,57.25000
06-03-2018,57.75000
05-03-2018,58.59000
01-03-2018,59.01000
28-02-2018,59.17000
27-02-2018,59.21000
26-02-2018,59.63000
23-02-2018,59.53000
22-02-2018,58.83000
21-02-2018,58.81000
20-02-2018,58.88000
19-02-2018,58.92000
16-02-2018,59.24000
15-02-2018,59.67000
14-02-2018,60.29000
12-02-2018,60.49000
09-02-2018,60.04000
08-02-2018,60.34000
07-02-2018,59.10000
06-02-2018,58.69000
05-02-2018,59.90000
02-02-2018,59.83000
01-02-2018,60.76000
31-01-2018,60.99000
30-01-2018,61.15000
29-01-2018,61.49000
25-01-2018,61.22000
24-01-2018,61.48000
23-01-2018,60.75000
22-01-2018,60.48000
19-01-2018,60.27000
18-01-2018,60.17000
17-01-2018,60.71000
16-01-2018,60.53000
15-01-2018,60.75000
12-01-2018,60.56000
11-01-2018,60.49000
10-01-2018,60.27000
09-01-2018,60.16000
08-01-2018,60.33000
05-01-2018,60.09000
04-01-2018,59.84000
03-01-2018,59.63000
02-01-2018,59.63000
01-01-2018,59.62000
29-12-2017,59.80000
28-12-2017,59.47000
27-12-2017,59.66000
26-12-2017,59.55000
22-12-2017,59.49000
21-12-2017,59.15000
20-12-2017,58.99000
19-12-2017,58.96000
18-12-2017,58.51000
15-12-2017,58.32000
14-12-2017,57.87000
13-12-2017,57.77000
12-12-2017,58.23000
11-12-2017,58.51000
08-12-2017,58.03000
07-12-2017,57.57000
06-12-2017,57.00000
05-12-2017,57.09000
04-12-2017,57.05000
01-12-2017,56.74000
30-11-2017,57.80000
29-11-2017,58.06000
28-11-2017,57.97000
27-11-2017,58.14000
24-11-2017,57.94000
23-11-2017,57.62000
22-11-2017,57.30000
21-11-2017,57.54000
20-11-2017,57.07000
17-11-2017,56.86000
16-11-2017,57.01000
15-11-2017,56.60000
14-11-2017,56.93000
13-11-2017,57.37000
10-11-2017,57.44000
09-11-2017,57.18000
08-11-2017,57.03000
07-11-2017,56.86000
06-11-2017,57.45000
03-11-2017,57.56000
02-11-2017,57.56000
01-11-2017,57.64000
31-10-2017,57.13000
30-10-2017,57.03000
27-10-2017,56.68000
26-10-2017,56.39000
25-10-2017,56.30000
24-10-2017,55.92000
23-10-2017,55.88000
18-10-2017,55.87000
17-10-2017,56.22000
16-10-2017,56.42000
13-10-2017,56.06000
12-10-2017,55.90000
11-10-2017,55.62000
10-10-2017,55.88000
09-10-2017,55.60000
06-10-2017,55.46000
05-10-2017,55.06000
04-10-2017,55.02000
03-10-2017,54.27000
29-09-2017,54.07000
28-09-2017,53.88000
27-09-2017,53.57000
26-09-2017,54.50000
25-09-2017,54.31000
22-09-2017,55.06000
21-09-2017,56.08000
20-09-2017,55.60000
19-09-2017,55.69000
18-09-2017,55.53000
15-09-2017,55.27000
14-09-2017,55.06000
13-09-2017,54.82000
12-09-2017,54.69000
11-09-2017,53.90000
08-09-2017,53.16000
07-09-2017,52.89000
06-09-2017,52.77000
05-09-2017,52.96000
04-09-2017,52.64000
01-09-2017,52.87000
31-08-2017,52.50000
30-08-2017,52.41000
29-08-2017,52.08000
28-08-2017,52.45000
24-08-2017,52.30000
23-08-2017,52.17000
22-08-2017,52.06000
21-08-2017,52.01000
18-08-2017,52.60000
17-08-2017,52.77000
16-08-2017,52.74000
14-08-2017,51.78000
11-08-2017,50.90000
10-08-2017,51.26000
09-08-2017,52.31000
08-08-2017,53.10000
07-08-2017,53.48000
04-08-2017,53.45000
03-08-2017,52.80000
02-08-2017,53.41000
01-08-2017,53.44000
31-07-2017,53.13000
28-07-2017,53.27000
27-07-2017,53.34000
26-07-2017,53.76000
25-07-2017,53.73000
24-07-2017,53.80000
21-07-2017,53.72000
20-07-2017,53.95000
19-07-2017,54.02000
18-07-2017,53.26000
17-07-2017,53.25000
14-07-2017,53.04000
13-07-2017,53.37000
12-07-2017,53.36000
11-07-2017,53.10000
10-07-2017,53.71000
07-07-2017,53.38000
06-07-2017,53.37000
05-07-2017,53.27000
04-07-2017,52.88000
03-07-2017,53.19000
30-06-2017,53.45000
29-06-2017,52.80000
28-06-2017,52.81000
27-06-2017,52.34000
23-06-2017,52.88000
22-06-2017,53.62000
21-06-2017,53.79000
20-06-2017,53.77000
19-06-2017,53.58000
16-06-2017,53.21000
15-06-2017,53.14000
14-06-2017,53.16000
13-06-2017,53.00000
12-06-2017,52.88000
09-06-2017,52.78000
08-06-2017,52.72000
07-06-2017,52.58000
06-06-2017,52.28000
05-06-2017,52.54000
02-06-2017,52.25000
01-06-2017,52.23000
31-05-2017,51.95000
30-05-2017,51.41000
29-05-2017,51.20000
26-05-2017,51.72000
25-05-2017,51.43000
24-05-2017,50.96000
23-05-2017,51.75000
22-05-2017,52.10000
19-05-2017,52.84000
18-05-2017,52.98000
17-05-2017,53.61000
16-05-2017,53.85000
15-05-2017,53.52000
12-05-2017,53.30000
11-05-2017,53.59000
10-05-2017,53.70000
09-05-2017,53.68000
08-05-2017,53.42000
05-05-2017,52.90000
04-05-2017,53.09000
03-05-2017,53.11000
02-05-2017,52.87000
28-04-2017,52.62000
27-04-2017,52.39000
26-04-2017,52.20000
25-04-2017,52.57000
24-04-2017,52.50000
21-04-2017,52.61000
20-04-2017,52.47000
19-04-2017,51.99000
18-04-2017,51.82000
17-04-2017,52.34000
13-04-2017,52.27000
12-04-2017,52.02000
11-04-2017,52.53000
10-04-2017,52.38000
07-04-2017,52.05000
06-04-2017,52.48000
05-04-2017,52.58000
03-04-2017,51.83000
31-03-2017,51.38000
30-03-2017,51.30000
29-03-2017,50.85000
28-03-2017,50.53000
27-03-2017,50.41000
24-03-2017,50.61000
23-03-2017,50.39000
22-03-2017,49.73000
21-03-2017,49.90000
20-03-2017,50.14000
17-03-2017,50.09000
16-03-2017,49.95000
15-03-2017,49.63000
14-03-2017,49.77000
10-03-2017,49.08000
09-03-2017,49.10000
08-03-2017,48.91000
07-03-2017,49.20000
06-03-2017,48.91000
03-03-2017,48.76000
02-03-2017,48.60000
01-03-2017,49.08000
28-02-2017,48.69000
27-02-2017,48.65000
23-02-2017,48.54000
22-02-2017,48.74000
21-02-2017,48.90000
20-02-2017,48.67000
17-02-2017,48.30000
16-02-2017,48.08000
15-02-2017,47.63000
14-02-2017,48.42000
13-02-2017,48.38000
10-02-2017,48.58000
09-02-2017,48.58000
08-02-2017,48.60000
07-02-2017,48.38000
06-02-2017,48.63000
03-02-2017,48.33000
02-02-2017,47.94000
01-02-2017,47.29000
31-01-2017,46.87000
30-01-2017,47.57000
27-01-2017,47.69000
25-01-2017,47.47000
24-01-2017,47.42000
23-01-2017,47.04000
20-01-2017,46.96000
19-01-2017,47.43000
18-01-2017,47.43000
17-01-2017,47.22000
16-01-2017,47.16000
13-01-2017,47.12000
12-01-2017,47.02000
11-01-2017,46.96000
10-01-2017,46.72000
09-01-2017,46.65000
06-01-2017,46.40000
05-01-2017,46.50000
04-01-2017,46.32000
03-01-2017,46.11000
02-01-2017,46.00000
30-12-2016,45.78000
29-12-2016,45.42000
28-12-2016,45.08000
27-12-2016,44.88000
26-12-2016,44.59000
23-12-2016,45.08000
22-12-2016,45.22000
21-12-2016,45.43000
20-12-2016,45.59000
19-12-2016,45.81000
16-12-2016,46.06000
15-12-2016,45.97000
14-12-2016,45.87000
13-12-2016,46.21000
12-12-2016,46.04000
09-12-2016,46.18000
08-12-2016,46.05000
07-12-2016,45.62000
06-12-2016,45.81000
05-12-2016,45.89000
02-12-2016,45.90000
01-12-2016,46.23000
30-11-2016,46.34000
29-11-2016,46.14000
28-11-2016,46.17000
25-11-2016,46.15000
24-11-2016,45.36000
23-11-2016,45.26000
22-11-2016,44.59000
21-11-2016,44.18000
18-11-2016,45.12000
17-11-2016,45.21000
16-11-2016,45.35000
15-11-2016,45.45000
11-11-2016,46.56000
10-11-2016,47.94000
09-11-2016,47.13000
08-11-2016,47.50000
07-11-2016,47.66000
04-11-2016,46.99000
03-11-2016,47.88000
02-11-2016,48.22000
01-11-2016,48.99000
28-10-2016,48.72000
27-10-2016,48.62000
26-10-2016,48.92000
25-10-2016,49.48000
24-10-2016,49.45000
21-10-2016,49.49000
20-10-2016,49.32000
19-10-2016,49.36000
18-10-2016,49.01000
17-10-2016,48.30000
14-10-2016,48.63000
13-10-2016,48.32000
10-10-2016,48.73000
07-10-2016,48.51000
06-10-2016,48.79000
05-10-2016,48.97000
04-10-2016,48.88000
03-10-2016,48.80000
30-09-2016,47.89000
29-09-2016,47.64000
28-09-2016,48.61000
27-09-2016,48.47000
26-09-2016,48.53000
23-09-2016,48.73000
22-09-2016,48.72000
21-09-2016,48.56000
20-09-2016,48.68000
19-09-2016,48.68000
16-09-2016,48.69000
15-09-2016,48.30000
14-09-2016,48.41000
12-09-2016,48.13000
09-09-2016,49.07000
08-09-2016,49.37000
07-09-2016,49.17000
06-09-2016,49.09000
02-09-2016,48.78000
01-09-2016,48.51000
31-08-2016,48.61000
30-08-2016,48.68000
29-08-2016,48.35000
26-08-2016,48.51000
25-08-2016,48.65000
24-08-2016,48.61000
23-08-2016,48.35000
22-08-2016,48.20000
19-08-2016,48.28000
18-08-2016,48.31000
17-08-2016,48.15000
16-08-2016,47.84000
12-08-2016,47.68000
11-08-2016,47.80000
10-08-2016,47.82000
09-08-2016,48.41000
08-08-2016,48.45000
05-08-2016,48.35000
04-08-2016,47.72000
03-08-2016,47.63000
02-08-2016,47.87000
01-08-2016,47.90000
29-07-2016,47.76000
28-07-2016,47.58000
27-07-2016,47.40000
26-07-2016,47.09000
25-07-2016,47.39000
22-07-2016,47.29000
21-07-2016,46.79000
20-07-2016,46.92000
19-07-2016,46.56000
18-07-2016,46.36000
15-07-2016,46.46000
14-07-2016,46.60000
13-07-2016,46.52000
12-07-2016,46.95000
11-07-2016,46.86000
08-07-2016,46.31000
07-07-2016,46.43000
05-07-2016,46.58000
04-07-2016,46.84000
01-07-2016,46.57000
30-06-2016,46.34000
29-06-2016,46.01000
28-06-2016,45.37000
27-06-2016,45.21000
24-06-2016,44.85000
23-06-2016,45.50000
22-06-2016,45.44000
21-06-2016,45.24000
20-06-2016,45.20000
17-06-2016,45.06000
16-06-2016,44.83000
15-06-2016,44.94000
14-06-2016,44.54000
13-06-2016,44.40000
10-06-2016,44.73000
09-06-2016,44.65000
08-06-2016,44.66000
07-06-2016,44.46000
06-06-2016,44.26000
03-06-2016,44.30000
02-06-2016,44.33000
01-06-2016,44.31000
31-05-2016,44.09000
30-05-2016,44.26000
27-05-2016,44.03000
26-05-2016,43.90000
25-05-2016,43.61000
24-05-2016,43.07000
23-05-2016,43.25000
20-05-2016,43.41000
19-05-2016,43.69000
18-05-2016,43.97000
17-05-2016,43.90000
16-05-2016,43.65000
13-05-2016,43.65000
12-05-2016,43.71000
11-05-2016,43.42000
10-05-2016,43.56000
09-05-2016,43.55000
06-05-2016,43.34000
05-05-2016,43.57000
04-05-2016,43.57000
03-05-2016,43.90000
02-05-2016,44.08000
29-04-2016,44.02000
28-04-2016,44.11000
27-04-2016,44.57000
26-04-2016,44.36000
25-04-2016,44.10000
22-04-2016,44.36000
21-04-2016,44.33000
20-04-2016,44.23000
18-04-2016,44.18000
13-04-2016,43.71000
12-04-2016,43.24000
11-04-2016,43.12000
08-04-2016,42.88000
07-04-2016,42.91000
06-04-2016,43.02000
05-04-2016,43.07000
04-04-2016,43.68000
01-04-2016,43.40000
31-03-2016,43.47000
30-03-2016,43.37000
29-03-2016,42.78000
28-03-2016,43.08000
23-03-2016,43.73000
22-03-2016,43.70000
21-03-2016,43.69000
18-03-2016,43.39000
17-03-2016,43.14000
16-03-2016,43.05000
15-03-2016,43.04000
14-03-2016,43.72000
11-03-2016,43.61000
10-03-2016,43.54000
09-03-2016,43.74000
08-03-2016,43.78000
04-03-2016,43.84000
03-03-2016,43.84000
02-03-2016,43.32000
01-03-2016,42.55000
29-02-2016,41.72000
26-02-2016,41.79000
25-02-2016,41.83000
24-02-2016,42.02000
23-02-2016,42.53000
22-02-2016,43.02000
19-02-2016,42.99000
18-02-2016,42.87000
17-02-2016,42.41000
16-02-2016,42.23000
15-02-2016,43.04000
12-02-2016,42.03000
11-02-2016,42.35000
10-02-2016,43.49000
09-02-2016,44.16000
08-02-2016,45.05000
05-02-2016,45.16000
04-02-2016,44.76000
03-02-2016,44.78000
02-02-2016,45.66000
01-02-2016,46.23000
29-01-2016,46.11000
28-01-2016,45.46000
27-01-2016,45.63000
25-01-2016,45.42000
22-01-2016,44.95000
21-01-2016,44.47000
20-01-2016,44.15000
19-01-2016,44.40000
18-01-2016,44.12000
15-01-2016,45.07000
14-01-2016,45.73000
13-01-2016,45.85000
12-01-2016,46.09000
11-01-2016,46.03000
08-01-2016,46.58000
07-01-2016,46.28000
06-01-2016,47.23000
05-01-2016,47.19000
04-01-2016,47.26000
01-01-2016,47.99000
31-12-2015,47.89000
30-12-2015,47.67000
29-12-2015,47.82000
28-12-2015,47.77000
24-12-2015,47.37000
23-12-2015,47.35000
22-12-2015,46.91000
21-12-2015,47.05000
18-12-2015,46.94000
17-12-2015,47.23000
16-12-2015,46.65000
15-12-2015,46.46000
14-12-2015,46.25000
11-12-2015,46.07000
10-12-2015,46.28000
09-12-2015,45.94000
08-12-2015,46.57000
07-12-2015,46.69000
04-12-2015,46.63000
03-12-2015,46.88000
02-12-2015,47.14000
01-12-2015,47.31000
30-11-2015,47.13000
27-11-2015,47.06000
26-11-2015,46.81000
24-11-2015,46.78000
23-11-2015,46.85000
20-11-2015,46.77000
19-11-2015,46.68000
18-11-2015,46.09000
17-11-2015,46.32000
16-11-2015,45.99000
13-11-2015,45.89000
10-11-2015,46.00000
09-11-2015,46.78000
06-11-2015,46.91000
05-11-2015,46.89000
04-11-2015,47.54000
03-11-2015,47.78000
02-11-2015,47.76000
30-10-2015,48.02000
29-10-2015,48.14000
28-10-2015,48.23000
27-10-2015,48.24000
26-10-2015,48.22000
23-10-2015,48.25000
21-10-2015,48.61000
20-10-2015,48.79000
19-10-2015,48.67000
16-10-2015,48.21000
15-10-2015,48.02000
14-10-2015,47.89000
13-10-2015,47.94000
12-10-2015,48.13000
09-10-2015,48.46000
08-10-2015,48.20000
07-10-2015,48.30000
06-10-2015,48.51000
05-10-2015,48.23000
01-10-2015,47.57000
30-09-2015,47.65000
29-09-2015,47.05000
28-09-2015,47.38000
24-09-2015,47.41000
23-09-2015,46.95000
22-09-2015,46.81000
21-09-2015,47.07000
18-09-2015,47.13000
16-09-2015,46.68000
15-09-2015,46.59000
14-09-2015,46.84000
11-09-2015,46.65000
10-09-2015,46.48000
09-09-2015,46.71000
08-09-2015,46.20000
07-09-2015,46.09000
04-09-2015,46.94000
03-09-2015,48.12000
02-09-2015,47.58000
01-09-2015,47.59000
31-08-2015,48.27000
28-08-2015,47.94000
27-08-2015,47.46000
26-08-2015,46.40000
25-08-2015,46.77000
24-08-2015,46.45000
21-08-2015,49.44000
20-08-2015,49.51000
19-08-2015,49.81000
18-08-2015,48.91000
17-08-2015,48.75000
14-08-2015,48.89000
13-08-2015,48.22000
12-08-2015,48.32000
11-08-2015,48.33000
10-08-2015,48.15000
07-08-2015,48.24000
06-08-2015,48.31000
05-08-2015,48.20000
04-08-2015,47.59000
03-08-2015,47.53000
31-07-2015,47.46000
30-07-2015,46.92000
29-07-2015,46.46000
28-07-2015,46.11000
27-07-2015,46.26000
24-07-2015,46.54000
23-07-2015,46.91000
22-07-2015,46.83000
21-07-2015,46.60000
20-07-2015,47.18000
17-07-2015,46.88000
16-07-2015,46.59000
15-07-2015,46.13000
14-07-2015,45.54000
13-07-2015,45.26000
10-07-2015,44.68000
09-07-2015,44.41000
08-07-2015,44.55000
07-07-2015,44.90000
06-07-2015,44.91000
03-07-2015,44.39000
02-07-2015,44.48000
01-07-2015,44.42000
30-06-2015,43.85000
29-06-2015,43.59000
26-06-2015,44.19000
25-06-2015,44.10000
24-06-2015,44.08000
23-06-2015,44.01000
22-06-2015,44.04000
19-06-2015,43.67000
18-06-2015,43.34000
17-06-2015,42.82000
16-06-2015,42.36000
15-06-2015,42.21000
12-06-2015,42.07000
11-06-2015,42.24000
10-06-2015,42.95000
09-06-2015,42.30000
08-06-2015,42.72000
05-06-2015,43.12000
04-06-2015,43.18000
03-06-2015,43.06000
02-06-2015,43.47000
01-06-2015,44.14000
29-05-2015,44.40000
28-05-2015,43.79000
27-05-2015,43.98000
26-05-2015,44.47000
25-05-2015,44.67000
22-05-2015,44.80000
21-05-2015,44.68000
20-05-2015,44.65000
19-05-2015,44.50000
18-05-2015,44.38000
15-05-2015,43.81000
14-05-2015,43.34000
13-05-2015,43.22000
12-05-2015,42.98000
11-05-2015,43.41000
08-05-2015,42.91000
07-05-2015,42.29000
06-05-2015,42.46000
05-05-2015,43.55000
04-05-2015,43.54000
30-04-2015,42.89000
29-04-2015,42.80000
28-04-2015,42.38000
27-04-2015,42.02000
24-04-2015,42.78000
23-04-2015,43.50000
22-04-2015,43.82000
21-04-2015,43.93000
20-04-2015,44.34000
17-04-2015,45.02000
16-04-2015,45.78000
15-04-2015,46.04000
13-04-2015,46.59000
10-04-2015,46.42000
09-04-2015,46.51000
08-04-2015,46.53000
07-04-2015,45.96000
06-04-2015,45.81000
01-04-2015,45.17000
31-03-2015,44.70000
30-03-2015,44.39000
27-03-2015,43.88000
26-03-2015,44.02000
25-03-2015,44.80000
24-03-2015,44.97000
23-03-2015,44.66000
20-03-2015,44.84000
19-03-2015,45.27000
18-03-2015,45.21000
17-03-2015,45.34000
16-03-2015,44.93000
13-03-2015,45.20000
12-03-2015,45.49000
11-03-2015,44.99000
10-03-2015,44.86000
09-03-2015,44.75000
05-03-2015,45.03000
04-03-2015,44.35000
03-03-2015,44.59000
02-03-2015,44.03000
27-02-2015,43.20000
26-02-2015,42.81000
25-02-2015,43.29000
24-02-2015,43.34000
23-02-2015,43.36000
20-02-2015,43.78000
19-02-2015,43.83000
18-02-2015,43.62000
16-02-2015,43.19000
13-02-2015,43.29000
12-02-2015,42.91000
11-02-2015,42.27000
10-02-2015,42.00000
09-02-2015,41.74000
06-02-2015,41.82000
05-02-2015,42.14000
04-02-2015,42.08000
03-02-2015,42.29000
02-02-2015,42.38000
30-01-2015,42.38000
29-01-2015,42.38000
28-01-2015,42.30000
27-01-2015,42.19000
23-01-2015,42.30000
22-01-2015,42.36000
21-01-2015,42.08000
20-01-2015,42.10000
19-01-2015,42.04000
16-01-2015,41.95000
15-01-2015,41.76000
14-01-2015,41.52000
13-01-2015,41.59000
12-01-2015,41.58000
09-01-2015,41.24000
08-01-2015,40.59000
07-01-2015,40.14000
06-01-2015,40.32000
05-01-2015,41.25000
02-01-2015,41.50000
01-01-2015,41.18000
31-12-2014,41.15000
30-12-2014,40.75000
29-12-2014,40.56000
26-12-2014,40.16000
24-12-2014,40.00000
23-12-2014,40.31000
22-12-2014,40.52000
19-12-2014,40.34000
18-12-2014,40.08000
17-12-2014,39.29000
16-12-2014,39.67000
15-12-2014,40.30000
12-12-2014,40.65000
11-12-2014,40.77000
10-12-2014,41.08000
09-12-2014,40.81000
08-12-2014,41.21000
05-12-2014,41.73000
04-12-2014,42.15000
03-12-2014,42.17000
02-12-2014,41.91000
01-12-2014,41.74000
28-11-2014,41.65000
27-11-2014,41.58000
26-11-2014,41.33000
25-11-2014,41.38000
24-11-2014,41.38000
21-11-2014,41.16000
20-11-2014,41.15000
19-11-2014,40.84000
18-11-2014,40.83000
17-11-2014,40.72000
14-11-2014,40.64000
13-11-2014,40.77000
12-11-2014,40.75000
11-11-2014,40.78000
10-11-2014,40.75000
07-11-2014,40.61000
05-11-2014,40.30000
03-11-2014,40.06000
31-10-2014,39.68000
30-10-2014,39.14000
29-10-2014,38.67000
28-10-2014,38.57000
27-10-2014,38.39000
22-10-2014,38.41000
21-10-2014,37.91000
20-10-2014,37.73000
17-10-2014,37.57000
16-10-2014,37.92000
14-10-2014,38.61000
13-10-2014,38.66000
10-10-2014,38.64000
09-10-2014,38.80000
08-10-2014,38.58000
07-10-2014,39.49000
01-10-2014,39.96000
30-09-2014,39.68000
29-09-2014,39.69000
26-09-2014,39.20000
25-09-2014,39.20000
24-09-2014,39.28000
23-09-2014,39.28000
22-09-2014,39.63000
19-09-2014,39.84000
18-09-2014,39.28000
17-09-2014,38.82000
16-09-2014,38.75000
15-09-2014,39.48000
12-09-2014,39.34000
11-09-2014,39.10000
10-09-2014,38.91000
09-09-2014,38.91000
08-09-2014,38.86000
05-09-2014,38.42000
04-09-2014,38.12000
03-09-2014,38.08000
02-09-2014,37.77000
01-09-2014,37.28000
28-08-2014,36.95000
27-08-2014,37.04000
26-08-2014,36.65000
25-08-2014,36.59000
22-08-2014,36.29000
21-08-2014,35.93000
20-08-2014,35.76000
19-08-2014,35.30000
18-08-2014,35.17000
14-08-2014,34.90000
13-08-2014,34.74000
12-08-2014,34.59000
11-08-2014,34.48000
08-08-2014,34.39000
07-08-2014,34.54000
06-08-2014,34.69000
05-08-2014,34.67000
04-08-2014,34.58000
01-08-2014,34.17000
31-07-2014,34.57000
30-07-2014,34.55000
28-07-2014,34.29000
25-07-2014,34.09000
24-07-2014,34.04000
23-07-2014,33.96000
22-07-2014,33.80000
21-07-2014,33.40000
18-07-2014,33.41000
17-07-2014,33.32000
16-07-2014,33.10000
15-07-2014,32.68000
14-07-2014,32.39000
11-07-2014,32.75000
10-07-2014,32.67000
09-07-2014,32.68000
08-07-2014,33.10000
07-07-2014,33.69000
04-07-2014,33.27000
03-07-2014,33.18000
02-07-2014,32.99000
01-07-2014,32.72000
30-06-2014,32.77000
27-06-2014,32.35000
26-06-2014,31.69000
25-06-2014,31.72000
24-06-2014,31.66000
23-06-2014,31.57000
20-06-2014,31.58000
19-06-2014,31.58000
18-06-2014,31.29000
17-06-2014,31.42000
16-06-2014,31.19000
13-06-2014,31.02000
12-06-2014,31.15000
11-06-2014,30.87000
10-06-2014,30.62000
09-06-2014,30.22000
06-06-2014,30.01000
05-06-2014,29.67000
04-06-2014,29.38000
03-06-2014,29.34000
02-06-2014,29.40000
30-05-2014,29.34000
29-05-2014,28.93000
28-05-2014,29.21000
27-05-2014,28.86000
26-05-2014,28.54000
23-05-2014,28.62000
22-05-2014,28.46000
21-05-2014,28.51000
20-05-2014,28.16000
19-05-2014,27.62000
16-05-2014,28.45000
15-05-2014,28.79000
14-05-2014,29.10000
13-05-2014,29.08000
12-05-2014,28.83000
09-05-2014,28.83000
08-05-2014,28.72000
07-05-2014,28.65000
06-05-2014,28.92000
05-05-2014,28.92000
02-05-2014,29.11000
30-04-2014,28.91000
29-04-2014,29.10000
28-04-2014,29.09000
25-04-2014,28.85000
23-04-2014,28.94000
22-04-2014,28.74000
21-04-2014,28.79000
17-04-2014,28.76000
16-04-2014,28.48000
15-04-2014,28.84000
11-04-2014,28.80000
10-04-2014,28.55000
09-04-2014,28.78000
07-04-2014,28.72000
04-04-2014,28.80000
03-04-2014,28.82000
02-04-2014,28.67000
01-04-2014,28.14000
31-03-2014,28.19000
28-03-2014,28.10000
27-03-2014,27.98000
26-03-2014,27.99000
25-03-2014,28.28000
24-03-2014,28.31000
21-03-2014,28.30000
20-03-2014,28.25000
19-03-2014,28.07000
18-03-2014,28.22000
14-03-2014,28.22000
13-03-2014,28.20000
12-03-2014,28.66000
11-03-2014,28.45000
10-03-2014,28.58000
07-03-2014,29.01000
06-03-2014,29.61000
05-03-2014,29.52000
04-03-2014,29.42000
03-03-2014,29.43000
28-02-2014,29.63000
26-02-2014,29.20000
25-02-2014,29.04000
24-02-2014,28.98000
21-02-2014,28.81000
20-02-2014,28.44000
19-02-2014,28.35000
18-02-2014,28.08000
17-02-2014,28.05000
14-02-2014,27.92000
13-02-2014,27.84000
12-02-2014,28.26000
11-02-2014,28.13000
10-02-2014,28.00000
07-02-2014,27.88000
06-02-2014,27.72000
05-02-2014,27.81000
04-02-2014,27.65000
03-02-2014,27.94000
31-01-2014,27.99000
30-01-2014,27.63000
29-01-2014,27.87000
28-01-2014,27.88000
27-01-2014,27.96000
24-01-2014,28.21000
23-01-2014,28.45000
22-01-2014,28.39000
21-01-2014,28.13000
20-01-2014,28.16000
17-01-2014,27.83000
16-01-2014,28.08000
15-01-2014,27.99000
14-01-2014,27.92000
13-01-2014,27.91000
10-01-2014,27.71000
09-01-2014,27.58000
08-01-2014,27.52000
07-01-2014,27.38000
06-01-2014,27.36000
03-01-2014,27.27000
02-01-2014,27.06000
01-01-2014,27.21000
31-12-2013,27.21000
30-12-2013,27.14000
27-12-2013,27.30000
26-12-2013,27.09000
24-12-2013,27.13000
23-12-2013,27.15000
20-12-2013,27.25000
19-12-2013,26.79000
18-12-2013,26.52000
17-12-2013,26.27000
16-12-2013,26.06000
13-12-2013,25.87000
12-12-2013,26.09000
11-12-2013,26.24000
10-12-2013,26.18000
09-12-2013,25.89000
06-12-2013,25.86000
05-12-2013,25.75000
04-12-2013,26.00000
03-12-2013,25.88000
02-12-2013,25.89000
29-11-2013,25.73000
28-11-2013,25.58000
27-11-2013,25.56000
26-11-2013,25.72000
25-11-2013,25.68000
22-11-2013,25.56000
21-11-2013,25.42000
20-11-2013,25.70000
19-11-2013,25.88000
18-11-2013,25.93000
14-11-2013,25.77000
13-11-2013,25.62000
12-11-2013,25.64000
11-11-2013,25.64000
08-11-2013,25.58000
07-11-2013,25.46000
06-11-2013,25.37000
05-11-2013,25.12000
01-11-2013,25.08000
31-10-2013,25.17000
30-10-2013,25.18000
29-10-2013,24.95000
28-10-2013,24.64000
25-10-2013,24.75000
24-10-2013,24.66000
23-10-2013,24.67000
22-10-2013,24.84000
21-10-2013,24.79000
18-10-2013,24.83000
17-10-2013,24.62000
15-10-2013,24.86000
14-10-2013,24.84000
11-10-2013,24.74000
10-10-2013,24.59000
09-10-2013,24.35000
08-10-2013,24.11000
07-10-2013,24.03000
04-10-2013,23.73000
03-10-2013,23.67000
01-10-2013,23.40000
30-09-2013,23.37000
27-09-2013,23.26000
26-09-2013,23.21000
25-09-2013,23.23000
24-09-2013,23.05000
23-09-2013,23.00000
20-09-2013,22.98000
19-09-2013,22.90000
18-09-2013,22.81000
17-09-2013,22.67000
16-09-2013,22.51000
13-09-2013,22.75000
12-09-2013,22.86000
11-09-2013,22.88000
10-09-2013,22.87000
06-09-2013,22.62000
05-09-2013,22.60000
04-09-2013,22.75000
03-09-2013,22.39000
02-09-2013,22.63000
30-08-2013,22.50000
29-08-2013,22.22000
28-08-2013,21.93000
27-08-2013,21.69000
26-08-2013,21.89000
23-08-2013,21.71000
22-08-2013,21.45000
21-08-2013,21.07000
20-08-2013,21.50000
19-08-2013,21.82000
16-08-2013,22.04000
14-08-2013,22.35000
13-08-2013,22.33000
12-08-2013,21.90000
08-08-2013,21.65000
07-08-2013,21.52000
06-08-2013,21.68000
05-08-2013,21.91000
02-08-2013,21.78000
01-08-2013,21.78000
31-07-2013,21.83000
30-07-2013,21.52000
29-07-2013,21.70000
26-07-2013,21.42000
25-07-2013,21.48000
24-07-2013,21.72000
23-07-2013,21.73000
22-07-2013,21.62000
19-07-2013,21.63000
18-07-2013,21.53000
17-07-2013,21.43000
16-07-2013,21.32000
15-07-2013,21.47000
12-07-2013,21.30000
11-07-2013,20.83000
10-07-2013,20.64000
09-07-2013,20.48000
08-07-2013,20.31000
05-07-2013,20.23000
04-07-2013,20.20000
03-07-2013,19.88000
02-07-2013,19.97000
01-07-2013,19.98000
28-06-2013,19.97000
27-06-2013,19.78000
26-06-2013,19.45000
25-06-2013,19.39000
24-06-2013,19.50000
21-06-2013,19.63000
20-06-2013,19.55000
19-06-2013,19.80000
18-06-2013,19.75000
17-06-2013,19.70000
14-06-2013,19.62000
13-06-2013,19.51000
12-06-2013,19.66000
11-06-2013,19.66000
10-06-2013,19.69000
07-06-2013,19.70000
06-06-2013,19.61000
05-06-2013,19.62000
04-06-2013,19.65000
03-06-2013,19.60000
31-05-2013,19.58000
30-05-2013,19.61000
29-05-2013,19.70000
28-05-2013,19.62000
27-05-2013,19.56000
24-05-2013,19.38000
23-05-2013,19.33000
22-05-2013,19.49000
21-05-2013,19.39000
20-05-2013,19.45000
17-05-2013,19.65000
16-05-2013,19.76000
15-05-2013,19.69000
14-05-2013,19.51000
13-05-2013,19.45000
10-05-2013,19.57000
09-05-2013,19.50000
08-05-2013,19.53000
07-05-2013,19.51000
06-05-2013,19.36000
03-05-2013,19.24000
02-05-2013,19.25000
30-04-2013,19.11000
29-04-2013,18.98000
26-04-2013,18.84000
25-04-2013,18.99000
23-04-2013,18.99000
22-04-2013,18.95000
18-04-2013,19.06000
17-04-2013,19.03000
16-04-2013,19.05000
15-04-2013,18.95000
12-04-2013,19.06000
11-04-2013,19.62000
10-04-2013,19.41000
09-04-2013,19.21000
08-04-2013,19.37000
05-04-2013,19.37000
04-04-2013,19.36000
03-04-2013,19.62000
02-04-2013,19.76000
01-04-2013,19.56000
28-03-2013,19.44000
26-03-2013,19.36000
25-03-2013,19.23000
22-03-2013,19.25000
21-03-2013,19.34000
20-03-2013,19.36000
19-03-2013,19.54000
18-03-2013,19.72000
15-03-2013,19.74000
14-03-2013,19.70000
13-03-2013,19.70000
12-03-2013,19.80000
11-03-2013,19.92000
08-03-2013,19.91000
07-03-2013,19.80000
06-03-2013,19.61000
05-03-2013,19.45000
04-03-2013,19.17000
01-03-2013,19.24000
28-02-2013,19.17000
27-02-2013,19.24000
26-02-2013,19.32000
25-02-2013,19.45000
22-02-2013,19.35000
21-02-2013,19.25000
20-02-2013,19.39000
19-02-2013,19.28000
18-02-2013,19.09000
15-02-2013,19.08000
14-02-2013,19.15000
13-02-2013,19.31000
12-02-2013,19.22000
11-02-2013,19.15000
08-02-2013,19.16000
07-02-2013,19.18000
06-02-2013,19.21000
05-02-2013,19.10000
04-02-2013,19.26000
01-02-2013,19.38000
31-01-2013,19.47000
30-01-2013,19.55000
29-01-2013,19.60000
28-01-2013,19.64000
25-01-2013,19.71000
24-01-2013,19.53000
23-01-2013,19.69000
22-01-2013,19.68000
21-01-2013,19.79000
18-01-2013,19.71000
17-01-2013,19.87000
16-01-2013,19.74000
15-01-2013,19.80000
14-01-2013,19.72000
11-01-2013,19.54000
10-01-2013,19.28000
09-01-2013,19.34000
08-01-2013,19.34000
07-01-2013,19.35000
04-01-2013,19.35000
03-01-2013,19.30000
02-01-2013,19.16000
01-01-2013,19.07000
31-12-2012,18.95000
28-12-2012,18.91000
27-12-2012,18.82000
26-12-2012,18.87000
24-12-2012,18.71000
21-12-2012,18.69000
20-12-2012,18.96000
19-12-2012,18.96000
18-12-2012,18.86000
17-12-2012,18.70000
14-12-2012,18.80000
13-12-2012,18.69000
12-12-2012,18.72000
11-12-2012,18.70000
10-12-2012,18.85000
07-12-2012,18.83000
06-12-2012,18.94000
05-12-2012,18.95000
04-12-2012,19.00000
03-12-2012,18.95000
30-11-2012,18.94000
29-11-2012,18.73000
27-11-2012,18.52000
26-11-2012,18.22000
23-11-2012,18.11000
22-11-2012,18.18000
21-11-2012,18.13000
20-11-2012,17.99000
19-11-2012,18.02000
16-11-2012,18.10000
15-11-2012,18.12000
12-11-2012,18.18000
09-11-2012,18.07000
08-11-2012,18.20000
07-11-2012,18.27000
06-11-2012,18.15000
05-11-2012,18.11000
02-11-2012,18.14000
01-11-2012,17.98000
31-10-2012,17.82000
30-10-2012,17.75000
29-10-2012,17.85000
26-10-2012,17.84000
25-10-2012,17.96000
23-10-2012,17.88000
22-10-2012,17.93000
19-10-2012,17.86000
18-10-2012,17.88000
17-10-2012,17.72000
16-10-2012,17.63000
15-10-2012,17.69000
12-10-2012,17.67000
11-10-2012,17.84000
10-10-2012,17.68000
09-10-2012,17.89000
08-10-2012,17.79000
05-10-2012,17.89000
04-10-2012,18.16000
03-10-2012,18.01000
01-10-2012,17.97000
28-09-2012,17.88000
27-09-2012,17.72000
26-09-2012,17.72000
25-09-2012,17.86000
24-09-2012,17.85000
21-09-2012,17.75000
20-09-2012,17.52000
18-09-2012,17.54000
17-09-2012,17.48000
14-09-2012,17.43000
13-09-2012,17.19000
12-09-2012,17.18000
11-09-2012,17.01000
10-09-2012,16.86000
07-09-2012,16.76000
06-09-2012,16.53000
05-09-2012,16.34000
04-09-2012,16.42000
03-09-2012,16.39000
31-08-2012,16.36000
30-08-2012,16.46000
29-08-2012,16.40000
28-08-2012,16.47000
27-08-2012,16.53000
24-08-2012,16.69000
23-08-2012,16.80000
22-08-2012,16.69000
21-08-2012,16.79000
17-08-2012,16.67000
16-08-2012,16.65000
14-08-2012,16.60000
13-08-2012,16.49000
10-08-2012,16.41000
09-08-2012,16.41000
08-08-2012,16.48000
07-08-2012,16.51000
06-08-2012,16.37000
03-08-2012,16.28000
02-08-2012,16.26000
01-08-2012,16.30000
31-07-2012,16.25000
30-07-2012,16.14000
27-07-2012,15.94000
26-07-2012,15.90000
25-07-2012,16.07000
24-07-2012,16.08000
23-07-2012,16.13000
20-07-2012,16.35000
19-07-2012,16.44000
18-07-2012,16.30000
17-07-2012,16.26000
16-07-2012,16.29000
13-07-2012,16.36000
12-07-2012,16.38000
11-07-2012,16.73000
10-07-2012,16.73000
09-07-2012,16.55000
06-07-2012,16.60000
05-07-2012,16.67000
04-07-2012,16.53000
03-07-2012,16.41000
02-07-2012,16.36000
29-06-2012,16.23000
28-06-2012,15.96000
27-06-2012,15.93000
26-06-2012,15.81000
25-06-2012,15.80000
22-06-2012,15.79000
21-06-2012,15.81000
20-06-2012,15.66000
19-06-2012,15.66000
18-06-2012,15.59000
15-06-2012,15.79000
14-06-2012,15.60000
13-06-2012,15.75000
12-06-2012,15.76000
11-06-2012,15.66000
08-06-2012,15.73000
07-06-2012,15.74000
06-06-2012,15.57000
05-06-2012,15.27000
04-06-2012,15.22000
01-06-2012,15.21000
31-05-2012,15.50000
30-05-2012,15.50000
29-05-2012,15.60000
28-05-2012,15.61000
25-05-2012,15.41000
24-05-2012,15.37000
23-05-2012,15.05000
22-05-2012,15.15000
21-05-2012,15.27000
18-05-2012,15.25000
17-05-2012,15.21000
16-05-2012,15.21000
15-05-2012,15.48000
14-05-2012,15.35000
11-05-2012,15.45000
10-05-2012,15.60000
09-05-2012,15.52000
08-05-2012,15.68000
07-05-2012,15.96000
04-05-2012,15.94000
03-05-2012,16.17000
02-05-2012,16.30000
30-04-2012,16.24000
27-04-2012,16.10000
26-04-2012,16.04000
25-04-2012,16.10000
24-04-2012,16.21000
23-04-2012,16.15000
20-04-2012,16.44000
19-04-2012,16.50000
18-04-2012,16.47000
17-04-2012,16.47000
16-04-2012,16.40000
13-04-2012,16.40000
12-04-2012,16.77000
11-04-2012,16.71000
10-04-2012,16.71000
09-04-2012,16.66000
04-04-2012,16.87000
03-04-2012,16.91000
02-04-2012,16.77000
30-03-2012,16.65000
29-03-2012,16.33000
28-03-2012,16.34000
27-03-2012,16.49000
26-03-2012,16.37000
23-03-2012,16.67000
22-03-2012,16.57000
21-03-2012,16.93000
20-03-2012,16.66000
19-03-2012,16.58000
16-03-2012,16.84000
15-03-2012,16.96000
14-03-2012,17.26000
13-03-2012,17.08000
12-03-2012,16.95000
09-03-2012,16.97000
07-03-2012,16.72000
06-03-2012,16.65000
05-03-2012,16.67000
02-03-2012,16.93000
01-03-2012,16.83000
29-02-2012,16.88000
28-02-2012,16.84000
27-02-2012,16.49000
24-02-2012,17.01000
23-02-2012,17.16000
22-02-2012,17.30000
21-02-2012,17.79000
17-02-2012,17.72000
16-02-2012,17.52000
15-02-2012,17.43000
14-02-2012,17.02000
13-02-2012,16.95000
10-02-2012,16.95000
09-02-2012,17.05000
08-02-2012,16.87000
07-02-2012,16.80000
06-02-2012,16.92000
03-02-2012,16.72000
02-02-2012,16.53000
01-02-2012,16.40000
31-01-2012,16.24000
30-01-2012,15.83000
27-01-2012,16.22000
25-01-2012,16.07000
24-01-2012,15.94000
23-01-2012,15.56000
20-01-2012,15.49000
19-01-2012,15.37000
18-01-2012,15.17000
17-01-2012,15.28000
16-01-2012,15.07000
13-01-2012,15.03000
12-01-2012,14.93000
11-01-2012,15.01000
10-01-2012,14.91000
09-01-2012,14.63000
06-01-2012,14.57000
05-01-2012,14.68000
04-01-2012,14.59000
03-01-2012,14.53000
02-01-2012,14.13000
30-12-2011,14.09000
29-12-2011,14.06000
28-12-2011,14.17000
27-12-2011,14.33000
26-12-2011,14.44000
23-12-2011,14.23000
22-12-2011,14.38000
21-12-2011,14.29000
20-12-2011,13.85000
19-12-2011,14.00000
16-12-2011,14.30000
15-12-2011,14.57000
14-12-2011,14.64000
13-12-2011,14.72000
12-12-2011,14.77000
09-12-2011,15.05000
08-12-2011,15.24000
07-12-2011,15.54000
05-12-2011,15.46000
02-12-2011,15.47000
01-12-2011,15.17000
30-11-2011,14.88000
29-11-2011,14.89000
28-11-2011,15.08000
25-11-2011,14.57000
24-11-2011,14.62000
23-11-2011,14.47000
22-11-2011,14.83000
21-11-2011,14.73000
18-11-2011,15.11000
17-11-2011,15.11000
16-11-2011,15.37000
15-11-2011,15.41000
14-11-2011,15.76000
11-11-2011,15.71000
09-11-2011,15.99000
08-11-2011,16.15000
04-11-2011,16.18000
03-11-2011,16.11000
02-11-2011,16.07000
01-11-2011,16.08000
31-10-2011,16.22000
28-10-2011,16.20000
25-10-2011,15.74000
24-10-2011,15.59000
21-10-2011,15.53000
20-10-2011,15.67000
19-10-2011,15.82000
18-10-2011,15.55000
17-10-2011,15.81000
14-10-2011,15.78000
13-10-2011,15.62000
12-10-2011,15.63000
11-10-2011,15.29000
10-10-2011,15.32000
07-10-2011,15.10000
05-10-2011,14.77000
04-10-2011,14.95000
03-10-2011,15.20000
30-09-2011,15.50000
29-09-2011,15.72000
28-09-2011,15.56000
27-09-2011,15.67000
26-09-2011,15.34000
23-09-2011,15.40000
22-09-2011,15.49000
21-09-2011,16.08000
20-09-2011,16.03000
19-09-2011,15.72000
16-09-2011,15.82000
15-09-2011,15.67000
14-09-2011,15.47000
13-09-2011,15.34000
12-09-2011,15.29000
09-09-2011,15.66000
08-09-2011,15.92000
07-09-2011,15.82000
06-09-2011,15.61000
05-09-2011,15.52000
02-09-2011,15.56000
30-08-2011,15.59000
29-08-2011,15.34000
26-08-2011,14.90000
25-08-2011,15.15000
24-08-2011,15.30000
23-08-2011,15.43000
22-08-2011,15.23000
19-08-2011,15.10000
18-08-2011,15.36000
17-08-2011,15.77000
16-08-2011,15.81000
12-08-2011,15.89000
11-08-2011,16.11000
10-08-2011,16.27000
09-08-2011,16.09000
08-08-2011,16.23000
05-08-2011,16.40000
04-08-2011,16.71000
03-08-2011,16.79000
02-08-2011,16.89000
01-08-2011,17.10000
29-07-2011,17.11000
28-07-2011,17.12000
27-07-2011,17.31000
26-07-2011,17.34000
25-07-2011,17.56000
22-07-2011,17.38000
21-07-2011,17.10000
20-07-2011,17.18000
19-07-2011,17.36000
18-07-2011,17.22000
15-07-2011,17.25000
14-07-2011,17.32000
13-07-2011,17.27000
12-07-2011,17.10000
11-07-2011,17.34000
08-07-2011,17.48000
07-07-2011,17.62000
06-07-2011,17.40000
05-07-2011,17.41000
04-07-2011,17.47000
01-07-2011,17.36000
30-06-2011,17.34000
29-06-2011,17.30000
28-06-2011,17.14000
27-06-2011,17.10000
24-06-2011,16.88000
23-06-2011,16.43000
22-06-2011,16.38000
21-06-2011,16.38000
20-06-2011,16.38000
17-06-2011,16.62000
16-06-2011,16.68000
15-06-2011,16.80000
14-06-2011,17.00000
13-06-2011,16.92000
10-06-2011,16.87000
09-06-2011,16.95000
08-06-2011,17.00000
07-06-2011,17.09000
06-06-2011,17.00000
03-06-2011,17.02000
02-06-2011,17.07000
01-06-2011,17.15000
31-05-2011,17.04000
30-05-2011,16.76000
27-05-2011,16.76000
26-05-2011,16.50000
25-05-2011,16.38000
24-05-2011,16.58000
23-05-2011,16.58000
20-05-2011,16.86000
19-05-2011,16.74000
18-05-2011,16.81000
17-05-2011,16.86000
16-05-2011,17.05000
13-05-2011,17.19000
12-05-2011,17.05000
11-05-2011,17.20000
10-05-2011,17.14000
09-05-2011,17.15000
06-05-2011,17.22000
05-05-2011,16.94000
04-05-2011,17.12000
03-05-2011,17.12000
02-05-2011,17.49000
29-04-2011,17.67000
28-04-2011,17.79000
27-04-2011,17.90000
26-04-2011,17.94000
25-04-2011,17.95000
21-04-2011,17.89000
20-04-2011,17.84000
19-04-2011,17.64000
18-04-2011,17.53000
15-04-2011,17.79000
13-04-2011,18.04000
11-04-2011,17.70000
08-04-2011,17.84000
07-04-2011,18.04000
06-04-2011,18.04000
05-04-2011,18.11000
04-04-2011,18.08000
01-04-2011,17.82000
31-03-2011,17.80000
30-03-2011,17.66000
29-03-2011,17.45000
28-03-2011,17.34000
25-03-2011,17.22000
24-03-2011,16.82000
23-03-2011,16.66000
22-03-2011,16.48000
21-03-2011,16.30000
18-03-2011,16.35000
17-03-2011,16.47000
16-03-2011,16.54000
15-03-2011,16.34000
14-03-2011,16.64000
11-03-2011,16.49000
10-03-2011,16.64000
09-03-2011,16.68000
08-03-2011,16.71000
07-03-2011,16.56000
04-03-2011,16.73000
03-03-2011,16.71000
01-03-2011,16.70000
28-02-2011,16.16000
25-02-2011,16.09000
24-02-2011,15.96000
23-02-2011,16.40000
22-02-2011,16.58000
21-02-2011,16.83000
18-02-2011,16.71000
17-02-2011,16.99000
16-02-2011,16.76000
15-02-2011,16.74000
14-02-2011,16.69000
11-02-2011,16.20000
10-02-2011,15.80000
09-02-2011,15.85000
08-02-2011,16.09000
07-02-2011,16.35000
04-02-2011,16.40000
03-02-2011,16.74000
02-02-2011,16.46000
01-02-2011,16.41000
31-01-2011,16.60000
28-01-2011,16.68000
27-01-2011,16.95000
25-01-2011,17.20000
24-01-2011,17.36000
21-01-2011,17.15000
20-01-2011,17.29000
19-01-2011,17.21000
18-01-2011,17.28000
17-01-2011,17.08000
14-01-2011,17.08000
13-01-2011,17.40000
12-01-2011,17.77000
11-01-2011,17.45000
10-01-2011,17.51000
07-01-2011,17.89000
06-01-2011,18.23000
05-01-2011,18.35000
04-01-2011,18.59000
03-01-2011,18.71000
31-12-2010,18.67000
30-12-2010,18.50000
29-12-2010,18.37000
28-12-2010,18.16000
27-12-2010,18.10000
24-12-2010,18.13000
23-12-2010,18.08000
22-12-2010,18.07000
21-12-2010,18.11000
20-12-2010,17.95000
16-12-2010,18.03000
15-12-2010,17.88000
14-12-2010,18.10000
13-12-2010,17.93000
10-12-2010,17.79000
09-12-2010,17.53000
08-12-2010,17.99000
07-12-2010,18.29000
06-12-2010,18.42000
03-12-2010,18.49000
02-12-2010,18.64000
01-12-2010,18.47000
30-11-2010,18.13000
29-11-2010,17.90000
26-11-2010,17.75000
25-11-2010,17.94000
24-11-2010,18.15000
23-11-2010,18.45000
22-11-2010,18.68000
19-11-2010,18.30000
18-11-2010,18.58000
16-11-2010,18.63000
15-11-2010,18.97000
12-11-2010,18.86000
11-11-2010,19.19000
10-11-2010,19.46000
09-11-2010,19.27000
08-11-2010,19.17000
04-11-2010,19.16000
03-11-2010,18.84000
02-11-2010,18.77000
01-11-2010,18.70000
29-10-2010,18.43000
28-10-2010,18.52000
27-10-2010,18.58000
26-10-2010,18.83000
25-10-2010,18.99000
22-10-2010,18.94000
21-10-2010,19.00000
20-10-2010,18.69000
19-10-2010,18.78000
18-10-2010,18.92000
15-10-2010,18.95000
14-10-2010,19.33000
13-10-2010,19.46000
12-10-2010,19.00000
11-10-2010,19.08000
08-10-2010,19.05000
07-10-2010,19.13000
06-10-2010,19.31000
05-10-2010,19.12000
04-10-2010,19.10000
01-10-2010,19.03000
30-09-2010,18.75000
29-09-2010,18.68000
28-09-2010,18.78000
27-09-2010,18.82000
24-09-2010,18.86000
23-09-2010,18.72000
22-09-2010,18.80000
21-09-2010,18.87000
20-09-2010,18.79000
17-09-2010,18.65000
16-09-2010,18.55000
15-09-2010,18.76000
14-09-2010,18.60000
13-09-2010,18.49000
09-09-2010,18.23000
08-09-2010,18.08000
07-09-2010,18.03000
06-09-2010,17.93000
03-09-2010,17.67000
02-09-2010,17.66000
01-09-2010,17.56000
31-08-2010,17.33000
30-08-2010,17.37000
27-08-2010,17.33000
26-08-2010,17.56000
25-08-2010,17.52000
24-08-2010,17.67000
23-08-2010,17.75000
20-08-2010,17.74000
19-08-2010,17.80000
18-08-2010,17.62000
17-08-2010,17.39000
16-08-2010,17.38000
13-08-2010,17.45000
12-08-2010,17.36000
11-08-2010,17.38000
10-08-2010,17.57000
09-08-2010,17.66000
06-08-2010,17.51000
05-08-2010,17.53000
04-08-2010,17.52000
03-08-2010,17.40000
02-08-2010,17.36000
30-07-2010,17.18000
29-07-2010,17.28000
28-07-2010,17.25000
27-07-2010,17.26000
26-07-2010,17.20000
23-07-2010,17.28000
22-07-2010,17.26000
21-07-2010,17.12000
20-07-2010,17.05000
19-07-2010,17.12000
16-07-2010,17.13000
15-07-2010,16.98000
14-07-2010,17.02000
13-07-2010,17.10000
12-07-2010,17.11000
09-07-2010,16.97000
08-07-2010,16.72000
07-07-2010,16.48000
06-07-2010,16.57000
05-07-2010,16.41000
02-07-2010,16.40000
01-07-2010,16.40000
30-06-2010,16.56000
29-06-2010,16.48000
28-06-2010,16.63000
25-06-2010,16.42000
24-06-2010,16.62000
23-06-2010,16.62000
22-06-2010,16.55000
21-06-2010,16.69000
18-06-2010,16.47000
17-06-2010,16.47000
16-06-2010,16.39000
15-06-2010,16.28000
14-06-2010,16.25000
11-06-2010,16.04000
10-06-2010,16.01000
09-06-2010,15.75000
08-06-2010,15.72000
07-06-2010,15.86000
04-06-2010,16.12000
03-06-2010,16.05000
02-06-2010,15.78000
01-06-2010,15.59000
31-05-2010,15.95000
28-05-2010,15.87000
27-05-2010,15.73000
26-05-2010,15.53000
25-05-2010,15.15000
24-05-2010,15.52000
21-05-2010,15.52000
20-05-2010,15.61000
19-05-2010,15.60000
18-05-2010,16.07000
17-05-2010,16.01000
14-05-2010,16.20000
13-05-2010,16.49000
12-05-2010,16.37000
11-05-2010,16.40000
10-05-2010,16.53000
07-05-2010,16.00000
06-05-2010,16.42000
05-05-2010,16.49000
04-05-2010,16.56000
03-05-2010,16.81000
30-04-2010,16.94000
29-04-2010,16.76000
28-04-2010,16.64000
27-04-2010,16.89000
26-04-2010,16.98000
23-04-2010,16.88000
22-04-2010,16.82000
21-04-2010,16.81000
20-04-2010,16.67000
19-04-2010,16.61000
16-04-2010,16.76000
15-04-2010,16.80000
13-04-2010,16.82000
12-04-2010,16.77000
09-04-2010,16.79000
08-04-2010,16.66000
07-04-2010,16.75000
06-04-2010,16.72000
05-04-2010,16.68000
01-04-2010,16.50000
31-03-2010,16.34000
30-03-2010,16.32000
29-03-2010,16.44000
26-03-2010,16.50000
25-03-2010,16.43000
23-03-2010,16.35000
22-03-2010,16.32000
19-03-2010,16.44000
18-03-2010,16.39000
17-03-2010,16.33000
16-03-2010,16.24000
15-03-2010,16.16000
12-03-2010,16.14000
11-03-2010,16.12000
10-03-2010,16.02000
09-03-2010,16.01000
08-03-2010,16.02000
05-03-2010,15.90000
04-03-2010,15.83000
03-03-2010,15.84000
02-03-2010,15.63000
26-02-2010,15.32000
25-02-2010,15.17000
24-02-2010,15.18000
23-02-2010,15.22000
22-02-2010,15.15000
19-02-2010,15.09000
18-02-2010,15.27000
17-02-2010,15.24000
16-02-2010,15.08000
15-02-2010,14.96000
11-02-2010,15.10000
10-02-2010,14.89000
09-02-2010,14.95000
08-02-2010,14.78000
05-02-2010,14.68000
04-02-2010,15.03000
03-02-2010,15.32000
02-02-2010,15.02000
01-02-2010,15.23000
29-01-2010,15.15000
28-01-2010,15.10000
27-01-2010,15.06000
25-01-2010,15.58000
22-01-2010,15.65000
21-01-2010,15.89000
20-01-2010,16.23000
19-01-2010,16.25000
18-01-2010,16.33000
15-01-2010,16.17000
14-01-2010,16.12000
13-01-2010,16.14000
12-01-2010,15.94000
11-01-2010,15.91000
08-01-2010,15.83000
07-01-2010,15.96000
06-01-2010,16.12000
05-01-2010,16.22000
04-01-2010,16.05000
31-12-2009,15.95000
30-12-2009,15.84000
29-12-2009,15.79000
24-12-2009,15.75000
23-12-2009,15.72000
22-12-2009,15.37000
21-12-2009,15.32000
18-12-2009,15.32000
17-12-2009,15.41000
16-12-2009,15.31000
15-12-2009,15.28000
14-12-2009,15.50000
11-12-2009,15.56000
10-12-2009,15.69000
09-12-2009,15.60000
08-12-2009,15.69000
07-12-2009,15.46000
04-12-2009,15.50000
03-12-2009,15.55000
02-12-2009,15.55000
01-12-2009,15.50000
30-11-2009,15.29000
27-11-2009,14.95000
26-11-2009,15.22000
25-11-2009,15.55000
24-11-2009,15.48000
23-11-2009,15.40000
20-11-2009,15.37000
19-11-2009,15.23000
18-11-2009,15.40000
17-11-2009,15.32000
16-11-2009,15.21000
13-11-2009,15.10000
12-11-2009,15.01000
11-11-2009,15.14000
10-11-2009,14.76000
09-11-2009,14.84000
06-11-2009,14.60000
05-11-2009,14.46000
04-11-2009,14.34000
03-11-2009,13.97000
30-10-2009,14.27000
29-10-2009,14.36000
28-10-2009,14.60000
27-10-2009,14.61000
26-10-2009,14.90000
23-10-2009,15.00000
22-10-2009,14.90000
21-10-2009,15.09000
20-10-2009,15.16000
16-10-2009,15.10000
15-10-2009,14.93000
14-10-2009,14.95000
12-10-2009,14.79000
09-10-2009,14.53000
08-10-2009,14.68000
07-10-2009,14.76000
06-10-2009,14.81000
05-10-2009,14.85000
01-10-2009,15.11000
30-09-2009,15.01000
29-09-2009,14.77000
25-09-2009,14.64000
24-09-2009,14.74000
23-09-2009,14.64000
22-09-2009,14.83000
18-09-2009,14.76000
17-09-2009,14.67000
16-09-2009,14.53000
15-09-2009,14.40000
14-09-2009,14.25000
11-09-2009,14.27000
10-09-2009,14.23000
09-09-2009,14.17000
08-09-2009,14.20000
07-09-2009,14.20000
04-09-2009,13.92000
03-09-2009,13.81000
02-09-2009,13.78000
01-09-2009,13.89000
31-08-2009,13.97000
28-08-2009,14.12000
27-08-2009,14.06000
26-08-2009,13.95000
25-08-2009,13.83000
24-08-2009,13.78000
21-08-2009,13.56000
20-08-2009,13.38000
19-08-2009,13.24000
18-08-2009,13.34000
17-08-2009,13.19000
14-08-2009,13.56000
13-08-2009,13.61000
12-08-2009,13.31000
11-08-2009,13.25000
10-08-2009,13.20000
07-08-2009,13.24000
06-08-2009,13.53000
05-08-2009,13.71000
04-08-2009,13.66000
03-08-2009,13.81000
31-07-2009,13.66000
30-07-2009,13.57000
29-07-2009,13.39000
28-07-2009,13.44000
27-07-2009,13.41000
24-07-2009,13.28000
23-07-2009,13.12000
22-07-2009,12.87000
21-07-2009,13.08000
20-07-2009,13.23000
17-07-2009,12.74000
16-07-2009,12.32000
15-07-2009,12.34000
14-07-2009,12.02000
13-07-2009,11.74000
10-07-2009,11.79000
09-07-2009,11.93000
08-07-2009,11.90000
07-07-2009,12.22000
06-07-2009,12.13000
03-07-2009,12.79000
02-07-2009,12.54000
01-07-2009,12.53000
30-06-2009,12.42000
29-06-2009,12.61000
26-06-2009,12.60000
25-06-2009,12.25000
24-06-2009,12.23000
23-06-2009,12.12000
22-06-2009,12.25000
19-06-2009,12.34000
18-06-2009,12.18000
17-06-2009,12.34000
16-06-2009,12.65000
15-06-2009,12.54000
12-06-2009,12.68000
11-06-2009,12.85000
10-06-2009,12.91000
09-06-2009,12.68000
08-06-2009,12.34000
05-06-2009,12.68000
04-06-2009,12.60000
03-06-2009,12.46000
02-06-2009,12.37000
01-06-2009,12.39000
29-05-2009,12.30000
28-05-2009,12.08000
27-05-2009,11.97000
26-05-2009,11.58000
25-05-2009,11.84000
22-05-2009,11.80000
21-05-2009,11.68000
20-05-2009,11.93000
19-05-2009,11.87000
15-05-2009,10.41000
14-05-2009,10.18000
13-05-2009,10.21000
12-05-2009,10.28000
11-05-2009,9.97000
08-05-2009,10.10000
07-05-2009,10.30000
06-05-2009,10.12000
05-05-2009,10.26000
04-05-2009,10.26000
29-04-2009,9.75000
28-04-2009,9.42000
27-04-2009,9.68000
24-04-2009,9.65000
23-04-2009,9.42000
22-04-2009,9.23000
21-04-2009,9.27000
20-04-2009,9.30000
17-04-2009,9.33000
16-04-2009,9.22000
15-04-2009,9.41000
13-04-2009,9.16000
09-04-2009,9.01000
08-04-2009,8.93000
06-04-2009,8.80000
02-04-2009,8.67000
01-04-2009,8.33000
31-03-2009,8.21000
30-03-2009,8.08000
27-03-2009,8.41000
26-03-2009,8.29000
25-03-2009,8.06000
24-03-2009,7.99000
23-03-2009,7.91000
20-03-2009,7.64000
19-03-2009,7.65000
18-03-2009,7.61000
17-03-2009,7.54000
16-03-2009,7.59000
13-03-2009,7.43000
12-03-2009,7.15000
09-03-2009,7.10000
06-03-2009,7.24000
05-03-2009,7.17000
04-03-2009,7.32000
03-03-2009,7.35000
02-03-2009,7.50000
27-02-2009,7.72000
26-02-2009,7.74000
25-02-2009,7.74000
24-02-2009,7.70000
20-02-2009,7.81000
19-02-2009,7.99000
18-02-2009,7.98000
17-02-2009,8.02000
16-02-2009,8.26000
13-02-2009,8.49000
12-02-2009,8.39000
11-02-2009,8.48000
10-02-2009,8.48000
09-02-2009,8.40000
06-02-2009,8.19000
05-02-2009,8.04000
04-02-2009,8.12000
03-02-2009,8.12000
02-02-2009,8.09000
30-01-2009,8.34000
29-01-2009,8.22000
28-01-2009,8.25000
27-01-2009,8.08000
23-01-2009,7.91000
22-01-2009,8.09000
21-01-2009,8.07000
20-01-2009,8.34000
19-01-2009,8.54000
16-01-2009,8.52000
15-01-2009,8.38000
14-01-2009,8.66000
13-01-2009,8.51000
12-01-2009,8.57000
09-01-2009,8.85000
07-01-2009,8.99000
06-01-2009,9.51000
05-01-2009,9.52000
02-01-2009,9.32000
01-01-2009,9.27000
31-12-2008,9.07000
30-12-2008,9.11000
29-12-2008,8.93000
26-12-2008,8.76000
24-12-2008,8.90000
23-12-2008,8.96000
22-12-2008,9.15000
19-12-2008,9.23000
18-12-2008,9.15000
17-12-2008,8.87000
16-12-2008,9.08000
15-12-2008,8.92000
12-12-2008,8.81000
11-12-2008,8.75000
10-12-2008,8.71000
08-12-2008,8.39000
05-12-2008,8.23000
04-12-2008,8.45000
03-12-2008,8.14000
02-12-2008,8.09000
01-12-2008,8.16000
28-11-2008,8.30000
26-11-2008,8.25000
25-11-2008,8.08000
24-11-2008,8.25000
21-11-2008,8.25000
20-11-2008,7.96000
19-11-2008,8.20000
18-11-2008,8.31000
17-11-2008,8.64000
14-11-2008,8.76000
12-11-2008,8.90000
11-11-2008,9.18000
10-11-2008,9.64000
07-11-2008,9.18000
06-11-2008,9.03000
05-11-2008,9.34000
04-11-2008,9.52000
03-11-2008,9.26000
31-10-2008,8.84000
29-10-2008,8.45000
27-10-2008,8.05000
24-10-2008,8.34000
23-10-2008,9.20000
22-10-2008,9.56000
21-10-2008,9.94000
20-10-2008,9.58000
17-10-2008,9.46000
16-10-2008,9.86000
15-10-2008,10.00000
14-10-2008,10.51000
13-10-2008,10.33000
10-10-2008,9.72000
08-10-2008,10.44000
07-10-2008,10.95000
06-10-2008,11.11000
03-10-2008,11.76000
01-10-2008,12.18000
30-09-2008,12.05000
29-09-2008,11.79000
26-09-2008,12.38000
25-09-2008,12.80000
24-09-2008,12.95000
23-09-2008,12.91000
22-09-2008,13.40000
19-09-2008,13.42000
18-09-2008,12.88000
17-09-2008,12.98000
16-09-2008,13.21000
15-09-2008,13.31000
12-09-2008,13.78000
11-09-2008,14.00000
10-09-2008,14.21000
09-09-2008,14.30000
08-09-2008,14.36000
05-09-2008,14.13000
04-09-2008,14.42000
02-09-2008,14.44000
01-09-2008,14.08000
29-08-2008,14.12000
28-08-2008,13.72000
27-08-2008,13.95000
26-08-2008,14.02000
25-08-2008,14.03000
22-08-2008,13.94000
21-08-2008,13.91000
20-08-2008,14.22000
19-08-2008,14.13000
18-08-2008,14.26000
14-08-2008,14.36000
13-08-2008,14.65000
12-08-2008,14.75000
11-08-2008,15.00000
08-08-2008,14.67000
07-08-2008,14.71000
06-08-2008,14.65000
05-08-2008,14.52000
04-08-2008,14.25000
01-08-2008,14.21000
31-07-2008,14.07000
30-07-2008,14.08000
29-07-2008,13.76000
28-07-2008,14.14000
25-07-2008,14.08000
24-07-2008,14.24000
23-07-2008,14.33000
22-07-2008,13.61000
21-07-2008,13.51000
18-07-2008,13.45000
17-07-2008,13.11000
16-07-2008,12.83000
15-07-2008,13.03000
14-07-2008,13.53000
11-07-2008,13.67000
10-07-2008,13.93000
09-07-2008,13.94000
08-07-2008,13.50000
07-07-2008,13.67000
04-07-2008,13.46000
03-07-2008,13.12000
02-07-2008,13.57000
01-07-2008,13.07000
30-06-2008,13.67000
27-06-2008,13.97000
26-06-2008,14.37000
25-06-2008,14.33000
24-06-2008,14.27000
23-06-2008,14.44000
20-06-2008,14.87000
19-06-2008,15.35000
18-06-2008,15.70000
17-06-2008,15.85000
16-06-2008,15.66000
13-06-2008,15.51000
12-06-2008,15.41000
11-06-2008,15.30000
10-06-2008,15.09000
09-06-2008,15.36000
06-06-2008,15.90000
05-06-2008,15.97000
04-06-2008,15.90000
03-06-2008,16.25000
02-06-2008,16.44000
30-05-2008,16.74000
29-05-2008,16.72000
28-05-2008,16.79000
27-05-2008,16.63000
26-05-2008,16.74000
23-05-2008,17.15000
22-05-2008,17.43000
21-05-2008,17.63000
20-05-2008,17.66000
16-05-2008,17.88000
15-05-2008,17.72000
14-05-2008,17.54000
13-05-2008,17.44000
12-05-2008,17.51000
09-05-2008,17.57000
08-05-2008,17.86000
07-05-2008,17.97000
06-05-2008,18.07000
05-05-2008,18.28000
02-05-2008,18.22000
30-04-2008,17.92000
29-04-2008,17.89000
28-04-2008,17.68000
25-04-2008,17.69000
24-04-2008,17.41000
23-04-2008,17.46000
22-04-2008,17.51000
21-04-2008,17.43000
17-04-2008,17.22000
16-04-2008,17.05000
15-04-2008,16.98000
11-04-2008,16.74000
10-04-2008,16.60000
09-04-2008,16.63000
08-04-2008,16.50000
07-04-2008,16.56000
04-04-2008,16.29000
03-04-2008,16.70000
02-04-2008,16.77000
01-04-2008,16.61000
31-03-2008,16.79000
28-03-2008,17.21000
27-03-2008,16.70000
26-03-2008,16.78000
25-03-2008,16.71000
24-03-2008,15.90000
19-03-2008,16.01000
18-03-2008,15.98000
17-03-2008,16.09000
14-03-2008,17.10000
13-03-2008,16.92000
12-03-2008,17.75000
11-03-2008,18.07000
10-03-2008,17.62000
07-03-2008,17.67000
05-03-2008,18.30000
04-03-2008,18.34000
03-03-2008,18.86000
29-02-2008,19.74000
28-02-2008,19.80000
27-02-2008,19.76000
26-02-2008,19.72000
25-02-2008,19.52000
22-02-2008,19.44000
21-02-2008,19.71000
20-02-2008,19.63000
19-02-2008,20.02000
18-02-2008,19.96000
15-02-2008,19.93000
14-02-2008,19.56000
13-02-2008,18.65000
12-02-2008,18.75000
11-02-2008,19.01000
08-02-2008,19.89000
07-02-2008,20.22000
06-02-2008,20.83000
05-02-2008,21.27000
04-02-2008,21.26000
01-02-2008,20.67000
31-01-2008,20.60000
30-01-2008,20.79000
29-01-2008,21.17000
28-01-2008,21.30000
25-01-2008,21.51000
24-01-2008,20.44000
23-01-2008,20.98000
22-01-2008,19.77000
21-01-2008,20.76000
18-01-2008,22.60000
17-01-2008,23.62000
16-01-2008,23.66000
15-01-2008,24.11000
14-01-2008,24.40000
11-01-2008,24.33000
10-01-2008,24.10000
09-01-2008,24.71000
08-01-2008,24.62000
07-01-2008,25.08000
04-01-2008,25.20000
03-01-2008,24.94000
02-01-2008,25.01000
01-01-2008,24.85000
31-12-2007,24.57000
28-12-2007,23.77000
27-12-2007,23.41000
26-12-2007,23.42000
24-12-2007,22.98000
20-12-2007,22.46000
19-12-2007,22.25000
18-12-2007,22.26000
17-12-2007,22.33000
14-12-2007,23.11000
13-12-2007,23.10000
12-12-2007,22.99000
11-12-2007,22.73000
10-12-2007,22.59000
07-12-2007,22.53000
06-12-2007,22.37000
05-12-2007,22.27000
04-12-2007,21.93000
03-12-2007,21.70000
30-11-2007,21.32000
29-11-2007,20.93000
28-11-2007,20.98000
27-11-2007,21.17000
26-11-2007,21.15000
23-11-2007,20.81000
22-11-2007,20.61000
21-11-2007,20.61000
20-11-2007,21.40000
19-11-2007,21.68000
16-11-2007,21.36000
15-11-2007,21.36000
14-11-2007,21.15000
13-11-2007,20.43000
12-11-2007,20.01000
08-11-2007,20.26000
07-11-2007,20.54000
06-11-2007,20.66000
05-11-2007,20.86000
02-11-2007,20.82000
01-11-2007,20.65000
31-10-2007,20.92000
30-10-2007,20.75000
29-10-2007,20.86000
26-10-2007,20.44000
25-10-2007,19.93000
24-10-2007,19.64000
23-10-2007,19.51000
22-10-2007,18.72000
19-10-2007,18.67000
18-10-2007,19.07000
17-10-2007,19.84000
16-10-2007,20.21000
15-10-2007,19.95000
12-10-2007,19.43000
11-10-2007,19.59000
10-10-2007,19.38000
09-10-2007,19.00000
08-10-2007,18.48000
05-10-2007,18.94000
04-10-2007,19.09000
03-10-2007,19.09000
01-10-2007,18.86000
28-09-2007,18.75000
27-09-2007,18.51000
26-09-2007,18.40000
25-09-2007,18.29000
24-09-2007,18.34000
21-09-2007,18.21000
20-09-2007,18.10000
19-09-2007,18.04000
18-09-2007,17.61000
17-09-2007,17.44000
14-09-2007,17.47000
13-09-2007,17.61000
12-09-2007,17.53000
11-09-2007,17.49000
10-09-2007,17.59000
07-09-2007,17.60000
06-09-2007,17.67000
05-09-2007,17.56000
04-09-2007,17.57000
03-09-2007,17.54000
31-08-2007,17.34000
30-08-2007,17.06000
29-08-2007,16.93000
28-08-2007,16.91000
27-08-2007,16.92000
24-08-2007,16.49000
23-08-2007,16.34000
22-08-2007,16.46000
21-08-2007,16.36000
20-08-2007,16.88000
17-08-2007,16.63000
16-08-2007,16.79000
14-08-2007,17.38000
13-08-2007,17.46000
10-08-2007,17.36000
09-08-2007,17.48000
08-08-2007,17.65000
07-08-2007,17.41000
06-08-2007,17.37000
03-08-2007,17.46000
02-08-2007,17.20000
01-08-2007,17.07000
31-07-2007,17.65000
30-07-2007,17.43000
27-07-2007,17.36000
26-07-2007,17.87000
25-07-2007,17.88000
24-07-2007,18.09000
23-07-2007,18.20000
20-07-2007,18.13000
19-07-2007,18.19000
18-07-2007,18.08000
17-07-2007,18.04000
16-07-2007,18.10000
13-07-2007,18.11000
12-07-2007,17.99000
11-07-2007,17.78000
10-07-2007,17.78000
09-07-2007,17.90000
06-07-2007,17.72000
05-07-2007,17.65000
04-07-2007,17.71000
03-07-2007,17.82000
02-07-2007,17.61000
29-06-2007,17.51000
28-06-2007,17.30000
27-06-2007,17.33000
26-06-2007,17.39000
25-06-2007,17.31000
22-06-2007,17.29000
21-06-2007,17.28000
20-06-2007,17.15000
19-06-2007,17.00000
18-06-2007,16.84000
15-06-2007,16.89000
14-06-2007,16.77000
13-06-2007,16.57000
12-06-2007,16.69000
11-06-2007,16.76000
08-06-2007,16.74000
07-06-2007,16.81000
06-06-2007,16.79000
05-06-2007,17.05000
04-06-2007,17.01000
01-06-2007,17.10000
31-05-2007,17.05000
30-05-2007,16.84000
29-05-2007,16.93000
28-05-2007,16.79000
25-05-2007,16.51000
24-05-2007,16.33000
23-05-2007,16.44000
22-05-2007,16.50000
21-05-2007,16.56000
18-05-2007,16.49000
17-05-2007,16.52000
16-05-2007,16.43000
15-05-2007,16.25000
14-05-2007,16.19000
11-05-2007,15.99000
10-05-2007,15.85000
09-05-2007,15.81000
08-05-2007,15.81000
07-05-2007,15.97000
04-05-2007,16.04000
03-05-2007,16.08000
30-04-2007,16.01000
27-04-2007,15.84000
26-04-2007,16.02000
25-04-2007,16.03000
24-04-2007,15.94000
23-04-2007,15.75000
20-04-2007,15.86000
19-04-2007,15.74000
18-04-2007,15.71000
17-04-2007,15.66000
16-04-2007,15.79000
13-04-2007,15.52000
12-04-2007,15.21000
11-04-2007,15.15000
10-04-2007,15.09000
09-04-2007,14.99000
05-04-2007,14.75000
04-04-2007,14.61000
03-04-2007,14.51000
02-04-2007,14.42000
30-03-2007,14.96000
29-03-2007,14.84000
28-03-2007,14.76000
26-03-2007,15.00000
23-03-2007,15.13000
22-03-2007,15.10000
21-03-2007,14.87000
20-03-2007,14.71000
19-03-2007,14.60000
16-03-2007,14.43000
15-03-2007,14.57000
14-03-2007,14.48000
13-03-2007,14.84000
12-03-2007,14.71000
09-03-2007,14.57000
08-03-2007,14.61000
07-03-2007,14.14000
06-03-2007,14.43000
05-03-2007,14.27000
02-03-2007,14.87000
01-03-2007,15.12000
28-02-2007,14.98000
27-02-2007,15.53000
26-02-2007,15.58000
23-02-2007,15.57000
22-02-2007,16.01000
21-02-2007,16.00000
20-02-2007,15.98000
19-02-2007,16.14000
15-02-2007,16.10000
14-02-2007,15.72000
13-02-2007,15.73000
12-02-2007,15.84000
09-02-2007,16.32000
08-02-2007,16.49000
07-02-2007,16.47000
06-02-2007,16.25000
05-02-2007,16.11000
02-02-2007,16.05000
01-02-2007,15.99000
31-01-2007,15.94000
29-01-2007,16.02000
25-01-2007,16.06000
24-01-2007,16.01000
23-01-2007,15.97000
22-01-2007,16.11000
19-01-2007,16.12000
18-01-2007,16.19000
17-01-2007,16.24000
16-01-2007,15.99000
15-01-2007,15.98000
12-01-2007,15.76000
11-01-2007,15.56000
10-01-2007,15.34000
09-01-2007,15.40000
08-01-2007,15.49000
05-01-2007,15.65000
04-01-2007,15.75000
03-01-2007,15.79000
02-01-2007,15.62000
29-12-2006,15.44000
28-12-2006,15.34000
27-12-2006,15.20000
26-12-2006,15.08000
22-12-2006,14.90000
21-12-2006,14.65000
20-12-2006,14.27000
19-12-2006,14.17000
18-12-2006,14.40000
15-12-2006,14.35000
14-12-2006,14.22000
13-12-2006,13.83000
12-12-2006,13.57000
11-12-2006,14.05000
08-12-2006,14.36000
07-12-2006,14.47000
06-12-2006,14.43000
05-12-2006,14.56000
04-12-2006,14.47000
01-12-2006,14.43000
30-11-2006,14.31000
29-11-2006,14.19000
28-11-2006,14.04000
27-11-2006,14.23000
24-11-2006,14.23000
23-11-2006,14.19000
22-11-2006,14.28000
21-11-2006,14.18000
20-11-2006,13.84000
17-11-2006,13.91000
16-11-2006,14.13000
15-11-2006,14.01000
14-11-2006,13.90000
13-11-2006,13.93000
10-11-2006,13.83000
09-11-2006,13.68000
08-11-2006,13.59000
07-11-2006,13.69000
06-11-2006,13.51000
03-11-2006,13.31000
02-11-2006,13.31000
01-11-2006,13.21000
31-10-2006,13.14000
30-10-2006,13.16000
27-10-2006,13.04000
26-10-2006,12.90000
23-10-2006,12.75000
20-10-2006,12.67000
19-10-2006,12.59000
18-10-2006,12.56000
17-10-2006,12.56000
16-10-2006,12.58000
13-10-2006,12.49000
12-10-2006,12.37000
11-10-2006,12.27000
10-10-2006,12.31000
09-10-2006,12.29000
06-10-2006,12.15000
05-10-2006,12.11000
04-10-2006,11.93000
03-10-2006,12.07000
29-09-2006,12.09000
28-09-2006,11.97000
27-09-2006,11.93000
26-09-2006,11.90000
25-09-2006,11.79000
22-09-2006,11.76000
21-09-2006,11.79000
20-09-2006,11.63000
19-09-2006,11.59000
18-09-2006,11.64000
15-09-2006,11.60000
14-09-2006,11.56000
13-09-2006,11.53000
12-09-2006,11.33000
11-09-2006,11.23000
08-09-2006,11.48000
07-09-2006,11.44000
06-09-2006,11.47000
05-09-2006,11.43000
04-09-2006,11.38000
01-09-2006,11.23000
31-08-2006,11.20000
30-08-2006,11.27000
29-08-2006,11.25000
28-08-2006,11.25000
25-08-2006,11.21000
24-08-2006,11.03000
23-08-2006,10.98000
22-08-2006,11.13000
21-08-2006,11.08000
18-08-2006,10.96000
17-08-2006,10.98000
16-08-2006,11.07000
14-08-2006,10.97000
11-08-2006,10.78000
10-08-2006,10.69000
09-08-2006,10.54000
08-08-2006,10.43000
07-08-2006,10.22000
04-08-2006,10.23000
03-08-2006,10.21000
02-08-2006,10.16000
01-08-2006,10.07000
31-07-2006,10.09000
28-07-2006,9.90000
27-07-2006,9.89000
26-07-2006,9.81000
25-07-2006,9.64000
24-07-2006,9.45000
21-07-2006,9.39000
20-07-2006,9.57000
19-07-2006,9.38000
18-07-2006,9.62000
17-07-2006,9.71000
14-07-2006,9.94000
13-07-2006,9.97000
12-07-2006,10.03000
11-07-2006,9.88000
10-07-2006,9.91000
07-07-2006,9.84000
06-07-2006,9.98000
05-07-2006,10.06000
04-07-2006,9.93000
03-07-2006,9.97000
30-06-2006,9.97000
29-06-2006,9.68000
28-06-2006,9.58000
27-06-2006,9.68000
26-06-2006,9.70000
23-06-2006,9.99000
22-06-2006,10.04000
21-06-2006,9.86000
20-06-2006,9.63000
19-06-2006,9.71000
16-06-2006,9.69000
15-06-2006,9.33000
14-06-2006,8.86000
13-06-2006,9.07000
12-06-2006,9.60000
09-06-2006,9.75000
08-06-2006,9.24000
07-06-2006,9.98000
06-06-2006,10.55000
05-06-2006,10.83000
02-06-2006,11.01000
01-06-2006,10.96000
31-05-2006,11.29000
30-05-2006,11.59000
29-05-2006,11.63000
26-05-2006,11.44000
25-05-2006,11.14000
24-05-2006,11.22000
23-05-2006,11.36000
22-05-2006,11.09000
19-05-2006,11.75000
18-05-2006,12.10000
17-05-2006,12.82000
16-05-2006,12.52000
15-05-2006,12.54000
12-05-2006,12.92000
11-05-2006,12.96000
10-05-2006,13.04000
09-05-2006,12.85000
08-05-2006,12.78000
05-05-2006,12.69000
04-05-2006,12.65000
03-05-2006,12.57000
02-05-2006,12.47000
28-04-2006,12.18000
27-04-2006,12.13000
26-04-2006,12.05000
25-04-2006,11.92000
24-04-2006,12.03000
21-04-2006,12.04000
20-04-2006,12.04000
19-04-2006,11.92000
18-04-2006,11.89000
17-04-2006,11.70000
13-04-2006,11.54000
12-04-2006,11.86000
10-04-2006,12.12000
07-04-2006,12.13000
05-04-2006,12.20000
04-04-2006,12.09000
03-04-2006,11.99000
02-04-2006,11.99000
