date,nav
29-09-2026,106.19000
28-09-2026,106.28000
25-09-2026,108.43000
24-09-2026,108.33000
23-09-2026,109.40000
22-09-2026,108.41000
21-09-2026,108.22000
18-09-2026,107.82000
17-09-2026,105.84000
16-09-2026,104.48000
15-09-2026,104.56000
11-09-2026,107.65000
10-09-2026,108.23000
09-09-2026,108.45000
08-09-2026,108.68000
07-09-2026,108.45000
04-09-2026,109.12000
03-09-2026,108.82000
02-09-2026,107.69000
01-09-2026,108.20000
31-08-2026,108.91000
28-08-2026,109.29000
27-08-2026,109.16000
26-08-2026,109.40000
25-08-2026,109.47000
24-08-2026,109.53000
21-08-2026,109.42000
20-08-2026,109.26000
19-08-2026,108.89000
18-08-2026,109.58000
17-08-2026,109.42000
14-08-2026,109.31000
13-08-2026,109.19000
12-08-2026,109.16000
11-08-2026,108.71000
10-08-2026,109.56000
07-08-2026,109.40000
06-08-2026,109.03000
05-08-2026,108.84000
04-08-2026,108.13000
03-08-2026,108.32000
31-07-2026,107.12000
30-07-2026,106.32000
29-07-2026,105.47000
28-07-2026,104.74000
27-07-2026,105.43000
24-07-2026,104.63000
23-07-2026,104.92000
22-07-2026,106.18000
21-07-2026,107.11000
20-07-2026,106.70000
17-07-2026,106.18000
16-07-2026,106.80000
15-07-2026,106.21000
14-07-2026,105.68000
13-07-2026,106.53000
10-07-2026,106.66000
09-07-2026,105.25000
08-07-2026,104.08000
07-07-2026,106.14000
06-07-2026,107.21000
03-07-2026,106.66000
02-07-2026,107.18000
01-07-2026,107.11000
30-06-2026,107.09000
29-06-2026,106.60000
25-06-2026,107.10000
24-06-2026,107.23000
23-06-2026,107.25000
22-06-2026,107.82000
19-06-2026,107.06000
18-06-2026,106.49000
17-06-2026,105.75000
16-06-2026,104.70000
15-06-2026,104.25000
12-06-2026,102.40000
11-06-2026,99.69000
10-06-2026,100.45000
09-06-2026,101.46000
08-06-2026,100.67000
05-06-2026,102.17000
04-06-2026,102.14000
03-06-2026,101.78000
02-06-2026,101.84000
01-06-2026,101.56000
29-05-2026,103.15000
27-05-2026,103.99000
26-05-2026,102.94000
25-05-2026,102.73000
22-05-2026,101.84000
21-05-2026,101.65000
20-05-2026,100.77000
19-05-2026,100.11000
18-05-2026,100.22000
15-05-2026,100.83000
14-05-2026,101.05000
13-05-2026,100.22000
12-05-2026,99.67000
11-05-2026,101.61000
08-05-2026,103.46000
07-05-2026,103.62000
06-05-2026,102.83000
05-05-2026,102.15000
04-05-2026,102.81000
30-04-2026,101.69000
29-04-2026,102.38000
28-04-2026,102.15000
27-04-2026,102.34000
24-04-2026,100.85000
23-04-2026,101.59000
22-04-2026,101.87000
21-04-2026,101.09000
20-04-2026,100.43000
17-04-2026,99.98000
16-04-2026,98.90000
15-04-2026,98.17000
13-04-2026,95.88000
10-04-2026,95.94000
09-04-2026,94.03000
08-04-2026,93.92000
07-04-2026,90.36000
06-04-2026,89.97000
02-04-2026,89.06000
01-04-2026,89.08000
31-03-2026,86.90000
30-03-2026,86.91000
27-03-2026,88.52000
25-03-2026,90.16000
24-03-2026,88.25000
23-03-2026,86.40000
20-03-2026,89.80000
19-03-2026,89.26000
18-03-2026,91.62000
17-03-2026,90.50000
16-03-2026,89.70000
13-03-2026,89.94000
12-03-2026,92.24000
11-03-2026,92.54000
10-03-2026,93.12000
09-03-2026,91.94000
06-03-2026,94.15000
05-03-2026,94.43000
04-03-2026,92.77000
02-03-2026,95.08000
27-02-2026,96.99000
26-02-2026,97.89000
25-02-2026,97.70000
24-02-2026,97.42000
23-02-2026,97.94000
20-02-2026,97.19000
19-02-2026,96.34000
18-02-2026,97.76000
17-02-2026,97.26000
16-02-2026,96.61000
13-02-2026,96.17000
12-02-2026,97.14000
11-02-2026,97.60000
10-02-2026,97.44000
09-02-2026,96.81000
06-02-2026,94.95000
05-02-2026,95.06000
04-02-2026,95.85000
03-02-2026,94.94000
02-02-2026,91.83000
30-01-2026,92.69000
29-01-2026,91.93000
28-01-2026,91.37000
27-01-2026,89.58000
23-01-2026,88.93000
22-01-2026,90.21000
21-01-2026,89.53000
20-01-2026,90.05000
19-01-2026,91.86000
16-01-2026,92.59000
14-01-2026,92.87000
13-01-2026,92.50000
12-01-2026,92.72000
09-01-2026,93.16000
08-01-2026,94.26000
07-01-2026,95.69000
06-01-2026,95.70000
05-01-2026,95.95000
02-01-2026,95.83000
01-01-2026,95.04000
31-12-2025,94.81000
30-12-2025,93.94000
29-12-2025,93.95000
26-12-2025,94.56000
24-12-2025,94.80000
23-12-2025,95.01000
22-12-2025,94.97000
19-12-2025,93.97000
18-12-2025,93.12000
17-12-2025,93.71000
16-12-2025,94.10000
15-12-2025,94.49000
12-12-2025,94.23000
11-12-2025,93.27000
10-12-2025,93.01000
09-12-2025,93.40000
08-12-2025,92.87000
05-12-2025,94.66000
04-12-2025,94.98000
03-12-2025,95.25000
02-12-2025,95.99000
01-12-2025,96.28000
28-11-2025,96.30000
27-11-2025,96.45000
26-11-2025,96.69000
25-11-2025,95.44000
24-11-2025,95.27000
21-11-2025,95.96000
20-11-2025,97.02000
19-11-2025,96.93000
18-11-2025,96.74000
17-11-2025,97.25000
14-11-2025,96.62000
13-11-2025,96.67000
12-11-2025,96.74000
11-11-2025,96.10000
10-11-2025,95.73000
07-11-2025,95.53000
06-11-2025,95.98000
04-11-2025,97.03000
03-11-2025,97.62000
31-10-2025,97.30000
30-10-2025,97.25000
29-10-2025,97.28000
28-10-2025,96.55000
27-10-2025,96.39000
24-10-2025,95.85000
23-10-2025,95.99000
20-10-2025,96.08000
17-10-2025,95.69000
16-10-2025,95.66000
15-10-2025,95.18000
14-10-2025,94.49000
13-10-2025,94.81000
10-10-2025,95.14000
09-10-2025,94.89000
08-10-2025,94.58000
07-10-2025,95.29000
06-10-2025,95.26000
03-10-2025,95.46000
01-10-2025,94.64000
30-09-2025,94.25000
26-09-2025,94.23000
25-09-2025,95.36000
24-09-2025,95.94000
23-09-2025,96.44000
22-09-2025,96.55000
19-09-2025,96.98000
18-09-2025,96.89000
17-09-2025,96.98000
16-09-2025,96.46000
15-09-2025,95.60000
12-09-2025,95.11000
11-09-2025,94.63000
10-09-2025,94.32000
09-09-2025,93.70000
08-09-2025,93.76000
05-09-2025,93.61000
04-09-2025,93.68000
03-09-2025,94.37000
02-09-2025,93.99000
01-09-2025,93.70000
29-08-2025,92.51000
28-08-2025,92.67000
26-08-2025,93.49000
25-08-2025,95.00000
22-08-2025,94.85000
21-08-2025,95.29000
20-08-2025,95.37000
19-08-2025,94.99000
18-08-2025,94.39000
14-08-2025,93.92000
13-08-2025,94.22000
12-08-2025,93.80000
11-08-2025,93.79000
08-08-2025,93.02000
07-08-2025,93.81000
06-08-2025,94.15000
05-08-2025,94.70000
04-08-2025,94.48000
01-08-2025,94.13000
31-07-2025,94.97000
30-07-2025,95.29000
29-07-2025,94.55000
28-07-2025,93.95000
25-07-2025,95.06000
24-07-2025,96.48000
23-07-2025,96.85000
22-07-2025,96.86000
21-07-2025,97.14000
18-07-2025,96.94000
17-07-2025,97.31000
16-07-2025,97.07000
15-07-2025,96.70000
14-07-2025,95.96000
11-07-2025,95.87000
10-07-2025,96.65000
09-07-2025,96.66000
08-07-2025,96.41000
07-07-2025,96.06000
04-07-2025,96.16000
03-07-2025,96.00000
02-07-2025,96.10000
01-07-2025,96.40000
30-06-2025,96.29000
27-06-2025,95.94000
26-06-2025,95.25000
25-06-2025,94.26000
24-06-2025,93.58000
23-06-2025,93.01000
20-06-2025,93.12000
19-06-2025,92.20000
18-06-2025,93.06000
17-06-2025,93.18000
16-06-2025,93.65000
13-06-2025,93.29000
12-06-2025,93.77000
11-06-2025,95.04000
10-06-2025,94.98000
09-06-2025,95.01000
06-06-2025,94.27000
05-06-2025,93.86000
04-06-2025,93.42000
03-06-2025,92.98000
02-06-2025,93.32000
30-05-2025,93.35000
29-05-2025,93.47000
28-05-2025,92.78000
27-05-2025,92.40000
26-05-2025,92.36000
23-05-2025,92.08000
22-05-2025,91.57000
21-05-2025,91.88000
20-05-2025,91.15000
19-05-2025,92.11000
16-05-2025,91.85000
15-05-2025,91.17000
14-05-2025,89.65000
13-05-2025,88.83000
12-05-2025,88.33000
09-05-2025,85.13000
08-05-2025,85.52000
07-05-2025,86.25000
06-05-2025,85.79000
05-05-2025,87.25000
02-05-2025,86.63000
30-04-2025,86.77000
29-04-2025,87.44000
28-04-2025,87.31000
25-04-2025,86.53000
24-04-2025,88.32000
23-04-2025,88.31000
22-04-2025,88.08000
21-04-2025,88.07000
17-04-2025,87.22000
16-04-2025,86.32000
15-04-2025,85.50000
11-04-2025,83.11000
09-04-2025,81.48000
08-04-2025,82.28000
07-04-2025,80.63000
04-04-2025,83.80000
03-04-2025,86.18000
02-04-2025,85.91000
01-04-2025,85.69000
31-03-2025,86.27000
28-03-2025,86.28000
27-03-2025,86.13000
26-03-2025,85.52000
25-03-2025,86.34000
24-03-2025,87.02000
21-03-2025,85.74000
20-03-2025,84.39000
19-03-2025,83.42000
18-03-2025,82.02000
17-03-2025,80.41000
13-03-2025,79.87000
12-03-2025,80.25000
11-03-2025,80.43000
10-03-2025,80.28000
07-03-2025,81.43000
06-03-2025,81.15000
05-03-2025,79.91000
04-03-2025,78.09000
03-03-2025,77.38000
28-02-2025,77.08000
27-02-2025,78.79000
25-02-2025,79.87000
24-02-2025,80.11000
21-02-2025,81.08000
20-02-2025,81.62000
19-02-2025,80.45000
18-02-2025,79.60000
17-02-2025,80.19000
14-02-2025,80.77000
13-02-2025,82.53000
12-02-2025,82.69000
11-02-2025,83.09000
10-02-2025,85.03000
07-02-2025,86.30000
06-02-2025,86.62000
05-02-2025,87.03000
04-02-2025,86.20000
03-02-2025,84.84000
31-01-2025,87.98000
30-01-2025,86.32000
29-01-2025,86.23000
28-01-2025,84.68000
27-01-2025,85.21000
24-01-2025,87.03000
23-01-2025,88.50000
22-01-2025,88.09000
21-01-2025,89.35000
20-01-2025,90.72000
17-01-2025,90.38000
16-01-2025,90.17000
15-01-2025,88.80000
14-01-2025,88.38000
13-01-2025,87.02000
10-01-2025,90.15000
09-01-2025,91.99000
08-01-2025,92.98000
07-01-2025,93.82000
06-01-2025,92.82000
03-01-2025,95.33000
02-01-2025,95.37000
01-01-2025,94.55000
31-12-2024,94.12000
30-12-2024,93.27000
27-12-2024,94.19000
26-12-2024,94.32000
24-12-2024,94.45000
23-12-2024,94.57000
20-12-2024,94.35000
19-12-2024,96.18000
18-12-2024,96.75000
17-12-2024,97.79000
16-12-2024,99.01000
13-12-2024,98.81000
12-12-2024,98.60000
11-12-2024,99.40000
10-12-2024,98.80000
09-12-2024,98.83000
06-12-2024,98.33000
05-12-2024,98.05000
04-12-2024,98.00000
03-12-2024,97.52000
02-12-2024,96.17000
29-11-2024,95.63000
28-11-2024,94.83000
27-11-2024,94.89000
26-11-2024,94.25000
25-11-2024,94.45000
22-11-2024,92.61000
21-11-2024,91.22000
19-11-2024,92.26000
18-11-2024,91.79000
14-11-2024,92.33000
13-11-2024,92.51000
12-11-2024,94.39000
11-11-2024,95.72000
08-11-2024,96.65000
07-11-2024,97.71000
06-11-2024,98.53000
05-11-2024,96.85000
04-11-2024,96.06000
31-10-2024,96.45000
30-10-2024,95.28000
29-10-2024,94.74000
28-10-2024,93.88000
25-10-2024,92.95000
24-10-2024,94.48000
23-10-2024,94.90000
22-10-2024,95.56000
21-10-2024,97.92000
18-10-2024,99.51000
17-10-2024,99.41000
16-10-2024,100.92000
15-10-2024,100.90000
14-10-2024,99.64000
11-10-2024,99.66000
10-10-2024,99.42000
09-10-2024,99.08000
08-10-2024,98.60000
07-10-2024,96.93000
04-10-2024,99.08000
03-10-2024,99.82000
01-10-2024,101.85000
30-09-2024,101.85000
27-09-2024,102.31000
26-09-2024,102.03000
25-09-2024,102.23000
24-09-2024,102.25000
23-09-2024,102.11000
20-09-2024,101.31000
19-09-2024,100.13000
18-09-2024,101.07000
17-09-2024,101.60000
16-09-2024,101.15000
13-09-2024,100.82000
12-09-2024,100.68000
11-09-2024,99.29000
10-09-2024,100.19000
09-09-2024,98.88000
06-09-2024,99.11000
05-09-2024,100.06000
04-09-2024,99.86000
03-09-2024,100.39000
02-09-2024,99.49000
30-08-2024,99.91000
29-08-2024,99.09000
28-08-2024,99.43000
27-08-2024,99.67000
26-08-2024,99.63000
23-08-2024,99.34000
22-08-2024,98.96000
21-08-2024,99.02000
20-08-2024,98.61000
19-08-2024,98.55000
16-08-2024,97.88000
14-08-2024,96.46000
13-08-2024,96.94000
12-08-2024,97.76000
09-08-2024,98.01000
08-08-2024,97.36000
07-08-2024,98.04000
06-08-2024,96.29000
05-08-2024,96.90000
02-08-2024,100.38000
01-08-2024,101.56000
31-07-2024,101.96000
30-07-2024,101.77000
29-07-2024,101.42000
26-07-2024,100.87000
25-07-2024,99.58000
24-07-2024,99.36000
23-07-2024,98.59000
22-07-2024,99.23000
19-07-2024,98.60000
18-07-2024,100.70000
16-07-2024,101.27000
15-07-2024,101.24000
12-07-2024,100.77000
11-07-2024,101.07000
10-07-2024,100.78000
09-07-2024,101.04000
08-07-2024,100.58000
05-07-2024,100.58000
04-07-2024,99.84000
03-07-2024,99.45000
02-07-2024,98.68000
01-07-2024,98.37000
28-06-2024,98.04000
27-06-2024,97.94000
26-06-2024,98.01000
25-06-2024,97.39000
24-06-2024,97.04000
21-06-2024,96.75000
20-06-2024,97.04000
19-06-2024,96.86000
18-06-2024,98.25000
14-06-2024,98.06000
13-06-2024,97.27000
12-06-2024,96.54000
11-06-2024,95.67000
10-06-2024,95.09000
07-06-2024,94.55000
06-06-2024,92.63000
05-06-2024,89.98000
04-06-2024,88.25000
03-06-2024,97.72000
31-05-2024,93.66000
30-05-2024,93.10000
29-05-2024,93.73000
28-05-2024,93.81000
27-05-2024,94.77000
24-05-2024,95.39000
23-05-2024,95.44000
22-05-2024,94.57000
21-05-2024,93.61000
17-05-2024,92.57000
16-05-2024,91.45000
15-05-2024,89.98000
14-05-2024,88.79000
13-05-2024,87.17000
10-05-2024,86.81000
09-05-2024,86.10000
08-05-2024,88.21000
07-05-2024,87.10000
06-05-2024,88.51000
03-05-2024,89.21000
02-05-2024,90.19000
30-04-2024,89.54000
29-04-2024,89.57000
26-04-2024,89.44000
25-04-2024,88.98000
24-04-2024,87.86000
23-04-2024,87.20000
22-04-2024,86.60000
19-04-2024,85.40000
18-04-2024,85.13000
16-04-2024,85.68000
15-04-2024,85.69000
12-04-2024,86.48000
10-04-2024,87.12000
09-04-2024,86.67000
08-04-2024,86.86000
05-04-2024,86.34000
04-04-2024,86.08000
03-04-2024,86.22000
02-04-2024,85.92000
01-04-2024,85.23000
31-03-2024,83.58000
28-03-2024,83.60000
27-03-2024,83.07000
26-03-2024,82.33000
22-03-2024,81.92000
21-03-2024,81.26000
20-03-2024,79.62000
19-03-2024,79.34000
18-03-2024,80.18000
15-03-2024,79.82000
14-03-2024,80.20000
13-03-2024,78.70000
12-03-2024,81.90000
11-03-2024,83.02000
07-03-2024,83.74000
06-03-2024,83.42000
05-03-2024,84.59000
04-03-2024,84.61000
01-03-2024,83.64000
29-02-2024,82.40000
28-02-2024,82.24000
27-02-2024,83.57000
26-02-2024,83.47000
23-02-2024,83.30000
22-02-2024,82.43000
21-02-2024,81.45000
20-02-2024,81.68000
19-02-2024,81.53000
16-02-2024,81.31000
15-02-2024,80.80000
14-02-2024,80.12000
13-02-2024,79.17000
12-02-2024,78.60000
09-02-2024,79.91000
08-02-2024,80.32000
07-02-2024,80.65000
06-02-2024,80.65000
05-02-2024,79.69000
02-02-2024,80.35000
01-02-2024,79.70000
31-01-2024,80.17000
30-01-2024,79.68000
29-01-2024,79.80000
25-01-2024,78.17000
24-01-2024,78.17000
23-01-2024,77.17000
19-01-2024,78.80000
18-01-2024,77.93000
17-01-2024,77.84000
16-01-2024,78.75000
15-01-2024,78.83000
12-01-2024,78.33000
11-01-2024,78.09000
10-01-2024,77.86000
09-01-2024,77.61000
08-01-2024,77.20000
05-01-2024,77.56000
04-01-2024,77.29000
03-01-2024,76.25000
02-01-2024,75.91000
01-01-2024,76.21000
29-12-2023,75.94000
28-12-2023,75.67000
27-12-2023,75.45000
26-12-2023,75.15000
22-12-2023,74.63000
21-12-2023,74.29000
20-12-2023,73.31000
19-12-2023,75.37000
18-12-2023,75.48000
15-12-2023,75.34000
14-12-2023,74.97000
13-12-2023,74.33000
12-12-2023,73.87000
11-12-2023,74.04000
08-12-2023,73.51000
07-12-2023,73.58000
06-12-2023,73.47000
05-12-2023,73.31000
04-12-2023,72.67000
01-12-2023,71.24000
30-11-2023,70.74000
29-11-2023,70.16000
28-11-2023,69.88000
24-11-2023,69.57000
23-11-2023,69.53000
22-11-2023,69.62000
21-11-2023,69.68000
20-11-2023,69.49000
17-11-2023,69.34000
16-11-2023,69.32000
15-11-2023,69.14000
13-11-2023,68.55000
10-11-2023,68.11000
09-11-2023,67.99000
08-11-2023,68.27000
07-11-2023,67.97000
06-11-2023,67.97000
03-11-2023,67.21000
02-11-2023,66.67000
01-11-2023,66.02000
31-10-2023,66.39000
30-10-2023,66.53000
27-10-2023,66.53000
26-10-2023,65.67000
25-10-2023,66.22000
23-10-2023,67.27000
20-10-2023,68.89000
19-10-2023,69.53000
18-10-2023,69.62000
17-10-2023,70.06000
16-10-2023,69.75000
13-10-2023,69.49000
12-10-2023,69.69000
11-10-2023,69.54000
10-10-2023,69.19000
09-10-2023,68.39000
06-10-2023,69.41000
05-10-2023,69.23000
04-10-2023,68.89000
03-10-2023,69.49000
29-09-2023,69.00000
27-09-2023,68.65000
26-09-2023,68.28000
25-09-2023,67.85000
22-09-2023,67.87000
21-09-2023,67.93000
20-09-2023,68.36000
18-09-2023,68.88000
15-09-2023,69.12000
14-09-2023,68.84000
13-09-2023,68.34000
12-09-2023,68.23000
11-09-2023,69.99000
08-09-2023,69.38000
07-09-2023,68.82000
06-09-2023,68.44000
05-09-2023,68.55000
04-09-2023,68.12000
01-09-2023,67.64000
31-08-2023,67.09000
30-08-2023,66.63000
29-08-2023,66.42000
28-08-2023,66.11000
25-08-2023,65.66000
24-08-2023,66.16000
23-08-2023,66.22000
22-08-2023,65.89000
21-08-2023,65.44000
18-08-2023,64.91000
17-08-2023,64.95000
16-08-2023,65.19000
14-08-2023,64.84000
11-08-2023,65.44000
10-08-2023,65.41000
09-08-2023,65.72000
08-08-2023,65.48000
07-08-2023,65.38000
04-08-2023,65.39000
03-08-2023,65.08000
02-08-2023,65.25000
01-08-2023,66.05000
31-07-2023,66.23000
28-07-2023,65.48000
27-07-2023,64.98000
26-07-2023,64.80000
25-07-2023,64.28000
24-07-2023,64.06000
21-07-2023,63.99000
20-07-2023,63.95000
19-07-2023,63.69000
18-07-2023,63.37000
17-07-2023,63.39000
14-07-2023,63.08000
13-07-2023,62.87000
12-07-2023,63.18000
11-07-2023,62.93000
10-07-2023,62.24000
07-07-2023,62.10000
06-07-2023,62.02000
05-07-2023,61.39000
04-07-2023,61.10000
03-07-2023,61.28000
30-06-2023,61.11000
28-06-2023,60.86000
27-06-2023,60.38000
26-06-2023,60.06000
23-06-2023,59.88000
22-06-2023,60.45000
21-06-2023,60.74000
20-06-2023,60.73000
19-06-2023,60.69000
16-06-2023,60.91000
15-06-2023,60.34000
14-06-2023,60.35000
13-06-2023,60.15000
12-06-2023,59.63000
09-06-2023,59.65000
08-06-2023,59.66000
07-06-2023,59.94000
06-06-2023,59.41000
05-06-2023,59.08000
02-06-2023,58.79000
01-06-2023,58.26000
31-05-2023,58.25000
30-05-2023,58.00000
29-05-2023,57.80000
26-05-2023,57.35000
25-05-2023,57.25000
24-05-2023,57.02000
23-05-2023,57.02000
22-05-2023,57.33000
19-05-2023,57.10000
18-05-2023,56.93000
17-05-2023,57.29000
16-05-2023,57.10000
15-05-2023,57.20000
12-05-2023,56.98000
11-05-2023,57.07000
10-05-2023,57.01000
09-05-2023,56.86000
08-05-2023,57.13000
05-05-2023,56.69000
04-05-2023,56.74000
03-05-2023,56.23000
02-05-2023,56.13000
28-04-2023,55.74000
27-04-2023,54.99000
26-04-2023,55.00000
25-04-2023,54.76000
24-04-2023,54.45000
21-04-2023,54.13000
20-04-2023,54.46000
19-04-2023,54.17000
18-04-2023,54.26000
17-04-2023,54.32000
13-04-2023,54.20000
12-04-2023,54.17000
11-04-2023,54.12000
10-04-2023,53.88000
06-04-2023,53.62000
05-04-2023,53.27000
03-04-2023,53.01000
31-03-2023,52.79000
29-03-2023,52.15000
28-03-2023,51.25000
27-03-2023,51.53000
24-03-2023,51.79000
23-03-2023,52.48000
22-03-2023,52.37000
21-03-2023,52.45000
20-03-2023,52.02000
17-03-2023,52.39000
16-03-2023,51.91000
15-03-2023,52.11000
14-03-2023,52.01000
13-03-2023,52.23000
10-03-2023,53.10000
09-03-2023,53.50000
08-03-2023,53.45000
06-03-2023,53.07000
03-03-2023,52.85000
02-03-2023,52.23000
01-03-2023,52.34000
28-02-2023,51.79000
27-02-2023,51.68000
24-02-2023,51.92000
23-02-2023,51.99000
22-02-2023,52.15000
21-02-2023,52.95000
20-02-2023,53.18000
17-02-2023,53.29000
16-02-2023,53.40000
15-02-2023,53.08000
14-02-2023,53.00000
13-02-2023,53.37000
10-02-2023,53.50000
09-02-2023,53.02000
08-02-2023,53.08000
07-02-2023,52.85000
06-02-2023,52.81000
03-02-2023,52.86000
02-02-2023,52.61000
01-02-2023,52.47000
31-01-2023,52.87000
30-01-2023,51.70000
27-01-2023,51.72000
25-01-2023,52.69000
24-01-2023,53.42000
23-01-2023,53.76000
20-01-2023,53.95000
19-01-2023,54.13000
18-01-2023,54.20000
17-01-2023,53.91000
16-01-2023,53.57000
13-01-2023,53.69000
12-01-2023,53.48000
11-01-2023,53.42000
10-01-2023,53.29000
09-01-2023,53.84000
06-01-2023,53.31000
05-01-2023,53.34000
04-01-2023,52.99000
03-01-2023,53.34000
02-01-2023,53.40000
30-12-2022,52.56000
29-12-2022,52.29000
28-12-2022,52.24000
27-12-2022,52.30000
26-12-2022,51.66000
23-12-2022,50.36000
22-12-2022,52.04000
21-12-2022,52.61000
20-12-2022,53.84000
19-12-2022,53.79000
16-12-2022,53.52000
15-12-2022,54.37000
14-12-2022,54.78000
13-12-2022,54.12000
12-12-2022,53.92000
09-12-2022,53.47000
08-12-2022,53.76000
07-12-2022,53.48000
06-12-2022,53.65000
05-12-2022,53.71000
02-12-2022,53.87000
01-12-2022,53.55000
30-11-2022,53.15000
29-11-2022,52.65000
28-11-2022,52.89000
25-11-2022,52.69000
24-11-2022,52.53000
23-11-2022,52.19000
22-11-2022,51.69000
21-11-2022,51.54000
18-11-2022,51.41000
17-11-2022,51.60000
16-11-2022,51.49000
15-11-2022,51.44000
14-11-2022,51.06000
11-11-2022,50.92000
10-11-2022,50.83000
09-11-2022,51.42000
07-11-2022,51.87000
04-11-2022,51.68000
03-11-2022,51.58000
02-11-2022,51.50000
01-11-2022,51.67000
31-10-2022,51.38000
28-10-2022,51.07000
27-10-2022,51.07000
25-10-2022,50.69000
21-10-2022,50.19000
20-10-2022,50.49000
19-10-2022,50.46000
18-10-2022,50.46000
17-10-2022,49.56000
14-10-2022,49.31000
13-10-2022,49.22000
12-10-2022,49.61000
11-10-2022,49.34000
10-10-2022,50.09000
07-10-2022,50.38000
06-10-2022,50.41000
04-10-2022,50.16000
03-10-2022,49.35000
30-09-2022,49.74000
29-09-2022,48.85000
28-09-2022,48.57000
27-09-2022,48.78000
26-09-2022,48.80000
23-09-2022,50.08000
22-09-2022,51.23000
21-09-2022,51.16000
20-09-2022,51.58000
19-09-2022,51.14000
16-09-2022,51.10000
15-09-2022,52.47000
14-09-2022,52.28000
13-09-2022,52.28000
12-09-2022,52.18000
09-09-2022,51.70000
08-09-2022,51.77000
07-09-2022,51.34000
06-09-2022,50.87000
05-09-2022,50.72000
02-09-2022,50.60000
01-09-2022,50.40000
30-08-2022,50.19000
29-08-2022,49.37000
26-08-2022,49.49000
25-08-2022,48.98000
24-08-2022,49.15000
23-08-2022,48.60000
22-08-2022,48.10000
19-08-2022,48.94000
18-08-2022,49.41000
17-08-2022,49.16000
16-08-2022,48.92000
12-08-2022,48.36000
11-08-2022,48.20000
10-08-2022,47.94000
08-08-2022,47.49000
05-08-2022,47.33000
04-08-2022,47.12000
03-08-2022,47.18000
02-08-2022,47.30000
01-08-2022,47.48000
29-07-2022,46.76000
28-07-2022,46.20000
27-07-2022,46.03000
26-07-2022,45.65000
25-07-2022,45.83000
22-07-2022,46.04000
21-07-2022,45.76000
20-07-2022,45.26000
19-07-2022,45.14000
18-07-2022,44.59000
15-07-2022,44.06000
14-07-2022,43.73000
13-07-2022,43.88000
12-07-2022,43.87000
11-07-2022,44.08000
08-07-2022,44.03000
07-07-2022,43.74000
06-07-2022,43.09000
05-07-2022,42.62000
04-07-2022,42.59000
01-07-2022,42.28000
30-06-2022,42.45000
29-06-2022,42.43000
28-06-2022,42.46000
27-06-2022,42.44000
24-06-2022,41.83000
23-06-2022,41.33000
22-06-2022,40.96000
21-06-2022,41.45000
20-06-2022,40.62000
17-06-2022,41.34000
16-06-2022,41.78000
15-06-2022,42.89000
14-06-2022,42.80000
13-06-2022,42.82000
10-06-2022,44.09000
09-06-2022,44.37000
08-06-2022,44.24000
07-06-2022,44.48000
06-06-2022,44.74000
03-06-2022,44.92000
02-06-2022,45.38000
01-06-2022,45.40000
31-05-2022,45.10000
30-05-2022,45.05000
27-05-2022,44.19000
26-05-2022,43.72000
25-05-2022,43.47000
24-05-2022,44.28000
23-05-2022,44.93000
20-05-2022,45.70000
19-05-2022,44.54000
18-05-2022,45.65000
17-05-2022,45.68000
16-05-2022,44.58000
13-05-2022,44.05000
12-05-2022,44.13000
11-05-2022,45.03000
10-05-2022,45.35000
09-05-2022,45.95000
06-05-2022,46.37000
05-05-2022,47.26000
04-05-2022,47.41000
02-05-2022,48.50000
29-04-2022,48.80000
28-04-2022,49.38000
27-04-2022,49.00000
26-04-2022,49.27000
25-04-2022,48.79000
22-04-2022,49.84000
21-04-2022,50.32000
20-04-2022,49.46000
19-04-2022,49.43000
18-04-2022,50.00000
13-04-2022,50.03000
12-04-2022,49.81000
11-04-2022,50.50000
08-04-2022,50.38000
07-04-2022,49.91000
06-04-2022,49.93000
05-04-2022,49.61000
04-04-2022,49.16000
01-04-2022,48.31000
31-03-2022,47.41000
30-03-2022,47.44000
29-03-2022,47.09000
28-03-2022,46.66000
25-03-2022,46.73000
24-03-2022,46.79000
23-03-2022,46.68000
22-03-2022,46.63000
21-03-2022,46.61000
17-03-2022,46.82000
16-03-2022,46.37000
15-03-2022,45.55000
14-03-2022,45.70000
11-03-2022,45.79000
10-03-2022,45.81000
09-03-2022,45.59000
08-03-2022,44.49000
07-03-2022,44.07000
04-03-2022,45.10000
03-03-2022,45.91000
02-03-2022,46.40000
28-02-2022,46.66000
25-02-2022,46.15000
24-02-2022,44.53000
23-02-2022,46.75000
22-02-2022,46.53000
21-02-2022,47.38000
18-02-2022,48.24000
17-02-2022,48.57000
16-02-2022,48.67000
15-02-2022,48.64000
14-02-2022,47.50000
11-02-2022,49.49000
10-02-2022,50.12000
09-02-2022,49.98000
08-02-2022,49.59000
07-02-2022,50.21000
04-02-2022,50.48000
03-02-2022,50.47000
02-02-2022,50.76000
01-02-2022,50.43000
31-01-2022,49.61000
28-01-2022,49.06000
27-01-2022,48.79000
25-01-2022,48.82000
24-01-2022,48.36000
21-01-2022,50.18000
20-01-2022,51.31000
19-01-2022,51.29000
18-01-2022,51.27000
17-01-2022,52.53000
14-01-2022,51.92000
13-01-2022,51.54000
12-01-2022,51.25000
11-01-2022,50.92000
10-01-2022,50.72000
07-01-2022,49.74000
06-01-2022,49.33000
05-01-2022,49.55000
04-01-2022,49.29000
03-01-2022,49.22000
31-12-2021,48.28000
30-12-2021,47.68000
29-12-2021,47.80000
28-12-2021,47.75000
27-12-2021,47.36000
24-12-2021,47.20000
23-12-2021,47.61000
22-12-2021,47.28000
21-12-2021,46.57000
20-12-2021,46.02000
17-12-2021,47.53000
16-12-2021,48.30000
15-12-2021,48.66000
14-12-2021,48.64000
13-12-2021,48.70000
10-12-2021,48.82000
09-12-2021,48.91000
08-12-2021,48.54000
07-12-2021,48.01000
06-12-2021,47.47000
03-12-2021,48.11000
02-12-2021,47.93000
01-12-2021,47.51000
30-11-2021,47.49000
29-11-2021,47.05000
26-11-2021,47.80000
25-11-2021,49.36000
24-11-2021,49.41000
23-11-2021,49.47000
22-11-2021,48.79000
18-11-2021,49.79000
17-11-2021,50.68000
16-11-2021,51.00000
15-11-2021,51.54000
12-11-2021,52.02000
11-11-2021,51.76000
10-11-2021,51.78000
09-11-2021,51.91000
08-11-2021,51.84000
03-11-2021,50.69000
02-11-2021,50.22000
01-11-2021,49.86000
29-10-2021,49.33000
28-10-2021,49.58000
27-10-2021,50.26000
26-10-2021,50.33000
25-10-2021,49.31000
22-10-2021,50.03000
21-10-2021,50.49000
20-10-2021,50.43000
19-10-2021,51.17000
18-10-2021,52.00000
14-10-2021,51.74000
13-10-2021,51.59000
12-10-2021,50.98000
11-10-2021,51.12000
08-10-2021,50.85000
07-10-2021,50.83000
06-10-2021,50.51000
05-10-2021,50.95000
04-10-2021,50.77000
01-10-2021,50.08000
30-09-2021,50.31000
29-09-2021,49.90000
28-09-2021,49.47000
27-09-2021,49.60000
24-09-2021,49.78000
23-09-2021,49.96000
22-09-2021,49.27000
21-09-2021,48.87000
20-09-2021,48.66000
17-09-2021,49.71000
16-09-2021,50.30000
15-09-2021,50.57000
14-09-2021,49.73000
13-09-2021,49.36000
09-09-2021,49.08000
08-09-2021,48.63000
07-09-2021,48.49000
06-09-2021,48.52000
03-09-2021,48.34000
02-09-2021,47.97000
01-09-2021,47.36000
31-08-2021,47.10000
30-08-2021,46.51000
27-08-2021,45.63000
26-08-2021,45.07000
25-08-2021,45.17000
24-08-2021,45.03000
23-08-2021,44.15000
20-08-2021,44.96000
18-08-2021,46.10000
17-08-2021,46.22000
16-08-2021,46.62000
13-08-2021,46.98000
12-08-2021,46.89000
11-08-2021,46.25000
10-08-2021,46.24000
09-08-2021,47.15000
06-08-2021,47.61000
05-08-2021,47.81000
04-08-2021,47.98000
03-08-2021,48.27000
02-08-2021,47.96000
30-07-2021,47.64000
29-07-2021,47.42000
28-07-2021,46.95000
27-07-2021,47.15000
26-07-2021,47.26000
23-07-2021,47.12000
22-07-2021,47.34000
20-07-2021,46.67000
19-07-2021,47.54000
16-07-2021,47.17000
15-07-2021,46.86000
14-07-2021,46.67000
13-07-2021,46.67000
12-07-2021,46.42000
09-07-2021,46.20000
08-07-2021,45.83000
07-07-2021,45.88000
06-07-2021,45.55000
05-07-2021,45.26000
02-07-2021,44.94000
01-07-2021,44.62000
30-06-2021,44.64000
29-06-2021,44.01000
28-06-2021,44.02000
25-06-2021,43.78000
24-06-2021,43.71000
23-06-2021,43.69000
22-06-2021,43.44000
21-06-2021,43.09000
18-06-2021,43.00000
17-06-2021,43.30000
16-06-2021,43.54000
15-06-2021,43.81000
14-06-2021,43.77000
11-06-2021,43.68000
10-06-2021,43.40000
09-06-2021,42.91000
08-06-2021,43.46000
07-06-2021,43.45000
04-06-2021,43.08000
03-06-2021,42.76000
02-06-2021,42.47000
01-06-2021,41.82000
31-05-2021,42.30000
28-05-2021,42.20000
27-05-2021,42.74000
26-05-2021,42.51000
25-05-2021,42.50000
24-05-2021,42.33000
21-05-2021,42.29000
20-05-2021,41.77000
19-05-2021,41.57000
18-05-2021,41.64000
17-05-2021,41.00000
14-05-2021,40.45000
12-05-2021,40.68000
11-05-2021,40.80000
10-05-2021,40.49000
07-05-2021,39.80000
06-05-2021,39.36000
05-05-2021,39.30000
04-05-2021,39.28000
03-05-2021,39.53000
30-04-2021,39.20000
29-04-2021,39.37000
28-04-2021,39.27000
27-04-2021,39.07000
26-04-2021,38.63000
23-04-2021,38.32000
22-04-2021,38.32000
20-04-2021,38.22000
19-04-2021,38.22000
16-04-2021,39.03000
15-04-2021,38.77000
13-04-2021,38.83000
12-04-2021,38.15000
09-04-2021,40.39000
08-04-2021,40.51000
07-04-2021,39.92000
06-04-2021,39.71000
05-04-2021,39.41000
01-04-2021,40.10000
31-03-2021,39.58000
30-03-2021,39.59000
26-03-2021,38.97000
25-03-2021,38.06000
24-03-2021,38.81000
23-03-2021,39.63000
22-03-2021,39.47000
19-03-2021,39.17000
18-03-2021,39.03000
17-03-2021,39.75000
16-03-2021,40.57000
15-03-2021,40.44000
12-03-2021,40.68000
10-03-2021,40.87000
09-03-2021,40.63000
08-03-2021,41.01000
05-03-2021,40.70000
04-03-2021,41.42000
03-03-2021,41.13000
02-03-2021,40.88000
01-03-2021,40.55000
26-02-2021,39.93000
25-02-2021,40.72000
24-02-2021,40.12000
23-02-2021,39.44000
22-02-2021,39.17000
19-02-2021,39.74000
18-02-2021,40.08000
17-02-2021,40.15000
16-02-2021,39.41000
15-02-2021,39.34000
12-02-2021,39.06000
11-02-2021,39.28000
10-02-2021,39.02000
09-02-2021,38.99000
08-02-2021,39.43000
05-02-2021,37.80000
04-02-2021,37.45000
03-02-2021,37.06000
02-02-2021,35.99000
01-02-2021,34.96000
29-01-2021,33.23000
28-01-2021,33.61000
27-01-2021,33.67000
25-01-2021,33.99000
22-01-2021,34.16000
21-01-2021,34.65000
20-01-2021,34.88000
19-01-2021,34.63000
18-01-2021,34.02000
15-01-2021,34.81000
14-01-2021,35.27000
13-01-2021,35.32000
12-01-2021,35.24000
11-01-2021,35.11000
08-01-2021,35.40000
07-01-2021,34.90000
06-01-2021,34.32000
05-01-2021,34.20000
04-01-2021,34.20000
01-01-2021,33.66000
31-12-2020,33.35000
30-12-2020,33.40000
29-12-2020,32.86000
28-12-2020,32.99000
24-12-2020,32.43000
23-12-2020,32.20000
22-12-2020,31.16000
21-12-2020,30.76000
18-12-2020,32.56000
17-12-2020,32.72000
16-12-2020,32.83000
15-12-2020,32.43000
14-12-2020,32.40000
11-12-2020,32.05000
10-12-2020,31.58000
09-12-2020,32.14000
08-12-2020,32.36000
07-12-2020,32.38000
04-12-2020,31.69000
03-12-2020,31.22000
02-12-2020,30.86000
01-12-2020,30.61000
27-11-2020,30.11000
26-11-2020,29.78000
25-11-2020,29.46000
24-11-2020,29.74000
23-11-2020,29.59000
20-11-2020,29.33000
19-11-2020,29.17000
18-11-2020,29.07000
17-11-2020,28.54000
13-11-2020,27.91000
12-11-2020,27.72000
11-11-2020,27.61000
10-11-2020,27.31000
09-11-2020,27.13000
06-11-2020,26.72000
05-11-2020,26.72000
04-11-2020,26.31000
03-11-2020,26.22000
02-11-2020,26.11000
30-10-2020,26.12000
29-10-2020,26.09000
28-10-2020,26.24000
27-10-2020,26.41000
26-10-2020,26.25000
23-10-2020,26.53000
22-10-2020,26.28000
21-10-2020,26.02000
20-10-2020,25.75000
19-10-2020,25.68000
16-10-2020,25.50000
15-10-2020,25.21000
14-10-2020,25.60000
13-10-2020,25.63000
12-10-2020,25.75000
09-10-2020,25.93000
08-10-2020,25.94000
07-10-2020,26.03000
06-10-2020,26.12000
05-10-2020,26.04000
01-10-2020,26.14000
30-09-2020,26.02000
29-09-2020,26.04000
28-09-2020,26.17000
25-09-2020,25.57000
24-09-2020,24.81000
23-09-2020,25.45000
22-09-2020,25.63000
21-09-2020,25.91000
18-09-2020,26.93000
17-09-2020,27.11000
16-09-2020,27.26000
15-09-2020,27.21000
14-09-2020,26.95000
11-09-2020,26.24000
10-09-2020,26.23000
09-09-2020,25.87000
08-09-2020,26.23000
07-09-2020,26.74000
04-09-2020,26.92000
03-09-2020,27.37000
02-09-2020,27.37000
01-09-2020,27.26000
31-08-2020,27.06000
28-08-2020,28.33000
27-08-2020,28.43000
26-08-2020,28.56000
25-08-2020,28.43000
24-08-2020,28.34000
21-08-2020,28.31000
20-08-2020,27.86000
19-08-2020,27.50000
18-08-2020,26.80000
17-08-2020,26.47000
14-08-2020,26.21000
13-08-2020,26.36000
12-08-2020,26.04000
11-08-2020,26.10000
10-08-2020,25.95000
07-08-2020,25.56000
06-08-2020,25.22000
05-08-2020,25.14000
04-08-2020,24.97000
03-08-2020,24.70000
31-07-2020,24.78000
30-07-2020,24.82000
29-07-2020,25.13000
28-07-2020,25.10000
27-07-2020,24.94000
24-07-2020,25.34000
23-07-2020,25.54000
22-07-2020,25.46000
21-07-2020,25.42000
20-07-2020,25.36000
17-07-2020,25.33000
16-07-2020,25.09000
15-07-2020,25.10000
14-07-2020,25.21000
13-07-2020,25.62000
10-07-2020,25.75000
09-07-2020,25.98000
08-07-2020,25.87000
07-07-2020,26.08000
06-07-2020,26.15000
03-07-2020,25.72000
02-07-2020,25.53000
01-07-2020,25.34000
30-06-2020,25.26000
29-06-2020,25.35000
26-06-2020,25.69000
25-06-2020,25.48000
24-06-2020,25.30000
23-06-2020,25.61000
22-06-2020,24.98000
19-06-2020,24.66000
18-06-2020,24.14000
17-06-2020,23.59000
16-06-2020,23.38000
15-06-2020,23.46000
12-06-2020,23.65000
11-06-2020,23.60000
10-06-2020,24.05000
09-06-2020,23.90000
08-06-2020,24.29000
05-06-2020,24.10000
04-06-2020,23.40000
03-06-2020,23.37000
02-06-2020,23.14000
01-06-2020,22.80000
29-05-2020,22.23000
28-05-2020,22.02000
27-05-2020,21.43000
26-05-2020,21.27000
22-05-2020,21.09000
21-05-2020,21.19000
20-05-2020,21.17000
19-05-2020,21.00000
18-05-2020,20.90000
15-05-2020,21.83000
14-05-2020,21.81000
13-05-2020,22.09000
12-05-2020,21.36000
11-05-2020,21.41000
08-05-2020,21.38000
07-05-2020,21.51000
06-05-2020,21.81000
05-05-2020,21.75000
04-05-2020,22.05000
30-04-2020,23.05000
29-04-2020,22.57000
28-04-2020,22.32000
27-04-2020,22.27000
24-04-2020,22.25000
23-04-2020,22.77000
22-04-2020,22.76000
21-04-2020,22.69000
20-04-2020,23.47000
17-04-2020,23.24000
16-04-2020,22.56000
15-04-2020,22.07000
13-04-2020,21.62000
09-04-2020,21.25000
08-04-2020,20.42000
07-04-2020,20.20000
03-04-2020,19.46000
01-04-2020,19.97000
31-03-2020,20.39000
30-03-2020,19.53000
27-03-2020,20.06000
26-03-2020,19.98000
25-03-2020,19.11000
24-03-2020,18.48000
23-03-2020,18.56000
20-03-2020,21.52000
19-03-2020,20.66000
18-03-2020,21.77000
17-03-2020,23.04000
16-03-2020,23.37000
13-03-2020,24.74000
12-03-2020,24.31000
11-03-2020,26.73000
09-03-2020,26.78000
06-03-2020,27.82000
05-03-2020,28.43000
04-03-2020,28.32000
03-03-2020,28.78000
02-03-2020,28.29000
28-02-2020,28.69000
27-02-2020,29.51000
26-02-2020,29.72000
25-02-2020,30.02000
24-02-2020,30.12000
20-02-2020,30.65000
19-02-2020,30.63000
18-02-2020,30.50000
17-02-2020,30.78000
14-02-2020,31.17000
13-02-2020,31.41000
12-02-2020,31.53000
11-02-2020,31.71000
10-02-2020,31.40000
07-02-2020,31.73000
06-02-2020,31.61000
05-02-2020,31.46000
04-02-2020,30.97000
03-02-2020,30.12000
31-01-2020,31.07000
30-01-2020,31.37000
29-01-2020,31.62000
28-01-2020,31.44000
27-01-2020,31.69000
24-01-2020,31.79000
23-01-2020,31.58000
22-01-2020,31.27000
21-01-2020,31.67000
20-01-2020,31.74000
17-01-2020,31.78000
16-01-2020,31.60000
15-01-2020,31.43000
14-01-2020,30.99000
13-01-2020,30.88000
10-01-2020,30.58000
09-01-2020,30.21000
08-01-2020,29.88000
07-01-2020,30.02000
06-01-2020,29.79000
03-01-2020,30.39000
02-01-2020,30.45000
01-01-2020,29.85000
31-12-2019,29.71000
30-12-2019,29.46000
27-12-2019,29.32000
26-12-2019,29.07000
24-12-2019,29.12000
23-12-2019,29.21000
20-12-2019,29.34000
19-12-2019,29.20000
18-12-2019,29.26000
17-12-2019,29.34000
16-12-2019,29.03000
13-12-2019,29.10000
12-12-2019,28.78000
11-12-2019,28.48000
10-12-2019,28.52000
09-12-2019,28.82000
06-12-2019,28.93000
05-12-2019,29.21000
04-12-2019,29.46000
03-12-2019,29.44000
02-12-2019,29.72000
29-11-2019,29.82000
28-11-2019,29.82000
27-11-2019,29.71000
26-11-2019,29.67000
25-11-2019,29.96000
22-11-2019,29.66000
21-11-2019,29.71000
20-11-2019,29.70000
19-11-2019,29.52000
18-11-2019,29.34000
15-11-2019,29.39000
14-11-2019,29.26000
13-11-2019,29.19000
11-11-2019,29.35000
08-11-2019,29.30000
07-11-2019,29.45000
06-11-2019,29.45000
05-11-2019,29.58000
04-11-2019,29.97000
01-11-2019,29.86000
31-10-2019,29.78000
30-10-2019,29.69000
29-10-2019,29.48000
25-10-2019,29.19000
24-10-2019,29.25000
23-10-2019,29.29000
22-10-2019,29.24000
18-10-2019,29.21000
17-10-2019,28.73000
16-10-2019,28.50000
15-10-2019,28.44000
14-10-2019,28.35000
11-10-2019,28.30000
10-10-2019,28.20000
09-10-2019,28.33000
07-10-2019,27.87000
04-10-2019,28.15000
03-10-2019,28.49000
01-10-2019,28.79000
30-09-2019,29.28000
27-09-2019,29.44000
26-09-2019,29.73000
25-09-2019,29.31000
24-09-2019,29.92000
23-09-2019,30.34000
20-09-2019,29.38000
19-09-2019,27.72000
18-09-2019,28.09000
17-09-2019,28.14000
16-09-2019,28.62000
13-09-2019,28.64000
12-09-2019,28.46000
11-09-2019,28.47000
09-09-2019,28.28000
06-09-2019,28.04000
05-09-2019,27.68000
04-09-2019,27.40000
03-09-2019,27.17000
30-08-2019,27.70000
29-08-2019,27.72000
28-08-2019,27.84000
27-08-2019,28.12000
26-08-2019,27.64000
23-08-2019,27.15000
22-08-2019,27.10000
21-08-2019,27.72000
20-08-2019,28.26000
19-08-2019,28.57000
16-08-2019,28.53000
14-08-2019,28.52000
13-08-2019,28.35000
09-08-2019,28.91000
08-08-2019,28.74000
07-08-2019,28.64000
06-08-2019,28.80000
05-08-2019,28.26000
02-08-2019,28.70000
01-08-2019,28.89000
31-07-2019,29.30000
30-07-2019,29.09000
29-07-2019,29.48000
26-07-2019,30.00000
25-07-2019,29.79000
24-07-2019,29.80000
23-07-2019,30.29000
22-07-2019,30.32000
19-07-2019,30.41000
18-07-2019,30.66000
17-07-2019,31.05000
16-07-2019,31.10000
15-07-2019,30.98000
12-07-2019,31.25000
11-07-2019,31.39000
10-07-2019,31.27000
09-07-2019,31.48000
08-07-2019,31.33000
05-07-2019,32.32000
04-07-2019,33.04000
03-07-2019,33.03000
02-07-2019,32.94000
01-07-2019,32.89000
28-06-2019,32.79000
27-06-2019,32.93000
26-06-2019,32.81000
25-06-2019,32.48000
24-06-2019,32.28000
21-06-2019,32.48000
20-06-2019,32.60000
19-06-2019,32.18000
18-06-2019,32.46000
17-06-2019,32.49000
14-06-2019,33.02000
13-06-2019,33.19000
12-06-2019,33.18000
11-06-2019,33.32000
10-06-2019,33.25000
07-06-2019,33.29000
06-06-2019,33.26000
04-06-2019,33.85000
03-06-2019,33.92000
31-05-2019,33.55000
30-05-2019,34.01000
29-05-2019,33.86000
28-05-2019,34.05000
27-05-2019,34.08000
24-05-2019,33.04000
23-05-2019,32.02000
22-05-2019,31.85000
21-05-2019,31.71000
20-05-2019,32.03000
17-05-2019,30.64000
16-05-2019,30.39000
15-05-2019,30.35000
14-05-2019,30.54000
13-05-2019,30.31000
10-05-2019,31.03000
09-05-2019,30.97000
08-05-2019,31.13000
07-05-2019,31.38000
06-05-2019,31.43000
03-05-2019,31.61000
02-05-2019,31.56000
30-04-2019,31.69000
26-04-2019,31.94000
25-04-2019,31.83000
24-04-2019,31.83000
23-04-2019,31.75000
22-04-2019,31.79000
18-04-2019,32.30000
16-04-2019,32.67000
15-04-2019,32.53000
12-04-2019,32.35000
11-04-2019,32.22000
10-04-2019,32.24000
09-04-2019,32.32000
08-04-2019,32.41000
05-04-2019,32.46000
04-04-2019,32.33000
03-04-2019,32.43000
02-04-2019,32.65000
29-03-2019,32.32000
28-03-2019,32.03000
27-03-2019,31.94000
26-03-2019,31.84000
25-03-2019,31.55000
22-03-2019,31.86000
20-03-2019,31.95000
19-03-2019,32.13000
18-03-2019,31.83000
15-03-2019,31.96000
14-03-2019,31.90000
13-03-2019,31.92000
12-03-2019,31.98000
11-03-2019,31.60000
08-03-2019,30.82000
07-03-2019,30.87000
06-03-2019,30.94000
05-03-2019,30.75000
01-03-2019,29.76000
28-02-2019,29.18000
27-02-2019,28.89000
26-02-2019,28.62000
25-02-2019,28.62000
22-02-2019,28.40000
21-02-2019,28.23000
20-02-2019,27.91000
19-02-2019,27.53000
18-02-2019,27.53000
15-02-2019,27.76000
14-02-2019,27.90000
13-02-2019,27.82000
12-02-2019,28.14000
11-02-2019,28.22000
08-02-2019,28.61000
07-02-2019,28.99000
06-02-2019,28.69000
05-02-2019,28.66000
04-02-2019,28.90000
01-02-2019,29.07000
31-01-2019,28.94000
30-01-2019,28.84000
29-01-2019,28.64000
28-01-2019,28.64000
25-01-2019,29.13000
24-01-2019,29.48000
23-01-2019,29.66000
22-01-2019,29.73000
21-01-2019,29.94000
18-01-2019,30.08000
17-01-2019,30.21000
16-01-2019,30.23000
15-01-2019,30.37000
14-01-2019,30.15000
11-01-2019,30.39000
10-01-2019,30.52000
09-01-2019,30.51000
08-01-2019,30.62000
07-01-2019,30.60000
04-01-2019,30.55000
03-01-2019,30.37000
02-01-2019,30.67000
01-01-2019,30.95000
31-12-2018,30.89000
28-12-2018,30.77000
27-12-2018,30.39000
26-12-2018,30.37000
24-12-2018,30.35000
21-12-2018,30.57000
20-12-2018,30.97000
19-12-2018,31.03000
18-12-2018,30.56000
17-12-2018,30.51000
14-12-2018,30.20000
13-12-2018,30.27000
12-12-2018,30.09000
11-12-2018,29.27000
10-12-2018,29.01000
07-12-2018,29.49000
06-12-2018,29.52000
05-12-2018,29.95000
04-12-2018,30.46000
03-12-2018,30.55000
30-11-2018,30.37000
29-11-2018,30.28000
28-11-2018,30.10000
27-11-2018,30.27000
26-11-2018,30.25000
22-11-2018,30.21000
21-11-2018,30.47000
20-11-2018,30.39000
19-11-2018,30.77000
16-11-2018,30.47000
15-11-2018,30.63000
14-11-2018,30.42000
13-11-2018,30.49000
12-11-2018,30.36000
09-11-2018,30.51000
06-11-2018,30.20000
05-11-2018,30.25000
02-11-2018,30.42000
01-11-2018,29.93000
31-10-2018,29.44000
30-10-2018,28.83000
29-10-2018,28.70000
26-10-2018,28.34000
25-10-2018,28.48000
24-10-2018,28.67000
23-10-2018,28.54000
22-10-2018,28.67000
19-10-2018,28.93000
17-10-2018,29.25000
16-10-2018,29.85000
15-10-2018,29.52000
12-10-2018,29.47000
11-10-2018,28.62000
10-10-2018,29.20000
09-10-2018,28.13000
08-10-2018,28.11000
05-10-2018,28.52000
04-10-2018,29.31000
03-10-2018,29.83000
01-10-2018,30.13000
28-09-2018,30.06000
27-09-2018,30.74000
26-09-2018,31.17000
25-09-2018,30.89000
24-09-2018,30.96000
21-09-2018,31.65000
19-09-2018,32.37000
18-09-2018,32.51000
17-09-2018,33.00000
14-09-2018,33.16000
12-09-2018,32.59000
11-09-2018,32.46000
10-09-2018,32.91000
07-09-2018,33.26000
06-09-2018,33.15000
05-09-2018,33.12000
04-09-2018,33.42000
03-09-2018,34.17000
31-08-2018,34.14000
30-08-2018,34.20000
29-08-2018,34.05000
28-08-2018,33.94000
27-08-2018,34.00000
24-08-2018,33.64000
23-08-2018,33.74000
21-08-2018,34.04000
20-08-2018,34.03000
17-08-2018,33.71000
16-08-2018,33.33000
14-08-2018,33.60000
13-08-2018,33.57000
10-08-2018,33.91000
09-08-2018,34.10000
08-08-2018,33.97000
07-08-2018,33.99000
06-08-2018,33.97000
03-08-2018,34.03000
02-08-2018,33.61000
01-08-2018,33.60000
31-07-2018,33.53000
30-07-2018,33.40000
27-07-2018,33.34000
26-07-2018,32.99000
25-07-2018,32.94000
24-07-2018,32.81000
23-07-2018,32.00000
20-07-2018,31.57000
19-07-2018,31.46000
18-07-2018,31.64000
17-07-2018,31.92000
16-07-2018,31.46000
13-07-2018,31.98000
12-07-2018,32.43000
11-07-2018,32.42000
10-07-2018,32.65000
09-07-2018,32.24000
06-07-2018,31.87000
05-07-2018,31.58000
04-07-2018,31.55000
03-07-2018,31.58000
02-07-2018,31.45000
29-06-2018,31.83000
28-06-2018,31.20000
27-06-2018,31.76000
26-06-2018,32.31000
25-06-2018,32.37000
22-06-2018,32.65000
21-06-2018,32.52000
20-06-2018,32.70000
19-06-2018,32.72000
18-06-2018,33.14000
15-06-2018,33.39000
14-06-2018,33.70000
13-06-2018,33.93000
12-06-2018,34.14000
11-06-2018,33.94000
08-06-2018,33.93000
07-06-2018,33.76000
06-06-2018,33.29000
05-06-2018,32.99000
04-06-2018,33.49000
01-06-2018,33.86000
31-05-2018,34.34000
30-05-2018,34.46000
29-05-2018,34.66000
28-05-2018,34.78000
25-05-2018,34.18000
24-05-2018,33.62000
23-05-2018,33.69000
22-05-2018,34.09000
21-05-2018,33.92000
18-05-2018,34.61000
17-05-2018,35.13000
16-05-2018,35.23000
15-05-2018,35.42000
14-05-2018,35.74000
11-05-2018,35.86000
10-05-2018,35.71000
09-05-2018,36.02000
08-05-2018,36.19000
07-05-2018,36.03000
04-05-2018,35.91000
03-05-2018,35.95000
02-05-2018,36.12000
30-04-2018,36.47000
27-04-2018,36.28000
26-04-2018,36.12000
25-04-2018,36.16000
24-04-2018,36.55000
23-04-2018,36.59000
20-04-2018,36.51000
19-04-2018,36.77000
18-04-2018,36.55000
17-04-2018,36.60000
16-04-2018,36.53000
13-04-2018,36.41000
12-04-2018,36.49000
11-04-2018,36.54000
10-04-2018,36.70000
09-04-2018,36.75000
06-04-2018,36.72000
05-04-2018,36.63000
04-04-2018,35.87000
03-04-2018,36.24000
02-04-2018,35.70000
28-03-2018,35.28000
27-03-2018,35.42000
26-03-2018,34.89000
23-03-2018,34.49000
22-03-2018,35.02000
21-03-2018,35.19000
20-03-2018,35.04000
19-03-2018,34.98000
16-03-2018,35.54000
15-03-2018,36.02000
14-03-2018,36.04000
13-03-2018,36.21000
12-03-2018,35.93000
09-03-2018,35.43000
08-03-2018,35.72000
07-03-2018,35.60000
06-03-2018,36.08000
05-03-2018,36.34000
01-03-2018,36.85000
28-02-2018,36.99000
27-02-2018,37.09000
26-02-2018,37.13000
23-02-2018,36.72000
22-02-2018,36.14000
21-02-2018,36.42000
20-02-2018,36.56000
19-02-2018,36.42000
16-02-2018,36.75000
15-02-2018,37.23000
14-02-2018,37.40000
12-02-2018,37.45000
09-02-2018,36.85000
08-02-2018,36.89000
07-02-2018,36.29000
06-02-2018,35.85000
05-02-2018,36.45000
02-02-2018,36.71000
01-02-2018,38.28000
31-01-2018,38.24000
30-01-2018,38.35000
29-01-2018,38.61000
25-01-2018,38.86000
24-01-2018,39.11000
23-01-2018,39.35000
22-01-2018,38.97000
19-01-2018,38.98000
18-01-2018,38.73000
17-01-2018,39.38000
16-01-2018,39.21000
15-01-2018,40.08000
12-01-2018,40.15000
11-01-2018,40.18000
10-01-2018,40.15000
09-01-2018,40.35000
08-01-2018,40.43000
05-01-2018,40.16000
04-01-2018,39.89000
03-01-2018,39.50000
02-01-2018,39.32000
01-01-2018,39.58000
29-12-2017,39.66000
28-12-2017,39.60000
27-12-2017,39.61000
26-12-2017,39.82000
22-12-2017,39.61000
21-12-2017,39.36000
20-12-2017,39.07000
19-12-2017,38.94000
18-12-2017,38.44000
15-12-2017,38.11000
14-12-2017,37.71000
13-12-2017,37.73000
12-12-2017,38.04000
11-12-2017,38.20000
08-12-2017,38.08000
07-12-2017,37.76000
06-12-2017,37.11000
05-12-2017,37.51000
04-12-2017,37.60000
01-12-2017,37.51000
30-11-2017,38.06000
29-11-2017,38.23000
28-11-2017,38.37000
27-11-2017,38.29000
24-11-2017,38.09000
23-11-2017,37.92000
22-11-2017,37.79000
21-11-2017,37.77000
20-11-2017,37.55000
17-11-2017,37.34000
16-11-2017,37.00000
15-11-2017,36.72000
14-11-2017,37.05000
13-11-2017,37.32000
10-11-2017,37.78000
09-11-2017,37.98000
08-11-2017,37.87000
07-11-2017,38.32000
06-11-2017,38.84000
03-11-2017,38.85000
02-11-2017,38.96000
01-11-2017,38.93000
31-10-2017,38.72000
30-10-2017,38.61000
27-10-2017,38.36000
26-10-2017,38.38000
25-10-2017,38.01000
24-10-2017,38.00000
23-10-2017,37.79000
18-10-2017,37.74000
17-10-2017,37.67000
16-10-2017,37.50000
13-10-2017,37.39000
12-10-2017,37.29000
11-10-2017,36.91000
10-10-2017,37.08000
09-10-2017,36.98000
06-10-2017,37.02000
05-10-2017,36.55000
04-10-2017,36.49000
03-10-2017,36.35000
29-09-2017,36.09000
28-09-2017,35.70000
27-09-2017,35.45000
26-09-2017,36.06000
25-09-2017,35.82000
22-09-2017,36.32000
21-09-2017,37.42000
20-09-2017,37.53000
19-09-2017,37.67000
18-09-2017,37.45000
15-09-2017,37.04000
14-09-2017,37.15000
13-09-2017,37.19000
12-09-2017,37.42000
11-09-2017,37.07000
08-09-2017,36.85000
07-09-2017,36.88000
06-09-2017,36.66000
05-09-2017,36.51000
04-09-2017,36.17000
01-09-2017,36.41000
31-08-2017,36.23000
30-08-2017,35.97000
29-08-2017,35.41000
28-08-2017,35.77000
24-08-2017,35.44000
23-08-2017,35.39000
22-08-2017,35.08000
21-08-2017,35.30000
18-08-2017,35.53000
17-08-2017,35.75000
16-08-2017,35.50000
14-08-2017,35.16000
11-08-2017,34.41000
10-08-2017,34.68000
09-08-2017,35.46000
08-08-2017,35.77000
07-08-2017,35.70000
04-08-2017,35.46000
03-08-2017,35.14000
02-08-2017,35.34000
01-08-2017,35.39000
31-07-2017,35.37000
28-07-2017,35.15000
27-07-2017,35.01000
26-07-2017,35.02000
25-07-2017,34.74000
24-07-2017,34.57000
21-07-2017,34.61000
20-07-2017,34.63000
19-07-2017,34.78000
18-07-2017,34.48000
17-07-2017,34.66000
14-07-2017,34.50000
13-07-2017,34.54000
12-07-2017,34.20000
11-07-2017,33.93000
10-07-2017,33.89000
07-07-2017,33.72000
06-07-2017,33.76000
05-07-2017,33.70000
04-07-2017,33.42000
03-07-2017,33.33000
30-06-2017,32.97000
29-06-2017,32.84000
28-06-2017,32.60000
27-06-2017,32.52000
23-06-2017,32.87000
22-06-2017,33.24000
21-06-2017,33.45000
20-06-2017,33.58000
19-06-2017,33.53000
16-06-2017,33.41000
15-06-2017,33.25000
14-06-2017,33.33000
13-06-2017,33.29000
12-06-2017,33.22000
09-06-2017,33.44000
08-06-2017,33.27000
07-06-2017,33.31000
06-06-2017,33.12000
05-06-2017,33.28000
02-06-2017,33.20000
01-06-2017,32.96000
31-05-2017,33.03000
30-05-2017,32.88000
29-05-2017,32.74000
26-05-2017,33.18000
25-05-2017,32.42000
24-05-2017,31.83000
23-05-2017,32.24000
22-05-2017,32.66000
19-05-2017,33.00000
18-05-2017,33.25000
17-05-2017,33.88000
16-05-2017,33.89000
15-05-2017,33.76000
12-05-2017,33.51000
11-05-2017,33.80000
10-05-2017,33.81000
09-05-2017,33.52000
08-05-2017,33.23000
05-05-2017,33.12000
04-05-2017,33.53000
03-05-2017,33.36000
02-05-2017,33.35000
28-04-2017,33.31000
27-04-2017,33.13000
26-04-2017,33.01000
25-04-2017,33.22000
24-04-2017,33.01000
21-04-2017,32.71000
20-04-2017,32.68000
19-04-2017,32.35000
18-04-2017,32.11000
17-04-2017,32.32000
13-04-2017,32.32000
12-04-2017,32.49000
11-04-2017,32.48000
10-04-2017,32.10000
07-04-2017,31.72000
06-04-2017,32.01000
05-04-2017,32.08000
03-04-2017,31.80000
31-03-2017,31.51000
30-03-2017,31.28000
29-03-2017,31.06000
28-03-2017,30.82000
27-03-2017,30.72000
24-03-2017,30.69000
23-03-2017,30.37000
22-03-2017,30.06000
21-03-2017,30.38000
20-03-2017,30.40000
17-03-2017,30.41000
16-03-2017,30.47000
15-03-2017,29.92000
14-03-2017,29.67000
10-03-2017,29.27000
09-03-2017,29.37000
08-03-2017,29.36000
07-03-2017,29.55000
06-03-2017,29.57000
03-03-2017,29.59000
02-03-2017,29.49000
01-03-2017,29.84000
28-02-2017,29.76000
27-02-2017,29.65000
23-02-2017,29.72000
22-02-2017,29.73000
21-02-2017,29.80000
20-02-2017,29.69000
17-02-2017,29.49000
16-02-2017,29.25000
15-02-2017,28.85000
14-02-2017,29.25000
13-02-2017,29.47000
10-02-2017,29.55000
09-02-2017,29.53000
08-02-2017,29.49000
07-02-2017,29.30000
06-02-2017,29.42000
03-02-2017,29.20000
02-02-2017,29.16000
01-02-2017,29.00000
31-01-2017,28.29000
30-01-2017,28.60000
27-01-2017,28.71000
25-01-2017,28.40000
24-01-2017,27.99000
23-01-2017,27.66000
20-01-2017,27.45000
19-01-2017,27.79000
18-01-2017,27.69000
17-01-2017,27.51000
16-01-2017,27.48000
13-01-2017,27.30000
12-01-2017,27.28000
11-01-2017,27.21000
10-01-2017,26.87000
09-01-2017,26.71000
06-01-2017,26.65000
05-01-2017,26.74000
04-01-2017,26.46000
03-01-2017,26.50000
02-01-2017,26.21000
30-12-2016,25.97000
29-12-2016,25.77000
28-12-2016,25.37000
27-12-2016,25.30000
26-12-2016,25.01000
23-12-2016,25.36000
22-12-2016,25.31000
21-12-2016,25.72000
20-12-2016,25.72000
19-12-2016,25.85000
16-12-2016,26.01000
15-12-2016,26.04000
14-12-2016,26.01000
13-12-2016,26.23000
12-12-2016,26.25000
09-12-2016,26.45000
08-12-2016,26.37000
07-12-2016,25.97000
06-12-2016,26.01000
05-12-2016,25.86000
02-12-2016,25.82000
01-12-2016,26.11000
30-11-2016,26.36000
29-11-2016,26.04000
28-11-2016,25.91000
25-11-2016,25.86000
24-11-2016,25.51000
23-11-2016,25.59000
22-11-2016,25.38000
21-11-2016,25.13000
18-11-2016,25.87000
17-11-2016,25.86000
16-11-2016,25.87000
15-11-2016,25.83000
11-11-2016,27.13000
10-11-2016,27.95000
09-11-2016,27.57000
08-11-2016,28.13000
07-11-2016,28.14000
04-11-2016,27.85000
03-11-2016,28.33000
02-11-2016,28.42000
01-11-2016,28.96000
28-10-2016,28.73000
27-10-2016,28.58000
26-10-2016,28.78000
25-10-2016,28.97000
24-10-2016,28.93000
21-10-2016,28.87000
20-10-2016,28.84000
19-10-2016,28.73000
18-10-2016,28.82000
17-10-2016,28.55000
14-10-2016,28.69000
13-10-2016,28.66000
10-10-2016,29.25000
07-10-2016,29.17000
06-10-2016,29.25000
05-10-2016,29.23000
04-10-2016,29.17000
03-10-2016,29.08000
30-09-2016,28.37000
29-09-2016,27.90000
28-09-2016,28.73000
27-09-2016,28.40000
26-09-2016,28.42000
23-09-2016,28.63000
22-09-2016,28.77000
21-09-2016,28.36000
20-09-2016,28.31000
19-09-2016,28.32000
16-09-2016,28.23000
15-09-2016,28.17000
14-09-2016,28.16000
12-09-2016,27.87000
09-09-2016,28.50000
08-09-2016,28.79000
07-09-2016,28.56000
06-09-2016,28.59000
02-09-2016,28.24000
01-09-2016,28.10000
31-08-2016,28.23000
30-08-2016,28.03000
29-08-2016,27.74000
26-08-2016,27.74000
25-08-2016,27.72000
24-08-2016,27.73000
23-08-2016,27.63000
22-08-2016,27.69000
19-08-2016,27.82000
18-08-2016,27.67000
17-08-2016,27.52000
16-08-2016,27.48000
12-08-2016,27.41000
11-08-2016,27.29000
10-08-2016,27.39000
09-08-2016,27.79000
08-08-2016,27.86000
05-08-2016,27.57000
04-08-2016,27.14000
03-08-2016,27.04000
02-08-2016,27.40000
01-08-2016,27.66000
29-07-2016,27.67000
28-07-2016,27.72000
27-07-2016,27.48000
26-07-2016,27.35000
25-07-2016,27.40000
22-07-2016,27.20000
21-07-2016,26.98000
20-07-2016,27.07000
19-07-2016,26.82000
18-07-2016,26.78000
15-07-2016,26.84000
14-07-2016,26.86000
13-07-2016,26.73000
12-07-2016,26.94000
11-07-2016,26.77000
08-07-2016,26.47000
07-07-2016,26.59000
05-07-2016,26.55000
04-07-2016,26.65000
01-07-2016,26.49000
30-06-2016,26.31000
29-06-2016,25.99000
28-06-2016,25.58000
27-06-2016,25.43000
24-06-2016,25.10000
23-06-2016,25.67000
22-06-2016,25.60000
21-06-2016,25.68000
20-06-2016,25.68000
17-06-2016,25.62000
16-06-2016,25.55000
15-06-2016,25.67000
14-06-2016,25.41000
13-06-2016,25.28000
10-06-2016,25.57000
09-06-2016,25.60000
08-06-2016,25.67000
07-06-2016,25.48000
06-06-2016,25.21000
03-06-2016,25.08000
02-06-2016,25.12000
01-06-2016,24.89000
31-05-2016,24.89000
30-05-2016,24.88000
27-05-2016,24.69000
26-05-2016,24.61000
25-05-2016,24.21000
24-05-2016,23.91000
23-05-2016,23.98000
20-05-2016,24.00000
19-05-2016,24.23000
18-05-2016,24.44000
17-05-2016,24.34000
16-05-2016,24.34000
13-05-2016,24.27000
12-05-2016,24.28000
11-05-2016,24.09000
10-05-2016,24.13000
09-05-2016,24.05000
06-05-2016,23.65000
05-05-2016,23.73000
04-05-2016,23.72000
03-05-2016,23.98000
02-05-2016,24.09000
29-04-2016,24.03000
28-04-2016,24.01000
27-04-2016,24.36000
26-04-2016,24.38000
25-04-2016,24.26000
22-04-2016,24.36000
21-04-2016,24.31000
20-04-2016,24.26000
18-04-2016,24.11000
13-04-2016,23.91000
12-04-2016,23.55000
11-04-2016,23.39000
08-04-2016,23.16000
07-04-2016,23.04000
06-04-2016,23.14000
05-04-2016,23.11000
04-04-2016,23.48000
01-04-2016,23.47000
31-03-2016,23.43000
30-03-2016,23.34000
29-03-2016,22.94000
28-03-2016,23.04000
23-03-2016,23.38000
22-03-2016,23.38000
21-03-2016,23.22000
18-03-2016,22.84000
17-03-2016,22.71000
16-03-2016,22.58000
15-03-2016,22.54000
14-03-2016,22.68000
11-03-2016,22.52000
10-03-2016,22.60000
09-03-2016,22.62000
08-03-2016,22.48000
04-03-2016,22.48000
03-03-2016,22.30000
02-03-2016,22.07000
01-03-2016,21.70000
29-02-2016,21.15000
26-02-2016,21.15000
25-02-2016,21.08000
24-02-2016,21.43000
23-02-2016,21.74000
22-02-2016,22.02000
19-02-2016,21.85000
18-02-2016,21.90000
17-02-2016,21.73000
16-02-2016,21.72000
15-02-2016,22.16000
12-02-2016,21.48000
11-02-2016,21.69000
10-02-2016,22.45000
09-02-2016,22.63000
08-02-2016,22.87000
05-02-2016,22.99000
04-02-2016,22.75000
03-02-2016,22.68000
02-02-2016,23.18000
01-02-2016,23.58000
29-01-2016,23.48000
28-01-2016,23.19000
27-01-2016,23.33000
25-01-2016,23.27000
22-01-2016,23.10000
21-01-2016,22.59000
20-01-2016,22.66000
19-01-2016,23.17000
18-01-2016,22.92000
15-01-2016,23.50000
14-01-2016,24.02000
13-01-2016,24.35000
12-01-2016,24.51000
11-01-2016,24.80000
08-01-2016,24.98000
07-01-2016,24.73000
06-01-2016,25.28000
05-01-2016,25.45000
04-01-2016,25.34000
01-01-2016,25.70000
31-12-2015,25.56000
30-12-2015,25.45000
29-12-2015,25.42000
28-12-2015,25.44000
24-12-2015,25.42000
23-12-2015,25.33000
22-12-2015,25.15000
21-12-2015,25.20000
18-12-2015,24.93000
17-12-2015,25.04000
16-12-2015,24.74000
15-12-2015,24.61000
14-12-2015,24.43000
11-12-2015,24.40000
10-12-2015,24.65000
09-12-2015,24.56000
08-12-2015,24.92000
07-12-2015,25.18000
04-12-2015,25.24000
03-12-2015,25.41000
02-12-2015,25.55000
01-12-2015,25.60000
30-11-2015,25.57000
27-11-2015,25.55000
26-11-2015,25.39000
24-11-2015,25.30000
23-11-2015,25.36000
20-11-2015,25.33000
19-11-2015,25.11000
18-11-2015,24.78000
17-11-2015,24.93000
16-11-2015,24.85000
13-11-2015,24.76000
10-11-2015,24.71000
09-11-2015,25.01000
06-11-2015,25.09000
05-11-2015,25.21000
04-11-2015,25.45000
03-11-2015,25.41000
02-11-2015,25.36000
30-10-2015,25.41000
29-10-2015,25.52000
28-10-2015,25.69000
27-10-2015,25.86000
26-10-2015,25.90000
23-10-2015,26.02000
21-10-2015,26.10000
20-10-2015,26.28000
19-10-2015,26.26000
16-10-2015,26.21000
15-10-2015,26.03000
14-10-2015,25.84000
13-10-2015,25.84000
12-10-2015,25.84000
09-10-2015,25.85000
08-10-2015,25.70000
07-10-2015,25.73000
06-10-2015,25.60000
05-10-2015,25.56000
01-10-2015,25.03000
30-09-2015,25.03000
29-09-2015,24.76000
28-09-2015,24.78000
24-09-2015,24.95000
23-09-2015,24.91000
22-09-2015,24.85000
21-09-2015,25.30000
18-09-2015,25.19000
16-09-2015,24.93000
15-09-2015,24.89000
14-09-2015,25.12000
11-09-2015,24.96000
10-09-2015,25.03000
09-09-2015,24.99000
08-09-2015,24.45000
07-09-2015,24.12000
04-09-2015,24.47000
03-09-2015,24.99000
02-09-2015,24.61000
01-09-2015,24.73000
31-08-2015,25.33000
28-08-2015,25.47000
27-08-2015,25.34000
26-08-2015,24.94000
25-08-2015,24.93000
24-08-2015,24.53000
21-08-2015,26.49000
20-08-2015,26.71000
19-08-2015,27.27000
18-08-2015,27.09000
17-08-2015,27.15000
14-08-2015,27.10000
13-08-2015,26.46000
12-08-2015,26.54000
11-08-2015,27.29000
10-08-2015,27.60000
07-08-2015,27.78000
06-08-2015,27.67000
05-08-2015,27.56000
04-08-2015,27.47000
03-08-2015,27.48000
31-07-2015,27.20000
30-07-2015,26.90000
29-07-2015,26.60000
28-07-2015,26.42000
27-07-2015,26.52000
24-07-2015,27.02000
23-07-2015,27.32000
22-07-2015,27.31000
21-07-2015,26.99000
20-07-2015,27.29000
17-07-2015,27.40000
16-07-2015,27.33000
15-07-2015,27.08000
14-07-2015,26.88000
13-07-2015,26.97000
10-07-2015,26.71000
09-07-2015,26.55000
08-07-2015,26.54000
07-07-2015,26.95000
06-07-2015,26.86000
03-07-2015,26.70000
02-07-2015,26.63000
01-07-2015,26.55000
30-06-2015,26.17000
29-06-2015,26.01000
26-06-2015,26.33000
25-06-2015,26.33000
24-06-2015,26.15000
23-06-2015,26.33000
22-06-2015,26.18000
19-06-2015,25.84000
18-06-2015,25.77000
17-06-2015,25.49000
16-06-2015,25.23000
15-06-2015,25.17000
12-06-2015,25.05000
11-06-2015,24.99000
10-06-2015,25.46000
09-06-2015,25.22000
08-06-2015,25.25000
05-06-2015,25.47000
04-06-2015,25.50000
03-06-2015,25.53000
02-06-2015,26.08000
01-06-2015,26.60000
29-05-2015,26.60000
28-05-2015,26.09000
27-05-2015,26.16000
26-05-2015,26.09000
25-05-2015,26.23000
22-05-2015,26.30000
21-05-2015,26.22000
20-05-2015,26.23000
19-05-2015,26.21000
18-05-2015,26.18000
15-05-2015,26.01000
14-05-2015,25.91000
13-05-2015,25.81000
12-05-2015,25.41000
11-05-2015,26.03000
08-05-2015,25.65000
07-05-2015,25.10000
06-05-2015,25.58000
05-05-2015,26.40000
04-05-2015,26.25000
30-04-2015,25.84000
29-04-2015,25.81000
28-04-2015,25.77000
27-04-2015,25.45000
24-04-2015,25.95000
23-04-2015,26.40000
22-04-2015,26.40000
21-04-2015,26.38000
20-04-2015,26.55000
17-04-2015,27.07000
16-04-2015,27.27000
15-04-2015,27.40000
13-04-2015,27.49000
10-04-2015,27.44000
09-04-2015,27.39000
08-04-2015,27.25000
07-04-2015,27.03000
06-04-2015,27.05000
01-04-2015,26.93000
31-03-2015,26.52000
30-03-2015,26.42000
27-03-2015,25.92000
26-03-2015,25.82000
25-03-2015,26.23000
24-03-2015,26.27000
23-03-2015,26.37000
20-03-2015,26.50000
19-03-2015,26.87000
18-03-2015,27.00000
17-03-2015,27.02000
16-03-2015,26.76000
13-03-2015,26.93000
12-03-2015,27.27000
11-03-2015,26.93000
10-03-2015,27.05000
09-03-2015,27.28000
05-03-2015,27.82000
04-03-2015,27.74000
03-03-2015,28.09000
02-03-2015,27.89000
27-02-2015,27.16000
26-02-2015,26.55000
25-02-2015,26.69000
24-02-2015,26.65000
23-02-2015,26.92000
20-02-2015,27.01000
19-02-2015,27.11000
18-02-2015,27.18000
16-02-2015,26.94000
13-02-2015,26.97000
12-02-2015,26.78000
11-02-2015,26.44000
10-02-2015,26.14000
09-02-2015,25.92000
06-02-2015,26.40000
05-02-2015,26.82000
04-02-2015,27.13000
03-02-2015,27.27000
02-02-2015,27.31000
30-01-2015,27.33000
29-01-2015,27.58000
28-01-2015,27.63000
27-01-2015,27.69000
23-01-2015,27.24000
22-01-2015,27.13000
21-01-2015,27.05000
20-01-2015,26.99000
19-01-2015,26.75000
16-01-2015,26.59000
15-01-2015,26.57000
14-01-2015,26.07000
13-01-2015,26.18000
12-01-2015,26.20000
09-01-2015,26.07000
08-01-2015,26.03000
07-01-2015,25.58000
06-01-2015,25.59000
05-01-2015,26.42000
02-01-2015,26.34000
01-01-2015,26.08000
31-12-2014,25.93000
30-12-2014,25.74000
29-12-2014,25.70000
26-12-2014,25.61000
24-12-2014,25.51000
23-12-2014,25.52000
22-12-2014,25.63000
19-12-2014,25.41000
18-12-2014,25.23000
17-12-2014,24.66000
16-12-2014,24.60000
15-12-2014,25.30000
12-12-2014,25.33000
11-12-2014,25.64000
10-12-2014,25.80000
09-12-2014,25.62000
08-12-2014,25.97000
05-12-2014,26.26000
04-12-2014,26.38000
03-12-2014,26.16000
02-12-2014,25.79000
01-12-2014,25.70000
28-11-2014,25.85000
27-11-2014,25.46000
26-11-2014,25.39000
25-11-2014,25.25000
24-11-2014,25.63000
21-11-2014,25.51000
20-11-2014,25.34000
19-11-2014,25.34000
18-11-2014,25.52000
17-11-2014,25.34000
14-11-2014,25.00000
13-11-2014,24.82000
12-11-2014,25.01000
11-11-2014,24.89000
10-11-2014,24.71000
07-11-2014,24.72000
05-11-2014,24.58000
03-11-2014,24.48000
31-10-2014,24.39000
30-10-2014,23.91000
29-10-2014,23.78000
28-10-2014,23.64000
27-10-2014,23.50000
22-10-2014,23.52000
21-10-2014,23.33000
20-10-2014,23.11000
17-10-2014,22.71000
16-10-2014,22.44000
14-10-2014,22.91000
13-10-2014,22.90000
10-10-2014,22.72000
09-10-2014,23.12000
08-10-2014,22.62000
07-10-2014,22.51000
01-10-2014,22.74000
30-09-2014,22.89000
29-09-2014,22.94000
26-09-2014,22.88000
25-09-2014,22.55000
24-09-2014,23.16000
23-09-2014,23.37000
22-09-2014,23.86000
19-09-2014,23.76000
18-09-2014,23.81000
17-09-2014,23.38000
16-09-2014,23.25000
15-09-2014,23.92000
12-09-2014,23.97000
11-09-2014,23.95000
10-09-2014,23.80000
09-09-2014,23.88000
08-09-2014,23.86000
05-09-2014,23.66000
04-09-2014,23.58000
03-09-2014,23.69000
02-09-2014,23.64000
01-09-2014,23.48000
28-08-2014,23.07000
27-08-2014,23.00000
26-08-2014,22.79000
25-08-2014,22.97000
22-08-2014,23.19000
21-08-2014,23.15000
20-08-2014,23.06000
19-08-2014,23.10000
18-08-2014,22.85000
14-08-2014,22.36000
13-08-2014,22.07000
12-08-2014,22.40000
11-08-2014,22.10000
08-08-2014,22.05000
07-08-2014,22.50000
06-08-2014,22.54000
05-08-2014,22.71000
04-08-2014,22.52000
01-08-2014,22.28000
31-07-2014,22.51000
30-07-2014,22.64000
28-07-2014,22.58000
25-07-2014,22.75000
24-07-2014,23.09000
23-07-2014,23.08000
22-07-2014,23.09000
21-07-2014,23.05000
18-07-2014,23.05000
17-07-2014,23.05000
16-07-2014,22.87000
15-07-2014,22.47000
14-07-2014,21.97000
11-07-2014,21.86000
10-07-2014,22.61000
09-07-2014,22.49000
08-07-2014,22.75000
07-07-2014,23.61000
04-07-2014,23.62000
03-07-2014,23.53000
02-07-2014,23.53000
01-07-2014,23.24000
30-06-2014,23.00000
27-06-2014,22.47000
26-06-2014,22.50000
25-06-2014,22.70000
24-06-2014,22.69000
23-06-2014,22.41000
20-06-2014,22.21000
19-06-2014,22.33000
18-06-2014,22.57000
17-06-2014,22.68000
16-06-2014,22.24000
13-06-2014,22.30000
12-06-2014,22.77000
11-06-2014,22.69000
10-06-2014,22.95000
09-06-2014,23.16000
06-06-2014,22.83000
05-06-2014,22.41000
04-06-2014,22.23000
03-06-2014,21.96000
02-06-2014,21.84000
30-05-2014,21.23000
29-05-2014,21.17000
28-05-2014,21.36000
27-05-2014,21.16000
26-05-2014,21.41000
23-05-2014,21.49000
22-05-2014,21.10000
21-05-2014,20.70000
20-05-2014,20.73000
19-05-2014,20.71000
16-05-2014,19.62000
15-05-2014,18.95000
14-05-2014,19.03000
13-05-2014,18.85000
12-05-2014,18.60000
09-05-2014,18.25000
08-05-2014,17.75000
07-05-2014,17.66000
06-05-2014,17.65000
05-05-2014,17.55000
02-05-2014,17.46000
30-04-2014,17.50000
29-04-2014,17.68000
28-04-2014,17.79000
25-04-2014,17.79000
23-04-2014,17.92000
22-04-2014,17.86000
21-04-2014,17.80000
17-04-2014,17.57000
16-04-2014,17.29000
15-04-2014,17.44000
11-04-2014,17.56000
10-04-2014,17.61000
09-04-2014,17.49000
07-04-2014,17.08000
04-04-2014,17.13000
03-04-2014,17.15000
02-04-2014,17.24000
01-04-2014,17.06000
31-03-2014,17.15000
28-03-2014,17.05000
27-03-2014,16.71000
26-03-2014,16.56000
25-03-2014,16.41000
24-03-2014,16.37000
21-03-2014,16.15000
20-03-2014,16.15000
19-03-2014,16.33000
18-03-2014,16.21000
14-03-2014,16.08000
13-03-2014,16.01000
12-03-2014,15.99000
11-03-2014,16.01000
10-03-2014,16.11000
07-03-2014,15.92000
06-03-2014,15.50000
05-03-2014,15.23000
04-03-2014,15.05000
03-03-2014,14.79000
28-02-2014,14.85000
26-02-2014,14.75000
25-02-2014,14.71000
24-02-2014,14.68000
21-02-2014,14.55000
20-02-2014,14.43000
19-02-2014,14.58000
18-02-2014,14.45000
17-02-2014,14.28000
14-02-2014,14.29000
13-02-2014,14.29000
12-02-2014,14.47000
11-02-2014,14.37000
10-02-2014,14.31000
07-02-2014,14.30000
06-02-2014,14.20000
05-02-2014,14.24000
04-02-2014,14.15000
03-02-2014,14.08000
31-01-2014,14.24000
30-01-2014,14.04000
29-01-2014,14.14000
28-01-2014,14.27000
27-01-2014,14.20000
24-01-2014,14.65000
23-01-2014,14.92000
22-01-2014,14.94000
21-01-2014,14.87000
20-01-2014,14.78000
17-01-2014,14.73000
16-01-2014,14.91000
15-01-2014,14.95000
14-01-2014,14.85000
13-01-2014,14.89000
10-01-2014,14.80000
09-01-2014,14.96000
08-01-2014,15.06000
07-01-2014,15.03000
06-01-2014,15.11000
03-01-2014,15.12000
02-01-2014,15.15000
01-01-2014,15.50000
31-12-2013,15.47000
30-12-2013,15.37000
27-12-2013,15.35000
26-12-2013,15.34000
24-12-2013,15.26000
23-12-2013,15.26000
20-12-2013,15.10000
19-12-2013,14.86000
18-12-2013,14.98000
17-12-2013,14.75000
16-12-2013,14.71000
13-12-2013,14.79000
12-12-2013,15.03000
11-12-2013,15.21000
10-12-2013,15.33000
09-12-2013,15.47000
06-12-2013,15.20000
05-12-2013,15.12000
04-12-2013,14.84000
03-12-2013,14.94000
02-12-2013,14.94000
29-11-2013,14.80000
28-11-2013,14.55000
27-11-2013,14.44000
26-11-2013,14.32000
25-11-2013,14.49000
22-11-2013,14.19000
21-11-2013,14.19000
20-11-2013,14.43000
19-11-2013,14.53000
18-11-2013,14.45000
14-11-2013,14.21000
13-11-2013,13.92000
12-11-2013,14.00000
11-11-2013,14.18000
08-11-2013,14.37000
07-11-2013,14.40000
06-11-2013,14.57000
05-11-2013,14.67000
01-11-2013,14.57000
31-10-2013,14.43000
30-10-2013,14.23000
29-10-2013,14.14000
28-10-2013,13.85000
25-10-2013,13.93000
24-10-2013,14.07000
23-10-2013,14.09000
22-10-2013,14.08000
21-10-2013,14.06000
18-10-2013,13.89000
17-10-2013,13.60000
15-10-2013,13.66000
14-10-2013,13.80000
11-10-2013,13.75000
10-10-2013,13.59000
09-10-2013,13.48000
08-10-2013,13.27000
07-10-2013,13.18000
04-10-2013,13.17000
03-10-2013,13.12000
01-10-2013,12.85000
30-09-2013,12.75000
27-09-2013,12.99000
26-09-2013,13.06000
25-09-2013,13.02000
24-09-2013,12.99000
23-09-2013,13.00000
20-09-2013,13.27000
19-09-2013,13.50000
18-09-2013,13.05000
17-09-2013,12.96000
16-09-2013,12.99000
13-09-2013,12.97000
12-09-2013,12.90000
11-09-2013,13.04000
10-09-2013,12.92000
06-09-2013,12.59000
05-09-2013,12.33000
04-09-2013,11.97000
03-09-2013,11.76000
02-09-2013,12.16000
30-08-2013,11.98000
29-08-2013,11.93000
28-08-2013,11.68000
27-08-2013,11.82000
26-08-2013,12.18000
23-08-2013,12.14000
22-08-2013,12.01000
21-08-2013,11.83000
20-08-2013,12.07000
19-08-2013,12.02000
16-08-2013,12.26000
14-08-2013,12.70000
13-08-2013,12.58000
12-08-2013,12.35000
08-08-2013,12.21000
07-08-2013,12.06000
06-08-2013,11.94000
05-08-2013,12.26000
02-08-2013,12.31000
01-08-2013,12.47000
31-07-2013,12.60000
30-07-2013,12.64000
29-07-2013,12.94000
26-07-2013,13.07000
25-07-2013,13.17000
24-07-2013,13.28000
23-07-2013,13.56000
22-07-2013,13.53000
19-07-2013,13.58000
18-07-2013,13.68000
17-07-2013,13.60000
16-07-2013,13.75000
15-07-2013,13.99000
12-07-2013,13.91000
11-07-2013,13.80000
10-07-2013,13.59000
09-07-2013,13.66000
08-07-2013,13.55000
05-07-2013,13.67000
04-07-2013,13.68000
03-07-2013,13.61000
02-07-2013,13.90000
01-07-2013,13.94000
28-06-2013,13.75000
27-06-2013,13.31000
26-06-2013,13.20000
25-06-2013,13.33000
24-06-2013,13.29000
21-06-2013,13.59000
20-06-2013,13.68000
19-06-2013,14.05000
18-06-2013,14.03000
17-06-2013,14.10000
14-06-2013,14.01000
13-06-2013,13.78000
12-06-2013,13.86000
11-06-2013,13.88000
10-06-2013,14.15000
07-06-2013,14.30000
06-06-2013,14.44000
05-06-2013,14.42000
04-06-2013,14.35000
03-06-2013,14.36000
31-05-2013,14.44000
30-05-2013,14.72000
29-05-2013,14.77000
28-05-2013,14.87000
27-05-2013,14.81000
24-05-2013,14.64000
23-05-2013,14.51000
22-05-2013,14.94000
21-05-2013,15.10000
20-05-2013,15.25000
17-05-2013,15.34000
16-05-2013,15.14000
15-05-2013,15.05000
14-05-2013,14.72000
13-05-2013,14.69000
10-05-2013,14.94000
09-05-2013,14.88000
08-05-2013,14.90000
07-05-2013,14.93000
06-05-2013,14.80000
03-05-2013,14.73000
02-05-2013,14.85000
30-04-2013,14.71000
29-04-2013,14.73000
26-04-2013,14.64000
25-04-2013,14.78000
23-04-2013,14.67000
22-04-2013,14.68000
18-04-2013,14.44000
17-04-2013,14.22000
16-04-2013,14.23000
15-04-2013,13.94000
12-04-2013,13.92000
11-04-2013,13.91000
10-04-2013,13.82000
09-04-2013,13.79000
08-04-2013,13.90000
05-04-2013,13.96000
04-04-2013,13.98000
03-04-2013,14.26000
02-04-2013,14.43000
01-04-2013,14.24000
28-03-2013,14.13000
26-03-2013,13.88000
25-03-2013,13.88000
22-03-2013,13.94000
21-03-2013,14.01000
20-03-2013,14.14000
19-03-2013,14.43000
18-03-2013,14.66000
15-03-2013,14.77000
14-03-2013,14.93000
13-03-2013,14.76000
12-03-2013,14.98000
11-03-2013,15.07000
08-03-2013,15.06000
07-03-2013,14.90000
06-03-2013,14.84000
05-03-2013,14.63000
04-03-2013,14.41000
01-03-2013,14.56000
28-02-2013,14.44000
27-02-2013,14.81000
26-02-2013,14.61000
25-02-2013,14.84000
22-02-2013,14.98000
21-02-2013,14.98000
20-02-2013,15.28000
19-02-2013,15.28000
18-02-2013,15.16000
15-02-2013,15.10000
14-02-2013,15.12000
13-02-2013,15.33000
12-02-2013,15.34000
11-02-2013,15.29000
08-02-2013,15.31000
07-02-2013,15.43000
06-02-2013,15.52000
05-02-2013,15.55000
04-02-2013,15.67000
01-02-2013,15.75000
31-01-2013,15.83000
30-01-2013,15.84000
29-01-2013,15.91000
28-01-2013,16.02000
25-01-2013,16.05000
24-01-2013,15.86000
23-01-2013,16.04000
22-01-2013,16.11000
21-01-2013,16.20000
18-01-2013,16.20000
17-01-2013,16.14000
16-01-2013,16.12000
15-01-2013,16.32000
14-01-2013,16.24000
11-01-2013,16.01000
10-01-2013,16.25000
09-01-2013,16.28000
08-01-2013,16.28000
07-01-2013,16.33000
04-01-2013,16.39000
03-01-2013,16.38000
02-01-2013,16.31000
01-01-2013,16.19000
31-12-2012,16.04000
28-12-2012,15.99000
27-12-2012,15.88000
26-12-2012,15.91000
24-12-2012,15.78000
21-12-2012,15.78000
20-12-2012,16.00000
19-12-2012,16.02000
18-12-2012,15.93000
17-12-2012,15.85000
14-12-2012,15.76000
13-12-2012,15.64000
12-12-2012,15.67000
11-12-2012,15.71000
10-12-2012,15.79000
07-12-2012,15.78000
06-12-2012,15.79000
05-12-2012,15.67000
04-12-2012,15.58000
03-12-2012,15.55000
30-11-2012,15.44000
29-11-2012,15.28000
27-11-2012,15.05000
26-11-2012,14.89000
23-11-2012,14.80000
22-11-2012,14.81000
21-11-2012,14.76000
20-11-2012,14.76000
19-11-2012,14.80000
16-11-2012,14.85000
15-11-2012,15.03000
12-11-2012,15.07000
09-11-2012,15.08000
08-11-2012,15.20000
07-11-2012,15.25000
06-11-2012,15.18000
05-11-2012,15.13000
02-11-2012,15.15000
01-11-2012,15.04000
31-10-2012,15.00000
30-10-2012,14.96000
29-10-2012,15.21000
26-10-2012,15.31000
25-10-2012,15.43000
23-10-2012,15.46000
22-10-2012,15.46000
19-10-2012,15.39000
18-10-2012,15.49000
17-10-2012,15.27000
16-10-2012,15.22000
15-10-2012,15.33000
12-10-2012,15.35000
11-10-2012,15.39000
10-10-2012,15.19000
09-10-2012,15.39000
08-10-2012,15.29000
05-10-2012,15.48000
04-10-2012,15.55000
03-10-2012,15.39000
01-10-2012,15.31000
28-09-2012,15.29000
27-09-2012,15.08000
26-09-2012,15.07000
25-09-2012,15.05000
24-09-2012,15.05000
21-09-2012,14.99000
20-09-2012,14.60000
18-09-2012,14.73000
17-09-2012,14.71000
14-09-2012,14.40000
13-09-2012,14.08000
12-09-2012,14.09000
11-09-2012,13.97000
10-09-2012,13.96000
07-09-2012,13.92000
06-09-2012,13.71000
05-09-2012,13.64000
04-09-2012,13.83000
03-09-2012,13.78000
31-08-2012,13.78000
30-08-2012,13.87000
29-08-2012,13.78000
28-08-2012,13.91000
27-08-2012,14.02000
24-08-2012,14.15000
23-08-2012,14.23000
22-08-2012,14.30000
21-08-2012,14.34000
17-08-2012,14.24000
16-08-2012,14.28000
14-08-2012,14.24000
13-08-2012,14.13000
10-08-2012,14.04000
09-08-2012,14.09000
08-08-2012,14.17000
07-08-2012,14.20000
06-08-2012,14.09000
03-08-2012,13.91000
02-08-2012,13.98000
01-08-2012,13.94000
31-07-2012,13.86000
30-07-2012,13.80000
27-07-2012,13.52000
26-07-2012,13.49000
25-07-2012,13.66000
24-07-2012,13.78000
23-07-2012,13.78000
20-07-2012,14.02000
19-07-2012,14.13000
18-07-2012,14.06000
17-07-2012,13.98000
16-07-2012,14.06000
13-07-2012,14.10000
12-07-2012,14.15000
11-07-2012,14.27000
10-07-2012,14.39000
09-07-2012,14.22000
06-07-2012,14.36000
05-07-2012,14.43000
04-07-2012,14.28000
03-07-2012,14.23000
02-07-2012,14.14000
29-06-2012,14.08000
28-06-2012,13.78000
27-06-2012,13.81000
26-06-2012,13.73000
25-06-2012,13.70000
22-06-2012,13.77000
21-06-2012,13.75000
20-06-2012,13.57000
19-06-2012,13.47000
18-06-2012,13.38000
15-06-2012,13.54000
14-06-2012,13.38000
13-06-2012,13.63000
12-06-2012,13.61000
11-06-2012,13.49000
08-06-2012,13.56000
07-06-2012,13.48000
06-06-2012,13.32000
05-06-2012,13.01000
04-06-2012,12.95000
01-06-2012,12.89000
31-05-2012,13.08000
30-05-2012,13.16000
29-05-2012,13.40000
28-05-2012,13.41000
25-05-2012,13.22000
24-05-2012,13.14000
23-05-2012,12.94000
22-05-2012,13.01000
21-05-2012,13.16000
18-05-2012,13.06000
17-05-2012,13.03000
16-05-2012,13.08000
15-05-2012,13.31000
14-05-2012,13.14000
11-05-2012,13.26000
10-05-2012,13.38000
09-05-2012,13.37000
08-05-2012,13.54000
07-05-2012,13.78000
04-05-2012,13.61000
03-05-2012,13.89000
02-05-2012,14.09000
30-04-2012,14.18000
27-04-2012,14.07000
26-04-2012,14.10000
25-04-2012,14.16000
24-04-2012,14.25000
23-04-2012,14.28000
20-04-2012,14.59000
19-04-2012,14.74000
18-04-2012,14.66000
17-04-2012,14.63000
16-04-2012,14.42000
13-04-2012,14.34000
12-04-2012,14.39000
11-04-2012,14.24000
10-04-2012,14.37000
09-04-2012,14.42000
04-04-2012,14.68000
03-04-2012,14.76000
02-04-2012,14.60000
30-03-2012,14.51000
29-03-2012,14.11000
28-03-2012,14.11000
27-03-2012,14.20000
26-03-2012,14.14000
23-03-2012,14.37000
22-03-2012,14.27000
21-03-2012,14.65000
20-03-2012,14.41000
19-03-2012,14.33000
16-03-2012,14.55000
15-03-2012,14.70000
14-03-2012,14.95000
13-03-2012,14.82000
12-03-2012,14.63000
09-03-2012,14.46000
07-03-2012,14.09000
06-03-2012,14.11000
05-03-2012,14.28000
02-03-2012,14.48000
01-03-2012,14.43000
29-02-2012,14.57000
28-02-2012,14.47000
27-02-2012,13.98000
24-02-2012,14.49000
23-02-2012,14.64000
22-02-2012,14.76000
21-02-2012,15.27000
17-02-2012,15.14000
16-02-2012,15.06000
15-02-2012,15.07000
14-02-2012,14.65000
13-02-2012,14.47000
10-02-2012,14.44000
09-02-2012,14.48000
08-02-2012,14.36000
07-02-2012,14.26000
06-02-2012,14.38000
03-02-2012,14.22000
02-02-2012,14.03000
01-02-2012,13.87000
31-01-2012,13.73000
30-01-2012,13.46000
27-01-2012,13.83000
25-01-2012,13.69000
24-01-2012,13.54000
23-01-2012,13.32000
20-01-2012,13.31000
19-01-2012,13.24000
18-01-2012,13.05000
17-01-2012,13.08000
16-01-2012,12.86000
13-01-2012,12.86000
12-01-2012,12.73000
11-01-2012,12.65000
10-01-2012,12.55000
09-01-2012,12.27000
06-01-2012,12.17000
05-01-2012,12.23000
04-01-2012,12.22000
03-01-2012,12.20000
02-01-2012,11.87000
30-12-2011,11.86000
29-12-2011,11.85000
28-12-2011,11.92000
27-12-2011,12.04000
26-12-2011,12.10000
23-12-2011,12.03000
22-12-2011,12.04000
21-12-2011,11.95000
20-12-2011,11.71000
19-12-2011,11.87000
16-12-2011,12.08000
15-12-2011,12.29000
14-12-2011,12.38000
13-12-2011,12.52000
12-12-2011,12.48000
09-12-2011,12.79000
08-12-2011,12.97000
07-12-2011,13.31000
05-12-2011,13.33000
02-12-2011,13.32000
01-12-2011,13.05000
30-11-2011,12.91000
29-11-2011,12.93000
28-11-2011,13.07000
25-11-2011,12.77000
24-11-2011,12.78000
23-11-2011,12.61000
22-11-2011,12.90000
21-11-2011,12.87000
18-11-2011,13.12000
17-11-2011,13.19000
16-11-2011,13.42000
15-11-2011,13.62000
14-11-2011,13.98000
11-11-2011,14.12000
09-11-2011,14.31000
08-11-2011,14.57000
04-11-2011,14.59000
03-11-2011,14.51000
02-11-2011,14.46000
01-11-2011,14.48000
31-10-2011,14.61000
28-10-2011,14.66000
25-10-2011,14.28000
24-10-2011,14.19000
21-10-2011,14.18000
20-10-2011,14.27000
19-10-2011,14.40000
18-10-2011,14.22000
17-10-2011,14.35000
14-10-2011,14.37000
13-10-2011,14.30000
12-10-2011,14.37000
11-10-2011,14.17000
10-10-2011,14.14000
07-10-2011,13.96000
05-10-2011,13.73000
04-10-2011,13.84000
03-10-2011,14.04000
30-09-2011,14.26000
29-09-2011,14.31000
28-09-2011,14.25000
27-09-2011,14.35000
26-09-2011,14.09000
23-09-2011,14.22000
22-09-2011,14.35000
21-09-2011,14.86000
20-09-2011,14.77000
19-09-2011,14.60000
16-09-2011,14.70000
15-09-2011,14.62000
14-09-2011,14.46000
13-09-2011,14.40000
12-09-2011,14.39000
09-09-2011,14.71000
08-09-2011,14.92000
07-09-2011,14.84000
06-09-2011,14.61000
05-09-2011,14.53000
02-09-2011,14.56000
30-08-2011,14.49000
29-08-2011,14.30000
26-08-2011,13.92000
25-08-2011,14.19000
24-08-2011,14.36000
23-08-2011,14.46000
22-08-2011,14.34000
19-08-2011,14.19000
18-08-2011,14.43000
17-08-2011,14.72000
16-08-2011,14.84000
12-08-2011,14.97000
11-08-2011,15.03000
10-08-2011,15.11000
09-08-2011,14.89000
08-08-2011,14.96000
05-08-2011,15.16000
04-08-2011,15.44000
03-08-2011,15.58000
02-08-2011,15.71000
01-08-2011,15.87000
29-07-2011,15.87000
28-07-2011,15.92000
27-07-2011,16.05000
26-07-2011,16.11000
25-07-2011,16.38000
22-07-2011,16.27000
21-07-2011,16.04000
20-07-2011,16.10000
19-07-2011,16.22000
18-07-2011,16.17000
15-07-2011,16.17000
14-07-2011,16.19000
13-07-2011,16.06000
12-07-2011,15.89000
11-07-2011,16.06000
08-07-2011,16.12000
07-07-2011,16.22000
06-07-2011,16.02000
05-07-2011,15.97000
04-07-2011,16.02000
01-07-2011,15.89000
30-06-2011,15.84000
29-06-2011,15.83000
28-06-2011,15.69000
27-06-2011,15.69000
24-06-2011,15.51000
23-06-2011,15.17000
22-06-2011,15.13000
21-06-2011,15.19000
20-06-2011,15.22000
17-06-2011,15.50000
16-06-2011,15.53000
15-06-2011,15.69000
14-06-2011,15.84000
13-06-2011,15.77000
10-06-2011,15.78000
09-06-2011,15.85000
08-06-2011,15.87000
07-06-2011,15.90000
06-06-2011,15.85000
03-06-2011,15.87000
02-06-2011,15.91000
01-06-2011,16.03000
31-05-2011,15.93000
30-05-2011,15.70000
27-05-2011,15.64000
26-05-2011,15.45000
25-05-2011,15.33000
24-05-2011,15.42000
23-05-2011,15.38000
20-05-2011,15.67000
19-05-2011,15.52000
18-05-2011,15.54000
17-05-2011,15.65000
16-05-2011,15.84000
13-05-2011,15.97000
12-05-2011,15.85000
11-05-2011,15.99000
10-05-2011,15.94000
09-05-2011,15.97000
06-05-2011,15.94000
05-05-2011,15.75000
04-05-2011,15.91000
03-05-2011,15.98000
02-05-2011,16.34000
29-04-2011,16.53000
28-04-2011,16.74000
27-04-2011,16.82000
26-04-2011,16.90000
25-04-2011,16.90000
21-04-2011,16.90000
20-04-2011,16.90000
19-04-2011,16.62000
18-04-2011,16.58000
15-04-2011,16.78000
13-04-2011,16.85000
11-04-2011,16.62000
08-04-2011,16.80000
07-04-2011,16.98000
06-04-2011,16.93000
05-04-2011,16.88000
04-04-2011,16.78000
01-04-2011,16.53000
31-03-2011,16.39000
30-03-2011,16.36000
29-03-2011,16.13000
28-03-2011,16.02000
25-03-2011,15.91000
24-03-2011,15.62000
23-03-2011,15.48000
22-03-2011,15.35000
21-03-2011,15.22000
18-03-2011,15.27000
17-03-2011,15.41000
16-03-2011,15.42000
15-03-2011,15.29000
14-03-2011,15.53000
11-03-2011,15.44000
10-03-2011,15.63000
09-03-2011,15.65000
08-03-2011,15.61000
07-03-2011,15.50000
04-03-2011,15.72000
03-03-2011,15.72000
01-03-2011,15.67000
28-02-2011,15.16000
25-02-2011,15.10000
24-02-2011,15.01000
23-02-2011,15.49000
22-02-2011,15.56000
21-02-2011,15.76000
18-02-2011,15.72000
17-02-2011,16.00000
16-02-2011,15.80000
15-02-2011,15.81000
14-02-2011,15.78000
11-02-2011,15.29000
10-02-2011,14.94000
09-02-2011,14.96000
08-02-2011,15.31000
07-02-2011,15.64000
04-02-2011,15.75000
03-02-2011,15.97000
02-02-2011,15.83000
01-02-2011,15.80000
31-01-2011,16.05000
28-01-2011,15.93000
27-01-2011,16.27000
25-01-2011,16.57000
24-01-2011,16.66000
21-01-2011,16.56000
20-01-2011,16.54000
19-01-2011,16.59000
18-01-2011,16.64000
17-01-2011,16.61000
14-01-2011,16.77000
13-01-2011,17.04000
12-01-2011,17.22000
11-01-2011,17.01000
10-01-2011,17.10000
07-01-2011,17.52000
06-01-2011,17.87000
05-01-2011,18.07000
04-01-2011,18.29000
03-01-2011,18.38000
31-12-2010,18.24000
30-12-2010,18.02000
29-12-2010,17.97000
28-12-2010,17.86000
27-12-2010,17.89000
24-12-2010,17.92000
23-12-2010,17.87000
22-12-2010,17.90000
21-12-2010,17.92000
20-12-2010,17.83000
16-12-2010,17.88000
15-12-2010,17.87000
14-12-2010,18.03000
13-12-2010,17.87000
10-12-2010,17.68000
09-12-2010,17.46000
08-12-2010,17.97000
07-12-2010,18.21000
06-12-2010,18.39000
03-12-2010,18.41000
02-12-2010,18.66000
01-12-2010,18.53000
30-11-2010,18.14000
29-11-2010,17.88000
26-11-2010,17.77000
25-11-2010,18.05000
24-11-2010,18.37000
23-11-2010,18.47000
22-11-2010,18.73000
19-11-2010,18.43000
18-11-2010,18.76000
16-11-2010,18.76000
15-11-2010,19.12000
12-11-2010,19.05000
11-11-2010,19.40000
10-11-2010,19.62000
09-11-2010,19.64000
08-11-2010,19.64000
04-11-2010,19.61000
03-11-2010,19.37000
02-11-2010,19.28000
01-11-2010,19.25000
29-10-2010,19.01000
28-10-2010,19.07000
27-10-2010,19.12000
26-10-2010,19.26000
25-10-2010,19.35000
22-10-2010,19.29000
21-10-2010,19.29000
20-10-2010,19.02000
19-10-2010,19.09000
18-10-2010,19.16000
15-10-2010,19.16000
14-10-2010,19.48000
13-10-2010,19.63000
12-10-2010,19.40000
11-10-2010,19.47000
08-10-2010,19.37000
07-10-2010,19.55000
06-10-2010,19.63000
05-10-2010,19.45000
04-10-2010,19.36000
01-10-2010,19.29000
30-09-2010,19.02000
29-09-2010,19.02000
28-09-2010,19.10000
27-09-2010,19.11000
24-09-2010,19.12000
23-09-2010,18.94000
22-09-2010,18.97000
21-09-2010,19.05000
20-09-2010,19.13000
17-09-2010,18.96000
16-09-2010,18.82000
15-09-2010,18.93000
14-09-2010,18.89000
13-09-2010,18.94000
09-09-2010,18.66000
08-09-2010,18.53000
07-09-2010,18.50000
06-09-2010,18.49000
03-09-2010,18.22000
02-09-2010,18.10000
01-09-2010,18.00000
31-08-2010,17.80000
30-08-2010,17.88000
27-08-2010,17.87000
26-08-2010,18.06000
25-08-2010,17.99000
24-08-2010,18.17000
23-08-2010,18.27000
20-08-2010,18.20000
19-08-2010,18.18000
18-08-2010,18.08000
17-08-2010,17.97000
16-08-2010,17.90000
13-08-2010,17.93000
12-08-2010,17.79000
11-08-2010,17.75000
10-08-2010,17.86000
09-08-2010,17.90000
06-08-2010,17.75000
05-08-2010,17.75000
04-08-2010,17.83000
03-08-2010,17.77000
02-08-2010,17.74000
30-07-2010,17.57000
29-07-2010,17.58000
28-07-2010,17.58000
27-07-2010,17.61000
26-07-2010,17.65000
23-07-2010,17.81000
22-07-2010,17.84000
21-07-2010,17.68000
20-07-2010,17.57000
19-07-2010,17.58000
16-07-2010,17.53000
15-07-2010,17.46000
14-07-2010,17.51000
13-07-2010,17.55000
12-07-2010,17.44000
09-07-2010,17.33000
08-07-2010,17.19000
07-07-2010,17.02000
06-07-2010,17.11000
05-07-2010,16.97000
02-07-2010,17.00000
01-07-2010,17.03000
30-06-2010,17.13000
29-06-2010,17.02000
28-06-2010,17.15000
25-06-2010,16.92000
24-06-2010,17.01000
23-06-2010,16.98000
22-06-2010,16.93000
21-06-2010,16.99000
18-06-2010,16.75000
17-06-2010,16.83000
16-06-2010,16.77000
15-06-2010,16.72000
14-06-2010,16.65000
11-06-2010,16.52000
10-06-2010,16.45000
09-06-2010,16.25000
08-06-2010,16.15000
07-06-2010,16.22000
04-06-2010,16.49000
03-06-2010,16.50000
02-06-2010,16.27000
01-06-2010,16.17000
31-05-2010,16.42000
28-05-2010,16.30000
27-05-2010,16.09000
26-05-2010,15.89000
25-05-2010,15.67000
24-05-2010,16.10000
21-05-2010,16.04000
20-05-2010,16.18000
19-05-2010,16.11000
18-05-2010,16.55000
17-05-2010,16.50000
14-05-2010,16.64000
13-05-2010,16.83000
12-05-2010,16.69000
11-05-2010,16.69000
10-05-2010,16.87000
07-05-2010,16.40000
06-05-2010,16.70000
05-05-2010,16.80000
04-05-2010,16.93000
03-05-2010,17.19000
30-04-2010,17.39000
29-04-2010,17.28000
28-04-2010,17.13000
27-04-2010,17.45000
26-04-2010,17.47000
23-04-2010,17.36000
22-04-2010,17.25000
21-04-2010,17.27000
20-04-2010,17.15000
19-04-2010,16.89000
16-04-2010,17.08000
15-04-2010,17.16000
13-04-2010,17.26000
12-04-2010,17.37000
09-04-2010,17.43000
08-04-2010,17.26000
07-04-2010,17.37000
06-04-2010,17.30000
05-04-2010,17.23000
01-04-2010,17.01000
31-03-2010,16.86000
30-03-2010,16.83000
29-03-2010,16.77000
26-03-2010,16.75000
25-03-2010,16.62000
23-03-2010,16.64000
22-03-2010,16.59000
19-03-2010,16.78000
18-03-2010,16.73000
17-03-2010,16.68000
16-03-2010,16.63000
15-03-2010,16.47000
12-03-2010,16.57000
11-03-2010,16.57000
10-03-2010,16.51000
09-03-2010,16.45000
08-03-2010,16.55000
05-03-2010,16.42000
04-03-2010,16.36000
03-03-2010,16.29000
02-03-2010,16.14000
26-02-2010,15.77000
25-02-2010,15.60000
24-02-2010,15.58000
23-02-2010,15.62000
22-02-2010,15.65000
19-02-2010,15.72000
18-02-2010,15.96000
17-02-2010,16.07000
16-02-2010,15.92000
15-02-2010,15.83000
11-02-2010,15.90000
10-02-2010,15.82000
09-02-2010,15.84000
08-02-2010,15.79000
05-02-2010,15.60000
04-02-2010,15.95000
03-02-2010,16.20000
02-02-2010,15.93000
01-02-2010,16.12000
29-01-2010,15.94000
28-01-2010,15.81000
27-01-2010,15.76000
25-01-2010,16.39000
22-01-2010,16.59000
21-01-2010,16.79000
20-01-2010,17.18000
19-01-2010,17.23000
18-01-2010,17.37000
15-01-2010,17.35000
14-01-2010,17.30000
13-01-2010,17.19000
12-01-2010,17.10000
11-01-2010,17.20000
08-01-2010,17.08000
07-01-2010,17.09000
06-01-2010,17.05000
05-01-2010,16.96000
04-01-2010,16.77000
31-12-2009,16.62000
30-12-2009,16.51000
29-12-2009,16.48000
24-12-2009,16.40000
23-12-2009,16.28000
22-12-2009,15.95000
21-12-2009,15.81000
18-12-2009,15.86000
17-12-2009,15.95000
16-12-2009,15.82000
15-12-2009,15.80000
14-12-2009,16.07000
11-12-2009,16.11000
10-12-2009,16.19000
09-12-2009,16.13000
08-12-2009,16.27000
07-12-2009,16.09000
04-12-2009,16.22000
03-12-2009,16.29000
02-12-2009,16.24000
01-12-2009,16.18000
30-11-2009,15.87000
27-11-2009,15.56000
26-11-2009,15.79000
25-11-2009,16.07000
24-11-2009,16.03000
23-11-2009,16.05000
20-11-2009,15.93000
19-11-2009,15.77000
18-11-2009,15.95000
17-11-2009,15.91000
16-11-2009,15.92000
13-11-2009,15.72000
12-11-2009,15.66000
11-11-2009,15.80000
10-11-2009,15.50000
09-11-2009,15.56000
06-11-2009,15.30000
05-11-2009,15.07000
04-11-2009,14.85000
03-11-2009,14.41000
30-10-2009,14.80000
29-10-2009,14.90000
28-10-2009,15.08000
27-10-2009,15.10000
26-10-2009,15.47000
23-10-2009,15.69000
22-10-2009,15.69000
21-10-2009,16.01000
20-10-2009,16.19000
16-10-2009,16.18000
15-10-2009,16.01000
14-10-2009,16.00000
12-10-2009,15.66000
09-10-2009,15.43000
08-10-2009,15.57000
07-10-2009,15.49000
06-10-2009,15.39000
05-10-2009,15.39000
01-10-2009,15.73000
30-09-2009,15.75000
29-09-2009,15.53000
25-09-2009,15.46000
24-09-2009,15.45000
23-09-2009,15.35000
22-09-2009,15.55000
18-09-2009,15.47000
17-09-2009,15.39000
16-09-2009,15.36000
15-09-2009,15.11000
14-09-2009,14.88000
11-09-2009,14.94000
10-09-2009,15.00000
09-09-2009,14.92000
08-09-2009,14.94000
07-09-2009,14.91000
04-09-2009,14.58000
03-09-2009,14.47000
02-09-2009,14.50000
01-09-2009,14.59000
31-08-2009,14.80000
28-08-2009,14.87000
27-08-2009,14.63000
26-08-2009,14.60000
25-08-2009,14.52000
24-08-2009,14.46000
21-08-2009,14.14000
20-08-2009,13.92000
19-08-2009,13.77000
18-08-2009,13.90000
17-08-2009,13.68000
14-08-2009,14.15000
13-08-2009,14.16000
12-08-2009,13.78000
11-08-2009,13.72000
10-08-2009,13.56000
07-08-2009,13.74000
06-08-2009,14.05000
05-08-2009,14.35000
04-08-2009,14.36000
03-08-2009,14.45000
31-07-2009,14.24000
30-07-2009,14.14000
29-07-2009,14.04000
28-07-2009,14.19000
27-07-2009,14.00000
24-07-2009,13.87000
23-07-2009,13.67000
22-07-2009,13.39000
21-07-2009,13.54000
20-07-2009,13.58000
17-07-2009,13.31000
16-07-2009,12.98000
15-07-2009,13.02000
14-07-2009,12.63000
13-07-2009,12.20000
10-07-2009,12.42000
09-07-2009,12.64000
08-07-2009,12.59000
07-07-2009,12.99000
06-07-2009,12.90000
03-07-2009,13.67000
02-07-2009,13.47000
01-07-2009,13.40000
30-06-2009,13.25000
29-06-2009,13.62000
26-06-2009,13.45000
25-06-2009,13.12000
24-06-2009,13.13000
23-06-2009,12.91000
22-06-2009,12.87000
19-06-2009,13.00000
18-06-2009,12.78000
17-06-2009,13.09000
16-06-2009,13.52000
15-06-2009,13.32000
12-06-2009,13.62000
11-06-2009,13.78000
10-06-2009,13.87000
09-06-2009,13.61000
08-06-2009,13.33000
05-06-2009,13.94000
04-06-2009,13.98000
03-06-2009,13.76000
02-06-2009,13.70000
01-06-2009,13.73000
29-05-2009,13.38000
28-05-2009,12.99000
27-05-2009,12.92000
26-05-2009,12.44000
25-05-2009,12.84000
22-05-2009,12.72000
21-05-2009,12.57000
20-05-2009,12.71000
19-05-2009,12.37000
15-05-2009,10.27000
14-05-2009,10.08000
13-05-2009,10.12000
12-05-2009,10.12000
11-05-2009,9.84000
08-05-2009,10.02000
07-05-2009,10.14000
06-05-2009,9.89000
05-05-2009,10.03000
04-05-2009,9.90000
29-04-2009,9.44000
28-04-2009,9.21000
27-04-2009,9.54000
24-04-2009,9.55000
23-04-2009,9.37000
22-04-2009,9.20000
21-04-2009,9.29000
20-04-2009,9.36000
17-04-2009,9.30000
16-04-2009,9.17000
15-04-2009,9.53000
13-04-2009,9.11000
09-04-2009,8.95000
08-04-2009,8.89000
06-04-2009,8.74000
02-04-2009,8.54000
01-04-2009,8.23000
31-03-2009,8.08000
30-03-2009,7.98000
27-03-2009,8.21000
26-03-2009,8.14000
25-03-2009,7.92000
24-03-2009,7.81000
23-03-2009,7.81000
20-03-2009,7.55000
19-03-2009,7.58000
18-03-2009,7.55000
17-03-2009,7.44000
16-03-2009,7.46000
13-03-2009,7.32000
12-03-2009,7.09000
09-03-2009,7.02000
06-03-2009,7.10000
05-03-2009,7.04000
04-03-2009,7.15000
03-03-2009,7.15000
02-03-2009,7.25000
27-02-2009,7.43000
26-02-2009,7.45000
25-02-2009,7.44000
24-02-2009,7.40000
20-02-2009,7.44000
19-02-2009,7.59000
18-02-2009,7.57000
17-02-2009,7.59000
16-02-2009,7.79000
13-02-2009,8.06000
12-02-2009,7.96000
11-02-2009,8.02000
10-02-2009,8.02000
09-02-2009,7.98000
06-02-2009,7.79000
05-02-2009,7.68000
04-02-2009,7.75000
03-02-2009,7.74000
02-02-2009,7.71000
30-01-2009,7.92000
29-01-2009,7.81000
28-01-2009,7.84000
27-01-2009,7.71000
23-01-2009,7.58000
22-01-2009,7.71000
21-01-2009,7.73000
20-01-2009,7.94000
19-01-2009,8.04000
16-01-2009,8.01000
15-01-2009,7.88000
14-01-2009,8.03000
13-01-2009,7.88000
12-01-2009,8.00000
09-01-2009,8.18000
07-01-2009,8.33000
06-01-2009,8.95000
05-01-2009,8.95000
02-01-2009,8.74000
01-01-2009,8.65000
31-12-2008,8.42000
30-12-2008,8.41000
29-12-2008,8.26000
26-12-2008,8.10000
24-12-2008,8.25000
23-12-2008,8.34000
22-12-2008,8.52000
19-12-2008,8.61000
18-12-2008,8.58000
17-12-2008,8.36000
16-12-2008,8.61000
15-12-2008,8.41000
12-12-2008,8.22000
11-12-2008,8.15000
10-12-2008,8.11000
08-12-2008,7.81000
05-12-2008,7.68000
04-12-2008,7.81000
03-12-2008,7.48000
02-12-2008,7.43000
01-12-2008,7.48000
28-11-2008,7.60000
26-11-2008,7.57000
25-11-2008,7.41000
24-11-2008,7.55000
21-11-2008,7.57000
20-11-2008,7.35000
19-11-2008,7.59000
18-11-2008,7.73000
17-11-2008,7.98000
14-11-2008,8.13000
12-11-2008,8.24000
11-11-2008,8.48000
10-11-2008,8.92000
07-11-2008,8.55000
06-11-2008,8.39000
05-11-2008,8.62000
04-11-2008,8.92000
03-11-2008,8.57000
31-10-2008,8.19000
29-10-2008,7.74000
27-10-2008,7.40000
24-10-2008,7.54000
23-10-2008,8.30000
22-10-2008,8.60000
21-10-2008,8.92000
20-10-2008,8.70000
17-10-2008,8.67000
16-10-2008,9.02000
15-10-2008,9.17000
14-10-2008,9.60000
13-10-2008,9.52000
10-10-2008,9.08000
08-10-2008,9.72000
07-10-2008,10.05000
06-10-2008,10.13000
03-10-2008,10.73000
01-10-2008,11.11000
30-09-2008,11.01000
29-09-2008,10.82000
26-09-2008,11.18000
25-09-2008,11.50000
24-09-2008,11.57000
23-09-2008,11.44000
22-09-2008,11.70000
19-09-2008,11.72000
18-09-2008,11.27000
17-09-2008,11.28000
16-09-2008,11.48000
15-09-2008,11.56000
12-09-2008,11.93000
11-09-2008,12.11000
10-09-2008,12.36000
09-09-2008,12.58000
08-09-2008,12.64000
05-09-2008,12.37000
04-09-2008,12.63000
02-09-2008,12.75000
01-09-2008,12.42000
29-08-2008,12.45000
28-08-2008,12.12000
27-08-2008,12.28000
26-08-2008,12.42000
25-08-2008,12.42000
22-08-2008,12.38000
21-08-2008,12.29000
20-08-2008,12.54000
19-08-2008,12.46000
18-08-2008,12.53000
14-08-2008,12.60000
13-08-2008,12.89000
12-08-2008,12.96000
11-08-2008,13.12000
08-08-2008,12.90000
07-08-2008,12.86000
06-08-2008,12.88000
05-08-2008,12.79000
04-08-2008,12.51000
01-08-2008,12.52000
31-07-2008,12.37000
30-07-2008,12.35000
29-07-2008,12.00000
28-07-2008,12.37000
25-07-2008,12.33000
24-07-2008,12.63000
23-07-2008,12.76000
22-07-2008,12.02000
21-07-2008,11.76000
18-07-2008,11.67000
17-07-2008,11.26000
16-07-2008,10.95000
15-07-2008,11.04000
14-07-2008,11.48000
11-07-2008,11.56000
10-07-2008,11.87000
09-07-2008,11.90000
08-07-2008,11.49000
07-07-2008,11.58000
04-07-2008,11.48000
03-07-2008,11.21000
02-07-2008,11.57000
01-07-2008,11.17000
30-06-2008,11.56000
27-06-2008,11.92000
26-06-2008,12.35000
25-06-2008,12.24000
24-06-2008,12.13000
23-06-2008,12.29000
20-06-2008,12.67000
19-06-2008,13.07000
18-06-2008,13.34000
17-06-2008,13.51000
16-06-2008,13.31000
13-06-2008,13.15000
12-06-2008,13.17000
11-06-2008,13.06000
10-06-2008,12.88000
09-06-2008,12.98000
06-06-2008,13.37000
05-06-2008,13.52000
04-06-2008,13.37000
03-06-2008,13.68000
02-06-2008,13.81000
30-05-2008,14.13000
29-05-2008,14.07000
28-05-2008,14.13000
27-05-2008,14.09000
26-05-2008,14.23000
23-05-2008,14.56000
22-05-2008,14.72000
21-05-2008,14.90000
20-05-2008,14.86000
16-05-2008,14.96000
15-05-2008,14.88000
14-05-2008,14.70000
13-05-2008,14.63000
12-05-2008,14.68000
09-05-2008,14.71000
08-05-2008,14.99000
07-05-2008,15.12000
06-05-2008,15.20000
05-05-2008,15.39000
02-05-2008,15.38000
30-04-2008,15.22000
29-04-2008,15.20000
28-04-2008,15.01000
25-04-2008,14.97000
24-04-2008,14.78000
23-04-2008,14.89000
22-04-2008,14.96000
21-04-2008,14.77000
17-04-2008,14.50000
16-04-2008,14.28000
15-04-2008,14.21000
11-04-2008,14.10000
10-04-2008,13.92000
09-04-2008,13.93000
08-04-2008,13.79000
07-04-2008,13.83000
04-04-2008,13.66000
03-04-2008,14.01000
02-04-2008,14.13000
01-04-2008,14.05000
31-03-2008,14.21000
28-03-2008,14.57000
27-03-2008,14.07000
26-03-2008,14.04000
25-03-2008,14.00000
24-03-2008,13.31000
19-03-2008,13.43000
18-03-2008,13.50000
17-03-2008,13.53000
14-03-2008,14.40000
13-03-2008,14.25000
12-03-2008,15.09000
11-03-2008,15.15000
10-03-2008,14.76000
07-03-2008,14.75000
05-03-2008,15.32000
04-03-2008,15.43000
03-03-2008,15.79000
29-02-2008,16.57000
28-02-2008,16.72000
27-02-2008,16.76000
26-02-2008,16.61000
25-02-2008,16.31000
22-02-2008,16.24000
21-02-2008,16.52000
20-02-2008,16.43000
19-02-2008,16.83000
18-02-2008,16.83000
15-02-2008,16.81000
14-02-2008,16.55000
13-02-2008,15.70000
12-02-2008,15.55000
11-02-2008,15.73000
08-02-2008,16.69000
07-02-2008,17.04000
06-02-2008,17.53000
05-02-2008,17.89000
04-02-2008,17.66000
01-02-2008,17.20000
31-01-2008,17.31000
30-01-2008,17.40000
29-01-2008,17.88000
28-01-2008,18.01000
25-01-2008,18.19000
24-01-2008,17.05000
23-01-2008,17.54000
22-01-2008,16.28000
21-01-2008,17.32000
18-01-2008,19.37000
17-01-2008,20.33000
16-01-2008,20.26000
15-01-2008,20.64000
14-01-2008,20.92000
11-01-2008,20.82000
10-01-2008,20.80000
09-01-2008,21.33000
08-01-2008,21.47000
07-01-2008,21.80000
04-01-2008,21.88000
03-01-2008,21.72000
02-01-2008,21.61000
01-01-2008,21.39000
31-12-2007,21.12000
28-12-2007,20.77000
27-12-2007,20.53000
26-12-2007,20.55000
24-12-2007,20.16000
20-12-2007,19.72000
19-12-2007,19.70000
18-12-2007,19.75000
17-12-2007,19.79000
14-12-2007,20.71000
13-12-2007,20.73000
12-12-2007,20.86000
11-12-2007,20.51000
10-12-2007,20.19000
07-12-2007,20.16000
06-12-2007,20.19000
05-12-2007,20.17000
04-12-2007,19.94000
03-12-2007,19.66000
30-11-2007,19.26000
29-11-2007,18.90000
28-11-2007,18.93000
27-11-2007,19.10000
26-11-2007,19.32000
23-11-2007,18.74000
22-11-2007,18.37000
21-11-2007,18.65000
20-11-2007,19.53000
19-11-2007,19.91000
16-11-2007,19.46000
15-11-2007,19.31000
14-11-2007,19.16000
13-11-2007,18.67000
12-11-2007,18.36000
08-11-2007,18.53000
07-11-2007,18.78000
06-11-2007,18.87000
05-11-2007,18.93000
02-11-2007,18.89000
01-11-2007,18.78000
31-10-2007,18.90000
30-10-2007,18.54000
29-10-2007,18.73000
26-10-2007,18.21000
25-10-2007,17.77000
24-10-2007,17.53000
23-10-2007,17.37000
22-10-2007,16.58000
19-10-2007,16.60000
18-10-2007,17.26000
17-10-2007,17.90000
16-10-2007,18.26000
15-10-2007,18.09000
12-10-2007,17.52000
11-10-2007,17.61000
10-10-2007,17.27000
09-10-2007,16.98000
08-10-2007,16.49000
05-10-2007,16.98000
04-10-2007,16.98000
03-10-2007,16.86000
01-10-2007,16.62000
28-09-2007,16.47000
27-09-2007,16.37000
26-09-2007,16.34000
25-09-2007,16.41000
24-09-2007,16.45000
21-09-2007,16.17000
20-09-2007,15.95000
19-09-2007,15.76000
18-09-2007,15.41000
17-09-2007,15.24000
14-09-2007,15.21000
13-09-2007,15.26000
12-09-2007,15.15000
11-09-2007,15.12000
10-09-2007,15.11000
07-09-2007,15.11000
06-09-2007,15.13000
05-09-2007,15.06000
04-09-2007,15.11000
03-09-2007,14.99000
31-08-2007,14.77000
30-08-2007,14.59000
29-08-2007,14.47000
28-08-2007,14.41000
27-08-2007,14.38000
24-08-2007,14.04000
23-08-2007,13.84000
22-08-2007,13.86000
21-08-2007,13.74000
20-08-2007,14.14000
17-08-2007,13.96000
16-08-2007,14.13000
14-08-2007,14.62000
13-08-2007,14.62000
10-08-2007,14.46000
09-08-2007,14.59000
08-08-2007,14.83000
07-08-2007,14.64000
06-08-2007,14.60000
03-08-2007,14.70000
02-08-2007,14.52000
01-08-2007,14.40000
31-07-2007,14.95000
30-07-2007,14.69000
27-07-2007,14.67000
26-07-2007,15.15000
25-07-2007,15.08000
24-07-2007,15.27000
23-07-2007,15.32000
20-07-2007,15.15000
19-07-2007,15.11000
18-07-2007,14.83000
17-07-2007,14.80000
16-07-2007,14.93000
13-07-2007,14.85000
12-07-2007,14.70000
11-07-2007,14.45000
10-07-2007,14.36000
09-07-2007,14.45000
06-07-2007,14.33000
05-07-2007,14.19000
04-07-2007,14.18000
03-07-2007,14.14000
02-07-2007,13.96000
29-06-2007,13.82000
28-06-2007,13.65000
27-06-2007,13.59000
26-06-2007,13.66000
25-06-2007,13.56000
22-06-2007,13.45000
21-06-2007,13.51000
20-06-2007,13.36000
19-06-2007,13.14000
18-06-2007,12.95000
15-06-2007,12.92000
14-06-2007,12.83000
13-06-2007,12.60000
12-06-2007,12.71000
11-06-2007,12.80000
08-06-2007,12.82000
07-06-2007,12.96000
06-06-2007,13.04000
05-06-2007,13.21000
04-06-2007,13.18000
01-06-2007,13.26000
31-05-2007,13.19000
30-05-2007,13.06000
29-05-2007,13.19000
28-05-2007,12.99000
25-05-2007,12.82000
24-05-2007,12.79000
23-05-2007,12.88000
22-05-2007,12.92000
21-05-2007,12.89000
18-05-2007,12.82000
17-05-2007,12.79000
16-05-2007,12.72000
15-05-2007,12.53000
14-05-2007,12.49000
11-05-2007,12.33000
10-05-2007,12.28000
09-05-2007,12.28000
08-05-2007,12.24000
07-05-2007,12.36000
04-05-2007,12.41000
03-05-2007,12.46000
30-04-2007,12.28000
27-04-2007,12.18000
26-04-2007,12.29000
25-04-2007,12.33000
24-04-2007,12.26000
23-04-2007,12.08000
20-04-2007,12.09000
19-04-2007,11.93000
18-04-2007,11.97000
17-04-2007,11.96000
16-04-2007,12.01000
13-04-2007,11.77000
12-04-2007,11.55000
11-04-2007,11.64000
10-04-2007,11.50000
09-04-2007,11.41000
05-04-2007,11.15000
04-04-2007,11.02000
03-04-2007,10.87000
02-04-2007,10.82000
30-03-2007,11.30000
29-03-2007,11.15000
28-03-2007,11.14000
26-03-2007,11.29000
23-03-2007,11.39000
22-03-2007,11.35000
21-03-2007,11.11000
20-03-2007,11.00000
19-03-2007,10.93000
16-03-2007,10.80000
15-03-2007,10.91000
14-03-2007,10.91000
13-03-2007,11.18000
12-03-2007,11.07000
09-03-2007,10.96000
08-03-2007,11.06000
07-03-2007,10.74000
06-03-2007,10.86000
05-03-2007,10.76000
02-03-2007,11.24000
01-03-2007,11.44000
28-02-2007,11.37000
27-02-2007,11.72000
26-02-2007,11.73000
23-02-2007,11.65000
22-02-2007,11.95000
21-02-2007,12.09000
20-02-2007,12.10000
19-02-2007,12.21000
15-02-2007,12.24000
14-02-2007,11.88000
13-02-2007,11.94000
12-02-2007,11.95000
09-02-2007,12.45000
08-02-2007,12.65000
07-02-2007,12.71000
06-02-2007,12.69000
05-02-2007,12.68000
02-02-2007,12.61000
01-02-2007,12.43000
31-01-2007,12.33000
29-01-2007,12.47000
25-01-2007,12.50000
24-01-2007,12.34000
23-01-2007,12.31000
22-01-2007,12.44000
19-01-2007,12.43000
18-01-2007,12.53000
17-01-2007,12.51000
16-01-2007,12.50000
15-01-2007,12.44000
12-01-2007,12.25000
11-01-2007,12.00000
10-01-2007,11.89000
09-01-2007,12.04000
08-01-2007,12.14000
05-01-2007,12.25000
04-01-2007,12.30000
03-01-2007,12.30000
02-01-2007,12.25000
29-12-2006,12.09000
28-12-2006,11.99000
27-12-2006,11.99000
26-12-2006,11.93000
22-12-2006,11.77000
21-12-2006,11.69000
20-12-2006,11.64000
19-12-2006,11.73000
18-12-2006,11.98000
15-12-2006,11.96000
14-12-2006,11.85000
13-12-2006,11.61000
12-12-2006,11.35000
11-12-2006,11.79000
08-12-2006,12.15000
07-12-2006,12.28000
06-12-2006,12.27000
05-12-2006,12.32000
04-12-2006,12.31000
01-12-2006,12.21000
30-11-2006,12.08000
29-11-2006,12.05000
28-11-2006,11.88000
27-11-2006,11.97000
24-11-2006,11.86000
23-11-2006,11.90000
22-11-2006,11.91000
21-11-2006,11.74000
20-11-2006,11.55000
17-11-2006,11.64000
16-11-2006,11.74000
15-11-2006,11.73000
14-11-2006,11.71000
13-11-2006,11.83000
12-11-2006,11.79000
10-11-2006,11.69000
09-11-2006,11.56000
08-11-2006,11.50000
07-11-2006,11.63000
06-11-2006,11.59000
03-11-2006,11.51000
02-11-2006,11.43000
01-11-2006,11.31000
31-10-2006,11.23000
30-10-2006,11.25000
27-10-2006,11.23000
26-10-2006,11.04000
23-10-2006,10.92000
20-10-2006,10.94000
19-10-2006,10.91000
18-10-2006,10.99000
17-10-2006,11.00000
16-10-2006,11.04000
13-10-2006,11.05000
12-10-2006,10.97000
11-10-2006,10.85000
10-10-2006,11.01000
09-10-2006,11.01000
06-10-2006,10.94000
05-10-2006,10.83000
04-10-2006,10.68000
03-10-2006,10.74000
29-09-2006,10.77000
28-09-2006,10.64000
27-09-2006,10.59000
26-09-2006,10.52000
25-09-2006,10.42000
22-09-2006,10.44000
21-09-2006,10.41000
20-09-2006,10.30000
19-09-2006,10.22000
18-09-2006,10.38000
15-09-2006,10.34000
14-09-2006,10.26000
13-09-2006,10.21000
12-09-2006,10.02000
11-09-2006,9.95000
08-09-2006,10.28000
07-09-2006,10.21000
06-09-2006,10.27000
05-09-2006,10.18000
04-09-2006,10.13000
01-09-2006,9.98000
31-08-2006,9.90000
30-08-2006,9.98000
29-08-2006,9.98000
28-08-2006,9.94000
25-08-2006,9.89000
24-08-2006,9.80000
23-08-2006,9.73000
22-08-2006,9.87000
21-08-2006,9.88000
18-08-2006,9.82000
17-08-2006,9.84000
16-08-2006,9.87000
14-08-2006,9.73000
11-08-2006,9.59000
10-08-2006,9.49000
09-08-2006,9.38000
08-08-2006,9.23000
07-08-2006,9.06000
04-08-2006,9.07000
03-08-2006,9.13000
02-08-2006,9.11000
01-08-2006,8.97000
31-07-2006,9.02000
28-07-2006,8.92000
27-07-2006,8.88000
26-07-2006,8.67000
25-07-2006,8.47000
24-07-2006,8.27000
21-07-2006,8.24000
20-07-2006,8.44000
19-07-2006,8.18000
18-07-2006,8.45000
17-07-2006,8.57000
14-07-2006,8.86000
13-07-2006,9.00000
12-07-2006,9.04000
11-07-2006,8.91000
10-07-2006,8.95000
07-07-2006,8.80000
06-07-2006,8.99000
05-07-2006,9.07000
04-07-2006,8.93000
03-07-2006,8.96000
30-06-2006,8.94000
29-06-2006,8.57000
28-06-2006,8.53000
27-06-2006,8.51000
26-06-2006,8.51000
23-06-2006,8.90000
22-06-2006,8.91000
21-06-2006,8.67000
20-06-2006,8.47000
19-06-2006,8.55000
16-06-2006,8.40000
15-06-2006,8.14000
14-06-2006,7.68000
13-06-2006,7.86000
12-06-2006,8.30000
09-06-2006,8.52000
08-06-2006,8.09000
07-06-2006,8.58000
06-06-2006,8.97000
05-06-2006,9.21000
02-06-2006,9.41000
01-06-2006,9.23000
31-05-2006,9.56000
30-05-2006,9.83000
29-05-2006,9.92000
26-05-2006,9.82000
25-05-2006,9.70000
24-05-2006,9.61000
23-05-2006,9.79000
22-05-2006,9.42000
19-05-2006,9.95000
18-05-2006,10.39000
17-05-2006,11.25000
16-05-2006,10.91000
15-05-2006,10.92000
12-05-2006,11.41000
11-05-2006,11.55000
10-05-2006,11.68000
09-05-2006,11.65000
08-05-2006,11.57000
05-05-2006,11.48000
04-05-2006,11.43000
03-05-2006,11.45000
02-05-2006,11.41000
28-04-2006,10.99000
27-04-2006,10.97000
26-04-2006,11.05000
25-04-2006,10.80000
24-04-2006,11.05000
21-04-2006,11.06000
20-04-2006,11.04000
19-04-2006,10.91000
18-04-2006,10.85000
17-04-2006,10.74000
13-04-2006,10.51000
12-04-2006,10.73000
10-04-2006,10.97000
07-04-2006,10.88000
05-04-2006,10.99000
04-04-2006,10.81000
03-04-2006,10.72000
