date,nav
29-09-2026,131.03430
28-09-2026,132.08410
25-09-2026,133.65250
24-09-2026,133.38920
23-09-2026,134.54180
22-09-2026,134.25620
21-09-2026,134.31660
18-09-2026,133.82310
17-09-2026,133.27060
16-09-2026,132.95430
15-09-2026,132.56750
11-09-2026,134.11840
10-09-2026,134.79460
09-09-2026,134.77650
08-09-2026,135.39990
07-09-2026,135.67740
04-09-2026,135.53740
03-09-2026,135.56690
02-09-2026,135.27500
01-09-2026,135.82730
31-08-2026,135.89850
28-08-2026,136.08390
27-08-2026,135.76510
26-08-2026,136.52770
25-08-2026,136.77930
24-08-2026,136.40900
21-08-2026,136.45870
20-08-2026,136.41520
19-08-2026,136.18220
18-08-2026,136.74010
17-08-2026,137.74070
14-08-2026,138.60860
13-08-2026,138.84750
12-08-2026,138.08290
11-08-2026,138.12300
10-08-2026,138.30540
07-08-2026,138.38750
06-08-2026,138.39720
05-08-2026,138.37930
04-08-2026,138.01020
03-08-2026,138.66390
31-07-2026,136.47540
30-07-2026,135.50370
29-07-2026,135.26950
28-07-2026,134.53030
27-07-2026,135.52490
24-07-2026,134.54230
23-07-2026,134.89550
22-07-2026,135.64130
21-07-2026,135.94930
20-07-2026,135.68100
17-07-2026,135.66490
16-07-2026,135.46830
15-07-2026,135.40310
14-07-2026,134.80430
13-07-2026,136.25620
10-07-2026,135.90020
09-07-2026,134.73260
08-07-2026,134.86630
07-07-2026,136.99580
06-07-2026,137.34610
03-07-2026,137.06680
02-07-2026,137.00160
01-07-2026,135.67020
30-06-2026,135.26350
29-06-2026,134.97340
25-06-2026,135.77510
24-06-2026,136.16440
23-06-2026,136.07040
22-06-2026,137.54780
19-06-2026,136.75790
18-06-2026,137.66540
17-06-2026,137.55310
16-06-2026,137.29500
15-06-2026,136.39320
12-06-2026,134.95540
11-06-2026,133.20020
10-06-2026,134.00950
09-06-2026,135.18170
08-06-2026,134.02850
05-06-2026,135.59690
04-06-2026,136.20880
03-06-2026,136.41260
02-06-2026,136.96270
01-06-2026,136.75350
29-05-2026,136.85270
27-05-2026,138.94200
26-05-2026,138.04110
25-05-2026,138.22520
22-05-2026,136.35330
21-05-2026,136.10890
20-05-2026,135.35520
19-05-2026,135.32490
18-05-2026,135.06710
15-05-2026,135.35860
14-05-2026,135.75500
13-05-2026,135.42900
12-05-2026,135.17590
11-05-2026,137.50390
08-05-2026,138.37920
07-05-2026,138.88120
06-05-2026,138.82720
05-05-2026,137.11220
04-05-2026,137.13780
30-04-2026,136.02150
29-04-2026,136.90230
28-04-2026,136.90600
27-04-2026,136.79610
24-04-2026,135.79030
23-04-2026,136.61850
22-04-2026,138.01360
21-04-2026,138.51460
20-04-2026,137.35150
17-04-2026,137.32910
16-04-2026,136.23090
15-04-2026,135.95030
13-04-2026,133.96190
10-04-2026,134.40040
09-04-2026,133.80400
08-04-2026,133.89980
07-04-2026,130.46330
06-04-2026,129.56490
02-04-2026,128.47660
01-04-2026,128.14790
31-03-2026,126.49470
30-03-2026,126.87580
27-03-2026,128.92590
25-03-2026,130.58260
24-03-2026,128.98560
23-03-2026,127.26740
20-03-2026,130.71020
19-03-2026,130.14610
18-03-2026,133.61020
17-03-2026,132.89280
16-03-2026,132.25240
13-03-2026,132.44550
12-03-2026,134.93510
11-03-2026,134.68100
10-03-2026,135.46410
09-03-2026,134.03670
06-03-2026,136.88600
05-03-2026,137.69050
04-03-2026,136.16330
02-03-2026,139.60520
27-02-2026,141.32510
26-02-2026,142.11930
25-02-2026,141.68870
24-02-2026,140.66800
23-02-2026,141.36860
20-02-2026,141.20430
19-02-2026,140.74660
18-02-2026,142.21560
17-02-2026,142.14450
16-02-2026,141.56270
13-02-2026,140.55630
12-02-2026,142.46400
11-02-2026,143.93320
10-02-2026,143.54570
09-02-2026,143.04150
06-02-2026,141.53080
05-02-2026,141.33830
04-02-2026,141.60130
03-02-2026,141.21750
02-02-2026,139.63770
30-01-2026,141.36950
29-01-2026,141.80240
28-01-2026,141.28770
27-01-2026,139.46720
23-01-2026,138.69890
22-01-2026,139.49740
21-01-2026,138.27650
20-01-2026,138.54380
19-01-2026,140.58030
16-01-2026,140.72750
14-01-2026,139.94420
13-01-2026,139.72310
12-01-2026,139.42840
09-01-2026,138.99930
08-01-2026,139.49310
07-01-2026,141.50080
06-01-2026,141.41070
05-01-2026,141.60030
02-01-2026,142.04100
01-01-2026,140.37310
31-12-2025,140.22400
30-12-2025,139.16500
29-12-2025,139.35030
26-12-2025,139.77240
24-12-2025,140.01290
23-12-2025,140.20870
22-12-2025,139.77220
19-12-2025,138.81720
18-12-2025,138.14710
17-12-2025,138.26790
16-12-2025,138.80960
15-12-2025,139.61040
12-12-2025,139.46530
11-12-2025,138.67690
10-12-2025,138.25180
09-12-2025,138.33010
08-12-2025,138.47960
05-12-2025,140.19380
04-12-2025,139.40240
03-12-2025,139.08140
02-12-2025,139.38440
01-12-2025,139.32980
28-11-2025,139.08450
27-11-2025,139.47970
26-11-2025,139.35220
25-11-2025,137.85860
24-11-2025,137.87550
21-11-2025,138.91280
20-11-2025,139.64790
19-11-2025,139.29060
18-11-2025,139.13490
17-11-2025,139.88930
14-11-2025,139.41310
13-11-2025,139.64820
12-11-2025,139.74300
11-11-2025,139.37450
10-11-2025,139.00970
07-11-2025,138.45110
06-11-2025,138.34690
04-11-2025,139.48470
03-11-2025,140.41580
31-10-2025,140.25290
30-10-2025,140.53900
29-10-2025,141.19210
28-10-2025,139.81290
27-10-2025,140.35880
24-10-2025,139.59020
23-10-2025,139.86440
20-10-2025,139.33720
17-10-2025,138.51310
16-10-2025,138.78330
15-10-2025,138.11080
14-10-2025,136.98860
13-10-2025,137.73630
10-10-2025,138.32380
09-10-2025,137.91270
08-10-2025,137.30490
07-10-2025,137.64120
06-10-2025,137.54630
03-10-2025,137.42140
01-10-2025,136.58260
30-09-2025,136.17440
26-09-2025,135.35760
25-09-2025,136.79380
24-09-2025,137.34110
23-09-2025,137.70150
22-09-2025,137.89420
19-09-2025,138.53300
18-09-2025,138.84130
17-09-2025,138.80300
16-09-2025,138.58790
15-09-2025,137.27480
12-09-2025,136.80010
11-09-2025,136.68410
10-09-2025,136.02030
09-09-2025,135.06830
08-09-2025,134.51380
05-09-2025,134.52560
04-09-2025,134.86700
03-09-2025,135.29940
02-09-2025,135.05140
01-09-2025,134.44710
29-08-2025,133.43420
28-08-2025,133.64540
26-08-2025,134.84380
25-08-2025,136.03350
22-08-2025,135.92830
21-08-2025,136.64140
20-08-2025,136.81720
19-08-2025,136.00260
18-08-2025,135.64950
14-08-2025,134.68270
13-08-2025,135.15830
12-08-2025,134.76100
11-08-2025,134.60370
08-08-2025,133.91640
07-08-2025,134.43060
06-08-2025,134.35380
05-08-2025,134.90870
04-08-2025,134.86870
01-08-2025,134.37160
31-07-2025,135.52200
30-07-2025,136.72310
29-07-2025,136.49920
28-07-2025,136.11250
25-07-2025,136.82490
24-07-2025,138.76410
23-07-2025,139.36940
22-07-2025,138.63260
21-07-2025,138.82350
18-07-2025,138.67640
17-07-2025,139.16010
16-07-2025,139.33110
15-07-2025,139.18220
14-07-2025,138.98450
11-07-2025,138.93890
10-07-2025,139.69410
09-07-2025,140.32660
08-07-2025,140.40810
07-07-2025,139.93510
04-07-2025,140.03760
03-07-2025,139.66630
02-07-2025,139.53220
01-07-2025,139.63170
30-06-2025,139.50270
27-06-2025,139.51190
26-06-2025,138.83230
25-06-2025,138.04720
24-06-2025,137.26610
23-06-2025,137.00730
20-06-2025,136.85230
19-06-2025,135.90100
18-06-2025,137.02820
17-06-2025,137.71920
16-06-2025,138.11000
13-06-2025,136.92770
12-06-2025,137.70160
11-06-2025,139.57290
10-06-2025,139.06590
09-06-2025,138.55550
06-06-2025,137.46410
05-06-2025,136.73900
04-06-2025,136.51670
03-06-2025,135.81970
02-06-2025,136.58740
30-05-2025,136.73700
29-05-2025,137.91580
28-05-2025,137.49050
27-05-2025,137.50340
26-05-2025,138.10580
23-05-2025,137.78960
22-05-2025,137.35340
21-05-2025,138.41730
20-05-2025,137.72980
19-05-2025,138.57650
16-05-2025,138.77040
15-05-2025,138.20780
14-05-2025,137.23210
13-05-2025,136.07690
12-05-2025,137.30230
09-05-2025,133.55780
08-05-2025,134.28010
07-05-2025,135.25800
06-05-2025,134.76970
05-05-2025,135.78010
02-05-2025,134.77880
30-04-2025,134.85740
29-04-2025,135.11780
28-04-2025,135.21520
25-04-2025,134.29780
24-04-2025,135.68150
23-04-2025,136.10300
22-04-2025,134.83550
21-04-2025,134.62170
17-04-2025,132.82320
16-04-2025,132.24830
15-04-2025,131.71860
11-04-2025,130.19610
09-04-2025,127.06500
08-04-2025,127.69850
07-04-2025,126.65620
04-04-2025,129.80010
03-04-2025,131.97710
02-04-2025,132.16360
01-04-2025,131.83300
31-03-2025,132.29870
28-03-2025,132.77160
27-03-2025,133.56070
26-03-2025,132.39150
25-03-2025,133.47860
24-03-2025,133.76730
21-03-2025,132.32790
20-03-2025,131.12450
19-03-2025,130.28300
18-03-2025,129.84310
17-03-2025,128.69070
13-03-2025,128.26500
12-03-2025,128.78010
11-03-2025,129.05200
10-03-2025,129.10390
07-03-2025,129.98930
06-03-2025,130.77900
05-03-2025,129.56490
04-03-2025,127.51090
03-03-2025,127.15650
28-02-2025,127.18060
27-02-2025,129.54220
25-02-2025,129.91010
24-02-2025,130.47690
21-02-2025,131.60200
20-02-2025,131.93560
19-02-2025,130.81040
18-02-2025,130.68140
17-02-2025,130.17420
14-02-2025,129.49700
13-02-2025,130.84850
12-02-2025,130.94600
11-02-2025,131.45640
10-02-2025,133.48680
07-02-2025,135.08060
06-02-2025,135.26060
05-02-2025,135.68190
04-02-2025,134.87640
03-02-2025,133.29970
31-01-2025,135.65590
30-01-2025,133.52120
29-01-2025,132.65200
28-01-2025,131.20360
27-01-2025,132.25170
24-01-2025,134.66830
23-01-2025,135.47770
22-01-2025,135.09210
21-01-2025,135.39850
20-01-2025,136.36850
17-01-2025,135.65610
16-01-2025,135.48650
15-01-2025,134.76930
14-01-2025,133.90780
13-01-2025,132.87210
10-01-2025,135.87950
09-01-2025,136.56340
08-01-2025,137.87090
07-01-2025,137.72660
06-01-2025,137.30510
03-01-2025,139.52420
02-01-2025,139.73420
01-01-2025,138.35090
31-12-2024,137.86240
30-12-2024,137.32320
27-12-2024,138.00510
26-12-2024,138.50420
24-12-2024,138.45880
23-12-2024,138.15670
20-12-2024,137.55130
19-12-2024,139.66780
18-12-2024,140.38720
17-12-2024,141.31400
16-12-2024,142.42790
13-12-2024,142.99240
12-12-2024,142.38460
11-12-2024,142.96240
10-12-2024,143.16370
09-12-2024,142.89760
06-12-2024,143.09820
05-12-2024,142.71000
04-12-2024,141.75110
03-12-2024,141.70740
02-12-2024,140.78270
29-11-2024,140.25200
28-11-2024,139.92260
27-11-2024,140.92590
26-11-2024,140.07440
25-11-2024,140.40610
22-11-2024,138.32470
21-11-2024,136.17580
19-11-2024,136.74740
18-11-2024,136.04560
14-11-2024,137.03310
13-11-2024,137.57830
12-11-2024,139.55200
11-11-2024,141.24260
08-11-2024,141.20680
07-11-2024,142.41070
06-11-2024,142.96870
05-11-2024,140.89840
04-11-2024,140.75940
31-10-2024,141.94880
30-10-2024,141.89530
29-10-2024,142.10880
28-10-2024,141.38780
25-10-2024,141.19230
24-10-2024,142.76540
23-10-2024,143.11020
22-10-2024,143.22560
21-10-2024,145.72610
18-10-2024,146.69390
17-10-2024,146.79200
16-10-2024,148.04280
15-10-2024,148.59880
14-10-2024,148.16880
11-10-2024,147.49650
10-10-2024,147.06910
09-10-2024,147.08600
08-10-2024,146.83890
07-10-2024,146.04550
04-10-2024,148.12950
03-10-2024,148.80710
01-10-2024,150.95090
30-09-2024,150.83620
27-09-2024,151.35160
26-09-2024,150.31600
25-09-2024,149.37610
24-09-2024,148.76130
23-09-2024,147.91280
20-09-2024,146.70170
19-09-2024,145.81580
18-09-2024,146.54430
17-09-2024,148.04390
16-09-2024,148.36170
13-09-2024,148.07250
12-09-2024,148.69020
11-09-2024,146.56650
10-09-2024,147.66800
09-09-2024,146.73070
06-09-2024,147.87450
05-09-2024,149.53880
04-09-2024,149.67440
03-09-2024,150.38490
02-09-2024,150.60200
30-08-2024,150.52790
29-08-2024,149.99020
28-08-2024,149.73580
27-08-2024,149.50680
26-08-2024,149.10610
23-08-2024,147.86640
22-08-2024,148.39640
21-08-2024,148.35020
20-08-2024,147.63000
19-08-2024,147.44370
16-08-2024,146.00130
14-08-2024,143.91730
13-08-2024,143.95720
12-08-2024,145.48240
09-08-2024,145.15740
08-08-2024,144.04000
07-08-2024,145.35030
06-08-2024,142.14710
05-08-2024,142.00360
02-08-2024,146.84080
01-08-2024,148.95420
31-07-2024,148.09590
30-07-2024,147.69580
29-07-2024,146.70390
26-07-2024,146.33340
25-07-2024,145.04760
24-07-2024,144.08560
23-07-2024,142.99250
22-07-2024,142.87630
19-07-2024,142.48450
18-07-2024,144.89910
16-07-2024,145.45060
15-07-2024,145.37690
12-07-2024,144.03020
11-07-2024,143.73420
10-07-2024,142.56510
09-07-2024,142.26430
08-07-2024,141.52180
05-07-2024,140.59980
04-07-2024,139.74540
03-07-2024,138.89000
02-07-2024,137.73610
01-07-2024,138.07510
28-06-2024,137.17370
27-06-2024,136.45360
26-06-2024,136.08640
25-06-2024,135.71980
24-06-2024,135.98160
21-06-2024,136.27090
20-06-2024,136.78070
19-06-2024,136.07550
18-06-2024,136.60340
14-06-2024,136.18160
13-06-2024,135.96980
12-06-2024,135.51530
11-06-2024,134.38230
10-06-2024,133.78170
07-06-2024,133.75570
06-06-2024,131.92520
05-06-2024,129.19320
04-06-2024,126.40490
03-06-2024,136.46790
31-05-2024,131.27950
30-05-2024,130.34380
29-05-2024,131.51330
28-05-2024,131.67170
27-05-2024,132.61020
24-05-2024,132.76190
23-05-2024,132.77300
22-05-2024,132.55650
21-05-2024,131.76220
17-05-2024,130.25520
16-05-2024,129.67110
15-05-2024,129.02440
14-05-2024,128.59240
13-05-2024,127.12680
10-05-2024,127.35830
09-05-2024,126.39840
08-05-2024,129.03180
07-05-2024,127.90450
06-05-2024,129.29290
03-05-2024,130.04270
02-05-2024,129.94410
30-04-2024,128.99950
29-04-2024,129.01110
26-04-2024,128.54440
25-04-2024,128.08450
24-04-2024,127.17720
23-04-2024,126.02770
22-04-2024,125.58690
19-04-2024,125.64630
18-04-2024,126.21920
16-04-2024,126.70230
15-04-2024,126.91090
12-04-2024,128.01250
10-04-2024,129.15380
09-04-2024,128.03810
08-04-2024,127.85440
05-04-2024,127.29600
04-04-2024,127.30430
03-04-2024,127.34890
02-04-2024,126.58460
01-04-2024,125.64920
31-03-2024,124.65380
28-03-2024,124.59560
27-03-2024,123.96690
26-03-2024,123.60100
22-03-2024,123.65040
21-03-2024,123.86390
20-03-2024,122.18380
19-03-2024,121.99640
18-03-2024,123.45040
15-03-2024,123.37540
14-03-2024,124.71650
13-03-2024,122.62110
12-03-2024,126.78530
11-03-2024,127.47250
07-03-2024,128.28220
06-03-2024,128.28080
05-03-2024,128.94920
04-03-2024,128.44500
01-03-2024,127.10070
29-02-2024,125.95940
28-02-2024,125.28700
27-02-2024,126.89800
26-02-2024,127.19040
23-02-2024,127.04180
22-02-2024,127.31850
21-02-2024,126.03510
20-02-2024,127.84320
19-02-2024,127.57010
16-02-2024,127.21110
15-02-2024,126.90300
14-02-2024,124.56290
13-02-2024,122.74870
12-02-2024,121.57990
09-02-2024,124.80510
08-02-2024,126.31610
07-02-2024,126.17150
06-02-2024,126.65160
05-02-2024,124.86630
02-02-2024,123.75900
01-02-2024,121.04130
31-01-2024,120.97360
30-01-2024,119.95830
29-01-2024,120.30410
25-01-2024,117.88300
24-01-2024,118.08910
23-01-2024,115.68830
19-01-2024,117.57140
18-01-2024,116.06770
17-01-2024,116.35520
16-01-2024,117.41780
15-01-2024,117.83680
12-01-2024,116.49290
11-01-2024,115.27000
10-01-2024,114.83790
09-01-2024,115.31470
08-01-2024,114.95190
05-01-2024,115.62780
04-01-2024,115.40220
03-01-2024,114.58190
02-01-2024,115.24570
01-01-2024,115.42330
29-12-2023,114.47590
28-12-2023,114.92570
27-12-2023,113.24080
26-12-2023,113.09680
22-12-2023,111.73380
21-12-2023,110.57120
19-12-2023,111.84390
18-12-2023,111.43590
15-12-2023,111.73590
14-12-2023,110.35120
13-12-2023,109.14510
12-12-2023,108.13060
11-12-2023,108.72380
08-12-2023,108.64120
07-12-2023,108.50760
06-12-2023,107.59400
05-12-2023,107.04280
04-12-2023,106.56970
01-12-2023,104.94740
30-11-2023,104.21030
29-11-2023,103.86460
28-11-2023,103.22220
24-11-2023,102.70410
23-11-2023,102.97690
22-11-2023,102.64120
21-11-2023,102.65620
20-11-2023,102.27140
17-11-2023,102.15120
16-11-2023,102.12040
15-11-2023,101.65720
13-11-2023,100.73280
10-11-2023,100.17860
09-11-2023,100.02360
08-11-2023,100.04070
07-11-2023,99.54740
06-11-2023,99.44660
03-11-2023,98.43310
02-11-2023,97.85150
01-11-2023,96.75650
31-10-2023,97.24910
30-10-2023,97.31530
27-10-2023,96.99470
26-10-2023,96.10220
25-10-2023,97.02760
23-10-2023,97.61430
20-10-2023,99.14820
19-10-2023,99.84510
18-10-2023,100.17560
17-10-2023,100.74080
16-10-2023,100.09860
13-10-2023,99.94830
12-10-2023,99.96280
11-10-2023,99.49090
10-10-2023,99.01980
09-10-2023,98.16060
06-10-2023,98.80320
05-10-2023,98.43760
04-10-2023,98.31250
03-10-2023,98.85330
29-09-2023,99.31450
27-09-2023,99.33330
26-09-2023,99.35040
25-09-2023,99.63830
22-09-2023,99.66000
21-09-2023,99.67360
20-09-2023,100.63740
18-09-2023,101.09740
15-09-2023,101.00470
14-09-2023,101.07080
13-09-2023,100.21970
12-09-2023,99.60770
11-09-2023,101.24360
08-09-2023,100.63830
07-09-2023,100.16230
06-09-2023,99.59720
05-09-2023,99.27020
04-09-2023,98.72490
01-09-2023,97.49320
31-08-2023,96.29640
30-08-2023,96.73190
29-08-2023,96.78480
28-08-2023,96.24630
25-08-2023,96.11430
24-08-2023,96.66820
23-08-2023,96.69280
22-08-2023,96.41520
21-08-2023,96.09050
18-08-2023,95.79160
17-08-2023,96.19590
16-08-2023,96.72480
14-08-2023,96.49940
11-08-2023,96.84130
10-08-2023,97.08010
09-08-2023,97.27990
08-08-2023,96.76920
07-08-2023,97.01960
04-08-2023,96.74120
03-08-2023,96.49760
02-08-2023,96.71700
01-08-2023,98.08370
31-07-2023,97.78150
28-07-2023,96.81800
27-07-2023,96.30270
26-07-2023,96.32940
25-07-2023,96.20880
24-07-2023,95.59640
21-07-2023,95.52140
20-07-2023,96.21460
19-07-2023,96.01930
18-07-2023,95.75610
17-07-2023,95.62030
14-07-2023,95.51810
13-07-2023,94.43640
12-07-2023,94.62870
11-07-2023,94.63100
10-07-2023,93.94120
07-07-2023,94.36140
06-07-2023,95.02400
05-07-2023,94.39920
04-07-2023,94.12280
03-07-2023,93.84410
30-06-2023,93.22790
28-06-2023,92.47700
27-06-2023,92.26470
26-06-2023,92.04870
23-06-2023,91.80650
22-06-2023,92.29180
21-06-2023,92.73180
20-06-2023,92.55170
19-06-2023,92.40230
16-06-2023,92.51740
15-06-2023,92.30850
14-06-2023,92.30410
13-06-2023,91.96830
12-06-2023,91.50190
09-06-2023,90.94590
08-06-2023,91.12050
07-06-2023,91.46000
06-06-2023,90.81150
05-06-2023,90.97620
02-06-2023,90.81940
01-06-2023,90.52530
31-05-2023,90.80760
30-05-2023,91.32050
29-05-2023,91.03370
26-05-2023,90.88780
25-05-2023,90.50190
24-05-2023,90.62630
23-05-2023,90.63340
22-05-2023,90.69710
19-05-2023,90.18110
18-05-2023,90.00350
17-05-2023,90.51130
16-05-2023,90.81280
15-05-2023,90.72980
12-05-2023,90.25230
11-05-2023,90.72640
10-05-2023,90.58230
09-05-2023,90.20730
08-05-2023,90.41600
05-05-2023,89.96560
04-05-2023,90.19630
03-05-2023,90.09850
02-05-2023,90.07320
28-04-2023,89.38500
27-04-2023,88.88500
26-04-2023,88.66820
25-04-2023,88.10390
24-04-2023,88.40380
21-04-2023,88.22860
20-04-2023,88.19220
19-04-2023,88.37880
18-04-2023,88.85300
17-04-2023,88.99280
13-04-2023,89.37920
12-04-2023,89.61820
11-04-2023,89.51920
10-04-2023,89.02440
06-04-2023,88.56640
05-04-2023,88.80670
03-04-2023,88.39680
31-03-2023,88.30990
29-03-2023,87.50970
28-03-2023,86.47650
27-03-2023,86.77560
24-03-2023,87.10800
23-03-2023,87.39340
22-03-2023,87.50680
21-03-2023,87.31930
20-03-2023,87.28270
17-03-2023,87.79180
16-03-2023,87.50520
15-03-2023,87.30720
14-03-2023,87.10170
13-03-2023,87.65270
10-03-2023,88.12480
09-03-2023,88.33590
08-03-2023,88.87390
06-03-2023,88.77330
03-03-2023,87.86610
02-03-2023,87.46200
01-03-2023,87.65990
28-02-2023,86.81880
27-02-2023,87.16950
24-02-2023,87.66200
23-02-2023,87.48010
22-02-2023,87.26590
21-02-2023,87.97170
20-02-2023,88.07970
17-02-2023,88.19800
16-02-2023,88.33540
15-02-2023,87.98240
14-02-2023,87.73880
13-02-2023,87.34970
10-02-2023,87.45120
09-02-2023,87.74290
08-02-2023,87.61350
07-02-2023,87.11780
06-02-2023,87.38780
03-02-2023,87.47570
02-02-2023,87.37490
01-02-2023,87.41550
31-01-2023,87.54250
30-01-2023,87.25570
27-01-2023,87.53290
25-01-2023,88.03180
24-01-2023,88.41620
23-01-2023,88.46260
20-01-2023,87.79920
19-01-2023,87.84040
18-01-2023,87.76070
17-01-2023,87.53770
16-01-2023,86.85080
13-01-2023,86.50390
12-01-2023,86.26930
11-01-2023,86.17770
10-01-2023,86.37860
09-01-2023,86.61900
06-01-2023,85.95520
05-01-2023,86.29080
04-01-2023,85.86200
03-01-2023,86.44350
02-01-2023,86.24400
30-12-2022,85.85460
29-12-2022,85.78460
28-12-2022,85.76560
27-12-2022,85.56310
26-12-2022,85.14330
23-12-2022,84.26860
22-12-2022,85.70590
21-12-2022,86.02600
20-12-2022,86.70260
19-12-2022,87.13770
16-12-2022,86.93710
15-12-2022,87.69130
14-12-2022,88.47570
13-12-2022,87.95050
12-12-2022,87.52730
09-12-2022,87.42150
08-12-2022,88.08050
07-12-2022,88.03080
06-12-2022,88.42110
05-12-2022,88.46990
02-12-2022,88.05720
01-12-2022,88.12800
30-11-2022,88.01140
29-11-2022,87.46920
28-11-2022,87.34630
25-11-2022,87.44370
24-11-2022,87.19390
23-11-2022,86.02090
22-11-2022,86.05920
21-11-2022,85.77770
18-11-2022,86.14910
17-11-2022,86.49720
16-11-2022,86.86520
15-11-2022,86.75550
14-11-2022,86.37970
11-11-2022,86.18790
10-11-2022,84.79310
09-11-2022,85.18880
07-11-2022,85.39010
04-11-2022,84.79070
03-11-2022,84.68560
02-11-2022,85.32330
01-11-2022,85.50920
31-10-2022,84.51990
28-10-2022,84.17640
27-10-2022,84.21890
25-10-2022,83.59230
21-10-2022,83.02100
20-10-2022,83.09950
19-10-2022,82.38850
18-10-2022,82.87240
17-10-2022,82.06600
14-10-2022,81.67930
13-10-2022,81.27470
12-10-2022,81.54580
11-10-2022,80.88000
10-10-2022,82.05580
07-10-2022,82.40470
06-10-2022,82.49800
04-10-2022,81.94990
03-10-2022,80.58750
30-09-2022,81.09360
29-09-2022,80.81270
28-09-2022,80.73290
27-09-2022,81.15130
26-09-2022,80.80760
23-09-2022,82.27820
22-09-2022,83.56270
21-09-2022,83.73660
20-09-2022,84.42890
19-09-2022,83.86090
16-09-2022,84.02870
15-09-2022,85.61870
14-09-2022,85.60110
13-09-2022,86.08160
12-09-2022,85.89480
09-09-2022,85.47380
08-09-2022,85.30070
07-09-2022,85.00950
06-09-2022,84.98540
05-09-2022,84.90870
02-09-2022,84.65190
01-09-2022,84.87090
30-08-2022,85.69210
29-08-2022,84.37770
26-08-2022,85.23130
25-08-2022,84.55970
24-08-2022,84.49140
23-08-2022,84.73880
22-08-2022,84.79070
19-08-2022,85.56440
18-08-2022,85.97180
17-08-2022,86.06570
16-08-2022,85.59720
12-08-2022,85.07430
11-08-2022,84.51740
10-08-2022,84.27350
08-08-2022,84.56910
05-08-2022,84.41860
04-08-2022,84.22090
03-08-2022,84.27050
02-08-2022,84.23640
01-08-2022,84.22680
29-07-2022,83.52330
28-07-2022,82.86150
27-07-2022,82.37690
26-07-2022,81.85470
25-07-2022,82.56590
22-07-2022,82.83450
21-07-2022,83.12470
20-07-2022,82.47740
19-07-2022,81.90190
18-07-2022,82.00650
15-07-2022,81.08560
14-07-2022,80.98470
13-07-2022,80.77140
12-07-2022,80.60170
11-07-2022,81.33610
08-07-2022,81.64930
07-07-2022,80.96320
06-07-2022,80.32110
05-07-2022,79.87540
04-07-2022,79.76600
01-07-2022,79.20670
30-06-2022,79.26000
29-06-2022,79.58440
28-06-2022,79.94930
27-06-2022,79.62120
24-06-2022,78.55100
23-06-2022,78.14240
22-06-2022,77.70250
21-06-2022,78.34030
20-06-2022,76.72160
17-06-2022,77.35810
16-06-2022,78.38170
15-06-2022,79.94380
14-06-2022,80.45130
13-06-2022,80.84410
10-06-2022,82.75170
09-06-2022,83.20070
08-06-2022,83.20320
07-06-2022,83.13560
06-06-2022,83.16180
03-06-2022,82.95620
02-06-2022,83.23860
01-06-2022,83.23440
31-05-2022,83.30090
30-05-2022,82.55460
27-05-2022,81.10000
26-05-2022,80.73290
25-05-2022,80.28760
24-05-2022,80.92420
23-05-2022,81.55860
20-05-2022,81.84430
19-05-2022,80.66000
18-05-2022,81.79790
17-05-2022,81.99320
16-05-2022,80.23800
13-05-2022,79.92020
12-05-2022,79.76790
11-05-2022,80.62090
10-05-2022,81.22160
09-05-2022,82.15720
06-05-2022,82.58150
05-05-2022,82.84080
04-05-2022,82.56660
02-05-2022,83.27840
29-04-2022,83.30010
28-04-2022,84.21350
27-04-2022,83.16070
26-04-2022,83.60460
25-04-2022,82.57600
22-04-2022,84.24960
21-04-2022,85.04710
20-04-2022,84.30460
19-04-2022,83.69900
18-04-2022,84.67090
13-04-2022,84.94500
12-04-2022,84.76470
11-04-2022,85.51480
08-04-2022,85.71290
07-04-2022,85.19210
06-04-2022,85.78910
05-04-2022,85.42300
04-04-2022,84.31220
01-04-2022,83.44380
31-03-2022,82.29040
30-03-2022,82.20790
29-03-2022,81.59170
28-03-2022,81.86400
25-03-2022,81.74300
24-03-2022,82.29440
23-03-2022,82.00610
22-03-2022,81.97610
21-03-2022,81.24750
17-03-2022,81.97520
16-03-2022,81.47520
15-03-2022,80.07720
14-03-2022,81.31220
11-03-2022,81.67250
10-03-2022,81.36570
09-03-2022,80.56270
08-03-2022,80.26870
07-03-2022,79.76500
04-03-2022,80.14900
03-03-2022,81.14120
02-03-2022,80.64210
28-02-2022,80.71340
25-02-2022,79.57140
24-02-2022,77.68590
23-02-2022,80.64440
22-02-2022,80.62920
21-02-2022,81.15270
18-02-2022,81.59770
17-02-2022,81.90490
16-02-2022,82.04150
15-02-2022,81.93520
14-02-2022,80.73010
11-02-2022,82.60540
10-02-2022,83.27060
09-02-2022,82.86180
08-02-2022,82.27250
07-02-2022,82.71020
04-02-2022,83.02430
03-02-2022,83.07660
02-02-2022,83.33480
01-02-2022,82.92190
31-01-2022,82.40070
28-01-2022,81.45620
27-01-2022,81.43580
25-01-2022,82.22620
24-01-2022,81.19880
21-01-2022,82.88330
20-01-2022,83.69600
19-01-2022,83.63560
18-01-2022,84.14620
17-01-2022,84.86600
14-01-2022,84.29250
13-01-2022,84.15660
12-01-2022,83.57460
11-01-2022,82.94530
10-01-2022,82.99080
07-01-2022,82.21710
06-01-2022,82.22420
05-01-2022,82.46710
04-01-2022,82.79770
03-01-2022,82.15870
31-12-2021,81.51330
30-12-2021,81.08230
29-12-2021,80.97210
28-12-2021,81.18760
27-12-2021,80.49560
24-12-2021,80.33220
23-12-2021,80.98950
22-12-2021,80.08260
21-12-2021,79.59720
20-12-2021,78.74100
17-12-2021,80.40390
16-12-2021,81.49520
15-12-2021,81.50010
14-12-2021,81.84330
13-12-2021,81.34470
10-12-2021,81.33400
09-12-2021,81.44650
08-12-2021,81.19850
07-12-2021,80.37550
06-12-2021,79.61170
03-12-2021,80.62210
02-12-2021,81.05800
01-12-2021,80.02670
30-11-2021,79.80420
29-11-2021,79.33570
26-11-2021,79.82250
25-11-2021,81.59780
24-11-2021,81.36530
23-11-2021,81.59150
22-11-2021,80.86820
18-11-2021,82.24480
17-11-2021,83.08110
16-11-2021,83.05450
15-11-2021,83.00220
12-11-2021,82.65560
11-11-2021,82.12740
10-11-2021,82.47360
09-11-2021,82.81520
08-11-2021,82.32250
03-11-2021,80.82700
02-11-2021,81.08720
01-11-2021,81.00520
29-10-2021,79.94900
28-10-2021,80.44400
27-10-2021,81.90280
26-10-2021,81.94480
25-10-2021,81.31920
22-10-2021,81.85940
21-10-2021,82.27850
20-10-2021,82.55790
19-10-2021,83.30650
18-10-2021,84.68800
14-10-2021,82.65440
13-10-2021,82.12680
12-10-2021,80.96070
11-10-2021,80.85170
08-10-2021,80.07620
07-10-2021,80.28220
06-10-2021,79.76670
05-10-2021,80.37600
04-10-2021,79.91880
01-10-2021,79.28160
30-09-2021,79.23710
29-09-2021,79.21920
28-09-2021,78.04140
27-09-2021,77.43170
24-09-2021,77.57600
23-09-2021,77.98300
22-09-2021,77.51220
21-09-2021,77.12630
20-09-2021,76.63170
17-09-2021,77.69990
16-09-2021,78.32400
15-09-2021,78.32330
14-09-2021,77.60250
13-09-2021,77.34290
09-09-2021,77.08450
08-09-2021,76.81430
07-09-2021,76.54380
06-09-2021,76.87200
03-09-2021,76.77960
02-09-2021,76.51660
01-09-2021,76.01160
31-08-2021,76.13630
30-08-2021,75.56650
27-08-2021,74.93440
26-08-2021,74.70340
25-08-2021,75.10230
24-08-2021,74.86890
23-08-2021,74.29650
20-08-2021,74.42700
18-08-2021,75.41950
17-08-2021,75.40790
16-08-2021,75.36080
13-08-2021,75.63870
12-08-2021,75.37390
11-08-2021,74.52740
10-08-2021,74.37640
09-08-2021,75.05440
06-08-2021,75.67600
05-08-2021,75.69230
04-08-2021,75.62730
03-08-2021,75.60080
02-08-2021,75.00750
30-07-2021,74.39160
29-07-2021,74.05530
28-07-2021,73.58430
27-07-2021,73.76260
26-07-2021,74.02010
23-07-2021,74.07990
22-07-2021,74.57750
20-07-2021,73.97610
19-07-2021,74.74070
16-07-2021,74.88040
15-07-2021,74.52660
14-07-2021,74.44770
13-07-2021,74.46450
12-07-2021,74.17610
09-07-2021,74.01630
08-07-2021,73.91050
07-07-2021,74.14820
06-07-2021,73.56510
05-07-2021,73.98330
02-07-2021,73.58550
01-07-2021,73.69300
30-06-2021,73.60600
29-06-2021,73.42810
28-06-2021,73.58170
25-06-2021,73.04520
24-06-2021,72.72240
23-06-2021,72.52660
22-06-2021,72.56660
21-06-2021,72.26980
18-06-2021,71.96900
17-06-2021,72.17840
16-06-2021,72.14120
15-06-2021,72.47360
14-06-2021,72.02660
11-06-2021,72.19910
10-06-2021,71.77350
09-06-2021,71.25200
08-06-2021,71.06660
07-06-2021,70.67970
04-06-2021,69.68280
03-06-2021,69.34730
02-06-2021,68.96640
01-06-2021,68.76750
31-05-2021,68.94600
28-05-2021,68.39040
27-05-2021,68.24770
26-05-2021,67.74360
25-05-2021,67.66320
24-05-2021,67.37660
21-05-2021,66.92430
20-05-2021,66.60770
19-05-2021,67.04370
18-05-2021,67.18570
17-05-2021,66.32480
14-05-2021,65.57420
12-05-2021,66.53820
11-05-2021,66.58500
10-05-2021,66.28950
07-05-2021,65.55020
06-05-2021,65.38260
05-05-2021,64.96300
04-05-2021,64.82540
03-05-2021,65.24120
30-04-2021,65.01390
29-04-2021,64.95670
28-04-2021,64.86530
27-04-2021,64.43530
26-04-2021,63.80930
23-04-2021,63.34650
22-04-2021,63.05770
20-04-2021,63.11600
19-04-2021,63.06390
16-04-2021,63.90950
15-04-2021,63.69380
13-04-2021,63.77990
12-04-2021,62.73970
09-04-2021,65.00230
08-04-2021,65.02660
07-04-2021,64.75110
06-04-2021,64.17260
05-04-2021,63.74830
01-04-2021,64.25310
31-03-2021,63.47280
30-03-2021,63.68570
26-03-2021,62.20360
25-03-2021,61.59670
24-03-2021,62.35030
23-03-2021,63.17090
22-03-2021,63.16980
19-03-2021,63.10320
18-03-2021,62.41700
17-03-2021,63.25440
16-03-2021,64.32870
15-03-2021,64.20060
12-03-2021,64.28010
10-03-2021,63.76910
09-03-2021,63.40580
08-03-2021,63.85610
05-03-2021,63.49370
04-03-2021,64.32750
03-03-2021,64.34050
02-03-2021,63.65240
01-03-2021,62.91780
26-02-2021,62.00070
25-02-2021,63.12190
24-02-2021,62.01070
23-02-2021,61.78860
22-02-2021,61.58800
19-02-2021,62.53650
18-02-2021,62.96940
17-02-2021,62.43570
16-02-2021,61.91650
15-02-2021,61.27460
12-02-2021,61.21850
11-02-2021,61.30300
10-02-2021,61.20050
09-02-2021,61.14830
08-02-2021,61.34350
05-02-2021,60.55490
04-02-2021,60.80060
03-02-2021,60.09380
02-02-2021,59.35300
01-02-2021,57.94520
29-01-2021,56.62270
28-01-2021,57.19680
27-01-2021,57.67020
25-01-2021,58.39380
22-01-2021,58.99230
21-01-2021,59.43070
20-01-2021,59.73220
19-01-2021,59.47270
18-01-2021,58.73740
15-01-2021,59.79860
14-01-2021,60.45700
13-01-2021,60.74400
12-01-2021,60.42470
11-01-2021,60.11470
08-01-2021,60.17090
07-01-2021,59.12720
06-01-2021,58.51720
05-01-2021,58.34680
04-01-2021,58.30680
01-01-2021,57.36590
31-12-2020,56.96620
30-12-2020,56.93410
29-12-2020,56.54900
28-12-2020,56.65560
24-12-2020,56.19780
23-12-2020,56.11930
22-12-2020,55.13840
21-12-2020,54.23120
18-12-2020,55.84810
17-12-2020,55.46800
16-12-2020,55.38770
15-12-2020,55.03630
14-12-2020,54.97290
11-12-2020,54.37350
10-12-2020,54.00660
09-12-2020,54.23920
08-12-2020,54.02500
07-12-2020,54.13460
04-12-2020,53.61040
03-12-2020,53.34890
02-12-2020,52.84260
01-12-2020,52.66490
27-11-2020,51.93700
26-11-2020,51.71530
25-11-2020,51.23860
24-11-2020,51.74650
23-11-2020,51.36760
20-11-2020,50.49490
19-11-2020,50.39780
18-11-2020,50.46960
17-11-2020,50.09840
13-11-2020,49.76950
12-11-2020,49.68660
11-11-2020,49.40940
10-11-2020,49.03630
09-11-2020,49.40970
06-11-2020,48.63320
05-11-2020,48.19360
04-11-2020,47.15290
03-11-2020,47.29890
02-11-2020,47.27350
30-10-2020,47.33030
29-10-2020,47.45300
28-10-2020,47.22600
27-10-2020,47.51860
26-10-2020,47.30480
23-10-2020,47.75130
22-10-2020,47.45680
21-10-2020,47.26400
20-10-2020,47.10260
19-10-2020,46.89750
16-10-2020,46.88870
15-10-2020,46.45030
14-10-2020,47.05140
13-10-2020,47.29770
12-10-2020,47.07830
09-10-2020,47.13330
08-10-2020,47.54760
07-10-2020,47.02640
06-10-2020,47.13970
05-10-2020,46.88320
01-10-2020,46.24260
30-09-2020,46.00470
29-09-2020,45.77030
28-09-2020,45.64730
25-09-2020,44.84390
24-09-2020,43.97840
23-09-2020,45.22110
22-09-2020,45.02600
21-09-2020,45.61090
18-09-2020,46.74810
17-09-2020,46.48030
16-09-2020,46.57190
15-09-2020,46.44610
14-09-2020,46.06620
11-09-2020,45.13840
10-09-2020,44.97220
09-09-2020,44.61000
08-09-2020,44.94130
07-09-2020,45.24150
04-09-2020,45.40380
03-09-2020,46.22150
02-09-2020,46.04290
01-09-2020,45.72260
31-08-2020,45.61130
28-08-2020,46.73550
27-08-2020,46.77200
26-08-2020,46.78530
25-08-2020,46.64720
24-08-2020,46.42320
21-08-2020,46.50770
20-08-2020,46.35220
19-08-2020,45.79580
18-08-2020,45.64160
17-08-2020,45.39850
14-08-2020,44.83330
13-08-2020,44.93050
12-08-2020,44.35790
11-08-2020,44.24090
10-08-2020,44.22570
07-08-2020,43.95070
06-08-2020,43.91990
05-08-2020,43.54020
04-08-2020,43.39650
03-08-2020,42.95610
31-07-2020,43.16570
30-07-2020,43.05850
29-07-2020,43.19700
28-07-2020,43.10150
27-07-2020,42.75210
24-07-2020,42.93470
23-07-2020,43.23140
22-07-2020,42.94420
21-07-2020,43.04830
20-07-2020,42.58770
17-07-2020,42.19300
16-07-2020,41.68030
15-07-2020,41.52230
14-07-2020,41.59040
13-07-2020,42.03580
10-07-2020,42.12740
09-07-2020,42.41830
08-07-2020,42.23910
07-07-2020,42.23640
06-07-2020,42.33960
03-07-2020,41.99990
02-07-2020,41.52100
01-07-2020,40.94190
30-06-2020,40.83850
29-06-2020,41.10000
26-06-2020,41.67520
25-06-2020,41.14070
24-06-2020,41.21950
23-06-2020,41.53150
22-06-2020,40.94730
19-06-2020,40.38730
18-06-2020,39.99100
17-06-2020,39.49400
16-06-2020,39.38270
15-06-2020,39.29790
12-06-2020,39.84310
11-06-2020,39.88650
10-06-2020,40.44350
09-06-2020,40.45920
08-06-2020,40.46420
05-06-2020,40.01800
04-06-2020,39.46070
03-06-2020,39.27200
02-06-2020,39.10960
01-06-2020,38.73050
29-05-2020,37.85640
28-05-2020,37.37690
27-05-2020,37.03980
26-05-2020,36.62970
22-05-2020,36.36430
21-05-2020,36.36690
20-05-2020,36.18640
19-05-2020,35.85320
18-05-2020,35.39880
15-05-2020,36.16710
14-05-2020,36.22840
13-05-2020,36.90840
12-05-2020,36.28410
11-05-2020,36.19540
08-05-2020,36.01470
07-05-2020,36.02820
06-05-2020,36.08140
05-05-2020,35.87940
04-05-2020,35.93720
30-04-2020,37.41690
29-04-2020,36.62840
28-04-2020,36.25510
27-04-2020,36.11430
24-04-2020,35.73550
23-04-2020,36.35920
22-04-2020,36.27760
21-04-2020,36.09650
20-04-2020,37.07790
17-04-2020,36.97200
16-04-2020,36.45090
15-04-2020,36.10410
13-04-2020,35.83680
09-04-2020,35.83770
08-04-2020,34.91150
07-04-2020,34.46210
03-04-2020,32.74340
01-04-2020,33.11390
31-03-2020,33.81970
30-03-2020,32.86450
27-03-2020,33.31410
26-03-2020,32.94490
25-03-2020,32.12340
24-03-2020,31.26030
23-03-2020,30.90740
20-03-2020,34.29270
19-03-2020,32.65380
18-03-2020,34.14480
17-03-2020,35.58160
16-03-2020,36.48790
13-03-2020,38.52780
12-03-2020,38.04290
11-03-2020,40.92870
09-03-2020,41.30930
06-03-2020,43.07090
05-03-2020,43.96080
04-03-2020,43.89740
03-03-2020,43.96890
02-03-2020,42.97780
28-02-2020,43.38400
27-02-2020,44.68720
26-02-2020,44.99580
25-02-2020,45.63200
24-02-2020,45.90870
20-02-2020,46.67740
19-02-2020,46.50420
18-02-2020,46.01750
17-02-2020,46.28400
14-02-2020,46.56160
13-02-2020,46.91040
12-02-2020,46.84370
11-02-2020,46.82910
10-02-2020,46.80100
07-02-2020,47.35310
06-02-2020,47.11740
05-02-2020,46.73230
04-02-2020,46.36750
03-02-2020,45.66190
31-01-2020,46.47100
30-01-2020,47.18650
29-01-2020,47.71040
28-01-2020,47.54420
27-01-2020,47.74320
24-01-2020,48.08930
23-01-2020,47.73490
22-01-2020,47.47000
21-01-2020,47.59400
20-01-2020,47.88050
17-01-2020,47.96680
16-01-2020,47.72030
15-01-2020,47.76970
14-01-2020,47.78520
13-01-2020,47.48190
10-01-2020,46.82330
09-01-2020,46.57220
08-01-2020,46.04950
07-01-2020,46.30030
06-01-2020,46.20590
03-01-2020,46.96350
02-01-2020,46.95510
01-01-2020,46.46750
31-12-2019,46.33650
30-12-2019,46.24930
27-12-2019,46.14810
26-12-2019,45.65040
24-12-2019,45.71400
23-12-2019,45.67930
20-12-2019,45.61720
19-12-2019,45.66780
18-12-2019,45.68810
17-12-2019,45.77780
16-12-2019,45.49910
13-12-2019,45.58110
12-12-2019,45.21340
11-12-2019,45.04670
10-12-2019,44.89860
09-12-2019,45.35600
06-12-2019,45.45980
05-12-2019,45.74150
04-12-2019,45.84050
03-12-2019,45.65960
02-12-2019,45.95710
29-11-2019,45.98840
28-11-2019,46.17550
27-11-2019,45.84960
26-11-2019,45.66270
25-11-2019,46.01340
22-11-2019,45.51660
21-11-2019,45.38200
20-11-2019,45.77510
19-11-2019,45.67150
18-11-2019,45.43060
15-11-2019,45.36900
14-11-2019,45.30930
13-11-2019,45.46150
11-11-2019,45.84460
08-11-2019,46.16810
07-11-2019,46.58810
06-11-2019,46.50930
05-11-2019,46.39600
04-11-2019,46.62340
01-11-2019,46.23400
31-10-2019,46.19790
30-10-2019,45.84080
29-10-2019,45.81370
25-10-2019,45.08880
24-10-2019,45.20230
23-10-2019,45.62220
22-10-2019,45.61080
18-10-2019,45.92120
17-10-2019,45.61140
16-10-2019,45.34800
15-10-2019,45.24500
14-10-2019,45.00720
11-10-2019,44.81070
10-10-2019,44.54680
09-10-2019,44.64270
07-10-2019,44.40470
04-10-2019,44.54490
03-10-2019,44.72000
01-10-2019,44.83410
30-09-2019,45.26700
27-09-2019,45.26830
26-09-2019,45.59290
25-09-2019,45.24880
24-09-2019,45.82240
23-09-2019,45.87570
20-09-2019,45.56770
19-09-2019,44.25990
18-09-2019,44.67430
17-09-2019,44.62910
16-09-2019,45.13540
13-09-2019,45.22990
12-09-2019,44.86460
11-09-2019,44.73990
09-09-2019,44.70580
06-09-2019,44.69660
05-09-2019,44.29460
04-09-2019,43.84660
03-09-2019,43.57640
30-08-2019,44.18050
29-08-2019,44.02610
28-08-2019,43.92000
27-08-2019,44.00890
26-08-2019,43.78570
23-08-2019,43.47450
22-08-2019,43.20910
21-08-2019,43.70670
20-08-2019,44.02680
19-08-2019,43.98940
16-08-2019,43.75850
14-08-2019,43.76450
13-08-2019,43.48040
09-08-2019,44.22090
08-08-2019,44.05470
07-08-2019,43.43650
06-08-2019,43.60850
05-08-2019,43.35010
02-08-2019,44.07200
01-08-2019,44.39260
31-07-2019,44.72210
30-07-2019,44.45940
29-07-2019,44.83750
26-07-2019,45.29370
25-07-2019,45.14490
24-07-2019,45.22060
23-07-2019,45.35080
22-07-2019,45.31560
19-07-2019,45.43920
18-07-2019,45.71700
17-07-2019,46.16210
16-07-2019,46.02040
15-07-2019,45.66620
12-07-2019,45.53220
11-07-2019,45.52610
10-07-2019,45.30420
09-07-2019,45.30720
08-07-2019,45.41510
05-07-2019,46.34440
04-07-2019,46.85260
03-07-2019,46.90030
02-07-2019,46.84860
01-07-2019,46.76950
28-06-2019,46.55070
27-06-2019,46.68630
26-06-2019,46.47300
25-06-2019,46.26080
24-06-2019,46.16850
21-06-2019,46.32840
20-06-2019,46.52350
19-06-2019,46.01900
18-06-2019,45.88340
17-06-2019,45.97630
14-06-2019,46.12700
13-06-2019,46.40570
12-06-2019,46.37420
11-06-2019,46.77310
10-06-2019,46.39530
07-06-2019,46.20570
06-06-2019,46.21470
04-06-2019,46.85990
03-06-2019,47.17330
31-05-2019,46.86350
30-05-2019,46.77030
29-05-2019,46.54300
28-05-2019,46.95940
27-05-2019,46.66200
24-05-2019,46.23250
23-05-2019,45.60190
22-05-2019,45.75000
21-05-2019,45.61130
20-05-2019,45.76080
17-05-2019,45.20580
16-05-2019,45.22530
15-05-2019,44.95830
14-05-2019,45.10340
13-05-2019,45.10690
10-05-2019,45.59250
09-05-2019,45.50720
08-05-2019,45.86350
07-05-2019,46.42510
06-05-2019,46.56400
03-05-2019,47.00280
02-05-2019,46.97250
30-04-2019,47.27010
26-04-2019,47.26560
25-04-2019,47.05790
24-04-2019,47.19720
23-04-2019,46.98010
22-04-2019,46.90650
18-04-2019,47.49410
16-04-2019,47.63340
15-04-2019,47.35610
12-04-2019,47.30170
11-04-2019,47.15200
10-04-2019,47.30090
09-04-2019,47.32990
08-04-2019,47.15720
05-04-2019,47.30810
04-04-2019,47.18930
03-04-2019,46.99470
02-04-2019,47.34230
01-04-2019,47.31730
29-03-2019,47.09930
28-03-2019,46.65120
27-03-2019,46.46800
26-03-2019,46.54140
25-03-2019,46.13130
22-03-2019,46.54640
20-03-2019,46.62030
19-03-2019,46.99180
18-03-2019,46.76450
15-03-2019,46.70690
14-03-2019,46.44800
13-03-2019,46.54060
12-03-2019,46.39690
11-03-2019,45.89100
08-03-2019,45.26680
07-03-2019,45.64380
06-03-2019,45.96030
05-03-2019,45.82420
01-03-2019,45.16570
28-02-2019,44.72680
27-02-2019,44.58270
26-02-2019,44.67160
25-02-2019,44.80270
22-02-2019,44.50160
21-02-2019,44.30920
20-02-2019,43.86120
19-02-2019,43.49420
18-02-2019,43.63160
15-02-2019,43.67130
14-02-2019,43.79560
13-02-2019,43.77900
12-02-2019,43.79320
11-02-2019,43.88790
08-02-2019,44.07770
07-02-2019,44.52800
06-02-2019,44.39490
05-02-2019,44.36530
04-02-2019,44.41150
01-02-2019,44.50440
31-01-2019,44.43020
30-01-2019,43.98880
29-01-2019,43.75400
28-01-2019,43.78350
25-01-2019,44.03180
24-01-2019,44.30950
23-01-2019,44.28730
22-01-2019,44.43020
21-01-2019,44.70120
18-01-2019,44.65950
17-01-2019,44.56890
16-01-2019,44.61100
15-01-2019,44.47910
14-01-2019,44.00060
11-01-2019,44.18220
10-01-2019,44.12390
09-01-2019,43.99840
08-01-2019,43.80730
07-01-2019,43.72810
04-01-2019,43.47610
03-01-2019,43.39050
02-01-2019,43.72210
01-01-2019,44.02240
31-12-2018,44.00990
28-12-2018,43.70800
27-12-2018,43.51400
26-12-2018,43.44080
24-12-2018,43.50250
21-12-2018,43.75960
20-12-2018,44.26220
19-12-2018,44.33370
18-12-2018,44.29450
17-12-2018,44.55560
14-12-2018,44.43140
13-12-2018,44.46940
12-12-2018,44.20490
11-12-2018,43.55010
10-12-2018,43.17550
07-12-2018,43.67770
06-12-2018,43.59580
05-12-2018,44.27910
04-12-2018,44.67140
03-12-2018,44.33130
30-11-2018,43.94200
29-11-2018,43.89180
28-11-2018,43.87380
27-11-2018,43.81240
26-11-2018,43.62430
22-11-2018,43.79430
21-11-2018,43.86860
20-11-2018,43.82420
19-11-2018,44.53620
16-11-2018,44.15700
15-11-2018,44.05310
14-11-2018,43.87520
13-11-2018,43.64230
12-11-2018,43.38250
09-11-2018,43.67510
06-11-2018,43.45610
05-11-2018,43.38780
02-11-2018,43.49430
01-11-2018,42.82270
31-10-2018,42.52300
30-10-2018,41.83240
29-10-2018,41.72120
26-10-2018,40.92110
25-10-2018,41.43680
24-10-2018,41.78910
23-10-2018,41.80290
22-10-2018,42.32360
19-10-2018,42.16820
17-10-2018,42.65850
16-10-2018,43.27380
15-10-2018,42.87380
12-10-2018,42.76100
11-10-2018,41.87270
10-10-2018,42.92100
09-10-2018,42.08720
08-10-2018,42.32650
05-10-2018,42.82890
04-10-2018,43.78410
03-10-2018,44.55290
01-10-2018,45.01060
28-09-2018,45.01710
27-09-2018,45.16150
26-09-2018,45.82930
25-09-2018,45.69880
24-09-2018,45.58700
21-09-2018,46.13210
19-09-2018,46.79490
18-09-2018,46.85490
17-09-2018,47.15660
14-09-2018,47.69070
12-09-2018,46.89810
11-09-2018,47.04080
10-09-2018,47.56950
07-09-2018,48.12720
06-09-2018,47.88610
04-09-2018,47.86730
03-09-2018,48.21620
31-08-2018,48.51890
30-08-2018,48.72720
29-08-2018,48.72980
28-08-2018,48.46860
27-08-2018,48.29950
24-08-2018,47.67020
23-08-2018,47.91490
21-08-2018,47.97130
20-08-2018,47.46430
17-08-2018,47.48290
16-08-2018,47.05590
14-08-2018,47.50400
13-08-2018,47.18200
10-08-2018,47.77300
09-08-2018,48.13930
08-08-2018,47.97150
07-08-2018,47.99730
06-08-2018,48.04070
03-08-2018,48.09960
02-08-2018,47.70820
01-08-2018,47.87830
31-07-2018,47.89630
30-07-2018,48.08600
27-07-2018,48.13700
26-07-2018,47.77390
25-07-2018,47.50000
24-07-2018,47.67410
23-07-2018,47.30730
20-07-2018,47.34130
19-07-2018,46.92050
18-07-2018,46.98230
17-07-2018,47.13030
16-07-2018,46.65780
13-07-2018,47.26160
12-07-2018,47.30370
11-07-2018,47.06820
10-07-2018,47.48790
09-07-2018,47.27980
06-07-2018,46.69490
05-07-2018,46.26340
04-07-2018,46.38940
03-07-2018,46.27750
02-07-2018,46.21070
29-06-2018,46.33040
28-06-2018,45.78270
27-06-2018,46.58870
26-06-2018,47.05880
25-06-2018,47.29060
22-06-2018,47.66760
21-06-2018,47.72810
20-06-2018,47.88410
19-06-2018,47.50890
18-06-2018,48.10770
15-06-2018,48.14080
14-06-2018,48.14490
13-06-2018,48.36800
12-06-2018,48.32640
11-06-2018,48.16720
08-06-2018,48.06420
07-06-2018,48.08490
06-06-2018,47.62950
05-06-2018,47.30890
04-06-2018,47.70970
01-06-2018,47.90140
31-05-2018,48.14910
30-05-2018,47.91910
29-05-2018,48.11080
28-05-2018,48.40000
25-05-2018,47.97000
24-05-2018,47.66060
23-05-2018,47.67150
22-05-2018,48.03830
21-05-2018,47.73830
18-05-2018,48.04170
17-05-2018,48.32670
16-05-2018,48.34760
15-05-2018,48.16240
14-05-2018,48.30070
11-05-2018,48.44750
10-05-2018,48.23360
09-05-2018,48.51260
08-05-2018,48.37820
07-05-2018,48.37970
04-05-2018,48.10580
03-05-2018,48.30930
02-05-2018,48.50130
30-04-2018,48.69150
27-04-2018,48.36190
26-04-2018,47.93440
25-04-2018,47.62820
24-04-2018,47.76510
23-04-2018,47.67400
20-04-2018,47.72680
19-04-2018,48.10830
18-04-2018,47.84840
17-04-2018,47.93390
16-04-2018,48.06060
13-04-2018,48.09740
12-04-2018,48.02960
11-04-2018,48.03860
10-04-2018,47.85680
09-04-2018,47.79740
06-04-2018,47.67150
05-04-2018,47.44660
04-04-2018,46.89010
03-04-2018,47.04130
02-04-2018,46.68320
28-03-2018,46.26910
27-03-2018,46.47540
26-03-2018,46.07370
23-03-2018,45.41200
22-03-2018,46.05870
21-03-2018,46.20040
20-03-2018,46.38360
19-03-2018,46.20130
16-03-2018,46.74720
15-03-2018,47.24190
14-03-2018,47.19890
13-03-2018,47.05470
12-03-2018,47.04010
09-03-2018,46.61540
08-03-2018,46.65200
07-03-2018,46.41500
06-03-2018,46.80110
05-03-2018,46.87810
01-03-2018,47.56580
28-02-2018,47.66820
27-02-2018,47.94260
26-02-2018,48.07270
23-02-2018,47.91700
22-02-2018,47.35340
21-02-2018,47.43820
20-02-2018,47.41120
19-02-2018,47.39190
16-02-2018,47.52760
15-02-2018,47.76930
14-02-2018,47.48470
12-02-2018,47.15110
09-02-2018,46.67790
08-02-2018,47.40510
07-02-2018,46.82080
06-02-2018,46.73740
05-02-2018,47.64650
02-02-2018,48.20500
01-02-2018,49.38540
31-01-2018,49.61550
30-01-2018,49.78510
29-01-2018,50.08590
25-01-2018,50.27890
24-01-2018,50.41320
23-01-2018,50.59160
22-01-2018,50.11380
19-01-2018,49.74840
18-01-2018,49.35050
17-01-2018,49.62870
16-01-2018,49.39180
15-01-2018,49.64110
12-01-2018,49.73080
11-01-2018,49.53700
10-01-2018,49.41160
09-01-2018,49.31310
08-01-2018,49.19080
05-01-2018,48.84270
04-01-2018,48.40300
03-01-2018,48.37000
02-01-2018,48.19230
01-01-2018,48.01700
29-12-2017,48.15480
28-12-2017,48.07790
27-12-2017,48.00530
26-12-2017,48.03240
22-12-2017,47.93280
21-12-2017,47.75370
20-12-2017,47.66350
19-12-2017,47.49360
18-12-2017,47.14800
15-12-2017,46.91900
14-12-2017,46.49200
13-12-2017,46.50420
12-12-2017,46.58950
11-12-2017,47.01210
08-12-2017,46.88250
07-12-2017,46.56360
06-12-2017,46.23160
05-12-2017,46.61250
04-12-2017,46.64100
01-12-2017,46.55830
30-11-2017,46.87400
29-11-2017,47.11440
28-11-2017,47.13090
27-11-2017,47.10700
24-11-2017,47.03920
23-11-2017,46.91070
22-11-2017,46.72950
21-11-2017,46.64360
20-11-2017,46.68590
17-11-2017,46.46720
16-11-2017,46.05940
15-11-2017,45.86200
14-11-2017,46.20130
13-11-2017,46.32060
10-11-2017,46.41910
09-11-2017,46.36330
08-11-2017,46.14050
07-11-2017,46.53600
06-11-2017,47.05190
03-11-2017,46.87580
02-11-2017,46.77400
01-11-2017,46.68150
31-10-2017,46.32370
30-10-2017,46.27920
27-10-2017,46.02630
26-10-2017,46.13660
25-10-2017,46.03490
24-10-2017,46.14970
23-10-2017,46.02810
18-10-2017,46.26770
17-10-2017,46.29000
16-10-2017,46.13010
13-10-2017,45.85140
12-10-2017,45.90850
11-10-2017,45.73690
10-10-2017,45.98650
09-10-2017,45.77040
06-10-2017,45.86440
05-10-2017,45.51290
04-10-2017,45.17130
03-10-2017,45.09830
29-09-2017,44.61580
28-09-2017,44.56170
27-09-2017,44.51120
26-09-2017,44.77330
25-09-2017,44.43880
22-09-2017,44.76220
21-09-2017,45.76210
20-09-2017,45.94570
19-09-2017,46.22450
18-09-2017,46.03860
15-09-2017,45.76790
14-09-2017,45.57090
13-09-2017,45.35570
12-09-2017,45.36250
11-09-2017,45.00870
08-09-2017,44.84330
07-09-2017,44.79080
06-09-2017,44.63770
05-09-2017,44.49900
04-09-2017,44.33250
01-09-2017,44.66670
31-08-2017,44.52130
30-08-2017,44.37780
29-08-2017,43.99270
28-08-2017,44.18240
24-08-2017,43.85010
23-08-2017,43.69410
22-08-2017,43.32300
21-08-2017,43.35760
18-08-2017,43.65020
17-08-2017,43.94040
16-08-2017,43.89010
14-08-2017,43.42900
11-08-2017,42.88690
10-08-2017,42.99230
09-08-2017,43.61350
08-08-2017,44.06550
07-08-2017,44.31120
04-08-2017,43.88070
03-08-2017,43.86590
02-08-2017,44.27800
01-08-2017,44.21410
31-07-2017,44.42580
28-07-2017,44.26230
27-07-2017,44.31580
26-07-2017,44.43100
25-07-2017,44.14740
24-07-2017,44.09130
21-07-2017,43.99370
20-07-2017,43.78070
19-07-2017,43.77810
18-07-2017,43.51840
17-07-2017,43.49180
14-07-2017,43.36080
13-07-2017,43.25070
12-07-2017,42.92770
11-07-2017,42.56810
10-07-2017,42.64150
07-07-2017,42.58880
06-07-2017,42.60780
05-07-2017,42.39160
04-07-2017,42.03100
03-07-2017,42.02530
30-06-2017,41.72990
29-06-2017,41.65500
28-06-2017,41.56330
27-06-2017,41.61940
23-06-2017,42.02280
22-06-2017,42.36660
21-06-2017,42.48420
20-06-2017,42.64910
19-06-2017,42.45640
16-06-2017,42.36310
15-06-2017,42.44130
14-06-2017,42.47660
13-06-2017,42.26110
12-06-2017,42.28960
09-06-2017,42.53980
08-06-2017,42.41480
07-06-2017,42.41770
06-06-2017,42.20360
05-06-2017,42.37560
02-06-2017,42.30540
01-06-2017,42.03470
31-05-2017,41.86520
30-05-2017,41.75730
29-05-2017,41.47350
26-05-2017,41.71040
25-05-2017,41.35120
24-05-2017,40.69440
23-05-2017,40.92990
22-05-2017,41.26480
19-05-2017,41.55080
18-05-2017,41.76980
17-05-2017,42.18480
16-05-2017,42.21310
15-05-2017,42.08300
12-05-2017,41.84150
11-05-2017,42.11390
10-05-2017,42.04530
09-05-2017,41.98530
08-05-2017,41.84030
05-05-2017,41.58380
04-05-2017,41.89420
03-05-2017,41.62080
02-05-2017,41.70390
28-04-2017,41.67230
27-04-2017,41.39800
26-04-2017,41.41590
25-04-2017,41.39620
24-04-2017,41.01570
21-04-2017,40.89280
20-04-2017,40.87580
19-04-2017,40.74650
18-04-2017,40.64030
17-04-2017,40.85630
13-04-2017,40.78800
12-04-2017,40.91380
11-04-2017,41.02730
10-04-2017,40.70100
07-04-2017,40.58780
06-04-2017,40.82220
05-04-2017,40.99470
03-04-2017,40.80340
31-03-2017,40.51380
30-03-2017,40.24180
29-03-2017,40.06160
28-03-2017,39.83110
27-03-2017,39.63260
24-03-2017,39.78960
23-03-2017,39.63860
22-03-2017,39.49400
21-03-2017,39.95560
20-03-2017,39.91360
17-03-2017,39.92980
16-03-2017,39.96220
15-03-2017,39.54800
14-03-2017,39.45310
10-03-2017,39.07940
09-03-2017,39.19900
08-03-2017,39.26880
07-03-2017,39.50400
06-03-2017,39.43720
03-03-2017,39.27210
02-03-2017,39.19420
01-03-2017,39.47680
28-02-2017,39.34840
27-02-2017,39.27850
23-02-2017,39.39820
22-02-2017,39.42960
21-02-2017,39.31420
20-02-2017,39.14400
17-02-2017,38.82120
16-02-2017,38.73920
15-02-2017,38.36620
14-02-2017,38.68190
13-02-2017,38.83710
10-02-2017,38.80010
09-02-2017,38.81010
08-02-2017,38.82090
07-02-2017,38.60400
06-02-2017,38.97530
03-02-2017,38.58230
02-02-2017,38.73160
01-02-2017,38.40440
31-01-2017,37.78920
30-01-2017,37.91230
27-01-2017,37.88070
25-01-2017,37.66170
24-01-2017,37.37750
23-01-2017,37.10870
20-01-2017,36.99110
19-01-2017,37.31750
18-01-2017,37.29430
17-01-2017,37.09920
16-01-2017,37.09790
13-01-2017,37.06260
12-01-2017,37.09030
11-01-2017,37.13120
10-01-2017,36.88960
09-01-2017,36.65280
06-01-2017,36.56380
05-01-2017,36.56900
04-01-2017,36.07680
03-01-2017,36.08190
02-01-2017,36.00240
30-12-2016,35.90850
29-12-2016,35.62220
28-12-2016,35.34620
27-12-2016,35.13750
26-12-2016,34.80720
23-12-2016,35.23990
22-12-2016,35.23140
21-12-2016,35.57170
20-12-2016,35.65380
19-12-2016,35.84640
16-12-2016,35.92330
15-12-2016,36.03180
14-12-2016,36.19140
13-12-2016,36.38100
12-12-2016,36.36670
09-12-2016,36.77110
08-12-2016,36.56790
07-12-2016,36.00950
06-12-2016,36.15920
05-12-2016,35.84880
02-12-2016,35.82640
01-12-2016,36.23300
30-11-2016,36.49800
29-11-2016,36.11450
28-11-2016,35.99540
25-11-2016,35.80050
24-11-2016,35.49460
23-11-2016,35.60940
22-11-2016,35.36450
21-11-2016,34.93850
18-11-2016,35.59010
17-11-2016,35.85340
16-11-2016,35.97540
15-11-2016,36.08930
11-11-2016,36.96600
10-11-2016,37.89630
09-11-2016,37.24010
08-11-2016,37.88960
07-11-2016,37.43110
04-11-2016,37.36020
03-11-2016,37.77090
02-11-2016,38.09890
01-11-2016,38.71440
28-10-2016,38.66820
27-10-2016,38.52120
26-10-2016,38.70510
25-10-2016,39.12120
24-10-2016,39.14590
21-10-2016,39.08900
20-10-2016,38.83400
19-10-2016,38.67610
18-10-2016,38.65230
17-10-2016,38.23730
14-10-2016,38.22310
13-10-2016,38.02680
10-10-2016,38.59080
07-10-2016,38.63090
06-10-2016,38.69590
05-10-2016,38.84790
04-10-2016,38.43840
03-10-2016,38.09090
30-09-2016,37.61890
29-09-2016,37.25170
28-09-2016,38.01050
27-09-2016,37.69560
26-09-2016,37.76770
23-09-2016,38.12510
22-09-2016,38.09850
21-09-2016,37.76570
20-09-2016,37.69790
19-09-2016,37.90710
16-09-2016,37.60070
15-09-2016,37.65680
14-09-2016,37.54900
12-09-2016,37.19110
09-09-2016,38.06960
08-09-2016,38.23170
07-09-2016,38.13900
06-09-2016,37.85190
02-09-2016,37.30250
01-09-2016,37.10900
31-08-2016,37.06610
30-08-2016,37.14040
29-08-2016,36.71810
26-08-2016,36.53910
25-08-2016,36.29960
24-08-2016,36.45260
23-08-2016,36.25140
22-08-2016,36.23210
19-08-2016,36.51270
18-08-2016,36.31000
17-08-2016,36.10170
16-08-2016,36.07350
12-08-2016,36.10780
11-08-2016,36.15780
10-08-2016,36.34330
09-08-2016,36.48970
08-08-2016,36.54370
05-08-2016,36.41290
04-08-2016,35.69820
03-08-2016,35.53660
02-08-2016,35.85190
01-08-2016,36.17110
29-07-2016,36.10910
28-07-2016,36.15200
27-07-2016,36.06690
26-07-2016,36.12850
25-07-2016,36.20800
22-07-2016,35.93050
21-07-2016,35.56830
20-07-2016,35.55300
19-07-2016,35.18610
18-07-2016,35.15850
15-07-2016,35.17290
14-07-2016,35.32920
13-07-2016,35.09000
12-07-2016,35.12770
11-07-2016,34.83340
08-07-2016,34.16900
07-07-2016,34.34740
05-07-2016,34.52230
04-07-2016,34.70800
01-07-2016,34.40490
30-06-2016,34.18390
29-06-2016,33.72280
28-06-2016,33.34300
27-06-2016,33.21640
24-06-2016,33.19320
23-06-2016,33.75500
22-06-2016,33.76880
21-06-2016,33.83780
20-06-2016,33.74160
17-06-2016,33.45140
16-06-2016,33.32910
15-06-2016,33.68910
14-06-2016,33.45940
13-06-2016,33.51270
10-06-2016,33.88740
09-06-2016,34.05350
08-06-2016,34.01430
07-06-2016,34.00590
06-06-2016,33.71520
03-06-2016,33.52490
02-06-2016,33.40210
01-06-2016,33.34910
31-05-2016,33.39040
30-05-2016,33.06310
27-05-2016,33.03780
26-05-2016,33.00620
25-05-2016,32.71600
24-05-2016,32.21730
23-05-2016,32.13560
20-05-2016,32.16780
19-05-2016,32.23080
18-05-2016,32.57570
17-05-2016,32.61990
16-05-2016,32.56280
13-05-2016,32.51020
12-05-2016,32.51010
11-05-2016,32.09700
10-05-2016,32.15670
09-05-2016,32.05120
06-05-2016,31.75770
05-05-2016,31.82020
04-05-2016,31.86760
03-05-2016,32.21190
02-05-2016,32.29790
29-04-2016,32.45350
28-04-2016,32.64100
27-04-2016,33.08610
26-04-2016,33.23130
25-04-2016,33.02220
22-04-2016,33.02010
21-04-2016,33.06060
20-04-2016,32.95030
18-04-2016,32.84180
13-04-2016,32.86760
12-04-2016,32.26750
11-04-2016,32.02020
08-04-2016,31.73380
07-04-2016,31.61090
06-04-2016,31.76330
05-04-2016,31.55490
04-04-2016,32.23190
01-04-2016,32.13420
31-03-2016,32.33210
30-03-2016,31.98210
29-03-2016,31.49510
28-03-2016,31.43030
23-03-2016,31.74770
22-03-2016,31.72510
21-03-2016,31.81650
18-03-2016,31.59000
17-03-2016,31.30870
16-03-2016,30.97720
15-03-2016,30.86110
14-03-2016,31.08460
11-03-2016,30.92340
10-03-2016,30.70160
09-03-2016,30.68330
08-03-2016,30.57080
04-03-2016,30.57670
03-03-2016,30.41830
02-03-2016,30.08150
01-03-2016,29.49390
29-02-2016,28.84530
26-02-2016,29.18850
25-02-2016,28.91300
24-02-2016,29.14110
23-02-2016,29.40120
22-02-2016,29.60300
19-02-2016,29.46560
18-02-2016,29.53260
17-02-2016,29.10030
16-02-2016,29.01860
15-02-2016,29.33330
12-02-2016,28.60970
11-02-2016,28.84830
10-02-2016,29.46430
09-02-2016,29.93590
08-02-2016,30.26950
05-02-2016,30.52830
04-02-2016,30.37990
03-02-2016,30.12010
02-02-2016,30.36970
01-02-2016,30.69750
29-01-2016,30.60610
28-01-2016,30.27050
27-01-2016,30.24640
25-01-2016,30.22220
22-01-2016,29.97360
21-01-2016,29.34030
20-01-2016,29.75270
19-01-2016,30.32650
18-01-2016,30.21200
15-01-2016,30.82460
14-01-2016,31.19730
13-01-2016,31.27590
12-01-2016,31.20220
11-01-2016,31.54410
08-01-2016,31.84180
07-01-2016,31.59310
06-01-2016,32.42980
05-01-2016,32.29670
04-01-2016,32.48230
01-01-2016,33.08680
31-12-2015,32.82470
30-12-2015,32.89090
29-12-2015,32.98250
28-12-2015,32.95180
24-12-2015,32.72890
23-12-2015,32.71120
22-12-2015,32.53960
21-12-2015,32.75100
18-12-2015,32.60370
17-12-2015,32.77420
16-12-2015,32.58820
15-12-2015,32.40230
14-12-2015,32.11730
11-12-2015,32.31870
10-12-2015,32.87670
09-12-2015,32.71910
08-12-2015,33.20710
07-12-2015,33.45370
04-12-2015,33.50390
03-12-2015,33.58680
02-12-2015,33.91040
01-12-2015,33.84920
30-11-2015,33.67030
27-11-2015,33.82080
26-11-2015,33.63200
24-11-2015,33.53600
23-11-2015,33.55980
20-11-2015,33.48890
19-11-2015,33.29270
18-11-2015,32.87220
17-11-2015,33.08240
16-11-2015,33.00090
13-11-2015,32.94180
10-11-2015,32.68170
09-11-2015,33.07930
06-11-2015,33.17060
05-11-2015,33.49670
04-11-2015,33.67500
03-11-2015,33.49020
02-11-2015,33.34420
30-10-2015,33.30500
29-10-2015,33.32530
28-10-2015,33.47550
27-10-2015,33.64690
26-10-2015,33.63280
23-10-2015,33.56880
21-10-2015,33.38570
20-10-2015,33.49460
19-10-2015,33.38090
16-10-2015,33.39210
15-10-2015,33.22440
14-10-2015,32.95820
13-10-2015,33.15010
12-10-2015,33.09510
09-10-2015,33.18600
08-10-2015,32.84770
07-10-2015,33.03460
06-10-2015,32.91230
05-10-2015,32.77470
01-10-2015,32.06910
30-09-2015,31.94750
29-09-2015,31.49680
28-09-2015,31.61830
24-09-2015,31.73380
23-09-2015,31.81480
22-09-2015,31.81430
21-09-2015,32.11620
18-09-2015,32.43490
16-09-2015,32.17390
15-09-2015,32.01520
14-09-2015,32.10620
11-09-2015,32.11960
10-09-2015,32.11860
09-09-2015,31.83450
08-09-2015,31.28700
07-09-2015,31.10450
04-09-2015,31.39380
03-09-2015,31.93890
02-09-2015,31.46260
01-09-2015,31.98610
31-08-2015,32.35500
28-08-2015,32.61410
27-08-2015,32.04220
26-08-2015,31.45150
25-08-2015,31.84470
24-08-2015,31.47810
21-08-2015,33.46370
20-08-2015,33.82720
19-08-2015,34.38730
18-08-2015,34.28990
17-08-2015,34.28130
14-08-2015,34.40540
13-08-2015,33.88610
12-08-2015,33.82480
11-08-2015,34.28460
10-08-2015,34.52730
07-08-2015,34.55580
06-08-2015,34.48060
05-08-2015,34.38020
04-08-2015,34.29730
03-08-2015,34.18120
31-07-2015,34.34970
30-07-2015,34.05610
29-07-2015,33.72610
28-07-2015,33.44800
27-07-2015,33.67980
24-07-2015,34.22020
23-07-2015,34.66950
22-07-2015,34.59830
21-07-2015,34.14540
20-07-2015,34.31570
17-07-2015,34.26190
16-07-2015,34.22050
15-07-2015,33.82310
14-07-2015,33.72050
13-07-2015,33.80720
10-07-2015,33.47390
09-07-2015,33.38080
08-07-2015,33.02650
07-07-2015,33.68680
06-07-2015,33.81570
03-07-2015,33.95800
02-07-2015,34.05530
01-07-2015,34.22310
30-06-2015,33.91300
29-06-2015,33.59060
26-06-2015,33.96960
25-06-2015,34.11170
24-06-2015,34.12920
23-06-2015,34.07030
22-06-2015,33.86410
19-06-2015,33.55300
18-06-2015,33.51440
17-06-2015,33.24880
16-06-2015,33.11950
15-06-2015,33.25120
12-06-2015,33.27820
11-06-2015,33.05650
10-06-2015,33.56510
09-06-2015,33.24110
08-06-2015,33.38290
05-06-2015,33.72770
04-06-2015,33.94930
03-06-2015,33.89730
02-06-2015,34.20940
01-06-2015,34.76460
29-05-2015,34.71820
28-05-2015,34.42460
27-05-2015,34.49390
26-05-2015,34.60880
25-05-2015,34.57810
22-05-2015,34.71750
21-05-2015,34.64950
20-05-2015,34.71790
19-05-2015,34.71080
18-05-2015,34.68060
15-05-2015,34.47660
14-05-2015,34.33720
13-05-2015,34.33060
12-05-2015,33.97590
11-05-2015,34.56770
08-05-2015,33.98020
07-05-2015,33.36260
06-05-2015,33.82080
05-05-2015,34.57070
04-05-2015,34.91650
30-04-2015,34.54720
29-04-2015,34.57960
28-04-2015,34.64220
27-04-2015,34.36300
24-04-2015,34.50180
23-04-2015,34.60990
22-04-2015,34.56320
21-04-2015,34.21460
20-04-2015,34.20260
17-04-2015,34.69880
16-04-2015,34.90460
15-04-2015,34.77020
13-04-2015,35.10970
10-04-2015,34.80560
09-04-2015,34.57290
08-04-2015,34.58500
07-04-2015,34.08370
06-04-2015,33.82700
01-04-2015,33.35700
31-03-2015,33.03000
30-03-2015,32.97370
27-03-2015,32.53960
26-03-2015,32.44560
25-03-2015,32.81780
24-03-2015,32.83750
23-03-2015,32.83640
20-03-2015,33.03880
19-03-2015,33.47110
18-03-2015,33.58750
17-03-2015,33.60590
16-03-2015,33.37820
13-03-2015,33.62330
12-03-2015,33.89420
11-03-2015,33.78160
10-03-2015,33.95660
09-03-2015,34.03530
05-03-2015,34.74950
04-03-2015,34.93070
03-03-2015,35.40630
02-03-2015,34.98870
27-02-2015,34.44330
26-02-2015,33.94450
25-02-2015,34.18440
24-02-2015,34.43720
23-02-2015,34.59280
20-02-2015,34.86880
19-02-2015,34.89340
18-02-2015,34.86890
16-02-2015,34.75540
13-02-2015,34.95890
12-02-2015,34.87970
11-02-2015,34.68190
10-02-2015,34.36690
09-02-2015,34.00880
06-02-2015,34.20000
05-02-2015,34.53980
04-02-2015,34.70350
03-02-2015,34.45210
02-02-2015,34.27360
30-01-2015,34.53640
29-01-2015,34.78540
28-01-2015,34.67670
27-01-2015,34.60760
23-01-2015,34.61930
22-01-2015,34.40760
21-01-2015,34.14380
20-01-2015,34.09750
19-01-2015,34.01510
16-01-2015,33.87710
15-01-2015,33.89200
14-01-2015,33.49440
13-01-2015,33.46390
12-01-2015,33.36490
09-01-2015,33.36160
08-01-2015,33.31830
07-01-2015,32.73930
06-01-2015,32.76990
05-01-2015,33.62370
02-01-2015,33.65800
01-01-2015,33.36060
31-12-2014,33.35850
30-12-2014,33.12870
29-12-2014,33.21470
26-12-2014,32.98320
24-12-2014,33.04230
23-12-2014,33.22600
22-12-2014,33.20500
19-12-2014,32.65030
18-12-2014,32.51870
17-12-2014,32.00410
16-12-2014,32.25740
15-12-2014,32.73640
12-12-2014,32.79080
11-12-2014,32.99790
10-12-2014,33.27220
09-12-2014,32.93090
08-12-2014,33.23530
05-12-2014,33.80450
04-12-2014,34.07930
03-12-2014,33.97990
02-12-2014,33.87020
01-12-2014,33.80910
28-11-2014,34.00200
27-11-2014,33.71790
26-11-2014,33.76460
25-11-2014,33.81230
24-11-2014,34.01690
21-11-2014,33.88040
20-11-2014,34.04070
19-11-2014,33.45060
18-11-2014,33.48450
17-11-2014,33.52520
14-11-2014,33.57420
13-11-2014,33.50070
12-11-2014,33.50430
11-11-2014,33.29220
10-11-2014,33.28110
07-11-2014,33.21960
05-11-2014,33.09840
03-11-2014,33.03140
31-10-2014,33.01320
30-10-2014,32.60430
29-10-2014,32.45620
28-10-2014,32.31100
27-10-2014,32.30460
22-10-2014,32.56810
21-10-2014,32.12070
20-10-2014,32.06530
17-10-2014,31.76610
16-10-2014,31.51240
14-10-2014,31.92090
13-10-2014,31.86950
10-10-2014,31.78970
09-10-2014,32.23090
08-10-2014,31.95540
07-10-2014,31.95630
01-10-2014,32.38980
30-09-2014,32.54660
29-09-2014,32.18920
26-09-2014,32.18060
25-09-2014,32.07430
24-09-2014,32.38400
23-09-2014,32.45320
22-09-2014,32.81840
19-09-2014,32.88170
18-09-2014,32.67950
17-09-2014,32.41860
16-09-2014,32.05010
15-09-2014,32.59640
12-09-2014,32.50020
11-09-2014,32.44730
10-09-2014,32.44410
09-09-2014,32.49710
08-09-2014,32.52670
05-09-2014,32.19780
04-09-2014,32.28630
03-09-2014,32.21560
02-09-2014,31.95750
01-09-2014,31.78260
28-08-2014,31.18570
27-08-2014,31.25110
26-08-2014,31.21190
25-08-2014,31.24780
22-08-2014,31.19820
21-08-2014,31.17960
20-08-2014,31.31060
19-08-2014,31.23620
18-08-2014,31.00860
14-08-2014,30.59100
13-08-2014,30.40350
12-08-2014,30.33190
11-08-2014,30.02490
08-08-2014,29.92180
07-08-2014,30.31760
06-08-2014,30.35240
05-08-2014,30.52990
04-08-2014,30.28200
01-08-2014,29.85410
31-07-2014,29.86220
30-07-2014,29.85760
28-07-2014,29.59580
25-07-2014,29.66810
24-07-2014,29.91810
23-07-2014,29.84410
22-07-2014,29.83310
21-07-2014,29.77850
18-07-2014,29.71440
17-07-2014,29.78110
16-07-2014,29.57390
15-07-2014,29.30440
14-07-2014,29.07890
11-07-2014,29.02120
10-07-2014,29.45130
09-07-2014,29.41710
08-07-2014,29.52750
07-07-2014,29.95610
04-07-2014,29.95440
03-07-2014,29.88270
02-07-2014,29.93320
01-07-2014,29.75980
30-06-2014,29.40220
27-06-2014,28.94320
26-06-2014,28.83910
25-06-2014,28.99190
24-06-2014,29.11030
23-06-2014,28.93420
20-06-2014,29.04900
19-06-2014,29.11830
18-06-2014,29.30370
17-06-2014,29.29700
16-06-2014,28.84420
13-06-2014,28.69560
12-06-2014,29.02730
11-06-2014,28.87340
10-06-2014,28.91190
09-06-2014,29.06450
06-06-2014,28.75650
05-06-2014,28.34120
04-06-2014,28.08240
03-06-2014,27.94330
02-06-2014,27.64180
30-05-2014,27.44220
29-05-2014,27.52200
28-05-2014,27.61480
27-05-2014,27.55220
26-05-2014,27.74940
23-05-2014,27.79600
22-05-2014,27.28310
21-05-2014,26.95630
20-05-2014,26.81740
19-05-2014,26.61410
16-05-2014,25.81330
15-05-2014,25.60480
14-05-2014,25.73740
13-05-2014,25.53460
12-05-2014,25.30370
09-05-2014,25.08730
08-05-2014,24.67090
07-05-2014,24.72060
06-05-2014,24.77420
05-05-2014,24.65390
02-05-2014,24.72720
30-04-2014,24.58310
29-04-2014,24.81950
28-04-2014,24.95350
25-04-2014,24.96000
23-04-2014,25.19170
22-04-2014,25.19850
21-04-2014,25.10210
17-04-2014,24.94350
16-04-2014,24.62710
15-04-2014,24.61140
11-04-2014,24.93650
10-04-2014,24.96050
09-04-2014,24.85300
07-04-2014,24.62140
04-04-2014,24.85650
03-04-2014,24.93760
02-04-2014,24.99770
01-04-2014,24.77820
31-03-2014,24.63400
28-03-2014,24.67710
27-03-2014,24.16820
26-03-2014,24.14550
25-03-2014,24.06500
24-03-2014,24.15320
21-03-2014,24.00060
20-03-2014,24.03080
19-03-2014,24.17440
18-03-2014,24.16210
14-03-2014,24.12850
13-03-2014,24.21300
12-03-2014,24.32600
11-03-2014,24.38780
10-03-2014,24.38950
07-03-2014,24.48880
06-03-2014,24.26580
05-03-2014,23.91320
04-03-2014,23.67720
03-03-2014,23.20830
28-02-2014,23.40620
26-02-2014,23.38370
25-02-2014,23.25750
24-02-2014,23.35450
21-02-2014,23.30320
20-02-2014,23.17260
19-02-2014,23.29260
18-02-2014,23.31440
17-02-2014,23.33460
14-02-2014,23.19140
13-02-2014,23.11160
12-02-2014,23.32090
11-02-2014,23.15440
10-02-2014,23.10870
07-02-2014,22.99050
06-02-2014,22.86980
05-02-2014,22.76490
04-02-2014,22.77700
03-02-2014,22.94180
31-01-2014,23.09320
30-01-2014,22.97070
29-01-2014,23.12520
28-01-2014,23.01130
27-01-2014,23.08790
24-01-2014,23.52590
23-01-2014,23.72730
22-01-2014,23.74900
21-01-2014,23.62800
20-01-2014,23.55050
17-01-2014,23.59600
16-01-2014,23.64440
15-01-2014,23.60900
14-01-2014,23.48780
13-01-2014,23.65320
10-01-2014,23.40560
09-01-2014,23.49200
08-01-2014,23.60860
07-01-2014,23.51620
06-01-2014,23.66820
03-01-2014,23.71410
02-01-2014,23.80520
01-01-2014,24.08830
31-12-2013,24.08720
30-12-2013,23.97660
27-12-2013,23.96900
26-12-2013,23.94620
24-12-2013,23.89960
23-12-2013,23.74190
20-12-2013,23.60570
19-12-2013,23.45790
18-12-2013,23.61730
17-12-2013,23.32100
16-12-2013,23.41370
13-12-2013,23.50620
12-12-2013,23.63250
11-12-2013,23.85210
10-12-2013,24.01950
09-12-2013,24.11270
06-12-2013,23.77990
05-12-2013,23.76090
04-12-2013,23.59660
03-12-2013,23.66820
02-12-2013,23.66010
29-11-2013,23.67120
28-11-2013,23.44780
27-11-2013,23.30990
26-11-2013,23.38250
25-11-2013,23.58550
22-11-2013,23.47530
21-11-2013,23.44990
20-11-2013,23.59280
19-11-2013,23.59950
18-11-2013,23.61800
14-11-2013,23.40300
13-11-2013,23.26030
12-11-2013,23.27020
11-11-2013,23.26180
08-11-2013,23.37370
07-11-2013,23.47160
06-11-2013,23.46210
05-11-2013,23.38980
01-11-2013,23.37780
31-10-2013,23.22110
30-10-2013,23.15920
29-10-2013,23.02060
28-10-2013,22.79350
25-10-2013,22.70420
24-10-2013,22.78810
23-10-2013,22.78610
22-10-2013,22.91430
21-10-2013,22.87940
18-10-2013,22.69690
17-10-2013,22.38720
15-10-2013,22.46800
14-10-2013,22.52960
11-10-2013,22.50450
10-10-2013,22.43440
09-10-2013,22.26310
08-10-2013,22.11660
07-10-2013,22.05270
04-10-2013,22.08710
03-10-2013,22.14630
01-10-2013,21.83270
30-09-2013,21.85290
27-09-2013,21.92390
26-09-2013,21.86730
25-09-2013,21.99360
24-09-2013,22.01840
23-09-2013,22.02460
20-09-2013,22.28810
19-09-2013,22.44620
18-09-2013,21.94510
17-09-2013,21.90680
16-09-2013,21.89940
13-09-2013,22.01880
12-09-2013,21.91050
11-09-2013,22.04630
10-09-2013,22.18010
06-09-2013,21.74530
05-09-2013,21.44340
04-09-2013,21.12250
03-09-2013,21.03340
02-09-2013,21.15940
30-08-2013,21.07510
29-08-2013,21.20690
28-08-2013,20.89990
27-08-2013,20.98770
26-08-2013,21.18250
23-08-2013,21.18870
22-08-2013,21.04710
21-08-2013,20.86500
20-08-2013,20.93410
19-08-2013,20.90680
16-08-2013,21.04830
14-08-2013,21.42120
13-08-2013,21.17980
12-08-2013,21.10000
08-08-2013,20.92240
07-08-2013,20.80350
06-08-2013,20.96360
05-08-2013,21.42460
02-08-2013,21.34790
01-08-2013,21.30240
31-07-2013,21.45540
30-07-2013,21.52220
29-07-2013,21.68860
26-07-2013,21.85870
25-07-2013,21.98680
24-07-2013,22.13860
23-07-2013,22.51190
22-07-2013,22.34180
19-07-2013,22.26280
18-07-2013,22.36330
17-07-2013,22.21480
16-07-2013,22.39950
15-07-2013,22.62860
12-07-2013,22.48590
11-07-2013,22.42460
10-07-2013,22.09320
09-07-2013,22.22980
08-07-2013,22.23130
05-07-2013,22.46300
04-07-2013,22.33610
03-07-2013,22.28870
02-07-2013,22.49610
01-07-2013,22.39570
28-06-2013,22.12010
27-06-2013,21.83320
26-06-2013,21.80410
25-06-2013,21.60510
24-06-2013,21.64170
21-06-2013,21.88950
20-06-2013,22.20860
19-06-2013,22.46600
18-06-2013,22.41220
17-06-2013,22.41080
14-06-2013,22.30540
13-06-2013,22.24480
12-06-2013,22.39420
11-06-2013,22.50920
10-06-2013,22.67040
07-06-2013,22.67810
06-06-2013,22.72900
05-06-2013,22.71090
04-06-2013,22.76070
03-06-2013,22.72710
31-05-2013,23.00810
30-05-2013,23.08910
29-05-2013,23.07910
28-05-2013,23.25080
27-05-2013,23.03340
24-05-2013,22.74130
23-05-2013,22.78060
22-05-2013,23.18910
21-05-2013,23.17570
20-05-2013,23.13930
17-05-2013,23.10880
16-05-2013,23.05770
15-05-2013,22.91170
14-05-2013,22.78180
13-05-2013,22.74990
10-05-2013,22.85950
09-05-2013,22.78510
08-05-2013,22.81390
07-05-2013,22.76930
06-05-2013,22.50630
03-05-2013,22.34810
02-05-2013,22.43380
30-04-2013,22.36160
29-04-2013,22.35160
26-04-2013,22.28500
25-04-2013,22.42000
23-04-2013,22.08550
22-04-2013,22.08270
18-04-2013,21.90850
17-04-2013,21.70850
16-04-2013,21.71320
15-04-2013,21.50350
12-04-2013,21.42770
11-04-2013,21.36170
10-04-2013,21.37690
09-04-2013,21.35090
08-04-2013,21.39600
05-04-2013,21.51320
04-04-2013,21.62410
03-04-2013,21.84880
02-04-2013,21.99330
01-04-2013,21.87150
28-03-2013,21.79650
26-03-2013,21.67510
25-03-2013,21.73320
22-03-2013,21.73090
21-03-2013,21.74890
20-03-2013,21.78350
19-03-2013,21.98820
18-03-2013,22.12430
15-03-2013,22.34210
14-03-2013,22.45050
13-03-2013,22.45020
12-03-2013,22.72630
11-03-2013,22.85080
08-03-2013,22.87230
07-03-2013,22.70020
06-03-2013,22.66330
05-03-2013,22.47690
04-03-2013,22.22020
01-03-2013,22.49090
28-02-2013,22.43780
27-02-2013,22.56650
26-02-2013,22.51980
25-02-2013,22.81270
22-02-2013,22.88790
21-02-2013,22.97210
20-02-2013,23.29810
19-02-2013,23.15050
18-02-2013,22.97400
15-02-2013,22.97920
14-02-2013,22.94700
13-02-2013,23.02750
12-02-2013,23.03940
11-02-2013,22.96110
08-02-2013,22.99430
07-02-2013,23.07720
06-02-2013,23.08210
05-02-2013,23.13930
04-02-2013,23.21640
01-02-2013,23.29210
31-01-2013,23.35120
30-01-2013,23.34930
29-01-2013,23.35480
28-01-2013,23.34230
25-01-2013,23.35480
24-01-2013,23.20080
23-01-2013,23.48100
22-01-2013,23.62900
21-01-2013,23.73990
18-01-2013,23.65820
17-01-2013,23.59900
16-01-2013,23.64060
15-01-2013,23.79020
14-01-2013,23.73940
11-01-2013,23.54590
10-01-2013,23.79020
09-01-2013,23.82210
08-01-2013,23.89820
07-01-2013,24.02500
04-01-2013,23.93790
03-01-2013,23.77330
02-01-2013,23.54450
01-01-2013,23.37460
31-12-2012,23.22440
28-12-2012,23.18900
27-12-2012,23.00320
26-12-2012,23.02820
24-12-2012,22.98820
21-12-2012,22.95150
20-12-2012,23.10740
19-12-2012,23.08900
18-12-2012,22.92950
17-12-2012,22.67790
14-12-2012,22.56830
13-12-2012,22.47630
12-12-2012,22.58570
11-12-2012,22.62880
10-12-2012,22.72620
07-12-2012,22.61750
06-12-2012,22.58730
05-12-2012,22.55630
04-12-2012,22.30370
03-12-2012,22.17230
30-11-2012,22.11940
29-11-2012,21.97460
27-11-2012,21.77710
26-11-2012,21.70960
23-11-2012,21.66360
22-11-2012,21.60870
21-11-2012,21.55480
20-11-2012,21.50710
19-11-2012,21.53860
16-11-2012,21.59360
15-11-2012,21.70070
12-11-2012,21.92140
09-11-2012,21.84580
08-11-2012,21.86520
07-11-2012,22.01280
06-11-2012,21.96050
05-11-2012,21.90310
02-11-2012,21.78520
01-11-2012,21.63160
31-10-2012,21.50220
30-10-2012,21.40170
29-10-2012,21.48530
26-10-2012,21.50330
25-10-2012,21.54560
23-10-2012,21.52110
22-10-2012,21.57990
19-10-2012,21.43990
18-10-2012,21.44880
17-10-2012,21.32550
16-10-2012,21.19770
15-10-2012,21.26340
12-10-2012,21.16340
11-10-2012,21.01280
10-10-2012,20.92240
09-10-2012,20.97150
08-10-2012,20.90520
05-10-2012,21.01870
04-10-2012,20.98960
03-10-2012,20.98870
01-10-2012,20.98460
28-09-2012,20.92070
27-09-2012,20.77390
26-09-2012,20.83220
25-09-2012,20.82580
24-09-2012,20.84710
21-09-2012,20.89470
20-09-2012,20.63150
18-09-2012,20.74480
17-09-2012,20.84000
14-09-2012,20.80790
13-09-2012,20.44080
12-09-2012,20.41560
11-09-2012,20.35090
10-09-2012,20.32200
07-09-2012,20.24440
06-09-2012,19.90860
05-09-2012,19.83080
04-09-2012,19.94930
03-09-2012,19.87420
31-08-2012,19.88520
30-08-2012,19.94720
29-08-2012,20.07080
28-08-2012,20.23530
27-08-2012,20.43160
24-08-2012,20.48350
23-08-2012,20.38960
22-08-2012,20.48970
21-08-2012,20.55730
17-08-2012,20.46380
16-08-2012,20.48750
14-08-2012,20.58750
13-08-2012,20.43560
10-08-2012,20.46950
09-08-2012,20.53060
08-08-2012,20.31330
07-08-2012,20.30170
06-08-2012,20.00330
03-08-2012,19.88530
02-08-2012,19.94120
01-08-2012,19.90650
31-07-2012,19.83670
30-07-2012,19.61160
27-07-2012,19.34530
26-07-2012,19.22610
25-07-2012,19.44560
24-07-2012,19.52270
23-07-2012,19.51960
20-07-2012,19.67340
19-07-2012,19.76600
18-07-2012,19.66410
17-07-2012,19.53070
16-07-2012,19.50510
13-07-2012,19.39090
12-07-2012,19.41900
11-07-2012,19.51220
10-07-2012,19.58210
09-07-2012,19.44420
06-07-2012,19.68040
05-07-2012,19.68960
04-07-2012,19.45560
03-07-2012,19.37410
02-07-2012,19.33390
29-06-2012,19.17520
28-06-2012,18.79480
27-06-2012,18.79470
26-06-2012,18.65130
25-06-2012,18.61220
22-06-2012,18.80890
21-06-2012,18.79980
20-06-2012,18.82360
19-06-2012,18.63060
18-06-2012,18.49850
15-06-2012,18.52690
14-06-2012,18.43840
13-06-2012,18.62100
12-06-2012,18.65810
11-06-2012,18.59610
08-06-2012,18.40590
07-06-2012,18.38050
06-06-2012,18.30290
05-06-2012,18.06300
04-06-2012,17.89430
01-06-2012,18.08050
31-05-2012,18.41880
30-05-2012,18.43050
29-05-2012,18.48780
28-05-2012,18.34190
25-05-2012,18.13530
24-05-2012,18.17160
23-05-2012,18.08070
22-05-2012,18.19560
21-05-2012,18.14810
18-05-2012,18.06700
17-05-2012,18.12540
16-05-2012,18.15100
15-05-2012,18.41740
14-05-2012,18.40400
11-05-2012,18.62280
10-05-2012,18.78480
09-05-2012,18.79480
08-05-2012,18.92050
07-05-2012,18.96640
04-05-2012,19.16140
03-05-2012,19.35490
02-05-2012,19.51960
30-04-2012,19.45650
27-04-2012,19.27130
26-04-2012,19.16550
25-04-2012,19.17850
24-04-2012,19.31060
23-04-2012,19.34140
20-04-2012,19.53680
19-04-2012,19.62880
18-04-2012,19.60610
17-04-2012,19.43580
16-04-2012,19.30710
13-04-2012,19.36780
12-04-2012,19.27130
11-04-2012,19.15570
10-04-2012,19.26010
09-04-2012,19.47760
04-04-2012,19.71320
03-04-2012,19.71680
02-04-2012,19.54170
30-03-2012,19.42870
29-03-2012,19.21760
28-03-2012,19.23360
27-03-2012,19.42440
26-03-2012,19.34100
23-03-2012,19.54020
22-03-2012,19.51000
21-03-2012,19.63970
20-03-2012,19.48840
19-03-2012,19.49520
16-03-2012,19.60570
15-03-2012,19.86670
14-03-2012,19.94050
13-03-2012,19.80950
12-03-2012,19.60110
09-03-2012,19.52090
07-03-2012,19.15350
06-03-2012,19.32020
05-03-2012,19.59460
02-03-2012,19.82130
01-03-2012,19.78810
29-02-2012,19.90190
28-02-2012,19.65600
27-02-2012,19.35230
24-02-2012,19.76340
23-02-2012,19.85830
22-02-2012,20.02840
21-02-2012,20.21480
17-02-2012,20.11470
16-02-2012,20.06420
15-02-2012,20.20150
14-02-2012,19.97340
13-02-2012,20.09220
10-02-2012,20.04290
09-02-2012,20.00770
08-02-2012,19.81220
07-02-2012,19.58340
06-02-2012,19.64270
03-02-2012,19.37940
02-02-2012,19.39010
01-02-2012,19.16550
31-01-2012,18.98070
30-01-2012,18.67690
27-01-2012,18.90840
25-01-2012,18.62940
24-01-2012,18.60090
23-01-2012,18.41140
20-01-2012,18.44820
19-01-2012,18.30110
18-01-2012,18.12920
17-01-2012,18.19290
16-01-2012,17.86490
13-01-2012,17.95090
12-01-2012,17.88550
11-01-2012,17.75740
10-01-2012,17.59110
09-01-2012,17.32630
06-01-2012,17.25670
05-01-2012,17.29610
04-01-2012,17.39410
03-01-2012,17.34330
02-01-2012,17.01120
30-12-2011,17.06200
29-12-2011,17.02790
28-12-2011,17.08080
27-12-2011,17.16930
26-12-2011,17.21360
23-12-2011,17.15280
22-12-2011,17.12620
21-12-2011,16.97940
20-12-2011,16.59410
19-12-2011,16.77490
16-12-2011,17.00490
15-12-2011,17.21830
14-12-2011,17.42600
13-12-2011,17.52870
12-12-2011,17.50570
09-12-2011,17.73610
08-12-2011,17.95970
07-12-2011,18.13700
05-12-2011,18.14250
02-12-2011,18.07230
01-12-2011,17.97820
30-11-2011,17.54420
29-11-2011,17.53590
28-11-2011,17.42260
25-11-2011,17.08840
24-11-2011,17.09940
23-11-2011,17.02100
22-11-2011,17.34710
21-11-2011,17.28310
18-11-2011,17.48680
17-11-2011,17.60800
16-11-2011,17.80800
15-11-2011,18.00260
14-11-2011,18.19610
11-11-2011,18.26420
09-11-2011,18.62730
08-11-2011,18.76010
04-11-2011,18.81390
03-11-2011,18.60760
02-11-2011,18.50190
01-11-2011,18.48040
31-10-2011,18.74500
28-10-2011,19.00560
25-10-2011,18.22390
24-10-2011,17.98740
21-10-2011,17.71400
20-10-2011,17.76570
19-10-2011,17.93350
18-10-2011,17.74470
17-10-2011,18.04350
14-10-2011,17.97450
13-10-2011,18.03520
12-10-2011,17.91490
11-10-2011,17.67810
10-10-2011,17.44480
07-10-2011,17.30090
05-10-2011,16.88450
04-10-2011,16.97700
03-10-2011,17.16760
30-09-2011,17.58350
29-09-2011,17.64610
28-09-2011,17.59250
27-09-2011,17.66530
26-09-2011,17.21610
23-09-2011,17.48100
22-09-2011,17.80340
21-09-2011,18.35760
20-09-2011,18.29300
19-09-2011,18.14930
16-09-2011,18.40760
15-09-2011,18.23240
14-09-2011,18.14220
13-09-2011,18.12230
12-09-2011,18.06520
09-09-2011,18.43350
08-09-2011,18.69440
07-09-2011,18.53230
06-09-2011,18.16930
05-09-2011,18.17290
02-09-2011,18.45440
30-08-2011,18.33970
29-08-2011,18.11340
26-08-2011,17.76230
25-08-2011,18.09970
24-08-2011,18.15090
23-08-2011,18.14010
22-08-2011,18.02490
19-08-2011,17.96340
18-08-2011,18.29730
17-08-2011,18.56240
16-08-2011,18.52950
12-08-2011,18.56600
11-08-2011,18.53570
10-08-2011,18.66670
09-08-2011,18.24390
08-08-2011,18.71720
05-08-2011,19.07750
04-08-2011,19.48550
03-08-2011,19.70620
02-08-2011,19.89870
01-08-2011,20.08690
29-07-2011,20.10210
28-07-2011,20.23400
27-07-2011,20.46680
26-07-2011,20.53360
25-07-2011,20.59550
22-07-2011,20.67210
21-07-2011,20.38810
20-07-2011,20.52090
19-07-2011,20.58860
18-07-2011,20.50770
15-07-2011,20.54730
14-07-2011,20.63410
13-07-2011,20.57720
12-07-2011,20.44150
11-07-2011,20.62310
08-07-2011,20.74640
07-07-2011,20.94240
06-07-2011,20.74030
05-07-2011,20.69200
04-07-2011,20.62600
01-07-2011,20.61440
30-06-2011,20.50140
29-06-2011,20.42440
28-06-2011,20.25520
27-06-2011,20.24290
24-06-2011,20.10700
23-06-2011,19.67150
22-06-2011,19.66200
21-06-2011,19.63520
20-06-2011,19.62060
17-06-2011,19.83770
16-06-2011,19.94250
15-06-2011,20.21750
14-06-2011,20.39290
13-06-2011,20.30300
10-06-2011,20.36050
09-06-2011,20.54110
08-06-2011,20.63860
07-06-2011,20.62750
06-06-2011,20.56170
03-06-2011,20.63350
02-06-2011,20.66330
01-06-2011,20.87260
31-05-2011,20.75470
30-05-2011,20.46680
27-05-2011,20.37790
26-05-2011,20.04810
25-05-2011,19.83140
24-05-2011,19.88050
23-05-2011,19.98300
20-05-2011,20.38680
19-05-2011,20.31830
18-05-2011,20.40960
17-05-2011,20.42640
16-05-2011,20.74040
13-05-2011,20.92790
12-05-2011,20.72730
11-05-2011,21.01590
10-05-2011,20.82900
09-05-2011,20.82780
06-05-2011,20.83830
05-05-2011,20.73460
04-05-2011,20.98410
03-05-2011,21.14930
02-05-2011,21.45660
29-04-2011,21.58250
28-04-2011,21.80510
27-04-2011,21.92160
26-04-2011,21.85290
25-04-2011,21.67890
21-04-2011,21.67190
20-04-2011,21.44330
19-04-2011,21.12120
18-04-2011,21.16840
15-04-2011,21.35250
13-04-2011,21.45740
11-04-2011,21.23320
08-04-2011,21.30400
07-04-2011,21.40690
06-04-2011,21.31620
05-04-2011,21.31650
04-04-2011,21.20200
01-04-2011,20.97970
31-03-2011,20.81980
30-03-2011,20.64560
29-03-2011,20.43150
28-03-2011,20.40660
25-03-2011,20.47410
24-03-2011,20.26850
23-03-2011,20.18930
22-03-2011,20.06510
21-03-2011,19.90740
18-03-2011,19.86830
17-03-2011,19.84310
16-03-2011,20.00800
15-03-2011,19.88550
14-03-2011,20.20860
11-03-2011,20.18240
10-03-2011,20.29650
09-03-2011,20.33830
08-03-2011,20.35350
07-03-2011,20.16900
04-03-2011,20.32020
03-03-2011,20.18010
01-03-2011,20.26010
28-02-2011,19.84350
25-02-2011,19.79590
24-02-2011,19.66650
23-02-2011,20.06180
22-02-2011,20.25590
21-02-2011,20.52610
18-02-2011,20.44640
17-02-2011,20.55820
16-02-2011,20.49590
15-02-2011,20.47930
14-02-2011,20.39610
11-02-2011,19.96410
10-02-2011,19.89950
09-02-2011,20.12220
08-02-2011,20.61860
07-02-2011,20.90740
04-02-2011,21.00740
03-02-2011,21.20360
02-02-2011,20.93230
01-02-2011,20.83320
31-01-2011,21.01470
28-01-2011,21.03320
27-01-2011,21.21690
25-01-2011,21.39180
24-01-2011,21.50710
21-01-2011,21.43270
20-01-2011,21.49270
19-01-2011,21.64320
18-01-2011,21.60600
17-01-2011,21.50270
14-01-2011,21.66160
13-01-2011,21.77120
12-01-2011,21.83000
11-01-2011,21.61610
10-01-2011,21.50270
07-01-2011,21.90050
06-01-2011,22.15620
05-01-2011,22.28100
04-01-2011,22.46150
03-01-2011,22.45250
31-12-2010,22.35070
30-12-2010,22.21610
29-12-2010,22.10450
28-12-2010,21.96920
27-12-2010,22.08190
24-12-2010,22.13740
23-12-2010,22.03060
22-12-2010,22.05070
21-12-2010,21.91810
20-12-2010,21.74050
16-12-2010,21.73910
15-12-2010,21.64280
14-12-2010,21.81640
13-12-2010,21.58980
10-12-2010,21.40720
09-12-2010,21.20020
08-12-2010,21.45240
07-12-2010,21.62580
06-12-2010,21.68120
03-12-2010,21.73290
02-12-2010,21.89010
01-12-2010,21.66280
30-11-2010,21.28250
29-11-2010,21.17040
26-11-2010,20.92490
25-11-2010,21.13780
24-11-2010,21.29940
23-11-2010,21.59930
22-11-2010,21.86920
19-11-2010,21.62360
18-11-2010,21.76310
16-11-2010,21.80460
15-11-2010,22.11370
12-11-2010,22.13380
11-11-2010,22.55220
10-11-2010,22.66000
09-11-2010,22.66950
08-11-2010,22.58550
04-11-2010,22.54380
03-11-2010,22.25580
02-11-2010,22.02600
01-11-2010,21.93910
29-10-2010,21.70580
28-10-2010,21.93020
27-10-2010,22.08780
26-10-2010,22.34150
25-10-2010,22.45450
22-10-2010,22.29580
21-10-2010,22.25530
20-10-2010,21.91750
19-10-2010,21.99690
18-10-2010,22.09210
15-10-2010,22.13100
14-10-2010,22.29780
13-10-2010,22.23750
12-10-2010,21.97200
11-10-2010,22.13100
08-10-2010,21.94010
07-10-2010,22.07470
06-10-2010,22.13950
05-10-2010,21.79560
04-10-2010,21.80310
01-10-2010,21.65930
30-09-2010,21.39210
29-09-2010,21.38690
28-09-2010,21.54560
27-09-2010,21.62400
24-09-2010,21.43780
23-09-2010,21.23650
22-09-2010,21.24050
21-09-2010,21.38280
20-09-2010,21.46220
17-09-2010,21.31630
16-09-2010,21.15980
15-09-2010,21.33340
14-09-2010,21.30970
13-09-2010,21.29960
09-09-2010,20.96630
08-09-2010,20.67830
07-09-2010,20.55740
06-09-2010,20.46000
03-09-2010,20.09860
02-09-2010,19.89840
01-09-2010,19.73210
31-08-2010,19.47580
30-08-2010,19.55660
27-08-2010,19.38340
26-08-2010,19.44110
25-08-2010,19.41830
24-08-2010,19.60140
23-08-2010,19.81670
20-08-2010,19.70440
19-08-2010,19.81140
18-08-2010,19.71090
17-08-2010,19.43280
16-08-2010,19.33690
13-08-2010,19.26690
12-08-2010,19.17440
11-08-2010,19.25550
10-08-2010,19.21340
09-08-2010,19.32170
06-08-2010,19.12640
05-08-2010,19.05750
04-08-2010,19.18750
03-08-2010,19.23900
02-08-2010,19.20400
30-07-2010,18.92540
29-07-2010,18.90950
28-07-2010,18.92660
27-07-2010,18.87530
26-07-2010,18.81960
23-07-2010,18.80620
22-07-2010,18.75370
21-07-2010,18.71110
20-07-2010,18.52670
19-07-2010,18.48930
16-07-2010,18.53440
15-07-2010,18.46940
14-07-2010,18.49590
13-07-2010,18.57700
12-07-2010,18.55760
09-07-2010,18.52990
08-07-2010,18.38190
07-07-2010,18.16920
06-07-2010,18.18210
05-07-2010,18.03600
02-07-2010,18.02620
01-07-2010,18.06640
30-06-2010,18.21340
29-06-2010,18.17720
28-06-2010,18.29910
25-06-2010,18.11750
24-06-2010,18.15730
23-06-2010,18.09610
22-06-2010,18.01910
21-06-2010,18.11940
18-06-2010,17.81850
17-06-2010,17.88610
16-06-2010,17.85450
15-06-2010,17.85440
14-06-2010,17.80070
11-06-2010,17.63170
10-06-2010,17.49370
09-06-2010,17.34790
08-06-2010,17.24670
07-06-2010,17.38390
04-06-2010,17.73760
03-06-2010,17.70540
02-06-2010,17.37090
01-06-2010,17.31180
31-05-2010,17.57050
28-05-2010,17.45470
27-05-2010,17.34470
26-05-2010,17.00350
25-05-2010,16.77250
24-05-2010,17.18470
21-05-2010,17.23990
20-05-2010,17.49800
19-05-2010,17.47880
18-05-2010,17.85660
17-05-2010,17.82330
14-05-2010,17.97990
13-05-2010,18.16050
12-05-2010,17.98390
11-05-2010,18.01670
10-05-2010,18.12400
07-05-2010,17.68810
06-05-2010,18.01090
05-05-2010,18.09630
04-05-2010,18.20530
03-05-2010,18.53090
30-04-2010,18.67940
29-04-2010,18.56300
28-04-2010,18.50460
27-04-2010,18.86440
26-04-2010,18.88780
23-04-2010,18.74650
22-04-2010,18.64570
21-04-2010,18.62800
20-04-2010,18.49020
19-04-2010,18.35510
16-04-2010,18.58190
15-04-2010,18.67590
13-04-2010,18.69160
12-04-2010,18.74770
09-04-2010,18.68200
08-04-2010,18.66180
07-04-2010,18.87150
06-04-2010,18.75070
05-04-2010,18.71100
01-04-2010,18.58280
31-03-2010,18.50210
30-03-2010,18.41950
29-03-2010,18.33940
26-03-2010,18.24190
25-03-2010,18.10760
23-03-2010,18.13160
22-03-2010,18.14380
19-03-2010,18.26060
18-03-2010,18.27680
17-03-2010,18.28180
16-03-2010,18.15460
15-03-2010,17.95530
12-03-2010,18.01180
11-03-2010,18.01630
10-03-2010,18.02390
09-03-2010,18.04830
08-03-2010,18.16510
05-03-2010,17.97010
04-03-2010,17.87750
03-03-2010,17.77700
02-03-2010,17.53890
26-02-2010,17.24120
25-02-2010,16.97570
24-02-2010,16.97220
23-02-2010,17.05160
22-02-2010,17.07080
19-02-2010,17.17090
18-02-2010,17.30600
17-02-2010,17.33490
16-02-2010,17.06530
15-02-2010,16.97400
11-02-2010,17.06620
10-02-2010,16.96100
09-02-2010,17.00700
08-02-2010,16.86110
05-02-2010,16.67820
04-02-2010,17.25780
03-02-2010,17.47640
02-02-2010,17.17100
01-02-2010,17.24530
29-01-2010,17.04830
28-01-2010,17.07650
27-01-2010,17.09920
25-01-2010,17.71340
22-01-2010,17.81930
21-01-2010,18.09650
20-01-2010,18.40720
19-01-2010,18.41880
18-01-2010,18.59650
15-01-2010,18.49480
14-01-2010,18.50540
13-01-2010,18.38260
12-01-2010,18.33900
11-01-2010,18.61350
08-01-2010,18.51860
07-01-2010,18.60530
06-01-2010,18.67790
05-01-2010,18.51860
04-01-2010,18.22260
31-12-2009,18.00640
30-12-2009,18.02120
29-12-2009,17.97190
24-12-2009,17.91200
23-12-2009,17.75300
22-12-2009,17.44560
21-12-2009,17.23950
18-12-2009,17.33760
17-12-2009,17.57270
16-12-2009,17.45360
15-12-2009,17.42020
14-12-2009,17.54300
11-12-2009,17.45520
10-12-2009,17.50580
09-12-2009,17.49420
08-12-2009,17.72870
07-12-2009,17.59000
04-12-2009,17.64770
03-12-2009,17.66270
02-12-2009,17.49850
01-12-2009,17.33610
30-11-2009,17.03440
27-11-2009,16.65700
26-11-2009,16.89580
25-11-2009,17.00560
24-11-2009,16.96770
23-11-2009,16.86400
20-11-2009,16.80680
19-11-2009,16.71590
18-11-2009,16.85120
17-11-2009,16.78440
16-11-2009,16.76800
13-11-2009,16.56500
12-11-2009,16.50790
11-11-2009,16.59420
10-11-2009,16.23620
09-11-2009,16.22930
06-11-2009,16.06080
05-11-2009,15.76600
04-11-2009,15.64620
03-11-2009,15.39730
30-10-2009,15.77450
29-10-2009,15.67180
28-10-2009,15.96510
27-10-2009,16.07440
26-10-2009,16.48160
23-10-2009,16.62200
22-10-2009,16.59370
21-10-2009,16.73960
20-10-2009,16.90390
16-10-2009,16.88690
15-10-2009,16.75650
14-10-2009,16.58100
12-10-2009,16.33020
09-10-2009,16.15840
08-10-2009,16.14670
07-10-2009,16.09440
06-10-2009,15.98080
05-10-2009,15.95780
01-10-2009,16.33710
30-09-2009,16.36060
29-09-2009,16.31700
25-09-2009,16.12700
24-09-2009,16.19080
23-09-2009,16.26900
22-09-2009,16.33830
18-09-2009,16.42940
17-09-2009,16.35040
16-09-2009,16.28570
15-09-2009,15.99420
14-09-2009,15.75830
11-09-2009,15.82830
10-09-2009,15.77160
09-09-2009,15.56270
08-09-2009,15.54970
07-09-2009,15.45450
04-09-2009,15.20520
03-09-2009,15.02440
02-09-2009,14.99270
01-09-2009,15.03720
31-08-2009,15.14590
28-08-2009,15.28000
26-08-2009,15.26700
25-08-2009,15.15100
24-08-2009,15.16450
21-08-2009,14.85130
20-08-2009,14.73370
19-08-2009,14.58350
18-08-2009,14.79790
17-08-2009,14.73030
14-08-2009,15.25790
13-08-2009,15.23680
12-08-2009,14.88870
11-08-2009,15.05710
10-08-2009,14.97100
07-08-2009,15.01010
06-08-2009,15.21190
05-08-2009,15.35400
04-08-2009,15.25630
03-08-2009,15.38470
31-07-2009,15.19500
30-07-2009,14.86830
29-07-2009,14.79570
28-07-2009,14.95140
27-07-2009,14.75340
24-07-2009,14.68080
23-07-2009,14.50330
22-07-2009,14.31880
21-07-2009,14.33950
20-07-2009,14.22440
17-07-2009,13.89590
16-07-2009,13.66670
15-07-2009,13.60830
14-07-2009,13.22180
13-07-2009,12.84960
10-07-2009,13.05560
09-07-2009,13.17030
08-07-2009,13.10770
07-07-2009,13.39750
06-07-2009,13.35960
03-07-2009,13.80130
02-07-2009,13.73510
01-07-2009,13.57900
30-06-2009,13.45420
29-06-2009,13.61090
26-06-2009,13.53450
25-06-2009,13.37510
24-06-2009,13.38530
23-06-2009,13.14480
22-06-2009,13.33550
19-06-2009,13.33710
18-06-2009,13.23450
17-06-2009,13.52630
16-06-2009,13.85680
15-06-2009,13.85330
12-06-2009,14.09880
11-06-2009,14.14900
10-06-2009,13.99600
09-06-2009,13.77440
08-06-2009,13.60300
05-06-2009,13.97640
04-06-2009,13.96910
03-06-2009,14.02290
02-06-2009,14.00610
01-06-2009,13.78470
29-05-2009,13.60120
28-05-2009,13.36240
27-05-2009,13.23610
26-05-2009,12.85500
25-05-2009,13.19110
22-05-2009,13.13850
21-05-2009,13.27250
20-05-2009,13.15670
19-05-2009,12.83230
15-05-2009,11.61070
14-05-2009,11.41570
13-05-2009,11.58260
12-05-2009,11.54380
11-05-2009,11.43100
08-05-2009,11.50780
07-05-2009,11.50630
06-05-2009,11.33740
05-05-2009,11.36290
04-05-2009,11.17630
29-04-2009,10.47770
28-04-2009,10.28050
27-04-2009,10.57770
24-04-2009,10.65540
23-04-2009,10.48550
22-04-2009,10.33170
21-04-2009,10.32950
20-04-2009,10.38840
17-04-2009,10.33780
16-04-2009,10.32910
15-04-2009,10.54830
13-04-2009,10.31060
09-04-2009,10.09530
08-04-2009,9.88170
06-04-2009,9.91150
02-04-2009,9.66780
01-04-2009,9.21280
31-03-2009,9.08960
30-03-2009,9.03380
27-03-2009,9.42500
26-03-2009,9.30320
25-03-2009,9.01830
24-03-2009,8.91070
23-03-2009,8.87080
20-03-2009,8.48710
19-03-2009,8.44340
18-03-2009,8.44840
17-03-2009,8.32480
16-03-2009,8.31140
13-03-2009,8.11860
12-03-2009,7.86250
09-03-2009,7.57900
06-03-2009,7.62810
05-03-2009,7.64740
04-03-2009,7.73530
03-03-2009,7.60330
02-03-2009,7.72230
27-02-2009,7.96110
26-02-2009,7.95010
25-02-2009,7.94170
24-02-2009,7.84630
20-02-2009,7.95140
19-02-2009,8.14380
18-02-2009,8.17080
17-02-2009,8.28480
16-02-2009,8.51150
13-02-2009,8.70790
12-02-2009,8.61900
11-02-2009,8.70470
10-02-2009,8.79860
09-02-2009,8.79600
06-02-2009,8.63660
05-02-2009,8.40650
04-02-2009,8.40810
03-02-2009,8.34480
02-02-2009,8.31540
30-01-2009,8.51210
29-01-2009,8.40450
28-01-2009,8.45200
27-01-2009,8.16090
23-01-2009,8.04000
22-01-2009,8.18980
21-01-2009,8.15560
20-01-2009,8.36580
19-01-2009,8.58000
16-01-2009,8.48620
15-01-2009,8.29180
14-01-2009,8.64710
13-01-2009,8.48160
12-01-2009,8.56550
09-01-2009,8.79710
07-01-2009,9.07440
06-01-2009,9.39340
05-01-2009,9.31890
02-01-2009,9.05890
01-01-2009,8.99270
31-12-2008,8.81710
30-12-2008,8.81880
29-12-2008,8.66250
26-12-2008,8.47920
24-12-2008,8.59830
23-12-2008,8.67990
22-12-2008,8.85020
19-12-2008,8.95900
18-12-2008,8.97080
17-12-2008,8.79760
16-12-2008,8.91630
15-12-2008,8.77140
12-12-2008,8.48840
11-12-2008,8.54060
10-12-2008,8.45250
08-12-2008,8.08780
05-12-2008,7.93110
04-12-2008,8.01970
03-12-2008,7.84080
02-12-2008,7.81840
01-12-2008,7.95380
28-11-2008,8.08960
26-11-2008,7.93810
25-11-2008,7.80310
24-11-2008,7.70540
21-11-2008,7.81790
20-11-2008,7.68630
19-11-2008,7.94060
18-11-2008,8.04250
17-11-2008,8.31380
14-11-2008,8.45920
12-11-2008,8.59310
11-11-2008,8.80930
10-11-2008,9.19960
07-11-2008,8.82740
06-11-2008,8.71880
05-11-2008,9.14750
04-11-2008,9.34960
03-11-2008,9.16780
31-10-2008,8.83300
29-10-2008,8.21090
27-10-2008,7.61260
24-10-2008,7.85140
23-10-2008,8.55700
22-10-2008,9.08370
21-10-2008,9.61200
20-10-2008,9.50290
17-10-2008,9.42510
16-10-2008,9.78250
15-10-2008,10.30690
14-10-2008,10.67680
13-10-2008,10.40710
10-10-2008,10.01890
08-10-2008,10.70950
07-10-2008,11.19850
06-10-2008,11.40230
03-10-2008,11.91220
01-10-2008,12.25390
30-09-2008,12.06190
29-09-2008,12.22170
26-09-2008,12.59260
25-09-2008,12.86430
24-09-2008,13.03810
23-09-2008,13.02070
22-09-2008,13.15900
19-09-2008,13.07880
18-09-2008,12.55250
17-09-2008,12.89000
16-09-2008,13.02570
15-09-2008,13.25470
12-09-2008,13.58140
11-09-2008,13.66100
10-09-2008,13.95480
09-09-2008,14.23470
08-09-2008,14.30010
05-09-2008,13.96900
04-09-2008,14.22390
02-09-2008,14.36790
01-09-2008,14.19280
29-08-2008,14.34790
28-08-2008,14.05120
27-08-2008,14.14230
26-08-2008,14.16090
25-08-2008,14.21180
22-08-2008,14.21060
21-08-2008,14.16010
20-08-2008,14.41140
19-08-2008,14.31960
18-08-2008,14.40960
14-08-2008,14.57920
13-08-2008,14.64020
12-08-2008,14.68420
11-08-2008,14.86640
08-08-2008,14.73150
07-08-2008,14.62560
06-08-2008,14.59000
05-08-2008,14.58410
04-08-2008,14.54230
01-08-2008,14.48010
31-07-2008,14.36790
30-07-2008,14.22210
29-07-2008,13.95130
28-07-2008,14.27720
25-07-2008,14.25060
24-07-2008,14.51550
23-07-2008,14.51580
22-07-2008,14.02030
21-07-2008,13.82620
18-07-2008,13.69360
17-07-2008,13.49800
16-07-2008,13.32320
15-07-2008,13.49830
14-07-2008,13.92690
11-07-2008,13.93860
10-07-2008,14.05550
09-07-2008,13.98640
08-07-2008,13.64650
07-07-2008,13.82860
04-07-2008,13.70310
03-07-2008,13.65530
02-07-2008,14.07020
01-07-2008,13.71190
30-06-2008,14.04860
27-06-2008,14.20840
26-06-2008,14.63340
25-06-2008,14.48980
24-06-2008,14.44460
23-06-2008,14.68930
20-06-2008,15.07630
19-06-2008,15.36480
18-06-2008,15.55560
17-06-2008,15.65730
16-06-2008,15.44800
13-06-2008,15.35320
12-06-2008,15.38730
11-06-2008,15.40150
10-06-2008,15.30950
09-06-2008,15.48700
06-06-2008,15.78790
05-06-2008,15.82420
04-06-2008,15.64950
03-06-2008,15.91390
02-06-2008,16.07350
30-05-2008,16.37070
29-05-2008,16.33400
28-05-2008,16.39010
27-05-2008,16.20040
26-05-2008,16.13280
23-05-2008,16.41040
21-05-2008,16.71510
20-05-2008,16.77330
16-05-2008,16.78420
15-05-2008,16.46000
14-05-2008,16.18120
13-05-2008,15.99150
12-05-2008,16.03070
09-05-2008,15.90960
08-05-2008,16.01420
07-05-2008,16.10770
06-05-2008,16.16790
05-05-2008,16.18370
02-05-2008,16.18470
30-04-2008,15.95900
29-04-2008,15.97160
28-04-2008,15.83710
25-04-2008,15.80640
24-04-2008,15.67060
23-04-2008,15.70330
22-04-2008,15.70120
21-04-2008,15.63020
17-04-2008,15.30060
16-04-2008,15.03340
15-04-2008,14.94260
11-04-2008,14.98250
10-04-2008,14.89540
09-04-2008,14.93290
08-04-2008,14.86100
07-04-2008,14.91000
04-04-2008,14.65860
03-04-2008,14.76130
02-04-2008,14.67440
01-04-2008,14.48060
31-03-2008,14.54740
28-03-2008,14.86160
27-03-2008,14.66310
26-03-2008,14.65900
25-03-2008,14.64930
24-03-2008,14.01180
19-03-2008,14.19330
18-03-2008,14.07500
17-03-2008,14.17320
14-03-2008,14.84810
13-03-2008,14.76050
12-03-2008,15.42970
11-03-2008,15.36020
10-03-2008,15.21810
07-03-2008,15.26960
05-03-2008,15.59180
04-03-2008,15.59030
03-03-2008,15.62840
29-02-2008,16.22380
28-02-2008,16.25860
27-02-2008,16.14920
26-02-2008,16.04800
25-02-2008,15.94080
22-02-2008,15.82480
21-02-2008,15.86960
20-02-2008,15.69580
19-02-2008,15.93620
18-02-2008,15.81300
15-02-2008,15.77970
14-02-2008,15.60010
13-02-2008,15.02720
12-02-2008,14.81490
11-02-2008,14.83290
08-02-2008,15.28780
07-02-2008,15.42210
06-02-2008,15.70880
05-02-2008,16.11270
04-02-2008,16.09740
01-02-2008,15.62650
31-01-2008,15.26840
30-01-2008,15.42520
29-01-2008,15.62210
28-01-2008,15.55210
25-01-2008,15.79700
24-01-2008,14.99060
23-01-2008,15.29690
22-01-2008,14.49780
21-01-2008,15.44570
18-01-2008,16.67360
17-01-2008,17.13360
16-01-2008,17.15740
15-01-2008,17.54480
14-01-2008,17.76670
11-01-2008,17.81200
10-01-2008,17.81150
09-01-2008,18.12970
08-01-2008,18.22170
07-01-2008,18.48980
04-01-2008,18.67830
03-01-2008,18.58540
02-01-2008,18.71890
01-01-2008,18.63220
31-12-2007,18.54270
28-12-2007,18.34380
27-12-2007,18.18760
26-12-2007,18.04180
24-12-2007,17.82770
20-12-2007,17.34280
19-12-2007,17.30890
18-12-2007,17.33180
17-12-2007,17.45710
14-12-2007,18.14150
13-12-2007,18.21060
12-12-2007,18.35160
11-12-2007,18.23230
10-12-2007,17.90800
07-12-2007,17.72950
06-12-2007,17.72930
05-12-2007,17.64340
04-12-2007,17.36690
03-12-2007,17.20880
30-11-2007,17.11050
28-11-2007,16.66540
27-11-2007,16.90540
26-11-2007,16.98770
23-11-2007,16.62730
22-11-2007,16.52880
21-11-2007,16.66950
20-11-2007,17.20730
19-11-2007,17.51100
16-11-2007,17.43320
15-11-2007,17.46360
14-11-2007,17.40570
13-11-2007,16.88450
12-11-2007,16.90720
08-11-2007,17.09760
07-11-2007,17.31290
06-11-2007,17.33040
05-11-2007,17.35470
02-11-2007,17.49610
01-11-2007,17.45350
31-10-2007,17.50450
30-10-2007,17.40360
29-10-2007,17.49040
26-10-2007,17.11420
25-10-2007,16.92300
24-10-2007,16.54870
23-10-2007,16.45100
22-10-2007,15.78190
19-10-2007,15.99330
18-10-2007,16.32870
17-10-2007,16.61400
16-10-2007,16.85240
15-10-2007,16.84870
12-10-2007,16.16760
11-10-2007,16.26720
10-10-2007,16.08320
09-10-2007,15.84230
08-10-2007,15.41680
05-10-2007,15.72240
04-10-2007,15.82780
03-10-2007,15.95880
01-10-2007,15.75910
28-09-2007,15.57810
27-09-2007,15.30220
26-09-2007,15.14600
25-09-2007,15.07380
24-09-2007,15.07910
21-09-2007,14.91080
20-09-2007,14.79860
19-09-2007,14.74370
18-09-2007,14.28870
17-09-2007,14.17300
14-09-2007,14.15970
13-09-2007,14.17480
12-09-2007,14.13850
11-09-2007,14.10120
10-09-2007,14.07930
07-09-2007,14.13920
06-09-2007,14.13800
05-09-2007,14.09230
04-09-2007,14.03690
03-09-2007,14.04400
31-08-2007,13.96430
30-08-2007,13.81290
29-08-2007,13.63300
28-08-2007,13.53740
27-08-2007,13.49180
24-08-2007,13.16750
23-08-2007,12.96360
22-08-2007,12.91900
21-08-2007,12.79140
20-08-2007,13.12980
17-08-2007,12.75870
16-08-2007,13.04340
14-08-2007,13.73600
13-08-2007,13.75760
10-08-2007,13.69090
09-08-2007,13.97470
08-08-2007,14.07540
07-08-2007,13.79060
06-08-2007,13.73030
03-08-2007,13.94300
02-08-2007,13.77340
01-08-2007,13.74900
31-07-2007,14.30950
30-07-2007,14.12810
27-07-2007,14.09220
26-07-2007,14.61880
25-07-2007,14.65500
24-07-2007,14.76320
23-07-2007,14.69310
20-07-2007,14.56800
19-07-2007,14.54090
18-07-2007,14.34980
17-07-2007,14.32050
16-07-2007,14.40920
13-07-2007,14.32670
12-07-2007,14.07280
11-07-2007,13.89740
10-07-2007,13.92580
09-07-2007,13.92480
06-07-2007,13.74500
05-07-2007,13.73680
04-07-2007,13.72350
03-07-2007,13.65450
02-07-2007,13.48590
29-06-2007,13.47330
28-06-2007,13.48050
27-06-2007,13.42270
26-06-2007,13.51950
25-06-2007,13.43460
22-06-2007,13.40290
21-06-2007,13.39810
20-06-2007,13.40840
19-06-2007,13.31820
18-06-2007,13.19360
15-06-2007,13.18090
14-06-2007,13.14870
13-06-2007,12.88560
12-06-2007,12.97680
11-06-2007,13.00970
08-06-2007,12.98550
07-06-2007,13.07600
06-06-2007,13.05630
05-06-2007,13.25080
04-06-2007,13.25160
01-06-2007,13.29900
31-05-2007,13.22510
30-05-2007,13.15040
29-05-2007,13.26660
28-05-2007,13.21450
25-05-2007,13.14290
24-05-2007,13.12100
23-05-2007,13.20710
22-05-2007,13.28810
21-05-2007,13.24580
18-05-2007,13.09790
17-05-2007,13.12440
16-05-2007,13.01610
15-05-2007,12.87130
14-05-2007,12.91840
11-05-2007,12.78660
10-05-2007,12.86010
09-05-2007,12.80740
08-05-2007,12.79000
07-05-2007,12.82020
04-05-2007,12.86340
03-05-2007,12.84470
30-04-2007,12.64720
27-04-2007,12.61910
26-04-2007,12.78960
25-04-2007,12.77760
24-04-2007,12.68670
23-04-2007,12.63590
20-04-2007,12.55560
18-04-2007,12.33790
17-04-2007,12.26480
16-04-2007,12.34320
13-04-2007,12.15910
12-04-2007,12.02490
11-04-2007,12.15390
10-04-2007,12.05220
09-04-2007,12.04020
05-04-2007,11.82540
04-04-2007,11.69870
03-04-2007,11.65400
02-04-2007,11.51990
30-03-2007,11.87000
29-03-2007,11.76000
28-03-2007,11.66000
26-03-2007,11.78000
23-03-2007,11.83000
22-03-2007,11.88000
21-03-2007,11.61000
20-03-2007,11.48000
19-03-2007,11.37000
16-03-2007,11.22000
15-03-2007,11.28000
14-03-2007,11.19000
13-03-2007,11.49000
12-03-2007,11.39000
09-03-2007,11.35000
08-03-2007,11.46000
07-03-2007,11.20000
06-03-2007,11.25000
05-03-2007,11.14000
02-03-2007,11.56000
01-03-2007,11.69000
28-02-2007,11.64000
27-02-2007,12.10000
26-02-2007,12.19000
23-02-2007,12.13000
22-02-2007,12.32000
21-02-2007,12.43000
20-02-2007,12.47000
19-02-2007,12.59000
15-02-2007,12.57000
14-02-2007,12.33000
13-02-2007,12.29000
12-02-2007,12.32000
09-02-2007,12.63000
08-02-2007,12.74000
07-02-2007,12.71000
06-02-2007,12.67000
05-02-2007,12.66000
02-02-2007,12.58000
01-02-2007,12.52000
31-01-2007,12.33000
29-01-2007,12.48000
25-01-2007,12.46000
24-01-2007,12.22000
23-01-2007,12.03000
22-01-2007,12.14000
19-01-2007,12.11000
18-01-2007,12.18000
17-01-2007,12.10000
16-01-2007,12.09000
15-01-2007,12.11000
12-01-2007,12.01000
11-01-2007,11.79000
10-01-2007,11.64000
09-01-2007,11.85000
08-01-2007,11.82000
05-01-2007,11.92000
04-01-2007,11.90000
03-01-2007,12.01000
02-01-2007,11.95000
29-12-2006,11.82000
28-12-2006,11.83000
27-12-2006,11.76000
26-12-2006,11.69000
22-12-2006,11.60000
21-12-2006,11.47000
20-12-2006,11.43000
19-12-2006,11.42000
18-12-2006,11.60000
15-12-2006,11.50000
14-12-2006,11.33000
13-12-2006,11.13000
12-12-2006,11.01000
11-12-2006,11.37000
08-12-2006,11.59000
07-12-2006,11.70000
06-12-2006,11.67000
05-12-2006,11.61000
04-12-2006,11.56000
01-12-2006,11.59000
30-11-2006,11.55000
29-11-2006,11.52000
28-11-2006,11.45000
27-11-2006,11.57000
24-11-2006,11.50000
23-11-2006,11.47000
22-11-2006,11.48000
21-11-2006,11.33000
20-11-2006,11.19000
17-11-2006,11.26000
16-11-2006,11.38000
15-11-2006,11.39000
14-11-2006,11.33000
13-11-2006,11.31000
10-11-2006,11.27000
09-11-2006,11.20000
08-11-2006,11.11000
07-11-2006,11.20000
06-11-2006,11.20000
03-11-2006,11.17000
02-11-2006,11.16000
01-11-2006,11.13000
31-10-2006,11.04000
30-10-2006,11.10000
27-10-2006,11.08000
26-10-2006,10.91000
23-10-2006,10.78000
20-10-2006,10.83000
19-10-2006,10.82000
18-10-2006,10.88000
17-10-2006,10.81000
16-10-2006,10.81000
13-10-2006,10.72000
12-10-2006,10.61000
11-10-2006,10.48000
10-10-2006,10.60000
09-10-2006,10.60000
06-10-2006,10.62000
05-10-2006,10.60000
04-10-2006,10.44000
03-10-2006,10.58000
29-09-2006,10.56000
28-09-2006,10.52000
27-09-2006,10.50000
26-09-2006,10.45000
25-09-2006,10.39000
22-09-2006,10.41000
21-09-2006,10.44000
20-09-2006,10.34000
19-09-2006,10.24000
18-09-2006,10.28000
15-09-2006,10.23000
14-09-2006,10.21000
13-09-2006,10.15000
12-09-2006,10.04000
11-09-2006,9.98000
08-09-2006,10.20000
07-09-2006,10.14000
06-09-2006,10.18000
05-09-2006,10.17000
04-09-2006,10.12000
01-09-2006,10.05000
31-08-2006,10.01000
30-08-2006,10.09000
29-08-2006,10.11000
28-08-2006,10.07000
25-08-2006,10.03000
24-08-2006,9.96000
23-08-2006,9.90000
22-08-2006,9.95000
21-08-2006,9.93000
18-08-2006,9.90000
17-08-2006,9.92000
16-08-2006,9.96000
14-08-2006,9.86000
11-08-2006,9.81000
10-08-2006,9.79000
09-08-2006,9.76000
08-08-2006,9.64000
07-08-2006,9.52000
04-08-2006,9.54000
03-08-2006,9.58000
02-08-2006,9.57000
01-08-2006,9.49000
31-07-2006,9.51000
28-07-2006,9.49000
27-07-2006,9.48000
26-07-2006,9.43000
25-07-2006,9.29000
24-07-2006,9.10000
21-07-2006,9.08000
20-07-2006,9.23000
19-07-2006,9.04000
18-07-2006,9.16000
17-07-2006,9.22000
14-07-2006,9.46000
13-07-2006,9.56000
12-07-2006,9.54000
11-07-2006,9.43000
10-07-2006,9.50000
07-07-2006,9.41000
06-07-2006,9.53000
05-07-2006,9.62000
04-07-2006,9.50000
03-07-2006,9.52000
30-06-2006,9.52000
29-06-2006,9.22000
28-06-2006,9.21000
27-06-2006,9.29000
26-06-2006,9.24000
23-06-2006,9.50000
22-06-2006,9.38000
21-06-2006,9.19000
20-06-2006,9.07170
19-06-2006,9.12000
16-06-2006,9.04200
15-06-2006,8.84000
14-06-2006,8.50000
13-06-2006,8.57000
12-06-2006,8.80000
09-06-2006,9.05000
08-06-2006,8.70000
07-06-2006,9.01000
06-06-2006,9.27000
05-06-2006,9.42000
02-06-2006,9.53000
01-06-2006,9.36000
31-05-2006,9.54000
30-05-2006,9.78000
29-05-2006,9.84000
26-05-2006,9.84000
25-05-2006,9.69000
24-05-2006,9.62000
23-05-2006,9.73000
22-05-2006,9.53000
19-05-2006,9.75000
