date,nav
29-09-2026,584.41400
28-09-2026,588.87800
25-09-2026,598.31700
24-09-2026,597.51800
23-09-2026,607.82100
22-09-2026,605.51500
21-09-2026,607.38900
18-09-2026,607.80800
17-09-2026,602.21900
16-09-2026,598.70300
15-09-2026,595.19400
11-09-2026,604.03700
10-09-2026,605.99500
09-09-2026,605.36200
08-09-2026,610.15800
07-09-2026,614.51600
04-09-2026,617.51800
03-09-2026,618.68600
02-09-2026,617.86400
01-09-2026,622.50900
31-08-2026,626.37400
28-08-2026,625.41500
27-08-2026,624.41400
26-08-2026,626.38600
25-08-2026,626.19700
24-08-2026,624.89000
21-08-2026,626.47000
20-08-2026,625.85600
19-08-2026,622.63300
18-08-2026,624.51100
17-08-2026,626.04300
14-08-2026,625.85400
13-08-2026,626.97900
12-08-2026,626.96600
11-08-2026,628.10800
10-08-2026,629.72600
07-08-2026,629.94400
06-08-2026,630.95400
05-08-2026,631.83700
04-08-2026,630.64600
03-08-2026,635.14200
31-07-2026,624.74500
30-07-2026,624.37100
29-07-2026,624.49800
28-07-2026,620.76800
27-07-2026,619.62700
24-07-2026,612.97800
23-07-2026,613.37900
22-07-2026,617.65800
21-07-2026,624.62600
20-07-2026,624.63600
17-07-2026,627.69100
16-07-2026,623.74800
15-07-2026,626.61700
14-07-2026,623.92200
13-07-2026,627.20500
10-07-2026,627.13500
09-07-2026,619.80200
08-07-2026,615.93900
07-07-2026,628.85900
06-07-2026,629.06100
03-07-2026,626.13600
02-07-2026,624.52000
01-07-2026,620.13500
30-06-2026,617.48000
29-06-2026,617.66200
25-06-2026,621.76600
24-06-2026,622.30800
23-06-2026,617.14100
22-06-2026,620.95100
19-06-2026,619.28900
18-06-2026,619.92300
17-06-2026,617.39700
16-06-2026,617.08000
15-06-2026,614.52300
12-06-2026,607.22200
11-06-2026,595.34000
10-06-2026,597.76700
09-06-2026,598.97900
08-06-2026,593.29200
05-06-2026,598.96000
04-06-2026,597.54300
03-06-2026,595.83500
02-06-2026,596.70800
01-06-2026,596.05100
29-05-2026,601.61700
27-05-2026,608.84200
26-05-2026,609.47200
25-05-2026,611.97500
22-05-2026,603.68700
21-05-2026,601.17700
20-05-2026,599.73200
19-05-2026,599.65600
18-05-2026,598.25800
15-05-2026,599.90500
14-05-2026,601.61900
13-05-2026,596.94100
12-05-2026,596.37700
11-05-2026,606.99400
08-05-2026,613.72800
07-05-2026,617.04300
06-05-2026,614.74300
05-05-2026,603.35600
04-05-2026,605.25500
30-04-2026,604.41000
29-04-2026,609.74100
28-04-2026,609.87300
27-04-2026,612.92100
24-04-2026,608.55600
23-04-2026,615.13600
22-04-2026,621.25400
21-04-2026,622.65300
20-04-2026,616.50300
17-04-2026,616.62400
16-04-2026,612.41100
15-04-2026,610.95400
13-04-2026,601.38900
10-04-2026,605.43800
09-04-2026,596.74900
08-04-2026,600.63500
07-04-2026,576.76900
06-04-2026,573.38500
02-04-2026,566.52000
01-04-2026,566.37700
31-03-2026,558.41300
30-03-2026,558.43300
27-03-2026,572.04300
25-03-2026,582.45200
24-03-2026,571.54500
23-03-2026,559.98100
20-03-2026,577.59400
19-03-2026,575.81700
18-03-2026,595.18200
17-03-2026,587.08600
16-03-2026,581.76100
13-03-2026,580.57000
12-03-2026,593.45500
11-03-2026,597.51100
10-03-2026,605.47800
09-03-2026,597.76700
06-03-2026,610.53100
05-03-2026,618.40600
04-03-2026,613.32800
02-03-2026,625.61400
27-02-2026,633.89200
26-02-2026,640.45700
25-02-2026,639.16600
24-02-2026,635.72000
23-02-2026,639.71200
20-02-2026,637.38200
19-02-2026,636.30400
18-02-2026,644.26000
17-02-2026,641.97500
16-02-2026,640.74800
13-02-2026,636.74900
12-02-2026,644.38300
11-02-2026,647.71900
10-02-2026,646.43400
09-02-2026,644.37500
06-02-2026,635.62200
05-02-2026,636.63000
04-02-2026,639.42800
03-02-2026,639.30300
02-02-2026,624.85000
30-01-2026,631.63200
29-01-2026,632.62100
28-01-2026,630.36500
27-01-2026,623.60800
23-01-2026,621.36000
22-01-2026,629.46700
21-01-2026,624.67400
20-01-2026,627.94600
19-01-2026,638.37600
16-01-2026,641.78800
14-01-2026,638.32000
13-01-2026,638.59300
12-01-2026,638.47900
09-01-2026,637.97600
08-01-2026,641.40800
07-01-2026,650.52000
06-01-2026,650.62400
05-01-2026,649.06000
02-01-2026,650.34600
01-01-2026,646.28200
31-12-2025,644.17200
30-12-2025,637.98000
29-12-2025,638.69700
26-12-2025,639.74600
24-12-2025,641.84500
23-12-2025,643.43000
22-12-2025,643.44200
19-12-2025,638.94400
18-12-2025,633.37400
17-12-2025,633.12200
16-12-2025,633.68100
15-12-2025,637.63400
12-12-2025,637.76500
11-12-2025,633.66300
10-12-2025,630.77900
09-12-2025,632.45700
08-12-2025,632.62500
05-12-2025,639.73200
04-12-2025,636.92100
03-12-2025,634.62100
02-12-2025,636.65500
01-12-2025,638.04500
28-11-2025,639.63600
27-11-2025,640.16100
26-11-2025,639.78400
25-11-2025,632.54900
24-11-2025,631.70500
21-11-2025,633.63500
20-11-2025,638.11600
19-11-2025,637.76200
18-11-2025,634.98300
17-11-2025,637.72200
14-11-2025,634.83200
13-11-2025,634.54300
12-11-2025,636.23600
11-11-2025,631.00100
10-11-2025,628.85100
07-11-2025,626.75200
06-11-2025,625.88700
04-11-2025,629.88500
03-11-2025,631.89200
31-10-2025,627.01100
30-10-2025,630.69600
29-10-2025,633.70700
28-10-2025,630.26800
27-10-2025,630.73900
24-10-2025,626.41900
23-10-2025,629.06600
20-10-2025,625.88800
17-10-2025,622.09500
16-10-2025,623.48400
15-10-2025,619.93300
14-10-2025,614.55400
13-10-2025,618.99600
10-10-2025,620.21400
09-10-2025,618.81500
08-10-2025,616.61400
07-10-2025,619.53900
06-10-2025,619.97500
03-10-2025,615.61700
01-10-2025,612.43900
30-09-2025,608.02400
26-09-2025,603.61900
25-09-2025,611.82700
24-09-2025,615.63700
23-09-2025,619.94400
22-09-2025,619.43700
19-09-2025,624.17200
18-09-2025,624.59600
17-09-2025,622.23100
16-09-2025,620.24800
15-09-2025,616.53800
12-09-2025,616.09500
11-09-2025,613.84400
10-09-2025,612.86400
09-09-2025,608.35100
08-09-2025,605.65200
05-09-2025,603.40500
04-09-2025,604.04200
03-09-2025,606.28200
02-09-2025,604.42400
01-09-2025,605.32000
29-08-2025,598.00800
28-08-2025,599.98400
26-08-2025,605.85900
25-08-2025,612.93500
22-08-2025,611.95900
21-08-2025,615.52200
20-08-2025,614.83100
19-08-2025,612.62200
18-08-2025,608.46000
14-08-2025,602.84100
13-08-2025,602.85700
12-08-2025,600.27100
11-08-2025,599.59800
08-08-2025,596.42900
07-08-2025,602.19100
06-08-2025,600.96500
05-08-2025,605.48700
04-08-2025,606.45400
01-08-2025,602.71000
31-07-2025,611.03500
30-07-2025,614.04800
29-07-2025,612.60400
28-07-2025,609.61500
25-07-2025,613.14200
24-07-2025,619.10400
23-07-2025,621.65500
22-07-2025,619.73100
21-07-2025,622.31200
18-07-2025,620.42600
17-07-2025,625.45500
16-07-2025,626.63100
15-07-2025,625.92300
14-07-2025,621.95600
11-07-2025,620.81100
10-07-2025,624.43800
09-07-2025,627.42300
08-07-2025,627.32700
07-07-2025,626.43200
04-07-2025,627.19000
03-07-2025,624.15400
02-07-2025,624.47400
01-07-2025,625.67000
30-06-2025,627.74300
27-06-2025,626.71100
26-06-2025,624.58400
25-06-2025,619.72200
24-06-2025,616.01300
23-06-2025,612.20800
20-06-2025,613.62800
19-06-2025,607.30100
18-06-2025,612.12500
17-06-2025,613.10600
16-06-2025,615.79000
13-06-2025,611.53500
12-06-2025,615.22900
11-06-2025,623.80400
10-06-2025,622.36800
09-06-2025,621.87700
06-06-2025,617.15000
05-06-2025,611.34100
04-06-2025,609.79400
03-06-2025,607.74000
02-06-2025,609.45600
30-05-2025,609.03900
29-05-2025,613.15100
28-05-2025,611.59600
27-05-2025,611.23700
26-05-2025,613.19900
23-05-2025,610.42200
22-05-2025,607.15100
21-05-2025,609.19100
20-05-2025,604.93100
19-05-2025,611.49900
16-05-2025,611.07100
15-05-2025,609.51100
14-05-2025,603.78700
13-05-2025,600.47400
12-05-2025,603.16700
09-05-2025,587.38700
08-05-2025,589.21200
07-05-2025,594.36300
06-05-2025,589.59100
05-05-2025,595.69600
02-05-2025,592.18200
30-04-2025,594.23300
29-04-2025,596.51600
28-04-2025,597.06400
25-04-2025,591.64200
24-04-2025,600.28400
23-04-2025,602.28900
22-04-2025,598.66800
21-04-2025,595.65900
17-04-2025,586.03700
16-04-2025,579.55800
15-04-2025,575.97500
11-04-2025,561.49300
09-04-2025,552.29800
08-04-2025,556.00400
07-04-2025,545.44800
04-04-2025,563.69200
03-04-2025,576.61300
02-04-2025,576.98400
01-04-2025,573.40900
31-03-2025,580.32900
28-03-2025,580.39600
27-03-2025,580.93400
26-03-2025,578.50500
25-03-2025,583.58300
24-03-2025,585.59100
21-03-2025,577.85700
20-03-2025,571.06000
19-03-2025,565.68100
18-03-2025,559.83500
17-03-2025,549.78400
13-03-2025,545.54900
12-03-2025,549.01400
11-03-2025,550.10400
10-03-2025,548.47500
07-03-2025,551.74200
06-03-2025,553.25700
05-03-2025,548.27100
04-03-2025,536.96100
03-03-2025,535.70100
28-02-2025,535.99100
27-02-2025,544.85000
25-02-2025,548.63200
24-02-2025,551.10800
21-02-2025,556.13600
20-02-2025,560.25500
19-02-2025,554.48100
18-02-2025,551.04400
17-02-2025,551.37600
14-02-2025,550.17400
13-02-2025,558.77800
12-02-2025,558.18000
11-02-2025,558.38200
10-02-2025,569.65900
07-02-2025,577.34800
06-02-2025,576.84000
05-02-2025,579.12200
04-02-2025,576.81500
03-02-2025,567.14400
31-01-2025,574.57500
30-01-2025,568.17100
29-01-2025,566.64100
28-01-2025,557.54800
27-01-2025,557.07100
24-01-2025,568.34800
23-01-2025,575.57300
22-01-2025,571.45100
21-01-2025,574.82800
20-01-2025,582.76600
17-01-2025,579.43400
16-01-2025,582.13400
15-01-2025,577.34400
14-01-2025,576.67600
13-01-2025,569.42300
10-01-2025,584.01200
09-01-2025,591.85400
08-01-2025,596.69800
07-01-2025,599.72100
06-01-2025,597.05200
03-01-2025,609.19600
02-01-2025,611.58600
01-01-2025,603.40700
31-12-2024,601.47100
30-12-2024,600.09100
27-12-2024,600.22100
26-12-2024,599.74600
24-12-2024,598.74000
23-12-2024,598.26700
20-12-2024,596.44800
19-12-2024,607.04700
18-12-2024,609.66900
17-12-2024,614.55500
16-12-2024,622.19500
13-12-2024,621.94000
12-12-2024,621.16100
11-12-2024,625.19200
10-12-2024,624.61300
09-12-2024,621.67700
06-12-2024,622.70400
05-12-2024,621.75300
04-12-2024,618.39700
03-12-2024,615.39400
02-12-2024,609.56700
29-11-2024,607.97800
28-11-2024,603.41000
27-11-2024,607.06200
26-11-2024,605.27000
25-11-2024,606.86400
22-11-2024,597.08300
21-11-2024,587.41300
19-11-2024,590.48100
18-11-2024,587.48000
14-11-2024,588.91400
13-11-2024,588.78300
12-11-2024,598.70400
11-11-2024,604.70300
08-11-2024,606.38200
07-11-2024,611.43600
06-11-2024,616.46600
05-11-2024,609.02500
04-11-2024,603.64200
31-10-2024,607.42800
30-10-2024,607.14900
29-10-2024,610.82500
28-10-2024,604.59400
25-10-2024,601.12800
24-10-2024,609.78900
23-10-2024,610.14200
22-10-2024,609.75700
21-10-2024,620.23900
18-10-2024,626.81700
17-10-2024,624.21900
16-10-2024,630.97100
15-10-2024,633.63600
14-10-2024,633.30900
11-10-2024,629.42900
10-10-2024,628.70700
09-10-2024,628.54100
08-10-2024,623.79900
07-10-2024,616.89700
04-10-2024,627.15300
03-10-2024,632.02100
01-10-2024,645.78400
30-09-2024,644.36500
27-09-2024,647.60500
26-09-2024,645.25800
25-09-2024,643.01600
24-09-2024,643.76600
23-09-2024,642.94200
20-09-2024,636.81400
19-09-2024,631.46500
18-09-2024,634.46900
17-09-2024,636.07600
16-09-2024,635.95300
13-09-2024,636.35200
12-09-2024,635.33600
11-09-2024,626.89700
10-09-2024,631.49300
09-09-2024,629.63400
06-09-2024,631.06800
05-09-2024,638.82300
04-09-2024,636.54200
03-09-2024,638.02500
02-09-2024,635.33900
30-08-2024,636.32500
29-08-2024,630.84800
28-08-2024,629.78200
27-08-2024,629.17800
26-08-2024,625.69400
23-08-2024,621.56600
22-08-2024,623.25200
21-08-2024,621.15800
20-08-2024,618.45000
19-08-2024,614.03100
16-08-2024,612.67500
14-08-2024,602.50300
13-08-2024,603.91000
12-08-2024,609.44800
09-08-2024,607.94600
08-08-2024,603.47800
07-08-2024,604.79000
06-08-2024,594.74000
05-08-2024,597.91400
02-08-2024,615.90100
01-08-2024,623.33700
31-07-2024,625.61100
30-07-2024,622.97300
29-07-2024,620.87300
26-07-2024,618.40500
25-07-2024,608.40200
24-07-2024,607.68200
23-07-2024,606.32700
22-07-2024,608.43300
19-07-2024,604.59100
18-07-2024,615.49900
16-07-2024,614.90300
15-07-2024,614.19100
12-07-2024,609.48200
11-07-2024,607.99100
10-07-2024,605.47600
09-07-2024,607.75500
08-07-2024,604.68100
05-07-2024,605.09700
04-07-2024,603.85800
03-07-2024,601.76800
02-07-2024,595.40900
01-07-2024,596.98300
28-06-2024,591.06200
27-06-2024,590.81000
26-06-2024,588.38800
25-06-2024,587.58600
24-06-2024,584.16400
21-06-2024,583.68100
20-06-2024,585.45300
19-06-2024,583.46100
18-06-2024,585.66800
14-06-2024,581.50500
13-06-2024,576.45700
12-06-2024,573.01800
11-06-2024,569.16900
10-06-2024,566.71600
07-06-2024,563.44100
06-06-2024,553.99700
05-06-2024,544.57600
04-06-2024,525.89100
03-06-2024,565.57500
31-05-2024,545.85900
30-05-2024,546.30700
29-05-2024,551.10700
28-05-2024,553.88800
27-05-2024,554.85100
24-05-2024,553.42700
23-05-2024,550.82800
22-05-2024,545.38500
21-05-2024,545.40600
17-05-2024,542.12700
16-05-2024,535.89500
15-05-2024,531.14800
14-05-2024,528.49100
13-05-2024,524.92000
10-05-2024,524.36100
09-05-2024,521.00000
08-05-2024,529.74100
07-05-2024,525.74600
06-05-2024,532.13800
03-05-2024,536.93300
02-05-2024,538.87300
30-04-2024,535.10700
29-04-2024,532.05800
26-04-2024,528.25300
25-04-2024,527.50700
24-04-2024,523.26900
23-04-2024,521.20600
22-04-2024,519.86400
19-04-2024,515.02900
18-04-2024,513.05800
16-04-2024,515.08300
15-04-2024,514.81900
12-04-2024,519.85700
10-04-2024,523.49400
09-04-2024,520.23900
08-04-2024,519.89200
05-04-2024,516.10500
04-04-2024,513.55800
03-04-2024,512.61900
02-04-2024,510.63200
01-04-2024,507.41000
31-03-2024,500.35700
28-03-2024,500.42300
27-03-2024,496.42200
26-03-2024,496.66500
22-03-2024,494.65000
21-03-2024,492.09600
20-03-2024,484.42700
19-03-2024,485.11800
18-03-2024,491.02500
15-03-2024,491.78800
14-03-2024,496.91100
13-03-2024,492.37900
12-03-2024,507.26600
11-03-2024,510.76100
07-03-2024,514.48500
06-03-2024,513.44900
05-03-2024,515.01500
04-03-2024,516.28300
01-03-2024,513.62200
29-02-2024,506.70300
28-02-2024,503.35300
27-02-2024,508.61400
26-02-2024,509.95900
23-02-2024,511.05600
22-02-2024,509.99500
21-02-2024,507.39400
20-02-2024,510.56400
19-02-2024,510.00200
16-02-2024,508.23200
15-02-2024,504.58000
14-02-2024,499.14300
13-02-2024,494.43800
12-02-2024,492.48600
09-02-2024,501.43100
08-02-2024,504.15600
07-02-2024,506.47500
06-02-2024,504.93400
05-02-2024,499.54500
02-02-2024,497.46900
01-02-2024,494.30200
31-01-2024,494.82200
30-01-2024,488.91500
29-01-2024,490.85100
25-01-2024,482.97900
24-01-2024,485.44600
23-01-2024,478.21400
19-01-2024,488.66800
18-01-2024,482.53200
17-01-2024,483.42400
16-01-2024,491.40200
15-01-2024,493.17100
12-01-2024,490.29900
11-01-2024,488.28200
10-01-2024,487.26400
09-01-2024,487.66600
08-01-2024,487.04000
05-01-2024,490.85700
04-01-2024,489.17700
03-01-2024,484.94600
02-01-2024,485.79500
01-01-2024,487.91200
29-12-2023,485.64200
28-12-2023,484.26800
27-12-2023,479.49600
26-12-2023,477.58200
22-12-2023,474.29200
21-12-2023,472.01800
20-12-2023,469.34300
19-12-2023,480.63800
18-12-2023,481.02500
15-12-2023,481.13300
14-12-2023,478.89100
13-12-2023,474.29200
12-12-2023,469.94700
11-12-2023,470.20700
08-12-2023,468.55500
07-12-2023,467.82100
06-12-2023,466.87900
05-12-2023,466.40300
04-12-2023,463.87100
01-12-2023,456.09300
30-11-2023,452.10300
29-11-2023,448.45400
28-11-2023,443.71500
24-11-2023,440.69200
23-11-2023,439.90200
22-11-2023,439.07700
21-11-2023,439.06800
20-11-2023,438.18700
17-11-2023,438.79500
16-11-2023,439.20600
15-11-2023,437.03200
13-11-2023,432.09500
10-11-2023,429.99900
09-11-2023,428.81000
08-11-2023,428.06600
07-11-2023,426.17300
06-11-2023,424.66100
03-11-2023,421.19000
02-11-2023,418.66400
01-11-2023,414.61000
31-10-2023,416.42700
30-10-2023,416.13100
27-10-2023,416.24800
26-10-2023,411.65100
25-10-2023,415.89200
23-10-2023,418.30100
20-10-2023,424.76000
19-10-2023,428.81100
18-10-2023,430.08700
17-10-2023,432.40400
16-10-2023,430.75200
13-10-2023,430.06100
12-10-2023,430.27800
11-10-2023,429.26400
10-10-2023,427.43800
09-10-2023,422.62400
06-10-2023,426.67800
05-10-2023,424.42200
04-10-2023,423.63500
03-10-2023,428.64600
29-09-2023,429.49800
27-09-2023,428.64200
26-09-2023,426.30200
25-09-2023,426.65900
22-09-2023,426.46500
21-09-2023,427.39100
20-09-2023,431.48000
18-09-2023,434.00400
15-09-2023,434.62100
14-09-2023,433.21500
13-09-2023,430.64500
12-09-2023,429.21000
11-09-2023,436.39300
08-09-2023,432.69200
07-09-2023,429.16200
06-09-2023,427.33100
05-09-2023,427.83700
04-09-2023,427.05100
01-09-2023,424.50300
31-08-2023,420.73900
30-08-2023,421.38300
29-08-2023,421.45900
28-08-2023,420.31000
25-08-2023,417.70900
24-08-2023,419.95500
23-08-2023,418.77100
22-08-2023,417.54500
21-08-2023,415.29400
18-08-2023,413.34600
17-08-2023,413.87600
16-08-2023,413.84300
14-08-2023,412.56200
11-08-2023,414.60700
10-08-2023,415.40900
09-08-2023,416.81200
08-08-2023,414.71500
07-08-2023,414.01100
04-08-2023,411.89000
03-08-2023,409.11800
02-08-2023,410.82800
01-08-2023,416.26800
31-07-2023,415.03300
28-07-2023,410.90600
27-07-2023,410.77700
26-07-2023,410.92900
25-07-2023,409.23900
24-07-2023,406.95800
21-07-2023,406.57900
20-07-2023,408.46900
19-07-2023,406.09100
18-07-2023,404.43300
17-07-2023,404.70400
14-07-2023,402.46100
13-07-2023,399.95500
12-07-2023,400.31000
11-07-2023,399.98700
10-07-2023,398.53500
07-07-2023,399.59300
06-07-2023,402.14600
05-07-2023,399.25400
04-07-2023,397.30800
03-07-2023,396.54300
30-06-2023,394.55500
28-06-2023,390.97000
27-06-2023,388.93300
26-06-2023,387.04600
23-06-2023,384.86000
22-06-2023,388.56800
21-06-2023,390.13800
20-06-2023,388.35800
19-06-2023,386.64900
16-06-2023,387.17200
15-06-2023,384.21100
14-06-2023,385.24400
13-06-2023,384.88200
12-06-2023,382.59100
09-06-2023,380.32700
08-06-2023,381.60400
07-06-2023,383.81600
06-06-2023,381.29600
05-06-2023,380.79000
02-06-2023,378.85100
01-06-2023,377.25100
31-05-2023,377.13700
30-05-2023,377.91100
29-05-2023,376.94400
26-05-2023,374.81900
25-05-2023,371.73000
24-05-2023,371.42800
23-05-2023,372.11000
22-05-2023,371.42900
19-05-2023,369.90100
18-05-2023,368.69500
17-05-2023,370.80900
16-05-2023,372.66200
15-05-2023,373.35100
12-05-2023,371.06600
11-05-2023,371.07600
10-05-2023,369.87400
09-05-2023,368.65900
08-05-2023,368.53400
05-05-2023,364.34000
04-05-2023,368.31100
03-05-2023,365.21000
02-05-2023,366.00200
28-04-2023,363.63300
27-04-2023,361.17800
26-04-2023,359.40000
25-04-2023,358.40200
24-04-2023,358.77000
21-04-2023,357.18000
20-04-2023,358.31500
19-04-2023,358.29500
18-04-2023,359.83800
17-04-2023,359.04400
13-04-2023,359.97200
12-04-2023,359.23400
11-04-2023,357.79600
10-04-2023,356.33500
06-04-2023,355.24300
05-04-2023,353.32800
03-04-2023,352.61300
31-03-2023,351.75000
29-03-2023,346.65500
28-03-2023,342.85200
27-03-2023,344.12400
24-03-2023,344.62100
23-03-2023,347.69100
22-03-2023,348.97400
21-03-2023,347.45600
20-03-2023,345.87700
17-03-2023,348.54100
16-03-2023,346.43000
15-03-2023,346.57100
14-03-2023,348.00100
13-03-2023,350.42600
10-03-2023,356.41500
09-03-2023,359.36200
08-03-2023,361.82300
06-03-2023,361.57000
03-03-2023,358.94300
02-03-2023,355.26000
01-03-2023,357.39800
28-02-2023,353.97600
27-02-2023,354.36400
24-02-2023,355.67400
23-02-2023,355.96900
22-02-2023,356.20500
21-02-2023,360.14900
20-02-2023,361.15300
17-02-2023,361.97200
16-02-2023,364.26300
15-02-2023,363.52500
14-02-2023,362.18500
13-02-2023,361.60700
10-02-2023,364.90900
09-02-2023,364.59100
08-02-2023,364.48000
07-02-2023,361.92200
06-02-2023,362.62000
03-02-2023,362.22700
02-02-2023,359.03600
01-02-2023,357.94200
31-01-2023,361.61600
30-01-2023,358.00900
27-01-2023,357.31000
25-01-2023,362.17900
24-01-2023,367.44600
23-01-2023,368.63700
20-01-2023,366.66400
19-01-2023,368.41400
18-01-2023,368.94800
17-01-2023,367.53500
16-01-2023,367.39700
13-01-2023,368.41400
12-01-2023,367.15400
11-01-2023,367.14100
10-01-2023,367.74200
09-01-2023,369.99000
06-01-2023,365.67800
05-01-2023,368.03900
04-01-2023,367.39900
03-01-2023,370.43200
02-01-2023,369.18200
30-12-2022,366.60400
29-12-2022,366.96800
28-12-2022,364.83000
27-12-2022,364.72600
26-12-2022,362.37500
23-12-2022,356.23600
22-12-2022,364.56800
21-12-2022,367.19400
20-12-2022,371.00500
19-12-2022,371.80000
16-12-2022,370.10900
15-12-2022,374.64600
14-12-2022,378.18500
13-12-2022,376.29400
12-12-2022,374.70400
09-12-2022,373.43200
08-12-2022,375.91200
07-12-2022,373.83800
06-12-2022,374.90600
05-12-2022,377.14300
02-12-2022,377.11600
01-12-2022,376.85700
30-11-2022,375.47800
29-11-2022,372.84100
28-11-2022,372.21600
25-11-2022,370.55400
24-11-2022,368.94000
23-11-2022,365.74700
22-11-2022,364.24200
21-11-2022,363.47900
18-11-2022,365.04400
17-11-2022,366.50400
16-11-2022,368.40400
15-11-2022,369.05400
14-11-2022,367.28100
11-11-2022,366.79500
10-11-2022,364.55800
09-11-2022,366.38400
07-11-2022,367.80100
04-11-2022,365.07100
03-11-2022,365.97700
02-11-2022,365.94700
01-11-2022,367.57900
31-10-2022,364.97900
28-10-2022,361.02000
27-10-2022,364.19700
25-10-2022,361.23400
21-10-2022,357.85100
20-10-2022,356.56500
19-10-2022,355.87800
18-10-2022,356.57800
17-10-2022,353.53700
14-10-2022,350.99200
13-10-2022,349.15100
12-10-2022,351.73900
11-10-2022,349.73800
10-10-2022,354.48700
07-10-2022,356.14500
06-10-2022,357.21700
04-10-2022,355.27900
03-10-2022,349.56000
30-09-2022,353.05600
29-09-2022,348.32000
28-09-2022,347.25800
27-09-2022,348.79100
26-09-2022,348.94200
23-09-2022,355.72500
22-09-2022,362.96300
21-09-2022,363.67400
20-09-2022,366.44900
19-09-2022,361.24000
16-09-2022,360.41600
15-09-2022,368.32200
14-09-2022,369.84200
13-09-2022,370.22800
12-09-2022,369.02300
09-09-2022,366.05300
08-09-2022,364.35400
07-09-2022,361.40700
06-09-2022,359.95000
05-09-2022,358.78700
02-09-2022,356.65500
01-09-2022,357.87500
30-08-2022,358.88000
29-08-2022,352.34900
26-08-2022,356.19000
25-08-2022,354.87600
24-08-2022,354.64200
23-08-2022,353.17900
22-08-2022,351.01300
19-08-2022,357.27500
18-08-2022,360.81200
17-08-2022,361.05200
16-08-2022,358.96400
12-08-2022,356.35000
11-08-2022,354.40600
10-08-2022,351.29700
08-08-2022,350.45400
05-08-2022,349.65700
04-08-2022,349.02200
03-08-2022,348.83800
02-08-2022,350.04500
01-08-2022,350.04800
29-07-2022,346.69300
28-07-2022,342.50600
27-07-2022,339.19900
26-07-2022,335.36000
25-07-2022,338.34500
22-07-2022,339.55300
21-07-2022,337.84100
20-07-2022,336.07800
19-07-2022,334.78300
18-07-2022,332.64400
15-07-2022,328.42400
14-07-2022,327.23700
13-07-2022,327.95400
12-07-2022,328.02000
11-07-2022,330.72600
08-07-2022,329.00900
07-07-2022,327.67900
06-07-2022,323.66900
05-07-2022,319.18700
04-07-2022,318.92300
01-07-2022,316.75100
30-06-2022,314.58700
29-06-2022,315.61200
28-06-2022,316.83700
27-06-2022,316.53400
24-06-2022,313.19600
23-06-2022,309.60300
22-06-2022,305.51500
21-06-2022,308.89600
20-06-2022,303.35200
17-06-2022,304.82600
16-06-2022,306.50400
15-06-2022,312.51400
14-06-2022,312.12300
13-06-2022,312.66100
10-06-2022,320.81900
09-06-2022,323.39000
08-06-2022,322.01400
07-06-2022,322.44000
06-06-2022,324.82400
03-06-2022,325.42900
02-06-2022,328.96000
01-06-2022,328.11500
31-05-2022,328.81000
30-05-2022,328.47100
27-05-2022,323.11600
26-05-2022,319.45100
25-05-2022,315.35800
24-05-2022,317.93500
23-05-2022,319.90200
20-05-2022,320.50100
19-05-2022,313.70300
18-05-2022,321.99900
17-05-2022,322.65200
16-05-2022,316.40900
13-05-2022,313.10500
12-05-2022,314.95900
11-05-2022,321.62600
10-05-2022,322.32500
09-05-2022,325.18700
06-05-2022,327.06100
05-05-2022,332.50800
04-05-2022,331.82400
02-05-2022,338.58200
29-04-2022,339.13100
28-04-2022,343.41700
27-04-2022,339.53500
26-04-2022,342.18400
25-04-2022,338.41400
22-04-2022,342.96100
21-04-2022,346.67000
20-04-2022,343.57000
19-04-2022,342.08300
18-04-2022,345.88900
13-04-2022,348.89900
12-04-2022,349.83500
11-04-2022,352.61300
08-04-2022,352.70800
07-04-2022,349.88000
06-04-2022,350.05800
05-04-2022,351.16800
04-04-2022,350.64700
01-04-2022,345.06800
31-03-2022,341.54300
30-03-2022,340.66900
29-03-2022,337.80800
28-03-2022,335.95300
25-03-2022,336.25200
24-03-2022,337.00700
23-03-2022,337.20900
22-03-2022,337.91800
21-03-2022,336.84000
17-03-2022,339.38800
16-03-2022,334.79200
15-03-2022,328.87600
14-03-2022,331.89700
11-03-2022,328.70700
10-03-2022,327.45500
09-03-2022,323.23500
08-03-2022,319.01600
07-03-2022,314.71300
04-03-2022,322.35600
03-03-2022,327.18000
02-03-2022,329.94700
28-02-2022,333.82300
25-02-2022,332.31500
24-02-2022,323.22700
23-02-2022,339.02300
22-02-2022,338.67800
21-02-2022,341.61200
18-02-2022,343.35700
17-02-2022,344.53700
16-02-2022,346.98400
15-02-2022,347.68000
14-02-2022,339.30100
11-02-2022,351.73300
10-02-2022,357.44200
09-02-2022,355.66000
08-02-2022,352.12100
07-02-2022,353.25100
04-02-2022,356.87700
03-02-2022,359.15300
02-02-2022,362.13700
01-02-2022,358.60800
31-01-2022,355.35500
28-01-2022,350.22200
27-01-2022,347.96800
25-01-2022,349.91100
24-01-2022,346.37400
21-01-2022,354.47800
20-01-2022,360.12400
19-01-2022,361.87700
18-01-2022,363.71300
17-01-2022,368.08900
14-01-2022,367.42900
13-01-2022,367.76500
12-01-2022,366.75900
11-01-2022,363.48800
10-01-2022,363.30200
07-01-2022,359.93100
06-01-2022,358.15800
05-01-2022,359.36100
04-01-2022,357.21000
03-01-2022,355.37900
31-12-2021,351.25000
30-12-2021,348.28500
29-12-2021,348.47700
28-12-2021,349.00400
27-12-2021,345.60700
24-12-2021,345.47600
23-12-2021,347.64400
22-12-2021,344.71300
21-12-2021,341.14300
20-12-2021,338.33300
17-12-2021,346.79400
16-12-2021,351.42500
15-12-2021,353.08200
14-12-2021,355.38400
13-12-2021,355.98400
10-12-2021,356.58200
09-12-2021,355.85300
08-12-2021,356.33200
07-12-2021,350.61900
06-12-2021,346.23300
03-12-2021,351.14000
02-12-2021,352.23500
01-12-2021,348.95200
30-11-2021,346.85500
29-11-2021,344.65700
26-11-2021,346.90800
25-11-2021,357.75500
24-11-2021,357.48100
23-11-2021,357.50600
22-11-2021,354.01600
18-11-2021,362.31400
17-11-2021,366.87700
16-11-2021,369.45300
15-11-2021,372.45600
12-11-2021,373.48400
11-11-2021,371.06900
10-11-2021,374.93900
09-11-2021,375.80700
08-11-2021,374.65900
03-11-2021,368.64100
02-11-2021,369.78700
01-11-2021,368.53100
29-10-2021,363.77700
28-10-2021,365.89900
27-10-2021,373.09800
26-10-2021,374.05100
25-10-2021,370.83900
22-10-2021,370.40400
21-10-2021,370.72000
20-10-2021,371.53300
19-10-2021,375.08300
18-10-2021,379.21200
14-10-2021,376.31000
13-10-2021,374.30700
12-10-2021,372.02100
11-10-2021,371.80400
08-10-2021,369.76800
07-10-2021,369.33900
06-10-2021,365.68300
05-10-2021,369.39300
04-10-2021,367.80700
01-10-2021,363.85300
30-09-2021,363.98900
29-09-2021,364.33900
28-09-2021,363.61300
27-09-2021,366.52500
24-09-2021,366.41000
23-09-2021,367.40500
22-09-2021,362.27800
21-09-2021,362.13000
20-09-2021,360.67300
17-09-2021,366.98000
16-09-2021,370.24200
15-09-2021,368.97200
14-09-2021,366.04300
13-09-2021,364.03600
09-09-2021,363.16200
08-09-2021,362.47100
07-09-2021,361.23800
06-09-2021,362.30300
03-09-2021,361.40300
02-09-2021,361.19900
01-09-2021,358.72300
31-08-2021,358.11400
30-08-2021,354.95700
27-08-2021,347.87400
26-08-2021,345.97100
25-08-2021,346.51000
24-08-2021,347.45600
23-08-2021,343.34700
20-08-2021,343.32200
18-08-2021,350.14700
17-08-2021,350.80500
16-08-2021,350.97700
13-08-2021,350.92400
12-08-2021,349.07800
11-08-2021,346.74100
10-08-2021,346.95400
09-08-2021,349.20500
06-08-2021,350.14700
05-08-2021,351.19700
04-08-2021,351.90100
03-08-2021,352.66800
02-08-2021,350.25000
30-07-2021,347.91100
29-07-2021,347.67900
28-07-2021,344.71300
27-07-2021,345.52200
26-07-2021,346.14900
23-07-2021,345.18300
22-07-2021,342.88500
20-07-2021,338.19700
19-07-2021,342.41400
16-07-2021,344.63100
15-07-2021,344.47300
14-07-2021,343.31900
13-07-2021,342.46400
12-07-2021,340.33000
09-07-2021,338.03500
08-07-2021,336.17200
07-07-2021,339.06100
06-07-2021,336.69400
05-07-2021,335.92500
02-07-2021,333.64600
01-07-2021,332.57600
30-06-2021,332.85700
29-06-2021,332.75300
28-06-2021,334.34900
25-06-2021,333.33800
24-06-2021,329.43600
23-06-2021,327.58500
22-06-2021,328.64100
21-06-2021,328.01800
18-06-2021,326.56000
17-06-2021,328.26400
16-06-2021,330.56000
15-06-2021,332.89100
14-06-2021,330.06400
11-06-2021,330.57000
10-06-2021,330.07700
09-06-2021,326.65900
08-06-2021,328.74200
07-06-2021,328.24700
04-06-2021,326.74300
03-06-2021,326.51900
02-06-2021,323.71200
01-06-2021,322.18900
31-05-2021,323.15900
28-05-2021,320.01800
27-05-2021,321.72500
26-05-2021,320.62600
25-05-2021,319.51200
24-05-2021,319.23000
21-05-2021,317.13000
20-05-2021,312.72900
19-05-2021,313.96100
18-05-2021,314.79700
17-05-2021,310.49800
14-05-2021,304.99700
12-05-2021,308.13000
11-05-2021,310.40000
10-05-2021,308.91900
07-05-2021,307.16400
06-05-2021,305.06700
05-05-2021,302.80500
04-05-2021,299.62200
03-05-2021,301.34100
30-04-2021,300.07400
29-04-2021,302.19100
28-04-2021,300.93800
27-04-2021,297.75300
26-04-2021,294.06800
23-04-2021,290.08800
22-04-2021,290.30000
20-04-2021,288.56200
19-04-2021,288.98900
16-04-2021,293.97100
15-04-2021,292.73000
13-04-2021,291.62300
12-04-2021,287.84700
09-04-2021,299.20200
08-04-2021,299.89600
07-04-2021,298.21100
06-04-2021,294.26200
05-04-2021,293.44600
01-04-2021,297.89400
31-03-2021,294.31700
30-03-2021,294.42500
26-03-2021,289.30400
25-03-2021,285.12500
24-03-2021,288.38900
23-03-2021,292.93900
22-03-2021,291.52200
19-03-2021,290.52600
18-03-2021,287.81400
17-03-2021,291.17000
16-03-2021,295.97700
15-03-2021,296.10100
12-03-2021,298.01900
10-03-2021,299.38800
09-03-2021,297.63400
08-03-2021,298.13300
05-03-2021,297.69600
04-03-2021,301.74700
03-03-2021,302.69400
02-03-2021,297.63800
01-03-2021,294.50200
26-02-2021,291.48000
25-02-2021,298.54700
24-02-2021,295.70200
23-02-2021,292.03100
22-02-2021,289.45600
19-02-2021,294.89000
18-02-2021,298.69100
17-02-2021,298.38300
16-02-2021,298.97700
15-02-2021,299.87700
12-02-2021,296.64100
11-02-2021,296.20100
10-02-2021,294.95800
09-02-2021,295.15200
08-02-2021,295.46800
05-02-2021,290.87800
04-02-2021,291.62300
03-02-2021,288.85500
02-02-2021,286.06000
01-02-2021,279.65900
29-01-2021,268.94600
28-01-2021,270.73800
27-01-2021,271.36100
25-01-2021,275.56500
22-01-2021,277.14400
21-01-2021,280.94800
20-01-2021,282.97700
19-01-2021,281.12200
18-01-2021,276.76600
15-01-2021,281.74700
14-01-2021,284.93500
13-01-2021,284.42000
12-01-2021,283.03400
11-01-2021,281.69100
08-01-2021,280.23100
07-01-2021,277.35900
06-01-2021,275.46400
05-01-2021,274.12400
04-01-2021,272.49800
01-01-2021,268.85700
31-12-2020,267.72700
30-12-2020,267.33900
29-12-2020,266.69000
28-12-2020,265.59800
24-12-2020,263.01400
23-12-2020,261.15600
22-12-2020,256.85000
21-12-2020,254.34900
18-12-2020,264.59200
17-12-2020,264.16500
16-12-2020,264.56000
15-12-2020,262.68700
14-12-2020,262.89200
11-12-2020,261.21300
10-12-2020,260.75100
09-12-2020,262.63400
08-12-2020,260.88200
07-12-2020,261.12300
04-12-2020,259.10600
03-12-2020,256.53400
02-12-2020,256.14800
01-12-2020,255.58700
27-11-2020,252.36700
26-11-2020,249.59500
25-11-2020,247.56700
24-11-2020,251.41800
23-11-2020,248.41200
20-11-2020,246.86000
19-11-2020,244.81200
18-11-2020,247.86700
17-11-2020,245.89100
13-11-2020,242.58100
12-11-2020,241.41500
11-11-2020,241.95100
10-11-2020,239.88100
09-11-2020,238.66000
06-11-2020,234.73300
05-11-2020,233.63600
04-11-2020,230.17500
03-11-2020,229.69900
02-11-2020,226.48400
30-10-2020,223.10700
29-10-2020,223.96600
28-10-2020,224.98900
27-10-2020,227.53500
26-10-2020,225.02000
23-10-2020,228.80200
22-10-2020,227.61500
21-10-2020,227.38700
20-10-2020,225.20800
19-10-2020,224.67500
16-10-2020,222.59500
15-10-2020,219.89200
14-10-2020,224.47600
13-10-2020,223.46100
12-10-2020,224.49600
09-10-2020,225.31800
08-10-2020,223.80500
07-10-2020,222.18000
06-10-2020,222.66300
05-10-2020,220.98200
01-10-2020,220.98400
30-09-2020,218.37900
29-09-2020,218.36100
28-09-2020,218.49400
25-09-2020,214.25500
24-09-2020,209.84000
23-09-2020,215.60600
22-09-2020,217.43500
21-09-2020,219.31100
18-09-2020,226.23500
17-09-2020,225.48900
16-09-2020,226.92200
15-09-2020,225.67500
14-09-2020,222.90500
11-09-2020,220.65300
10-09-2020,219.91900
09-09-2020,217.82000
08-09-2020,219.55400
07-09-2020,221.56100
04-09-2020,222.72200
03-09-2020,226.59900
02-09-2020,227.44600
01-09-2020,226.07700
31-08-2020,223.05300
28-08-2020,230.61300
27-08-2020,228.97200
26-08-2020,228.32300
25-08-2020,227.84700
24-08-2020,227.77600
21-08-2020,225.88300
20-08-2020,223.85100
19-08-2020,223.94700
18-08-2020,222.35000
17-08-2020,219.18800
14-08-2020,218.22900
13-08-2020,219.63200
12-08-2020,219.36900
11-08-2020,220.16500
10-08-2020,220.33400
07-08-2020,217.94000
06-08-2020,217.07400
05-08-2020,215.44300
04-08-2020,215.17300
03-08-2020,212.84100
31-07-2020,214.19800
30-07-2020,213.33100
29-07-2020,215.19400
28-07-2020,215.17400
27-07-2020,213.60000
24-07-2020,216.15600
23-07-2020,217.51600
22-07-2020,216.34400
21-07-2020,216.31500
20-07-2020,215.34200
17-07-2020,212.71800
16-07-2020,210.25600
15-07-2020,208.23800
14-07-2020,209.14900
13-07-2020,211.43500
10-07-2020,211.03100
09-07-2020,212.08600
08-07-2020,210.66600
07-07-2020,212.01100
06-07-2020,211.18900
03-07-2020,208.84500
02-07-2020,207.73400
01-07-2020,206.41900
30-06-2020,204.80900
29-06-2020,204.23200
26-06-2020,206.50200
25-06-2020,204.97600
24-06-2020,204.03300
23-06-2020,207.76400
22-06-2020,204.37700
19-06-2020,202.59800
18-06-2020,199.77400
17-06-2020,196.42000
16-06-2020,195.53700
15-06-2020,194.26900
12-06-2020,196.66900
11-06-2020,195.36100
10-06-2020,198.61400
09-06-2020,196.78400
08-06-2020,199.41000
05-06-2020,198.20200
04-06-2020,194.65800
03-06-2020,195.81700
02-06-2020,194.54400
01-06-2020,191.98600
29-05-2020,187.48900
28-05-2020,185.82700
27-05-2020,182.73900
26-05-2020,179.48800
22-05-2020,179.65200
21-05-2020,180.56000
20-05-2020,179.97800
19-05-2020,177.26300
18-05-2020,175.86600
15-05-2020,182.58800
14-05-2020,182.42200
13-05-2020,184.82300
12-05-2020,181.53600
11-05-2020,181.61100
08-05-2020,181.44800
07-05-2020,181.68900
06-05-2020,183.80800
05-05-2020,182.32400
04-05-2020,183.50000
30-04-2020,192.21900
29-04-2020,187.94800
28-04-2020,185.84500
27-04-2020,184.72700
24-04-2020,182.15700
23-04-2020,184.80400
22-04-2020,182.55300
21-04-2020,180.40300
20-04-2020,184.71700
17-04-2020,185.06300
16-04-2020,180.05500
15-04-2020,178.40000
13-04-2020,177.95600
09-04-2020,179.75400
08-04-2020,173.17800
07-04-2020,171.40500
03-04-2020,160.08400
01-04-2020,163.79500
31-03-2020,168.20900
30-03-2020,162.41500
27-03-2020,168.31700
26-03-2020,168.92600
25-03-2020,162.35100
24-03-2020,155.69700
23-03-2020,153.87700
20-03-2020,176.52300
19-03-2020,169.59100
18-03-2020,175.01900
17-03-2020,184.62300
16-03-2020,189.15200
13-03-2020,201.86500
12-03-2020,196.92400
11-03-2020,213.44100
09-03-2020,213.99700
06-03-2020,221.51100
05-03-2020,225.91300
04-03-2020,225.78400
03-03-2020,228.50700
02-03-2020,225.34000
28-02-2020,226.95900
27-02-2020,233.71700
26-02-2020,234.32600
25-02-2020,236.67700
24-02-2020,237.09000
20-02-2020,241.00200
19-02-2020,240.53100
18-02-2020,237.96500
17-02-2020,239.55500
14-02-2020,241.37500
13-02-2020,241.72000
12-02-2020,242.57400
11-02-2020,241.09500
10-02-2020,240.77200
07-02-2020,242.74300
06-02-2020,242.78200
05-02-2020,242.09900
04-02-2020,239.34100
03-02-2020,235.98000
31-01-2020,239.80600
30-01-2020,240.49900
29-01-2020,241.81800
28-01-2020,240.89100
27-01-2020,241.98900
24-01-2020,243.63300
23-01-2020,242.13400
22-01-2020,239.58000
21-01-2020,240.12700
20-01-2020,240.57300
17-01-2020,241.27000
16-01-2020,240.47100
15-01-2020,239.53900
14-01-2020,239.31000
13-01-2020,238.52100
10-01-2020,236.80300
09-01-2020,235.69900
08-01-2020,232.27200
07-01-2020,231.84200
06-01-2020,230.90400
03-01-2020,235.60600
02-01-2020,236.67200
01-01-2020,234.72700
31-12-2019,234.35500
30-12-2019,234.44100
27-12-2019,234.22700
26-12-2019,231.76600
24-12-2019,232.68700
23-12-2019,233.22700
20-12-2019,233.47700
19-12-2019,233.50900
18-12-2019,233.35500
17-12-2019,233.51100
16-12-2019,232.06400
13-12-2019,232.80400
12-12-2019,230.77100
11-12-2019,229.49500
10-12-2019,228.95000
09-12-2019,230.62700
06-12-2019,230.48700
05-12-2019,232.65500
04-12-2019,233.69200
03-12-2019,232.07800
02-12-2019,233.48300
29-11-2019,233.54200
28-11-2019,234.16900
27-11-2019,232.59100
26-11-2019,232.05000
25-11-2019,233.12600
22-11-2019,230.21000
21-11-2019,231.36100
20-11-2019,232.86700
19-11-2019,232.27200
18-11-2019,231.05000
15-11-2019,230.28100
14-11-2019,229.38700
13-11-2019,228.79100
11-11-2019,231.48200
08-11-2019,230.37800
07-11-2019,231.59100
06-11-2019,231.04700
05-11-2019,229.98100
04-11-2019,231.63600
01-11-2019,231.03500
31-10-2019,230.65400
30-10-2019,229.91400
29-10-2019,229.57700
25-10-2019,227.26700
24-10-2019,227.03700
23-10-2019,227.33300
22-10-2019,226.96300
18-10-2019,226.96300
17-10-2019,224.55300
16-10-2019,222.20800
15-10-2019,221.09700
14-10-2019,220.32000
11-10-2019,219.45800
10-10-2019,218.48400
09-10-2019,220.04800
07-10-2019,216.47700
04-10-2019,217.20900
03-10-2019,220.39200
01-10-2019,221.22400
30-09-2019,223.29900
27-09-2019,224.85500
26-09-2019,225.49400
25-09-2019,222.69200
24-09-2019,224.81900
23-09-2019,225.50100
20-09-2019,219.43300
19-09-2019,208.17500
18-09-2019,210.49600
17-09-2019,209.64400
16-09-2019,212.94400
13-09-2019,213.59500
12-09-2019,211.53100
11-09-2019,211.82000
09-09-2019,210.55600
06-09-2019,209.86400
05-09-2019,208.03400
04-09-2019,207.63400
03-09-2019,206.91900
30-08-2019,210.27400
29-08-2019,208.94500
28-08-2019,210.12000
27-08-2019,211.64200
26-08-2019,209.57900
23-08-2019,206.03600
22-08-2019,205.23400
21-08-2019,207.75800
20-08-2019,209.44400
19-08-2019,209.89600
16-08-2019,208.82800
14-08-2019,208.54200
13-08-2019,207.36400
09-08-2019,210.69900
08-08-2019,208.89800
07-08-2019,206.73400
06-08-2019,207.38200
05-08-2019,204.73500
02-08-2019,207.11800
01-08-2019,207.61600
31-07-2019,209.60800
30-07-2019,209.08700
29-07-2019,211.07600
26-07-2019,211.52500
25-07-2019,210.74300
24-07-2019,209.94500
23-07-2019,211.83700
22-07-2019,211.58000
19-07-2019,212.72800
18-07-2019,215.82500
17-07-2019,218.22400
16-07-2019,217.73100
15-07-2019,216.40900
12-07-2019,217.24700
11-07-2019,217.05700
10-07-2019,215.91600
09-07-2019,216.85800
08-07-2019,216.12500
05-07-2019,220.52900
04-07-2019,222.43700
03-07-2019,222.42200
02-07-2019,221.99600
01-07-2019,221.98100
28-06-2019,221.00200
27-06-2019,221.79800
26-06-2019,221.37500
25-06-2019,219.89200
24-06-2019,218.36800
21-06-2019,219.59200
20-06-2019,219.97400
19-06-2019,217.04200
18-06-2019,217.74100
17-06-2019,217.55900
14-06-2019,220.37200
13-06-2019,222.35300
12-06-2019,222.55000
11-06-2019,223.29200
10-06-2019,222.42200
07-06-2019,221.75000
06-06-2019,221.18600
04-06-2019,225.22900
03-06-2019,226.16300
31-05-2019,224.48700
30-05-2019,224.51200
29-05-2019,223.53600
28-05-2019,225.55600
27-05-2019,225.66100
24-05-2019,222.89000
23-05-2019,217.97100
22-05-2019,218.00500
21-05-2019,216.54100
20-05-2019,218.79000
17-05-2019,211.65200
16-05-2019,209.78000
15-05-2019,208.40700
14-05-2019,209.62500
13-05-2019,208.20000
10-05-2019,211.97300
09-05-2019,211.65000
08-05-2019,212.87700
07-05-2019,215.58600
06-05-2019,217.17100
03-05-2019,219.17200
02-05-2019,218.62800
30-04-2019,220.57800
26-04-2019,220.80000
25-04-2019,218.59000
24-04-2019,220.09500
23-04-2019,218.65300
22-04-2019,218.78100
18-04-2019,222.08300
16-04-2019,223.16800
15-04-2019,221.39400
12-04-2019,220.70800
11-04-2019,220.27900
10-04-2019,220.44900
09-04-2019,221.26900
08-04-2019,220.53000
05-04-2019,221.88600
04-04-2019,220.91000
03-04-2019,221.60500
02-04-2019,223.12800
01-04-2019,223.12400
29-03-2019,223.18000
28-03-2019,221.24300
27-03-2019,219.36600
26-03-2019,219.00100
25-03-2019,216.28200
22-03-2019,218.44000
20-03-2019,219.49400
19-03-2019,220.03400
18-03-2019,218.97000
15-03-2019,218.61300
14-03-2019,217.16000
13-03-2019,217.22400
12-03-2019,217.19600
11-03-2019,214.62600
08-03-2019,210.74700
07-03-2019,211.22800
06-03-2019,210.95300
05-03-2019,209.96200
01-03-2019,206.31000
28-02-2019,204.08500
27-02-2019,203.26400
26-02-2019,202.87100
25-02-2019,203.89100
22-02-2019,202.56700
21-02-2019,201.96800
20-02-2019,200.80400
19-02-2019,198.21700
18-02-2019,197.68800
15-02-2019,198.85500
14-02-2019,199.91700
13-02-2019,200.06500
12-02-2019,201.33500
11-02-2019,202.19300
08-02-2019,203.98200
07-02-2019,206.30700
06-02-2019,205.48400
05-02-2019,203.95900
04-02-2019,204.22100
01-02-2019,205.07600
31-01-2019,205.03500
30-01-2019,202.70900
29-01-2019,201.15500
28-01-2019,201.49700
25-01-2019,204.24400
24-01-2019,205.61400
23-01-2019,205.69300
22-01-2019,206.44600
21-01-2019,207.50700
18-01-2019,207.46300
17-01-2019,208.38200
16-01-2019,208.70400
15-01-2019,208.81600
14-01-2019,207.03000
11-01-2019,208.55600
10-01-2019,209.01300
09-01-2019,209.26600
08-01-2019,209.11300
07-01-2019,208.22200
04-01-2019,207.75100
03-01-2019,206.99600
02-01-2019,208.94700
01-01-2019,210.67200
31-12-2018,210.28200
28-12-2018,209.51100
27-12-2018,207.79500
26-12-2018,207.25900
24-12-2018,206.10100
21-12-2018,207.52000
20-12-2018,210.83000
19-12-2018,210.97800
18-12-2018,209.14100
17-12-2018,208.55800
14-12-2018,207.60400
13-12-2018,207.36900
12-12-2018,205.42400
11-12-2018,201.85000
10-12-2018,200.15000
07-12-2018,203.20600
06-12-2018,202.46300
05-12-2018,205.49300
04-12-2018,207.38000
03-12-2018,207.41800
30-11-2018,207.37800
29-11-2018,207.08800
28-11-2018,205.58700
27-11-2018,205.30200
26-11-2018,204.08200
22-11-2018,203.01000
21-11-2018,204.21100
20-11-2018,204.06600
19-11-2018,206.20300
16-11-2018,205.84400
15-11-2018,205.91400
14-11-2018,204.27200
13-11-2018,203.85300
12-11-2018,202.76500
09-11-2018,204.26200
06-11-2018,202.04300
05-11-2018,202.67600
02-11-2018,203.02400
01-11-2018,200.87400
31-10-2018,200.51000
30-10-2018,196.70100
29-10-2018,196.07300
26-10-2018,191.75800
25-10-2018,193.13600
24-10-2018,194.60100
23-10-2018,192.37600
22-10-2018,194.81600
19-10-2018,196.27500
17-10-2018,198.58000
16-10-2018,201.96700
15-10-2018,200.32600
12-10-2018,199.72100
11-10-2018,195.35100
10-10-2018,199.57000
09-10-2018,193.88200
08-10-2018,194.90400
05-10-2018,196.20400
04-10-2018,201.85200
03-10-2018,205.30100
01-10-2018,207.32100
28-09-2018,206.30800
27-09-2018,208.80200
26-09-2018,211.98600
25-09-2018,211.07700
24-09-2018,209.91200
21-09-2018,213.48900
19-09-2018,215.49800
18-09-2018,216.39100
17-09-2018,219.19100
14-09-2018,220.68600
12-09-2018,217.41700
11-09-2018,216.92400
10-09-2018,219.59500
07-09-2018,222.96900
06-09-2018,221.79100
05-09-2018,221.03900
04-09-2018,221.84500
03-09-2018,225.60200
31-08-2018,227.08500
30-08-2018,226.98600
29-08-2018,226.75100
28-08-2018,226.81400
27-08-2018,226.70800
24-08-2018,224.27800
23-08-2018,225.08800
21-08-2018,225.58600
20-08-2018,225.16600
17-08-2018,223.96000
16-08-2018,221.43800
14-08-2018,222.36300
13-08-2018,220.67300
10-08-2018,223.13400
09-08-2018,224.02800
08-08-2018,223.03900
07-08-2018,222.41000
06-08-2018,222.25600
03-08-2018,221.02400
02-08-2018,218.86000
01-08-2018,219.33700
31-07-2018,219.82000
30-07-2018,219.07100
27-07-2018,218.03800
26-07-2018,215.56100
25-07-2018,214.58200
24-07-2018,214.23800
23-07-2018,212.16900
20-07-2018,210.04800
19-07-2018,208.78000
18-07-2018,209.52700
17-07-2018,210.70700
16-07-2018,208.19300
13-07-2018,211.63600
12-07-2018,212.39700
11-07-2018,211.92400
10-07-2018,212.78900
09-07-2018,210.95400
06-07-2018,208.65900
05-07-2018,207.86300
04-07-2018,207.95400
03-07-2018,207.26700
02-07-2018,206.34000
29-06-2018,207.01800
28-06-2018,203.92100
27-06-2018,206.87500
26-06-2018,210.09300
25-06-2018,210.60400
22-06-2018,212.55600
21-06-2018,211.82400
20-06-2018,212.50000
19-06-2018,211.89000
18-06-2018,214.20500
15-06-2018,214.82000
14-06-2018,215.96100
13-06-2018,215.94100
12-06-2018,216.51500
11-06-2018,215.68800
08-06-2018,215.40500
07-06-2018,215.25600
06-06-2018,212.90300
05-06-2018,211.08200
04-06-2018,213.03800
01-06-2018,214.50800
31-05-2018,216.40600
30-05-2018,215.75600
29-05-2018,216.61100
28-05-2018,217.89800
25-05-2018,215.38800
24-05-2018,212.46100
23-05-2018,211.83700
22-05-2018,213.83200
21-05-2018,212.63000
18-05-2018,215.29300
17-05-2018,218.40600
16-05-2018,218.81400
15-05-2018,220.15000
14-05-2018,220.79700
11-05-2018,221.70700
10-05-2018,219.64400
09-05-2018,221.06700
08-05-2018,221.77900
07-05-2018,221.27600
04-05-2018,219.35000
03-05-2018,219.88000
02-05-2018,220.83500
30-04-2018,223.44900
27-04-2018,222.11800
26-04-2018,220.26700
25-04-2018,218.93600
24-04-2018,220.26200
23-04-2018,220.25300
20-04-2018,219.23100
19-04-2018,220.04800
18-04-2018,218.97100
17-04-2018,219.69000
16-04-2018,219.61600
13-04-2018,218.75500
12-04-2018,218.66000
11-04-2018,218.73400
10-04-2018,219.27700
09-04-2018,218.89400
06-04-2018,218.01300
05-04-2018,216.92000
04-04-2018,212.64400
03-04-2018,215.35600
02-04-2018,213.21300
28-03-2018,211.54600
27-03-2018,212.74900
26-03-2018,210.72000
23-03-2018,207.66300
22-03-2018,209.94600
21-03-2018,211.35400
20-03-2018,211.21100
19-03-2018,210.74000
16-03-2018,213.83800
15-03-2018,216.28200
14-03-2018,216.63400
13-03-2018,216.77700
12-03-2018,214.96200
09-03-2018,212.24700
08-03-2018,213.15200
07-03-2018,211.25600
06-03-2018,214.12400
05-03-2018,215.89500
01-03-2018,217.67600
28-02-2018,218.32500
27-02-2018,218.59100
26-02-2018,219.80700
23-02-2018,218.12800
22-02-2018,215.27200
21-02-2018,216.44600
20-02-2018,216.14500
19-02-2018,216.28200
16-02-2018,219.05800
15-02-2018,221.63700
14-02-2018,222.06600
12-02-2018,222.99300
09-02-2018,220.37700
08-02-2018,222.17100
07-02-2018,219.15900
06-02-2018,217.17000
05-02-2018,220.27200
02-02-2018,221.66800
01-02-2018,229.21500
31-01-2018,228.64700
30-01-2018,230.03100
29-01-2018,231.18900
25-01-2018,232.37900
24-01-2018,234.25600
23-01-2018,234.60200
22-01-2018,232.07200
19-01-2018,232.17100
18-01-2018,230.29200
17-01-2018,232.55900
16-01-2018,230.50400
15-01-2018,233.69800
12-01-2018,233.51900
11-01-2018,233.17300
10-01-2018,233.02700
09-01-2018,233.63300
08-01-2018,233.97800
05-01-2018,232.68100
04-01-2018,231.40000
03-01-2018,229.19600
02-01-2018,228.72200
01-01-2018,230.10200
29-12-2017,231.69900
28-12-2017,231.46200
27-12-2017,231.70300
26-12-2017,232.22400
22-12-2017,231.27800
21-12-2017,230.10700
20-12-2017,229.14900
19-12-2017,229.18500
18-12-2017,227.21300
15-12-2017,225.03400
14-12-2017,222.62500
13-12-2017,222.12100
12-12-2017,223.53900
11-12-2017,225.16200
08-12-2017,224.62700
07-12-2017,222.32100
06-12-2017,219.23900
05-12-2017,221.13500
04-12-2017,220.81100
01-12-2017,221.47600
30-11-2017,223.70700
29-11-2017,225.00700
28-11-2017,224.77600
27-11-2017,224.86600
24-11-2017,224.36500
23-11-2017,223.51500
22-11-2017,223.50200
21-11-2017,223.08000
20-11-2017,221.95100
17-11-2017,221.04700
16-11-2017,218.80600
15-11-2017,217.07800
14-11-2017,218.47900
13-11-2017,219.54600
10-11-2017,219.83300
09-11-2017,218.80000
08-11-2017,217.81700
07-11-2017,219.58000
06-11-2017,222.67900
03-11-2017,222.61100
02-11-2017,222.51100
01-11-2017,221.68400
31-10-2017,219.62000
30-10-2017,220.54700
27-10-2017,218.91600
26-10-2017,220.02700
25-10-2017,218.57100
24-10-2017,214.66500
23-10-2017,213.74800
18-10-2017,214.07900
17-10-2017,215.02500
16-10-2017,214.49800
13-10-2017,213.52100
12-10-2017,212.81600
11-10-2017,210.52300
10-10-2017,211.89700
09-10-2017,211.29300
06-10-2017,211.46100
05-10-2017,208.63900
04-10-2017,208.93300
03-10-2017,208.07400
30-09-2017,206.43400
29-09-2017,206.44700
28-09-2017,204.94800
27-09-2017,204.01400
26-09-2017,207.03000
25-09-2017,206.22300
22-09-2017,208.88600
21-09-2017,214.03600
20-09-2017,214.79300
19-09-2017,215.05000
18-09-2017,214.50300
15-09-2017,213.54800
14-09-2017,213.51900
13-09-2017,213.61700
12-09-2017,215.09300
11-09-2017,212.69900
08-09-2017,210.37300
07-09-2017,210.62800
06-09-2017,210.17200
05-09-2017,210.21000
04-09-2017,209.12100
01-09-2017,210.30100
31-08-2017,208.84700
30-08-2017,208.10800
29-08-2017,205.93800
28-08-2017,208.11800
24-08-2017,206.71600
23-08-2017,206.53400
22-08-2017,204.32100
21-08-2017,204.52600
18-08-2017,206.19500
17-08-2017,206.77200
16-08-2017,206.95600
14-08-2017,204.87000
11-08-2017,201.98100
10-08-2017,203.79800
09-08-2017,207.39700
08-08-2017,209.39000
07-08-2017,210.38400
04-08-2017,208.70100
03-08-2017,207.24800
02-08-2017,208.89900
01-08-2017,209.04600
31-07-2017,208.76700
28-07-2017,207.14400
27-07-2017,206.90800
26-07-2017,206.39700
25-07-2017,205.18800
24-07-2017,204.60100
21-07-2017,203.92600
20-07-2017,203.69800
19-07-2017,204.37500
18-07-2017,202.92100
17-07-2017,204.66900
14-07-2017,204.78100
13-07-2017,204.81400
12-07-2017,202.45100
11-07-2017,201.01000
10-07-2017,201.60500
07-07-2017,199.65400
06-07-2017,200.09100
05-07-2017,199.42400
04-07-2017,198.01300
03-07-2017,198.15100
30-06-2017,196.16500
29-06-2017,195.29500
28-06-2017,194.64400
27-06-2017,194.47100
23-06-2017,196.25500
22-06-2017,198.01200
21-06-2017,198.67500
20-06-2017,199.29000
19-06-2017,199.41400
16-06-2017,198.48700
15-06-2017,198.14400
14-06-2017,198.80800
13-06-2017,198.81100
12-06-2017,198.95400
09-06-2017,200.64500
08-06-2017,199.98000
07-06-2017,200.25100
06-06-2017,198.84600
05-06-2017,199.87900
02-06-2017,199.49600
01-06-2017,199.04900
31-05-2017,198.77600
30-05-2017,198.17700
29-05-2017,197.49300
26-05-2017,198.96400
25-05-2017,196.07700
24-05-2017,192.37900
23-05-2017,193.55000
22-05-2017,195.80800
19-05-2017,197.09500
18-05-2017,197.42900
17-05-2017,200.69200
16-05-2017,200.92200
15-05-2017,199.85300
12-05-2017,197.80500
11-05-2017,198.99100
10-05-2017,198.55800
09-05-2017,197.83400
08-05-2017,197.38500
05-05-2017,196.44300
04-05-2017,198.20200
03-05-2017,196.94200
02-05-2017,197.73100
28-04-2017,197.51500
27-04-2017,196.19800
26-04-2017,196.18200
25-04-2017,195.96600
24-04-2017,194.22700
21-04-2017,192.61700
20-04-2017,192.84200
19-04-2017,192.09500
18-04-2017,191.62800
17-04-2017,192.46300
13-04-2017,192.51900
12-04-2017,193.37500
11-04-2017,193.94500
10-04-2017,192.16100
07-04-2017,191.52100
06-04-2017,192.72500
05-04-2017,193.07400
03-04-2017,191.75300
31-03-2017,190.71800
30-03-2017,190.06500
29-03-2017,189.22100
28-03-2017,188.21700
27-03-2017,187.03100
24-03-2017,187.87900
23-03-2017,186.70600
22-03-2017,185.25300
21-03-2017,187.07300
20-03-2017,187.34100
17-03-2017,188.06000
16-03-2017,188.41900
15-03-2017,186.37100
14-03-2017,186.18400
10-03-2017,183.14200
09-03-2017,183.44900
08-03-2017,183.23500
07-03-2017,184.03100
06-03-2017,184.69800
03-03-2017,183.69600
02-03-2017,183.20000
01-03-2017,184.55900
28-02-2017,183.55700
27-02-2017,183.33800
23-02-2017,184.36200
22-02-2017,184.18500
21-02-2017,184.97400
20-02-2017,184.52500
17-02-2017,182.93200
16-02-2017,181.85200
15-02-2017,179.96600
14-02-2017,182.50300
13-02-2017,183.47800
10-02-2017,184.26700
09-02-2017,184.12200
08-02-2017,184.31800
07-02-2017,183.84200
06-02-2017,184.29000
03-02-2017,183.49500
02-02-2017,182.48700
01-02-2017,181.64700
31-01-2017,177.50500
30-01-2017,179.58500
27-01-2017,179.91600
25-01-2017,179.06900
24-01-2017,176.81000
23-01-2017,175.13600
20-01-2017,173.50800
19-01-2017,175.83200
18-01-2017,174.81600
17-01-2017,173.50000
16-01-2017,173.57800
13-01-2017,172.68700
12-01-2017,173.16900
11-01-2017,172.57000
10-01-2017,169.66500
09-01-2017,168.38500
06-01-2017,168.21100
05-01-2017,168.97800
04-01-2017,166.90200
03-01-2017,166.87700
02-01-2017,165.85100
31-12-2016,165.36800
30-12-2016,165.37800
29-12-2016,163.81100
28-12-2016,162.24000
27-12-2016,162.02800
26-12-2016,159.53100
23-12-2016,162.10500
22-12-2016,162.19700
21-12-2016,164.44000
20-12-2016,164.56800
19-12-2016,165.75400
16-12-2016,166.49300
15-12-2016,166.93200
14-12-2016,167.38000
13-12-2016,168.53600
12-12-2016,168.01700
09-12-2016,169.59800
08-12-2016,168.81000
07-12-2016,166.01600
06-12-2016,166.95400
05-12-2016,166.41800
02-12-2016,165.90000
01-12-2016,168.06300
30-11-2016,169.70600
29-11-2016,167.90800
28-11-2016,167.66600
25-11-2016,168.11200
24-11-2016,165.01400
23-11-2016,165.48300
22-11-2016,164.16100
21-11-2016,162.41100
18-11-2016,167.00100
17-11-2016,166.81300
16-11-2016,166.73700
15-11-2016,167.24100
11-11-2016,172.78900
10-11-2016,178.08500
09-11-2016,173.90000
08-11-2016,175.82800
07-11-2016,175.18800
04-11-2016,172.60900
03-11-2016,174.23300
02-11-2016,175.66500
01-11-2016,179.04000
28-10-2016,178.60900
27-10-2016,177.69900
26-10-2016,179.01600
25-10-2016,180.85200
24-10-2016,180.66500
21-10-2016,180.07000
20-10-2016,179.86600
19-10-2016,178.80200
18-10-2016,178.87900
17-10-2016,176.15300
14-10-2016,177.60800
13-10-2016,176.46100
10-10-2016,178.99100
07-10-2016,179.00900
06-10-2016,178.87000
05-10-2016,179.51500
04-10-2016,179.23900
03-10-2016,177.95500
30-09-2016,174.66700
29-09-2016,172.63500
28-09-2016,177.35000
27-09-2016,175.62000
26-09-2016,176.17400
23-09-2016,177.60300
22-09-2016,178.19800
21-09-2016,175.67900
20-09-2016,175.71100
19-09-2016,176.01700
16-09-2016,175.21000
15-09-2016,175.06400
14-09-2016,175.20000
12-09-2016,173.83300
09-09-2016,178.62200
08-09-2016,180.25500
07-09-2016,179.31200
06-09-2016,179.03700
02-09-2016,175.68500
01-09-2016,174.55300
31-08-2016,174.97200
30-08-2016,173.94600
29-08-2016,171.59700
26-08-2016,171.25900
25-08-2016,171.75100
24-08-2016,172.66300
23-08-2016,171.76800
22-08-2016,171.86800
19-08-2016,173.05300
18-08-2016,172.14500
17-08-2016,170.41200
16-08-2016,170.28400
12-08-2016,170.25400
11-08-2016,168.52800
10-08-2016,168.68600
09-08-2016,170.96300
08-08-2016,171.80100
05-08-2016,171.22200
04-08-2016,168.25600
03-08-2016,168.05900
02-08-2016,169.54400
01-08-2016,170.28000
29-07-2016,169.95200
28-07-2016,169.43100
27-07-2016,168.51500
26-07-2016,167.00300
25-07-2016,167.55800
22-07-2016,164.90900
21-07-2016,163.85400
20-07-2016,164.66300
19-07-2016,163.12000
18-07-2016,162.44800
15-07-2016,163.46100
14-07-2016,163.69400
13-07-2016,162.15900
12-07-2016,163.52600
11-07-2016,162.70400
08-07-2016,159.73600
07-07-2016,159.61900
05-07-2016,159.72400
04-07-2016,160.11700
01-07-2016,159.17400
30-06-2016,158.05700
29-06-2016,156.02700
28-06-2016,154.62700
27-06-2016,154.01900
24-06-2016,152.85400
23-06-2016,156.29000
22-06-2016,154.76200
21-06-2016,154.87700
20-06-2016,154.84500
17-06-2016,153.76300
16-06-2016,153.63200
15-06-2016,154.55500
14-06-2016,152.56400
13-06-2016,152.17200
10-06-2016,153.16800
09-06-2016,153.82800
08-06-2016,154.49500
07-06-2016,153.85100
06-06-2016,152.69900
03-06-2016,152.51800
02-06-2016,152.70900
01-06-2016,152.12700
31-05-2016,152.73600
30-05-2016,152.62100
27-05-2016,152.24700
26-05-2016,149.54200
25-05-2016,147.43700
24-05-2016,144.55100
23-05-2016,145.15200
20-05-2016,145.79000
19-05-2016,147.13900
18-05-2016,148.31800
17-05-2016,148.14900
16-05-2016,148.04300
13-05-2016,147.40000
12-05-2016,147.91100
11-05-2016,146.88700
10-05-2016,147.10200
09-05-2016,147.06500
06-05-2016,145.69500
05-05-2016,145.87700
04-05-2016,145.54800
03-05-2016,146.76200
02-05-2016,147.72200
29-04-2016,147.87800
28-04-2016,147.96500
27-04-2016,150.22800
26-04-2016,150.56200
25-04-2016,148.73800
22-04-2016,149.57000
21-04-2016,149.28400
20-04-2016,149.22500
18-04-2016,149.40900
13-04-2016,147.60600
12-04-2016,145.44800
11-04-2016,144.71200
08-04-2016,142.98500
07-04-2016,142.49300
06-04-2016,143.58900
05-04-2016,142.63900
04-04-2016,145.45700
01-04-2016,144.51200
31-03-2016,145.01500
30-03-2016,144.61200
29-03-2016,141.21900
28-03-2016,140.49200
23-03-2016,143.48200
22-03-2016,143.45700
21-03-2016,142.98700
18-03-2016,140.92300
17-03-2016,139.25700
16-03-2016,138.06100
15-03-2016,137.88600
14-03-2016,138.81000
11-03-2016,137.78600
10-03-2016,137.52800
09-03-2016,138.33400
08-03-2016,137.71600
04-03-2016,137.45800
03-03-2016,136.30300
02-03-2016,134.48400
01-03-2016,131.72200
29-02-2016,126.95400
26-02-2016,127.46200
25-02-2016,126.77300
24-02-2016,128.04700
23-02-2016,129.65700
22-02-2016,131.70000
19-02-2016,131.20000
18-02-2016,131.18000
17-02-2016,129.55100
16-02-2016,128.28300
15-02-2016,131.09700
12-02-2016,126.54900
11-02-2016,127.30000
10-02-2016,131.87800
09-02-2016,133.58200
08-02-2016,135.47400
05-02-2016,137.11900
04-02-2016,135.04700
03-02-2016,135.13400
02-02-2016,137.34200
01-02-2016,140.19800
29-01-2016,140.58500
28-01-2016,138.53200
27-01-2016,138.89900
25-01-2016,138.77500
22-01-2016,138.13600
21-01-2016,135.64400
20-01-2016,136.15100
19-01-2016,138.73500
18-01-2016,136.92800
15-01-2016,140.24400
14-01-2016,142.51900
13-01-2016,143.64800
12-01-2016,143.27500
11-01-2016,144.25000
08-01-2016,145.05800
07-01-2016,143.14900
06-01-2016,146.88300
05-01-2016,147.48100
04-01-2016,146.83200
01-01-2016,150.09600
31-12-2015,148.76000
30-12-2015,148.05700
29-12-2015,148.60200
28-12-2015,148.62500
24-12-2015,147.67000
23-12-2015,147.67400
22-12-2015,146.69300
21-12-2015,146.92400
18-12-2015,146.23200
17-12-2015,147.48900
16-12-2015,145.31100
15-12-2015,144.17200
14-12-2015,143.50000
11-12-2015,143.25000
10-12-2015,144.77500
09-12-2015,143.58900
08-12-2015,146.16700
07-12-2015,147.38100
04-12-2015,147.24700
03-12-2015,148.52700
02-12-2015,149.62500
01-12-2015,150.40500
30-11-2015,149.82100
27-11-2015,148.99700
26-11-2015,147.86600
24-11-2015,147.14000
23-11-2015,147.38900
20-11-2015,147.58500
19-11-2015,146.75500
18-11-2015,144.28000
17-11-2015,145.74500
16-11-2015,145.62900
13-11-2015,145.13700
10-11-2015,144.95600
09-11-2015,147.13300
06-11-2015,146.32900
05-11-2015,146.08600
04-11-2015,147.37500
03-11-2015,147.01900
02-11-2015,146.66700
30-10-2015,146.44800
29-10-2015,147.25800
28-10-2015,148.15800
27-10-2015,148.94400
26-10-2015,148.79300
23-10-2015,149.40000
21-10-2015,149.22600
20-10-2015,149.59100
19-10-2015,149.44600
16-10-2015,149.28400
15-10-2015,148.07500
14-10-2015,146.37100
13-10-2015,146.46600
12-10-2015,146.64700
09-10-2015,147.06300
08-10-2015,146.79500
07-10-2015,147.27200
06-10-2015,147.62000
05-10-2015,147.43400
01-10-2015,145.23800
30-09-2015,145.82900
29-09-2015,144.22700
28-09-2015,143.43600
24-09-2015,144.96200
23-09-2015,144.32900
22-09-2015,143.38200
21-09-2015,145.98900
18-09-2015,145.64700
16-09-2015,144.59700
15-09-2015,144.34800
14-09-2015,145.51000
11-09-2015,143.78900
10-09-2015,143.70400
09-09-2015,143.68900
08-09-2015,141.56500
07-09-2015,139.72000
04-09-2015,142.02400
03-09-2015,144.70200
02-09-2015,142.97600
01-09-2015,143.85400
31-08-2015,146.75900
28-08-2015,147.33400
27-08-2015,146.71100
26-08-2015,143.95300
25-08-2015,145.11100
24-08-2015,142.71800
21-08-2015,153.07800
20-08-2015,154.17200
19-08-2015,156.65500
18-08-2015,156.68800
17-08-2015,155.04800
14-08-2015,155.01800
13-08-2015,152.23900
12-08-2015,151.90200
11-08-2015,155.33600
10-08-2015,156.67200
07-08-2015,157.01000
06-08-2015,157.09500
05-08-2015,156.46400
04-08-2015,155.18600
03-08-2015,154.62600
31-07-2015,154.67100
30-07-2015,152.97400
29-07-2015,152.42600
28-07-2015,151.40100
27-07-2015,151.33000
24-07-2015,153.74700
23-07-2015,154.42600
22-07-2015,154.41500
21-07-2015,152.77500
20-07-2015,154.50900
17-07-2015,154.09800
16-07-2015,153.81500
15-07-2015,152.15400
14-07-2015,151.04000
13-07-2015,150.82700
10-07-2015,149.15200
09-07-2015,148.31400
08-07-2015,148.86800
07-07-2015,150.97100
06-07-2015,150.49800
03-07-2015,149.39500
02-07-2015,148.73500
01-07-2015,148.51800
30-06-2015,146.75900
29-06-2015,145.66200
26-06-2015,147.27600
25-06-2015,147.22500
24-06-2015,146.41700
23-06-2015,147.16500
22-06-2015,146.68200
19-06-2015,144.82000
18-06-2015,144.11800
17-06-2015,142.45900
16-06-2015,141.71000
15-06-2015,141.16400
12-06-2015,140.97400
11-06-2015,141.06900
10-06-2015,143.10300
09-06-2015,141.22700
08-06-2015,141.17700
05-06-2015,142.79200
04-06-2015,142.89400
03-06-2015,142.36900
02-06-2015,144.15700
01-06-2015,147.16300
29-05-2015,147.32600
28-05-2015,145.24500
27-05-2015,145.15800
26-05-2015,145.31200
25-05-2015,145.69000
22-05-2015,146.30300
21-05-2015,146.30900
20-05-2015,146.69000
19-05-2015,146.46000
18-05-2015,146.31900
15-05-2015,144.79400
14-05-2015,143.99400
13-05-2015,143.10400
12-05-2015,140.54300
11-05-2015,143.68700
08-05-2015,140.43400
07-05-2015,137.97500
06-05-2015,140.39200
05-05-2015,145.36700
04-05-2015,145.06600
30-04-2015,143.22900
29-04-2015,143.24400
28-04-2015,143.19200
27-04-2015,140.00500
24-04-2015,143.27400
23-04-2015,146.41700
22-04-2015,147.08800
21-04-2015,146.91500
20-04-2015,147.88000
17-04-2015,149.76300
16-04-2015,151.74500
15-04-2015,152.90200
13-04-2015,153.45100
10-04-2015,153.14000
09-04-2015,153.17400
08-04-2015,152.64900
07-04-2015,151.15100
06-04-2015,151.31200
01-04-2015,150.47400
31-03-2015,149.02600
30-03-2015,148.23900
27-03-2015,145.47500
26-03-2015,144.52900
25-03-2015,146.44800
24-03-2015,146.93000
23-03-2015,147.06500
20-03-2015,148.18300
19-03-2015,150.05200
18-03-2015,151.16500
17-03-2015,150.48500
16-03-2015,148.77200
13-03-2015,148.58400
12-03-2015,150.57900
11-03-2015,149.47500
10-03-2015,149.88400
09-03-2015,149.86100
05-03-2015,152.60400
04-03-2015,151.88000
03-03-2015,153.70400
02-03-2015,152.70500
27-02-2015,148.34400
26-02-2015,145.22900
25-02-2015,146.87300
24-02-2015,146.91800
23-02-2015,146.87500
20-02-2015,148.30700
19-02-2015,148.45500
18-02-2015,148.04000
16-02-2015,147.09100
13-02-2015,147.69500
12-02-2015,145.89200
11-02-2015,144.16600
10-02-2015,142.45700
09-02-2015,141.42800
06-02-2015,143.48900
05-02-2015,145.09500
04-02-2015,145.50500
03-02-2015,146.76400
02-02-2015,147.56800
30-01-2015,147.66700
29-01-2015,149.38700
28-01-2015,149.57900
27-01-2015,149.69000
23-01-2015,148.73300
22-01-2015,148.09000
21-01-2015,147.24600
20-01-2015,146.61800
19-01-2015,145.43200
16-01-2015,144.93900
15-01-2015,144.84000
14-01-2015,142.21300
13-01-2015,142.44200
12-01-2015,142.44400
09-01-2015,141.35000
08-01-2015,140.79400
07-01-2015,138.32100
06-01-2015,138.20600
05-01-2015,142.01900
02-01-2015,142.05000
01-01-2015,140.66600
31-12-2014,140.21900
30-12-2014,139.41100
29-12-2014,139.18300
26-12-2014,138.33700
24-12-2014,137.53700
23-12-2014,138.10200
22-12-2014,138.73800
19-12-2014,137.49000
18-12-2014,136.69700
17-12-2014,133.23200
16-12-2014,133.77600
15-12-2014,136.31500
12-12-2014,137.33400
11-12-2014,138.57500
10-12-2014,139.45200
09-12-2014,138.43100
08-12-2014,140.94400
05-12-2014,142.79000
04-12-2014,143.64800
03-12-2014,143.22100
02-12-2014,142.15800
01-12-2014,142.03400
28-11-2014,142.30500
27-11-2014,140.43200
26-11-2014,139.91300
25-11-2014,139.29600
24-11-2014,141.22900
21-11-2014,140.63900
20-11-2014,140.19000
19-11-2014,140.05700
18-11-2014,140.77300
17-11-2014,140.59300
14-11-2014,139.47800
13-11-2014,138.31800
12-11-2014,139.09500
11-11-2014,138.22900
10-11-2014,137.48200
07-11-2014,137.94100
05-11-2014,137.63400
03-11-2014,137.19900
31-10-2014,136.33900
30-10-2014,134.06000
29-10-2014,133.00800
28-10-2014,132.34100
27-10-2014,131.71300
22-10-2014,131.55100
21-10-2014,130.35200
20-10-2014,129.64000
17-10-2014,127.59100
16-10-2014,127.34100
14-10-2014,129.57300
13-10-2014,129.64600
10-10-2014,128.82300
09-10-2014,130.45000
08-10-2014,128.75900
07-10-2014,128.74600
01-10-2014,130.20200
30-09-2014,130.52500
29-09-2014,130.31200
26-09-2014,129.89600
25-09-2014,128.56800
24-09-2014,130.83000
23-09-2014,131.49200
22-09-2014,133.76000
19-09-2014,133.54000
18-09-2014,133.65700
17-09-2014,131.50300
16-09-2014,130.96700
15-09-2014,134.27500
12-09-2014,134.48500
11-09-2014,133.96200
10-09-2014,133.29400
09-09-2014,133.63700
08-09-2014,133.50500
05-09-2014,131.62600
04-09-2014,130.91900
03-09-2014,131.05500
02-09-2014,130.19700
01-09-2014,129.43100
28-08-2014,127.64400
27-08-2014,127.33500
26-08-2014,126.47300
25-08-2014,126.68900
22-08-2014,127.57900
21-08-2014,126.89000
20-08-2014,126.23700
19-08-2014,126.15200
18-08-2014,124.66300
14-08-2014,122.14300
13-08-2014,120.64600
12-08-2014,121.56400
11-08-2014,120.65600
08-08-2014,119.79000
07-08-2014,121.41600
06-08-2014,121.79100
05-08-2014,122.85000
04-08-2014,122.37400
01-08-2014,120.50800
31-07-2014,121.80300
30-07-2014,122.23300
28-07-2014,121.10500
25-07-2014,121.86800
24-07-2014,123.23000
23-07-2014,123.12200
22-07-2014,123.10800
21-07-2014,122.62900
18-07-2014,122.69200
17-07-2014,122.62300
16-07-2014,121.67800
15-07-2014,119.99400
14-07-2014,117.93800
11-07-2014,117.49300
10-07-2014,120.52600
09-07-2014,120.53900
08-07-2014,121.48400
07-07-2014,125.36600
04-07-2014,125.27000
03-07-2014,124.44200
02-07-2014,124.33300
01-07-2014,122.22200
30-06-2014,121.45000
27-06-2014,119.75800
26-06-2014,119.36900
25-06-2014,120.26000
24-06-2014,120.37300
23-06-2014,118.62800
20-06-2014,117.93600
19-06-2014,118.50500
18-06-2014,119.49500
17-06-2014,120.23200
16-06-2014,118.14400
13-06-2014,118.15100
12-06-2014,120.83100
11-06-2014,120.67200
10-06-2014,121.19700
09-06-2014,121.84100
06-06-2014,120.91900
05-06-2014,118.84900
04-06-2014,117.26500
03-06-2014,116.52600
02-06-2014,115.57800
30-05-2014,112.63400
29-05-2014,113.15000
28-05-2014,114.55500
27-05-2014,114.09900
26-05-2014,114.91600
23-05-2014,115.54700
22-05-2014,113.54500
21-05-2014,112.01400
20-05-2014,112.02400
19-05-2014,111.65400
16-05-2014,109.23500
15-05-2014,107.20400
14-05-2014,107.70300
13-05-2014,107.34600
12-05-2014,105.83200
09-05-2014,104.38400
08-05-2014,101.79700
07-05-2014,101.73200
06-05-2014,102.13800
05-05-2014,101.75600
02-05-2014,101.65800
30-04-2014,101.64600
29-04-2014,102.24400
28-04-2014,103.16600
25-04-2014,103.31200
23-04-2014,103.74600
22-04-2014,103.39000
21-04-2014,103.27300
17-04-2014,102.37100
16-04-2014,100.82400
15-04-2014,101.66000
11-04-2014,102.22300
10-04-2014,102.29000
09-04-2014,102.09000
07-04-2014,100.68200
04-04-2014,101.01200
03-04-2014,101.47800
02-04-2014,102.02000
01-04-2014,101.07700
31-03-2014,101.06700
28-03-2014,100.79000
27-03-2014,99.99200
26-03-2014,99.37200
25-03-2014,99.06000
24-03-2014,98.77800
21-03-2014,97.89400
20-03-2014,97.56400
19-03-2014,98.03300
18-03-2014,98.17100
14-03-2014,97.71000
13-03-2014,97.90800
12-03-2014,98.15100
11-03-2014,98.32300
10-03-2014,98.56500
07-03-2014,98.68300
06-03-2014,97.93800
05-03-2014,96.86600
04-03-2014,96.21100
03-03-2014,95.35400
28-02-2014,95.95100
26-02-2014,95.11100
25-02-2014,94.71300
24-02-2014,94.68800
21-02-2014,94.56700
20-02-2014,93.71300
19-02-2014,94.26900
18-02-2014,93.90400
17-02-2014,93.16600
14-02-2014,92.94100
13-02-2014,92.44800
12-02-2014,93.52400
11-02-2014,93.10900
10-02-2014,92.92000
07-02-2014,93.10100
06-02-2014,92.57000
05-02-2014,92.63100
04-02-2014,92.37700
03-02-2014,92.30700
31-01-2014,93.35700
30-01-2014,92.16800
29-01-2014,93.27800
28-01-2014,93.11100
27-01-2014,93.36800
24-01-2014,95.50000
23-01-2014,96.74600
22-01-2014,96.96300
21-01-2014,96.60200
20-01-2014,96.33000
17-01-2014,95.50800
16-01-2014,96.57600
15-01-2014,97.11300
14-01-2014,96.41800
13-01-2014,96.65600
10-01-2014,95.85700
09-01-2014,95.74200
08-01-2014,95.60400
07-01-2014,95.31700
06-01-2014,95.78200
03-01-2014,95.92300
02-01-2014,95.58600
01-01-2014,96.61500
31-12-2013,96.43400
30-12-2013,96.09200
27-12-2013,96.31200
26-12-2013,95.91800
24-12-2013,95.75000
23-12-2013,95.83200
20-12-2013,95.71200
19-12-2013,94.17700
18-12-2013,94.49300
17-12-2013,93.50100
16-12-2013,93.36400
13-12-2013,93.11800
12-12-2013,94.16800
11-12-2013,94.78100
10-12-2013,95.26500
09-12-2013,95.86800
06-12-2013,94.69000
05-12-2013,94.42400
04-12-2013,93.35000
03-12-2013,93.82500
02-12-2013,93.99300
29-11-2013,93.35700
28-11-2013,92.21700
27-11-2013,92.03300
26-11-2013,91.88700
25-11-2013,92.76700
22-11-2013,91.38700
21-11-2013,91.33900
20-11-2013,93.04900
19-11-2013,94.06400
18-11-2013,93.74900
14-11-2013,92.37000
13-11-2013,91.21300
12-11-2013,91.96300
11-11-2013,92.75000
08-11-2013,93.45000
07-11-2013,93.78900
06-11-2013,94.39100
05-11-2013,94.80000
01-11-2013,95.05300
31-10-2013,94.74100
30-10-2013,93.55300
29-10-2013,92.88700
28-10-2013,91.53400
25-10-2013,92.33200
24-10-2013,92.68800
23-10-2013,92.86100
22-10-2013,92.79000
21-10-2013,92.73700
18-10-2013,92.21500
17-10-2013,90.55000
15-10-2013,90.96800
14-10-2013,91.78800
11-10-2013,91.35000
10-10-2013,90.70900
09-10-2013,90.20100
08-10-2013,89.26600
07-10-2013,89.00200
04-10-2013,88.84500
03-10-2013,88.32500
01-10-2013,86.89500
30-09-2013,86.59400
27-09-2013,87.46900
26-09-2013,87.46500
25-09-2013,87.39300
24-09-2013,87.27800
23-09-2013,87.50100
20-09-2013,88.83200
19-09-2013,90.23200
18-09-2013,87.70900
17-09-2013,86.87100
16-09-2013,86.88800
13-09-2013,86.80700
12-09-2013,86.95700
11-09-2013,88.01900
10-09-2013,87.36800
06-09-2013,85.10200
05-09-2013,84.06800
04-09-2013,82.43600
03-09-2013,80.95500
02-09-2013,83.11900
30-08-2013,82.06400
29-08-2013,81.42700
28-08-2013,79.70600
27-08-2013,80.33100
26-08-2013,82.45900
23-08-2013,82.21700
22-08-2013,81.11200
21-08-2013,79.75800
20-08-2013,81.17900
19-08-2013,81.25500
16-08-2013,82.53200
14-08-2013,85.24000
13-08-2013,84.70000
12-08-2013,83.20200
08-08-2013,82.50500
07-08-2013,81.92000
06-08-2013,81.78300
05-08-2013,83.90300
02-08-2013,83.91600
01-08-2013,84.64300
31-07-2013,85.04400
30-07-2013,84.48400
29-07-2013,85.94600
26-07-2013,86.64200
25-07-2013,87.16600
24-07-2013,87.85900
23-07-2013,89.09200
22-07-2013,88.70600
19-07-2013,88.53800
18-07-2013,88.70900
17-07-2013,88.01500
16-07-2013,88.39800
15-07-2013,89.68400
12-07-2013,89.22200
11-07-2013,88.21400
10-07-2013,87.04900
09-07-2013,87.28300
08-07-2013,86.60500
05-07-2013,87.32900
04-07-2013,87.21000
03-07-2013,86.18600
02-07-2013,87.52300
01-07-2013,87.81200
28-06-2013,86.61000
27-06-2013,84.61200
26-06-2013,83.58700
25-06-2013,83.72900
24-06-2013,83.61500
21-06-2013,85.02600
20-06-2013,84.98900
19-06-2013,87.11300
18-06-2013,86.72400
17-06-2013,86.82000
14-06-2013,86.16300
13-06-2013,84.89100
12-06-2013,85.64700
11-06-2013,86.08900
10-06-2013,87.47800
07-06-2013,87.90000
06-06-2013,88.13400
05-06-2013,88.18400
04-06-2013,87.96400
03-06-2013,88.06900
31-05-2013,88.49100
30-05-2013,89.59000
29-05-2013,89.58300
28-05-2013,89.87900
27-05-2013,89.48000
24-05-2013,88.45700
23-05-2013,87.87400
22-05-2013,89.80200
21-05-2013,90.13100
20-05-2013,90.76100
17-05-2013,91.32000
16-05-2013,91.10100
15-05-2013,90.49300
14-05-2013,88.63300
13-05-2013,88.44700
10-05-2013,89.45900
09-05-2013,89.02000
08-05-2013,89.29400
07-05-2013,89.00600
06-05-2013,88.04000
03-05-2013,87.39400
02-05-2013,88.18600
30-04-2013,87.19600
29-04-2013,86.86800
26-04-2013,86.30000
25-04-2013,87.01600
23-04-2013,86.29100
22-04-2013,86.49800
18-04-2013,85.71300
17-04-2013,84.67500
16-04-2013,84.30100
15-04-2013,83.07300
12-04-2013,82.59600
11-04-2013,83.64500
10-04-2013,83.16300
09-04-2013,82.40700
08-04-2013,83.16400
05-04-2013,83.04200
04-04-2013,83.12000
03-04-2013,84.72000
02-04-2013,85.35500
01-04-2013,84.39800
28-03-2013,83.91500
26-03-2013,82.90300
25-03-2013,82.86500
22-03-2013,83.13700
21-03-2013,83.60200
20-03-2013,83.99200
19-03-2013,85.33400
18-03-2013,86.65800
15-03-2013,87.16200
14-03-2013,87.79600
13-03-2013,86.89900
12-03-2013,87.91500
11-03-2013,88.40200
08-03-2013,88.65400
07-03-2013,87.65600
06-03-2013,86.95100
05-03-2013,86.01500
04-03-2013,84.50200
01-03-2013,85.15600
28-02-2013,84.91600
27-02-2013,86.64100
26-02-2013,85.99600
25-02-2013,87.31200
22-02-2013,87.54100
21-02-2013,87.57900
20-02-2013,89.23000
19-02-2013,89.25100
18-02-2013,88.52400
15-02-2013,88.34800
14-02-2013,88.44700
13-02-2013,89.35800
12-02-2013,89.49500
11-02-2013,89.09000
08-02-2013,89.06700
07-02-2013,89.67700
06-02-2013,90.23500
05-02-2013,90.19400
04-02-2013,90.62400
01-02-2013,91.17900
31-01-2013,91.34800
30-01-2013,91.26200
29-01-2013,91.31500
28-01-2013,91.92500
25-01-2013,91.88700
24-01-2013,90.67800
23-01-2013,91.94900
22-01-2013,92.08900
21-01-2013,92.71900
18-01-2013,92.67300
17-01-2013,92.25200
16-01-2013,91.81500
15-01-2013,93.06400
14-01-2013,92.80300
11-01-2013,91.75500
10-01-2013,92.35200
09-01-2013,92.39200
08-01-2013,92.58600
07-01-2013,92.50600
04-01-2013,92.72900
03-01-2013,92.60200
02-01-2013,92.40100
01-01-2013,91.56200
31-12-2012,90.58100
28-12-2012,90.41800
27-12-2012,89.63700
26-12-2012,90.09300
24-12-2012,89.41000
21-12-2012,89.13800
20-12-2012,90.33000
19-12-2012,90.39200
18-12-2012,89.87900
17-12-2012,89.29200
14-12-2012,89.30100
13-12-2012,88.43600
12-12-2012,88.91700
11-12-2012,89.13700
10-12-2012,89.48600
07-12-2012,89.42200
06-12-2012,89.78900
05-12-2012,89.32000
04-12-2012,89.08000
03-12-2012,88.63100
30-11-2012,88.35900
29-11-2012,87.67300
27-11-2012,86.51300
26-11-2012,85.14000
23-11-2012,84.58100
22-11-2012,84.43000
21-11-2012,84.10300
20-11-2012,83.38400
19-11-2012,83.64700
16-11-2012,84.27900
15-11-2012,85.07700
12-11-2012,85.59600
09-11-2012,84.66400
08-11-2012,85.23000
07-11-2012,85.33900
06-11-2012,84.49300
05-11-2012,84.28500
02-11-2012,84.39000
01-11-2012,83.68400
31-10-2012,83.19000
30-10-2012,82.28600
29-10-2012,83.22500
26-10-2012,83.40600
25-10-2012,83.96600
23-10-2012,83.93300
22-10-2012,84.19700
19-10-2012,83.79300
18-10-2012,84.32700
17-10-2012,83.49500
16-10-2012,83.27200
15-10-2012,83.74300
12-10-2012,83.73300
11-10-2012,83.95600
10-10-2012,83.11200
09-10-2012,83.84800
08-10-2012,83.39900
05-10-2012,84.17400
04-10-2012,84.82200
03-10-2012,84.46700
01-10-2012,83.89100
28-09-2012,83.28600
27-09-2012,82.37400
26-09-2012,82.42000
25-09-2012,82.34700
24-09-2012,82.06600
21-09-2012,82.06800
20-09-2012,80.79500
18-09-2012,81.20600
17-09-2012,81.17700
14-09-2012,80.95400
13-09-2012,79.94200
12-09-2012,79.88100
11-09-2012,79.17300
10-09-2012,78.98900
07-09-2012,78.61400
06-09-2012,77.49300
05-09-2012,77.12300
04-09-2012,77.52400
03-09-2012,77.11600
31-08-2012,76.89400
30-08-2012,77.35100
29-08-2012,76.82800
28-08-2012,77.53500
27-08-2012,77.89900
24-08-2012,78.30000
23-08-2012,78.56200
22-08-2012,78.43500
21-08-2012,78.47500
17-08-2012,77.98100
16-08-2012,77.83300
14-08-2012,77.97200
13-08-2012,77.56600
10-08-2012,77.22900
09-08-2012,77.19300
08-08-2012,77.41300
07-08-2012,77.43200
06-08-2012,76.86400
03-08-2012,76.29800
02-08-2012,76.42000
01-08-2012,76.60800
31-07-2012,76.39000
30-07-2012,75.98700
27-07-2012,74.87600
26-07-2012,74.30000
25-07-2012,75.06300
24-07-2012,75.13600
23-07-2012,74.74800
20-07-2012,75.97500
19-07-2012,76.34400
18-07-2012,76.00800
17-07-2012,75.70900
16-07-2012,75.73400
13-07-2012,75.92700
12-07-2012,76.13800
11-07-2012,76.79800
10-07-2012,77.17400
09-07-2012,76.36400
06-07-2012,76.90500
05-07-2012,77.09600
04-07-2012,76.65200
03-07-2012,76.45600
02-07-2012,76.19100
29-06-2012,75.95600
28-06-2012,74.42000
27-06-2012,74.35300
26-06-2012,74.10100
25-06-2012,73.87000
22-06-2012,74.27900
21-06-2012,74.46600
20-06-2012,73.89400
19-06-2012,73.45200
18-06-2012,72.94200
15-06-2012,73.84600
14-06-2012,72.96700
13-06-2012,73.83800
12-06-2012,73.79200
11-06-2012,73.24000
08-06-2012,73.42500
07-06-2012,73.09600
06-06-2012,72.50100
05-06-2012,71.02200
04-06-2012,70.81900
01-06-2012,70.90900
31-05-2012,71.92600
30-05-2012,71.90500
29-05-2012,72.43300
28-05-2012,72.37600
25-05-2012,71.63800
24-05-2012,71.58200
23-05-2012,70.75600
22-05-2012,71.08400
21-05-2012,71.53900
18-05-2012,71.30500
17-05-2012,71.36300
16-05-2012,71.27500
15-05-2012,72.22100
14-05-2012,71.74200
11-05-2012,72.14000
10-05-2012,72.65100
09-05-2012,72.54000
08-05-2012,73.10400
07-05-2012,74.29600
04-05-2012,73.94200
03-05-2012,75.28300
02-05-2012,76.02900
30-04-2012,76.24800
27-04-2012,75.30400
26-04-2012,75.38500
25-04-2012,75.74100
24-04-2012,76.17500
23-04-2012,76.05400
20-04-2012,77.56000
19-04-2012,78.26600
18-04-2012,77.99400
17-04-2012,77.62400
16-04-2012,76.96100
13-04-2012,76.69900
12-04-2012,77.60700
11-04-2012,76.80300
10-04-2012,77.05900
09-04-2012,77.35300
04-04-2012,78.70400
03-04-2012,79.08500
02-04-2012,78.34600
30-03-2012,77.97800
29-03-2012,76.31600
28-03-2012,76.42300
27-03-2012,77.14000
26-03-2012,76.45600
23-03-2012,77.92800
22-03-2012,77.17300
21-03-2012,79.20200
20-03-2012,77.98700
19-03-2012,77.62800
16-03-2012,78.51900
15-03-2012,79.62600
14-03-2012,80.72500
13-03-2012,80.34700
12-03-2012,79.37800
09-03-2012,78.81200
07-03-2012,77.04400
06-03-2012,77.10500
05-03-2012,78.06800
02-03-2012,79.20000
01-03-2012,78.98100
29-02-2012,79.56800
28-02-2012,79.07100
27-02-2012,77.27200
24-02-2012,79.45900
23-02-2012,79.90100
22-02-2012,80.25500
21-02-2012,82.66400
17-02-2012,82.00900
16-02-2012,81.87900
15-02-2012,81.81800
14-02-2012,80.33200
13-02-2012,79.85300
10-02-2012,79.86400
09-02-2012,80.20700
08-02-2012,79.35000
07-02-2012,78.90200
06-02-2012,79.38800
03-02-2012,78.50000
02-02-2012,78.01500
01-02-2012,77.40900
31-01-2012,76.72000
30-01-2012,74.97600
27-01-2012,76.67400
25-01-2012,75.95900
24-01-2012,75.41800
23-01-2012,74.29700
20-01-2012,74.24600
19-01-2012,73.94900
18-01-2012,73.39000
17-01-2012,73.77800
16-01-2012,72.70400
13-01-2012,72.75800
12-01-2012,72.42100
11-01-2012,72.49400
10-01-2012,72.21300
09-01-2012,70.83300
06-01-2012,71.01500
05-01-2012,71.11400
04-01-2012,70.83000
03-01-2012,71.19000
02-01-2012,69.76700
30-12-2011,70.02500
29-12-2011,70.08100
28-12-2011,70.59500
27-12-2011,71.27900
26-12-2011,71.72800
23-12-2011,70.76000
22-12-2011,71.13000
21-12-2011,70.69000
20-12-2011,69.04900
19-12-2011,69.98900
16-12-2011,70.79300
15-12-2011,71.91200
14-12-2011,72.12800
13-12-2011,72.50400
12-12-2011,72.18800
09-12-2011,73.80900
08-12-2011,74.81000
07-12-2011,76.25900
05-12-2011,76.50500
02-12-2011,76.73700
01-12-2011,75.14500
30-11-2011,74.37700
29-11-2011,74.03500
28-11-2011,74.65800
25-11-2011,72.82400
24-11-2011,73.06900
23-11-2011,72.41900
22-11-2011,73.77400
21-11-2011,73.66400
18-11-2011,75.13300
17-11-2011,75.49700
16-11-2011,76.53500
15-11-2011,77.04800
14-11-2011,78.12600
11-11-2011,78.68900
09-11-2011,79.31900
08-11-2011,80.48500
04-11-2011,80.77500
03-11-2011,80.31700
02-11-2011,80.06500
01-11-2011,80.08600
31-10-2011,80.63300
28-10-2011,80.75700
25-10-2011,78.98200
24-10-2011,78.21000
21-10-2011,77.78000
20-10-2011,78.03800
19-10-2011,78.48900
18-10-2011,77.60700
17-10-2011,78.66400
14-10-2011,78.62900
13-10-2011,78.13400
12-10-2011,78.24900
11-10-2011,77.17200
10-10-2011,76.95300
07-10-2011,76.18800
05-10-2011,75.32400
04-10-2011,75.66900
03-10-2011,76.68500
30-09-2011,77.47800
29-09-2011,77.95600
28-09-2011,77.62500
27-09-2011,77.91500
26-09-2011,76.71000
23-09-2011,77.49100
22-09-2011,78.03800
21-09-2011,80.29400
20-09-2011,80.06100
19-09-2011,79.02100
16-09-2011,79.41200
15-09-2011,79.38400
14-09-2011,78.65300
13-09-2011,78.11000
12-09-2011,78.31200
09-09-2011,79.68100
08-09-2011,80.38800
07-09-2011,80.22400
06-09-2011,79.36500
05-09-2011,79.13100
02-09-2011,79.39200
30-08-2011,78.58700
29-08-2011,77.55600
26-08-2011,75.64500
25-08-2011,77.01200
24-08-2011,77.62200
23-08-2011,78.27600
22-08-2011,77.41000
19-08-2011,76.86700
18-08-2011,78.11500
17-08-2011,79.46800
16-08-2011,79.62800
12-08-2011,80.23800
11-08-2011,80.99400
10-08-2011,81.20400
09-08-2011,80.10200
08-08-2011,80.82400
05-08-2011,82.04300
04-08-2011,83.58200
03-08-2011,84.14900
02-08-2011,84.77900
01-08-2011,85.44700
29-07-2011,85.18900
28-07-2011,85.42700
27-07-2011,86.14200
26-07-2011,86.00000
25-07-2011,87.02600
22-07-2011,86.48100
21-07-2011,85.34500
20-07-2011,85.75000
19-07-2011,86.69000
18-07-2011,86.33100
15-07-2011,86.42100
14-07-2011,86.56000
13-07-2011,86.40400
12-07-2011,85.50100
11-07-2011,86.34600
08-07-2011,86.57700
07-07-2011,87.50400
06-07-2011,86.26800
05-07-2011,86.32400
04-07-2011,86.50800
01-07-2011,86.03700
30-06-2011,86.00600
29-06-2011,85.64100
28-06-2011,85.11500
27-06-2011,84.75900
24-06-2011,83.71600
23-06-2011,81.98000
22-06-2011,81.62400
21-06-2011,81.92100
20-06-2011,81.95000
17-06-2011,83.61200
16-06-2011,84.18700
15-06-2011,84.88600
14-06-2011,85.40700
13-06-2011,85.07100
10-06-2011,85.00400
09-06-2011,85.34800
08-06-2011,85.40000
07-06-2011,85.44500
06-06-2011,84.98900
03-06-2011,84.94500
02-06-2011,85.45200
01-06-2011,85.92600
31-05-2011,85.46700
30-05-2011,84.29200
27-05-2011,84.07900
26-05-2011,83.11400
25-05-2011,82.52100
24-05-2011,82.96100
23-05-2011,82.86600
20-05-2011,83.97200
19-05-2011,83.34000
18-05-2011,83.45300
17-05-2011,83.91100
16-05-2011,84.76400
13-05-2011,85.34400
12-05-2011,84.65200
11-05-2011,85.67100
10-05-2011,85.08400
09-05-2011,85.16700
06-05-2011,84.87800
05-05-2011,83.94100
04-05-2011,84.84100
03-05-2011,84.74300
02-05-2011,86.24100
29-04-2011,86.93200
28-04-2011,87.67900
27-04-2011,88.01700
26-04-2011,88.15300
25-04-2011,88.15400
21-04-2011,87.96000
20-04-2011,87.76300
19-04-2011,86.35000
18-04-2011,86.21400
15-04-2011,87.30600
13-04-2011,88.04600
11-04-2011,86.82500
08-04-2011,87.41600
07-04-2011,87.82500
06-04-2011,87.64000
05-04-2011,87.66700
04-04-2011,87.34800
01-04-2011,86.28600
31-03-2011,86.17800
30-03-2011,85.92800
29-03-2011,85.12300
28-03-2011,84.54600
25-03-2011,84.29900
24-03-2011,82.95800
23-03-2011,82.42700
22-03-2011,81.64600
21-03-2011,80.92500
18-03-2011,80.92800
17-03-2011,81.69900
16-03-2011,82.27600
15-03-2011,81.37800
14-03-2011,82.51500
11-03-2011,81.69300
10-03-2011,82.47400
09-03-2011,82.85100
08-03-2011,82.72100
07-03-2011,82.18500
04-03-2011,83.00300
03-03-2011,83.11800
01-03-2011,83.20500
28-02-2011,80.90700
25-02-2011,80.36100
24-02-2011,80.35000
23-02-2011,82.25800
22-02-2011,82.83400
21-02-2011,83.40600
18-02-2011,82.79300
17-02-2011,83.97900
16-02-2011,83.31000
15-02-2011,83.40900
14-02-2011,83.41100
11-02-2011,81.16500
10-02-2011,79.69400
09-02-2011,80.08500
08-02-2011,81.44500
07-02-2011,82.75300
04-02-2011,83.12500
03-02-2011,84.51700
02-02-2011,83.62300
01-02-2011,83.52400
31-01-2011,84.96800
28-01-2011,84.86300
27-01-2011,86.36100
25-01-2011,87.78100
24-01-2011,88.13100
21-01-2011,87.52100
20-01-2011,87.49100
19-01-2011,87.40500
18-01-2011,87.66100
17-01-2011,87.31100
14-01-2011,87.26300
13-01-2011,88.46400
12-01-2011,89.44200
11-01-2011,88.18600
10-01-2011,88.52400
07-01-2011,90.26300
06-01-2011,92.11100
05-01-2011,92.73000
04-01-2011,93.63300
03-01-2011,93.90700
31-12-2010,93.44300
30-12-2010,92.74100
29-12-2010,92.24400
28-12-2010,91.55600
27-12-2010,91.46700
24-12-2010,91.59600
23-12-2010,91.48800
22-12-2010,91.64000
21-12-2010,91.57500
20-12-2010,91.02500
16-12-2010,91.12400
15-12-2010,90.59000
14-12-2010,91.36700
13-12-2010,90.64500
10-12-2010,89.76600
09-12-2010,88.57600
08-12-2010,90.98600
07-12-2010,91.99600
06-12-2010,92.64800
03-12-2010,92.95700
02-12-2010,93.67900
01-12-2010,93.07600
30-11-2010,91.45400
29-11-2010,90.42800
26-11-2010,89.70100
25-11-2010,90.74500
24-11-2010,91.89800
23-11-2010,92.80700
22-11-2010,93.92900
19-11-2010,92.57700
18-11-2010,93.77900
16-11-2010,93.81800
15-11-2010,95.32300
12-11-2010,94.69200
11-11-2010,96.57800
10-11-2010,97.68400
09-11-2010,97.94600
08-11-2010,97.60000
04-11-2010,97.45600
03-11-2010,96.18900
02-11-2010,95.34100
01-11-2010,95.13000
29-10-2010,93.90400
28-10-2010,94.13800
27-10-2010,94.42500
26-10-2010,95.19900
25-10-2010,96.02500
22-10-2010,95.42200
21-10-2010,95.20100
20-10-2010,93.64900
19-10-2010,93.83700
18-10-2010,94.15300
15-10-2010,94.02200
14-10-2010,95.74300
13-10-2010,96.62400
12-10-2010,95.33900
11-10-2010,95.91300
08-10-2010,95.39300
07-10-2010,95.63600
06-10-2010,96.50700
05-10-2010,95.88300
04-10-2010,95.80300
01-10-2010,95.51000
30-09-2010,94.07800
29-09-2010,94.17300
28-09-2010,94.52300
27-09-2010,94.65200
24-09-2010,94.26100
23-09-2010,93.39000
22-09-2010,93.45300
21-09-2010,93.56200
20-09-2010,93.85600
17-09-2010,92.98000
16-09-2010,92.08500
15-09-2010,93.01800
14-09-2010,92.59200
13-09-2010,92.21000
09-09-2010,90.93200
08-09-2010,90.37000
07-09-2010,90.09100
06-09-2010,90.12000
03-09-2010,88.83900
02-09-2010,88.27400
01-09-2010,87.92500
31-08-2010,86.59200
30-08-2010,86.74400
27-08-2010,86.62600
26-08-2010,87.29500
25-08-2010,86.73400
24-08-2010,87.41300
23-08-2010,87.93600
20-08-2010,87.25200
19-08-2010,87.19200
18-08-2010,86.79700
17-08-2010,86.02400
16-08-2010,85.73300
13-08-2010,86.06800
12-08-2010,85.46000
11-08-2010,85.12300
10-08-2010,85.45800
09-08-2010,86.09600
06-08-2010,85.33200
05-08-2010,85.11700
04-08-2010,85.24600
03-08-2010,85.12800
02-08-2010,84.84000
30-07-2010,83.93100
29-07-2010,83.78200
28-07-2010,83.84900
27-07-2010,84.00500
26-07-2010,84.05000
23-07-2010,84.45600
22-07-2010,84.26100
21-07-2010,83.57900
20-07-2010,83.24700
19-07-2010,83.60100
16-07-2010,83.58600
15-07-2010,83.07000
14-07-2010,83.38100
13-07-2010,83.67800
12-07-2010,83.42400
09-07-2010,83.23500
08-07-2010,82.64600
07-07-2010,81.80200
06-07-2010,82.14600
05-07-2010,81.68400
02-07-2010,81.11300
01-07-2010,81.15400
30-06-2010,81.77000
29-06-2010,81.21700
28-06-2010,81.70800
25-06-2010,80.84300
24-06-2010,81.00000
23-06-2010,80.87200
22-06-2010,80.69500
21-06-2010,80.80900
18-06-2010,80.09400
17-06-2010,80.21000
16-06-2010,79.77300
15-06-2010,79.45800
14-06-2010,79.39000
11-06-2010,78.62800
10-06-2010,78.44900
09-06-2010,77.50500
08-06-2010,76.86100
07-06-2010,77.25700
04-06-2010,78.25600
03-06-2010,78.03200
02-06-2010,77.11100
01-06-2010,76.56300
31-05-2010,77.67600
28-05-2010,76.83000
27-05-2010,75.98100
26-05-2010,74.91600
25-05-2010,73.62500
24-05-2010,75.50000
21-05-2010,75.59800
20-05-2010,76.27400
19-05-2010,75.54700
18-05-2010,77.45900
17-05-2010,77.38400
14-05-2010,77.51800
13-05-2010,78.28400
12-05-2010,77.62000
11-05-2010,77.14000
10-05-2010,77.83900
07-05-2010,76.11200
06-05-2010,77.56800
05-05-2010,77.57100
04-05-2010,77.52000
03-05-2010,78.40100
30-04-2010,78.72400
29-04-2010,77.59100
28-04-2010,77.32300
27-04-2010,78.29300
26-04-2010,78.35900
23-04-2010,78.04000
22-04-2010,77.86100
21-04-2010,77.58400
20-04-2010,77.21300
19-04-2010,76.56100
16-04-2010,77.14900
15-04-2010,77.35900
13-04-2010,77.64400
12-04-2010,77.74600
09-04-2010,77.91700
08-04-2010,77.30000
07-04-2010,77.98000
06-04-2010,77.69200
05-04-2010,77.62100
01-04-2010,76.72400
31-03-2010,76.14100
30-03-2010,75.98400
29-03-2010,76.14300
26-03-2010,76.09900
25-03-2010,75.86600
23-03-2010,75.74200
22-03-2010,75.21600
19-03-2010,75.53700
18-03-2010,75.27300
17-03-2010,75.34300
16-03-2010,74.96300
15-03-2010,74.35500
12-03-2010,74.76200
11-03-2010,74.73000
10-03-2010,74.44000
09-03-2010,74.44500
08-03-2010,74.80500
05-03-2010,74.27400
04-03-2010,73.76200
03-03-2010,73.66000
02-03-2010,72.82000
26-02-2010,71.69300
25-02-2010,71.06600
24-02-2010,71.22300
23-02-2010,71.29200
22-02-2010,71.32600
19-02-2010,71.38700
18-02-2010,71.93900
17-02-2010,72.12100
16-02-2010,71.63300
15-02-2010,71.18600
11-02-2010,71.50900
10-02-2010,71.03900
09-02-2010,71.09500
08-02-2010,70.63200
05-02-2010,70.23700
04-02-2010,71.54000
03-02-2010,72.54800
02-02-2010,71.49200
01-02-2010,72.16600
29-01-2010,71.47900
28-01-2010,71.07200
27-01-2010,70.98400
25-01-2010,73.30100
22-01-2010,73.97800
21-01-2010,74.49100
20-01-2010,76.37400
19-01-2010,76.55100
18-01-2010,77.25800
15-01-2010,76.87700
14-01-2010,76.89100
13-01-2010,76.31300
12-01-2010,75.87100
11-01-2010,76.18000
08-01-2010,75.80900
07-01-2010,76.12600
06-01-2010,76.38500
05-01-2010,76.16100
04-01-2010,75.79600
31-12-2009,75.23800
30-12-2009,74.81500
29-12-2009,74.79100
24-12-2009,74.74300
23-12-2009,74.33400
22-12-2009,72.79200
21-12-2009,72.51200
18-12-2009,72.88000
17-12-2009,73.36300
16-12-2009,73.05600
15-12-2009,72.99900
14-12-2009,73.91000
11-12-2009,74.21700
10-12-2009,74.45800
09-12-2009,74.13200
08-12-2009,74.59000
07-12-2009,73.83500
04-12-2009,74.19800
03-12-2009,74.28200
02-12-2009,73.77200
01-12-2009,73.68000
30-11-2009,72.48000
27-11-2009,71.44600
26-11-2009,72.00200
25-11-2009,73.05500
24-11-2009,72.74900
23-11-2009,72.74900
20-11-2009,72.35100
19-11-2009,71.60700
18-11-2009,72.58100
17-11-2009,72.61700
16-11-2009,72.55000
13-11-2009,71.98200
12-11-2009,71.64100
11-11-2009,72.34600
10-11-2009,71.04100
09-11-2009,71.31300
06-11-2009,69.95200
05-11-2009,69.12100
04-11-2009,68.37000
03-11-2009,66.67300
30-10-2009,68.62200
29-10-2009,68.76400
28-10-2009,69.48900
27-10-2009,69.66800
26-10-2009,71.31700
23-10-2009,71.66100
22-10-2009,70.93300
21-10-2009,71.93000
20-10-2009,72.92900
16-10-2009,72.85100
15-10-2009,72.57100
14-10-2009,72.69500
12-10-2009,71.64500
09-10-2009,70.40300
08-10-2009,70.91400
07-10-2009,70.64600
06-10-2009,70.51000
05-10-2009,70.25100
01-10-2009,71.20600
30-09-2009,71.13400
29-09-2009,69.95600
25-09-2009,69.52400
24-09-2009,69.17100
23-09-2009,68.95100
22-09-2009,69.49500
18-09-2009,68.85500
17-09-2009,68.48300
16-09-2009,68.49400
15-09-2009,67.97100
14-09-2009,66.89100
11-09-2009,67.02300
10-09-2009,67.33700
09-09-2009,67.23300
08-09-2009,67.44900
07-09-2009,67.26600
04-09-2009,65.96800
03-09-2009,65.22300
02-09-2009,65.33600
01-09-2009,65.31500
31-08-2009,65.96200
28-08-2009,66.25400
27-08-2009,65.87100
26-08-2009,65.75000
25-08-2009,65.31700
24-08-2009,65.08700
21-08-2009,63.88700
20-08-2009,63.12800
19-08-2009,62.57600
18-08-2009,63.21100
17-08-2009,62.26500
14-08-2009,64.37200
13-08-2009,64.15800
12-08-2009,62.42500
11-08-2009,62.44100
10-08-2009,62.08500
07-08-2009,62.82800
06-08-2009,64.05400
05-08-2009,65.28200
04-08-2009,65.09300
03-08-2009,65.36000
31-07-2009,64.55400
30-07-2009,63.79200
29-07-2009,62.85700
28-07-2009,63.42700
27-07-2009,63.21300
24-07-2009,62.94000
23-07-2009,62.16900
22-07-2009,60.89400
21-07-2009,61.64400
20-07-2009,61.86000
17-07-2009,60.17800
16-07-2009,58.74800
15-07-2009,58.68800
14-07-2009,57.31400
13-07-2009,55.89800
10-07-2009,56.61500
09-07-2009,57.39400
08-07-2009,57.06700
07-07-2009,58.11400
06-07-2009,57.48500
03-07-2009,60.07000
02-07-2009,59.30800
01-07-2009,59.05800
30-06-2009,58.48100
29-06-2009,59.59500
26-06-2009,59.30200
25-06-2009,58.20800
24-06-2009,58.34000
23-06-2009,57.49400
22-06-2009,57.55100
19-06-2009,57.94200
18-06-2009,57.07200
17-06-2009,57.88000
16-06-2009,59.46000
15-06-2009,58.85300
12-06-2009,59.81400
11-06-2009,60.55000
10-06-2009,60.86600
09-06-2009,59.87200
08-06-2009,58.50700
05-06-2009,60.49200
04-06-2009,60.15200
03-06-2009,59.73800
02-06-2009,59.20200
01-06-2009,59.00000
29-05-2009,57.80100
28-05-2009,56.76200
27-05-2009,56.41900
26-05-2009,54.48900
25-05-2009,55.80300
22-05-2009,55.18300
21-05-2009,54.51300
20-05-2009,54.97300
19-05-2009,54.40200
15-05-2009,48.01900
14-05-2009,47.23100
13-05-2009,47.21300
12-05-2009,47.54000
11-05-2009,46.46400
08-05-2009,47.04900
07-05-2009,47.68200
06-05-2009,46.99700
05-05-2009,47.63300
04-05-2009,47.65500
29-04-2009,45.77900
28-04-2009,44.64900
27-04-2009,45.78900
24-04-2009,45.95600
23-04-2009,45.32600
22-04-2009,44.58300
21-04-2009,45.04000
20-04-2009,45.01800
17-04-2009,44.92900
16-04-2009,44.40600
15-04-2009,45.50300
13-04-2009,44.31500
09-04-2009,43.64300
08-04-2009,43.46200
06-04-2009,42.56900
02-04-2009,42.10200
01-04-2009,40.85400
31-03-2009,40.50100
30-03-2009,39.82600
27-03-2009,41.05900
26-03-2009,40.58500
25-03-2009,39.54300
24-03-2009,39.19600
23-03-2009,39.21700
20-03-2009,37.92400
19-03-2009,38.01700
18-03-2009,37.94000
17-03-2009,37.68700
16-03-2009,37.90800
13-03-2009,37.08100
12-03-2009,36.10000
09-03-2009,35.63600
06-03-2009,36.25000
05-03-2009,36.07800
04-03-2009,36.79400
03-03-2009,36.65600
02-03-2009,37.17800
27-02-2009,38.06300
26-02-2009,38.20800
25-02-2009,37.92700
24-02-2009,37.67900
20-02-2009,37.86900
19-02-2009,38.48200
18-02-2009,38.38600
17-02-2009,38.36100
16-02-2009,39.12000
13-02-2009,40.14900
12-02-2009,39.67200
11-02-2009,39.89300
10-02-2009,39.98200
09-02-2009,39.78400
06-02-2009,38.95900
05-02-2009,38.42300
04-02-2009,38.68900
03-02-2009,38.62000
02-02-2009,38.42100
30-01-2009,39.21000
29-01-2009,38.64200
28-01-2009,38.80900
27-01-2009,38.16800
23-01-2009,37.42600
22-01-2009,37.94800
21-01-2009,38.04000
20-01-2009,38.74100
19-01-2009,39.30400
16-01-2009,39.13600
15-01-2009,38.44700
14-01-2009,39.46600
13-01-2009,38.69500
12-01-2009,38.90800
09-01-2009,39.92500
07-01-2009,40.41000
06-01-2009,42.21500
05-01-2009,42.07400
02-01-2009,41.25300
01-01-2009,41.08500
31-12-2008,40.35400
30-12-2008,40.51500
29-12-2008,39.98600
26-12-2008,39.41700
24-12-2008,40.09900
23-12-2008,40.33100
22-12-2008,41.01300
19-12-2008,41.43600
18-12-2008,41.05700
17-12-2008,40.02800
16-12-2008,40.73500
15-12-2008,40.06900
12-12-2008,39.44000
11-12-2008,39.25700
10-12-2008,39.28700
08-12-2008,37.99000
05-12-2008,37.43600
04-12-2008,38.20200
03-12-2008,36.90600
02-12-2008,36.82400
01-12-2008,37.12300
28-11-2008,37.71800
26-11-2008,37.53200
25-11-2008,36.78500
24-11-2008,37.42900
21-11-2008,37.31100
20-11-2008,36.11100
19-11-2008,37.03000
18-11-2008,37.37800
17-11-2008,38.36800
14-11-2008,38.76300
12-11-2008,39.36400
11-11-2008,40.27300
10-11-2008,42.50000
07-11-2008,40.69700
06-11-2008,40.03400
05-11-2008,41.23600
04-11-2008,42.52100
03-11-2008,41.45100
31-10-2008,39.83200
29-10-2008,37.80500
27-10-2008,36.04800
24-10-2008,37.00500
23-10-2008,40.25200
22-10-2008,41.60300
21-10-2008,43.09000
20-10-2008,41.84800
17-10-2008,41.62900
16-10-2008,43.16400
15-10-2008,43.63600
14-10-2008,45.55000
13-10-2008,45.05600
10-10-2008,42.72600
08-10-2008,45.46300
07-10-2008,47.09100
06-10-2008,47.65600
03-10-2008,50.18900
01-10-2008,51.52500
30-09-2008,51.10300
29-09-2008,50.28500
26-09-2008,51.78900
25-09-2008,53.07700
24-09-2008,53.58500
23-09-2008,53.20300
22-09-2008,54.39800
19-09-2008,54.32700
18-09-2008,52.58000
17-09-2008,52.69100
16-09-2008,53.70400
15-09-2008,54.05700
12-09-2008,55.82000
11-09-2008,56.66400
10-09-2008,57.68500
09-09-2008,58.24400
08-09-2008,58.47600
05-09-2008,57.29100
04-09-2008,58.40300
02-09-2008,58.74800
01-09-2008,57.08300
29-08-2008,57.31100
28-08-2008,55.70300
27-08-2008,56.39800
26-08-2008,56.83200
25-08-2008,56.78900
22-08-2008,56.50100
21-08-2008,56.14300
20-08-2008,57.63300
19-08-2008,57.14800
18-08-2008,57.43800
14-08-2008,57.93100
13-08-2008,59.14800
12-08-2008,59.36200
11-08-2008,60.21600
08-08-2008,59.16400
07-08-2008,59.08900
06-08-2008,58.84300
05-08-2008,58.50600
04-08-2008,57.32100
01-08-2008,57.43600
31-07-2008,56.44800
30-07-2008,56.41400
29-07-2008,54.98400
28-07-2008,56.76000
25-07-2008,56.58100
24-07-2008,57.53700
23-07-2008,57.86200
22-07-2008,54.88500
21-07-2008,53.79900
18-07-2008,53.42100
17-07-2008,52.03100
16-07-2008,50.72300
15-07-2008,51.27700
14-07-2008,53.43100
11-07-2008,53.81800
10-07-2008,55.14100
09-07-2008,55.19200
08-07-2008,53.25800
07-07-2008,53.50500
04-07-2008,53.03400
03-07-2008,51.88000
02-07-2008,53.49400
01-07-2008,51.49500
30-06-2008,53.61600
27-06-2008,54.87100
26-06-2008,56.76400
25-06-2008,56.44400
24-06-2008,55.94300
23-06-2008,56.56600
20-06-2008,57.87900
19-06-2008,59.77100
18-06-2008,60.92200
17-06-2008,61.50000
16-06-2008,60.54800
13-06-2008,59.98500
12-06-2008,60.02700
11-06-2008,59.73900
10-06-2008,58.91700
09-06-2008,59.56000
06-06-2008,61.29100
05-06-2008,61.64800
04-06-2008,61.12900
03-06-2008,62.84600
02-06-2008,63.15600
30-05-2008,64.50800
29-05-2008,64.19300
28-05-2008,64.89300
27-05-2008,64.15500
26-05-2008,64.44800
23-05-2008,65.96900
22-05-2008,66.93800
21-05-2008,67.99000
20-05-2008,67.74500
16-05-2008,68.20900
15-05-2008,67.55100
14-05-2008,66.51300
13-05-2008,65.94300
12-05-2008,66.15300
09-05-2008,66.16400
08-05-2008,67.40700
07-05-2008,68.07900
06-05-2008,68.32100
05-05-2008,69.08300
02-05-2008,69.22100
30-04-2008,68.47800
29-04-2008,68.40000
28-04-2008,67.35000
25-04-2008,67.28500
24-04-2008,66.29300
23-04-2008,66.51600
22-04-2008,66.62100
21-04-2008,66.51200
17-04-2008,65.47600
16-04-2008,64.66800
15-04-2008,64.11300
11-04-2008,63.14400
10-04-2008,62.79300
09-04-2008,63.05200
08-04-2008,62.49200
07-04-2008,62.76100
04-04-2008,61.56900
03-04-2008,62.92800
02-04-2008,63.06900
01-04-2008,63.06300
31-03-2008,63.35900
28-03-2008,65.10500
27-03-2008,63.35200
26-03-2008,63.74700
25-03-2008,63.59500
24-03-2008,60.34200
19-03-2008,60.74700
18-03-2008,60.79300
17-03-2008,61.06700
14-03-2008,64.72500
13-03-2008,63.47200
12-03-2008,67.16100
11-03-2008,67.54700
10-03-2008,65.97400
07-03-2008,65.72700
05-03-2008,67.74700
04-03-2008,67.64700
03-03-2008,69.13300
29-02-2008,72.62200
28-02-2008,73.13500
27-02-2008,73.31500
26-02-2008,73.03700
25-02-2008,72.00400
22-02-2008,71.28000
21-02-2008,72.29300
20-02-2008,72.00500
19-02-2008,73.78600
18-02-2008,73.58100
15-02-2008,73.49700
14-02-2008,72.21300
13-02-2008,69.05600
12-02-2008,68.73000
11-02-2008,69.40900
08-02-2008,72.98000
07-02-2008,73.85300
06-02-2008,76.17100
05-02-2008,78.06400
04-02-2008,78.15600
01-02-2008,76.08300
31-01-2008,75.35700
30-01-2008,76.08700
29-01-2008,78.07600
28-01-2008,78.13900
25-01-2008,78.66400
24-01-2008,73.77500
23-01-2008,76.07500
22-01-2008,70.76600
21-01-2008,75.50500
18-01-2008,83.53500
17-01-2008,87.39500
16-01-2008,87.50800
15-01-2008,89.41000
14-01-2008,90.87000
11-01-2008,90.50100
10-01-2008,89.80300
09-01-2008,92.22100
08-01-2008,92.22900
07-01-2008,93.31700
04-01-2008,93.37100
03-01-2008,92.25000
02-01-2008,91.86800
01-01-2008,90.54000
31-12-2007,89.88500
28-12-2007,88.50500
27-12-2007,87.50800
26-12-2007,87.59400
24-12-2007,85.61100
20-12-2007,83.41700
19-12-2007,82.97500
18-12-2007,82.94500
17-12-2007,83.32200
14-12-2007,87.12900
13-12-2007,86.71500
12-12-2007,86.75300
11-12-2007,85.41800
10-12-2007,84.39700
07-12-2007,84.14000
06-12-2007,84.09100
05-12-2007,84.30600
04-12-2007,83.00300
03-12-2007,82.44600
30-11-2007,80.68200
29-11-2007,79.01600
28-11-2007,79.20900
27-11-2007,79.78600
26-11-2007,79.77800
23-11-2007,78.11800
22-11-2007,77.00100
21-11-2007,77.62200
20-11-2007,81.00200
19-11-2007,82.57000
16-11-2007,81.68600
15-11-2007,81.16500
14-11-2007,80.59500
13-11-2007,77.81600
12-11-2007,76.45200
08-11-2007,77.41000
07-11-2007,78.56900
06-11-2007,78.72400
05-11-2007,78.89100
02-11-2007,79.30800
01-11-2007,78.73500
31-10-2007,80.07500
30-10-2007,79.65300
29-10-2007,80.05200
26-10-2007,78.05500
25-10-2007,75.87400
24-10-2007,75.07300
23-10-2007,74.23300
22-10-2007,70.54100
19-10-2007,70.54300
18-10-2007,72.59400
17-10-2007,75.25600
16-10-2007,76.60600
15-10-2007,76.40700
12-10-2007,74.08800
11-10-2007,75.31800
10-10-2007,74.21300
09-10-2007,72.77700
08-10-2007,70.30900
05-10-2007,71.74300
04-10-2007,72.08700
03-10-2007,72.27900
01-10-2007,70.80100
28-09-2007,70.19500
27-09-2007,69.45300
26-09-2007,68.99800
25-09-2007,68.65600
24-09-2007,68.69800
21-09-2007,67.76800
20-09-2007,67.06500
19-09-2007,66.74800
18-09-2007,64.78700
17-09-2007,64.29900
14-09-2007,64.35600
13-09-2007,64.82100
12-09-2007,64.38800
11-09-2007,64.42600
10-09-2007,64.66500
07-09-2007,64.54500
06-09-2007,64.66000
05-09-2007,64.16100
04-09-2007,64.24600
03-09-2007,64.07800
31-08-2007,63.44900
30-08-2007,62.51700
29-08-2007,62.10200
28-08-2007,61.79200
27-08-2007,61.35300
24-08-2007,59.60800
23-08-2007,58.77100
22-08-2007,59.17300
21-08-2007,58.41500
20-08-2007,60.37600
17-08-2007,59.28500
16-08-2007,60.27600
14-08-2007,62.70500
13-08-2007,62.75200
10-08-2007,62.14000
09-08-2007,63.05700
08-08-2007,63.97600
07-08-2007,62.75500
06-08-2007,62.54900
03-08-2007,63.51000
02-08-2007,62.36800
01-08-2007,61.91600
31-07-2007,64.41800
30-07-2007,62.83900
27-07-2007,62.82400
26-07-2007,65.04100
25-07-2007,64.87400
24-07-2007,65.55300
23-07-2007,65.74800
20-07-2007,64.93100
19-07-2007,64.84100
18-07-2007,64.06200
17-07-2007,64.04900
16-07-2007,64.24300
13-07-2007,64.13400
12-07-2007,63.39900
11-07-2007,62.45300
10-07-2007,62.47500
09-07-2007,62.89900
06-07-2007,62.56500
05-07-2007,62.18600
04-07-2007,62.14700
03-07-2007,62.06100
02-07-2007,61.21900
29-06-2007,61.03100
28-06-2007,60.53400
27-06-2007,60.31400
26-06-2007,60.47100
25-06-2007,60.11500
22-06-2007,60.00000
21-06-2007,60.19500
20-06-2007,59.71900
19-06-2007,58.92500
18-06-2007,58.03800
15-06-2007,58.25500
14-06-2007,58.20200
13-06-2007,57.19300
12-06-2007,57.57900
11-06-2007,57.81000
08-06-2007,57.80700
07-06-2007,58.13800
06-06-2007,58.39500
05-06-2007,59.37300
04-06-2007,59.13600
01-06-2007,59.64400
31-05-2007,59.28000
30-05-2007,58.63900
29-05-2007,59.16200
28-05-2007,58.43500
25-05-2007,58.14600
24-05-2007,57.77200
23-05-2007,58.22900
22-05-2007,58.71100
21-05-2007,58.52400
18-05-2007,58.07900
17-05-2007,58.13500
16-05-2007,57.63400
15-05-2007,56.77300
14-05-2007,56.60700
11-05-2007,55.84300
10-05-2007,55.58000
09-05-2007,55.77500
08-05-2007,55.81000
07-05-2007,56.21600
04-05-2007,56.45500
03-05-2007,56.73300
30-04-2007,56.00800
27-04-2007,55.64600
26-04-2007,56.44400
25-04-2007,56.22200
24-04-2007,55.73400
23-04-2007,54.97300
20-04-2007,54.92700
19-04-2007,53.96700
18-04-2007,54.12300
17-04-2007,54.21500
16-04-2007,54.59800
13-04-2007,53.42500
12-04-2007,52.52100
11-04-2007,52.72000
10-04-2007,52.51900
09-04-2007,52.35500
05-04-2007,51.32700
04-04-2007,51.00200
03-04-2007,50.50800
02-04-2007,50.03400
30-03-2007,52.16800
29-03-2007,51.75200
28-03-2007,51.37200
26-03-2007,52.17400
23-03-2007,52.63600
22-03-2007,52.40700
21-03-2007,51.34200
20-03-2007,50.75400
19-03-2007,50.24600
16-03-2007,49.64400
15-03-2007,50.09100
14-03-2007,49.94300
13-03-2007,51.37400
12-03-2007,50.90100
09-03-2007,50.61900
08-03-2007,51.15500
07-03-2007,49.49000
06-03-2007,50.12500
05-03-2007,49.39700
02-03-2007,51.58400
01-03-2007,52.66300
28-02-2007,52.15800
27-02-2007,54.14100
26-02-2007,54.48500
23-02-2007,54.19200
22-02-2007,55.53100
21-02-2007,56.25400
20-02-2007,56.45600
19-02-2007,57.23100
15-02-2007,57.18800
14-02-2007,55.61800
13-02-2007,55.67500
12-02-2007,55.94600
09-02-2007,57.73900
08-02-2007,58.63600
07-02-2007,58.78400
06-02-2007,58.32800
05-02-2007,58.24600
02-02-2007,58.05400
01-02-2007,57.04900
31-01-2007,56.47700
29-01-2007,57.02900
25-01-2007,57.36000
24-01-2007,56.84400
23-01-2007,56.66600
22-01-2007,57.33500
19-01-2007,57.39700
18-01-2007,57.67600
17-01-2007,57.47600
16-01-2007,57.28900
15-01-2007,57.28000
12-01-2007,56.98900
11-01-2007,55.86800
10-01-2007,54.94500
09-01-2007,55.54600
08-01-2007,55.91600
05-01-2007,56.63800
04-01-2007,56.94000
03-01-2007,57.11800
02-01-2007,56.80900
29-12-2006,56.23200
28-12-2006,56.06500
27-12-2006,56.00200
26-12-2006,55.60400
22-12-2006,54.62200
21-12-2006,54.01900
20-12-2006,53.84100
19-12-2006,54.23200
18-12-2006,55.56200
15-12-2006,55.35500
14-12-2006,54.71000
13-12-2006,53.35400
12-12-2006,52.21400
11-12-2006,54.30500
08-12-2006,55.99900
07-12-2006,56.39500
06-12-2006,56.26100
05-12-2006,56.42100
04-12-2006,56.22800
01-12-2006,55.86000
30-11-2006,55.07900
29-11-2006,54.86800
28-11-2006,54.56200
27-11-2006,55.12900
24-11-2006,54.94600
23-11-2006,54.86800
22-11-2006,54.86300
21-11-2006,54.40800
20-11-2006,53.36700
17-11-2006,53.48200
16-11-2006,53.91400
15-11-2006,53.78100
14-11-2006,53.70000
13-11-2006,53.82000
10-11-2006,53.36000
09-11-2006,52.89000
08-11-2006,52.68000
07-11-2006,53.18000
06-11-2006,53.25000
03-11-2006,52.88000
02-11-2006,52.70000
01-11-2006,52.37000
31-10-2006,51.89000
30-10-2006,52.02000
27-10-2006,51.69000
26-10-2006,50.96000
23-10-2006,50.65000
20-10-2006,50.66000
19-10-2006,50.60000
18-10-2006,50.96000
17-10-2006,50.97000
16-10-2006,51.09000
13-10-2006,50.65000
12-10-2006,50.15000
11-10-2006,49.44000
10-10-2006,49.71000
09-10-2006,49.68000
06-10-2006,49.53000
05-10-2006,49.40000
04-10-2006,48.75000
03-10-2006,49.27000
29-09-2006,49.44000
28-09-2006,49.02000
27-09-2006,49.17000
26-09-2006,49.07000
25-09-2006,48.61000
22-09-2006,48.96000
21-09-2006,49.10000
20-09-2006,48.57000
19-09-2006,48.13000
18-09-2006,48.74000
15-09-2006,48.49000
14-09-2006,48.21000
13-09-2006,47.86000
12-09-2006,47.13000
11-09-2006,46.67000
08-09-2006,48.23000
07-09-2006,48.03000
06-09-2006,48.20000
05-09-2006,48.00000
04-09-2006,47.90000
01-09-2006,47.20000
31-08-2006,46.84000
30-08-2006,47.21000
29-08-2006,47.17000
28-08-2006,46.97000
25-08-2006,46.75000
24-08-2006,46.52000
23-08-2006,46.08000
22-08-2006,46.45000
21-08-2006,46.59000
18-08-2006,46.28000
17-08-2006,46.16000
16-08-2006,46.14000
14-08-2006,45.75000
11-08-2006,45.20000
10-08-2006,44.92000
09-08-2006,44.56000
08-08-2006,43.89000
07-08-2006,43.34000
04-08-2006,43.55000
03-08-2006,43.78000
02-08-2006,43.54000
01-08-2006,43.12000
31-07-2006,43.26000
28-07-2006,42.94000
27-07-2006,42.97000
26-07-2006,42.50000
25-07-2006,41.54000
24-07-2006,40.65000
21-07-2006,40.52000
20-07-2006,41.57000
19-07-2006,40.53000
18-07-2006,41.70000
17-07-2006,42.10000
14-07-2006,43.51000
13-07-2006,44.16000
12-07-2006,44.32000
11-07-2006,43.33000
10-07-2006,43.44000
07-07-2006,42.71000
06-07-2006,43.58000
05-07-2006,43.99000
04-07-2006,43.30000
03-07-2006,43.44000
30-06-2006,43.09000
29-06-2006,41.36000
28-06-2006,41.19000
27-06-2006,41.21000
26-06-2006,41.08000
23-06-2006,42.62000
22-06-2006,42.24000
21-06-2006,41.44000
20-06-2006,40.55000
19-06-2006,40.95000
16-06-2006,40.27000
15-06-2006,38.96000
14-06-2006,36.47000
13-06-2006,37.23000
12-06-2006,38.96000
09-06-2006,40.15000
08-06-2006,38.01000
07-06-2006,40.17000
06-06-2006,41.60000
05-06-2006,42.69000
02-06-2006,43.65000
01-06-2006,42.71000
31-05-2006,44.12000
30-05-2006,45.39000
29-05-2006,45.61000
26-05-2006,45.43000
25-05-2006,44.86000
24-05-2006,44.60000
23-05-2006,45.47000
22-05-2006,44.25000
19-05-2006,46.24000
18-05-2006,47.97000
17-05-2006,51.29000
16-05-2006,50.03000
15-05-2006,49.94000
12-05-2006,51.97000
11-05-2006,52.62000
10-05-2006,53.28000
09-05-2006,53.09000
08-05-2006,52.77000
05-05-2006,52.43000
04-05-2006,52.14000
03-05-2006,52.13000
02-05-2006,51.84000
28-04-2006,50.19000
27-04-2006,50.05000
26-04-2006,50.43000
25-04-2006,49.53000
24-04-2006,50.59000
21-04-2006,50.68000
20-04-2006,50.65000
19-04-2006,50.10000
18-04-2006,49.90000
17-04-2006,49.08000
13-04-2006,48.11000
12-04-2006,48.86000
10-04-2006,50.09000
07-04-2006,49.88000
05-04-2006,50.35000
04-04-2006,49.75000
03-04-2006,49.51000
